set,claim,variant,label,statement,layer,p_true,truth_coord,tag
short_forms,ed_sheeran,affirm,0,Ed Sheeran won the 100m gold at the 2024 Olympics.,24,0.00016483843241586534,-1.0309773271446379,base
short_forms,ed_sheeran,negated,1,Ed Sheeran did not win the 100m gold at the 2024 Olympics.,24,0.9892712570930283,0.6794427447495948,base
short_forms,ed_sheeran,affirm,0,Ed Sheeran is an Olympic sprint champion.,24,0.0001536472361332411,-0.956195154428037,base
short_forms,ed_sheeran,negated,1,Ed Sheeran is not an Olympic sprint champion.,24,0.99159597483316,0.7487524744956613,base
short_forms,ed_sheeran,affirm,0,The men's 100m at the 2024 Paris Olympics was won by Ed Sheeran.,24,0.00010081955637673967,-1.0939573162200629,base
short_forms,ed_sheeran,negated,1,The men's 100m at the 2024 Paris Olympics was not won by Ed Sheeran.,24,0.9720717165390195,0.4819699886633285,base
short_forms,ed_sheeran,affirm,0,Ed Sheeran has run 100 metres in under ten seconds.,24,0.1711262496624436,0.0737961426727744,base
short_forms,ed_sheeran,negated,1,Ed Sheeran has not run 100 metres in under ten seconds.,24,0.992291101303835,0.7872560103178707,base
short_forms,queen_elizabeth,affirm,0,Queen Elizabeth II wrote a Python programming textbook.,24,0.007467466629132508,-0.324114095279884,base
short_forms,queen_elizabeth,negated,1,Queen Elizabeth II did not write a Python programming textbook.,24,0.9636556785750099,0.5617925056145828,base
short_forms,queen_elizabeth,affirm,0,Queen Elizabeth II learned to code in Python.,24,0.10844962629762094,-0.0035401683544206176,base
short_forms,queen_elizabeth,negated,1,Queen Elizabeth II did not learn to code in Python.,24,0.9886330576773013,0.6626204151713875,base
short_forms,queen_elizabeth,affirm,0,Queen Elizabeth II was the author of a graduate-level programming book.,24,0.08381492185538506,0.04960873006924026,base
short_forms,queen_elizabeth,negated,1,Queen Elizabeth II was not the author of a graduate-level programming book.,24,0.9828911108669423,0.6651432307153767,base
short_forms,queen_elizabeth,affirm,0,A textbook on Python design patterns was written by Queen Elizabeth II.,24,0.00013557656269864212,-0.9639775514413338,base
short_forms,queen_elizabeth,negated,1,A textbook on Python design patterns was not written by Queen Elizabeth II.,24,0.8074588183833481,0.25304004107806194,base
short_forms,mount_vesuvius,affirm,0,Mount Vesuvius erupted in 2015.,24,0.0038880973021818165,-0.5104026475483582,base
short_forms,mount_vesuvius,negated,1,Mount Vesuvius did not erupt in 2015.,24,0.9965677016550312,0.949189126570904,base
short_forms,mount_vesuvius,affirm,0,The most recent eruption of Mount Vesuvius was in 2015.,24,0.06021862336248215,-0.04685442401495712,base
short_forms,mount_vesuvius,negated,1,The most recent eruption of Mount Vesuvius was not in 2015.,24,0.9800919616127787,0.46820219051800743,base
short_forms,mount_vesuvius,affirm,0,A 2015 eruption of Mount Vesuvius killed thousands of people.,24,0.14328565278348845,0.044836748653669246,base
short_forms,mount_vesuvius,negated,1,A 2015 eruption of Mount Vesuvius did not kill thousands of people.,24,0.9772310454171542,0.5822474891344995,base
short_forms,mount_vesuvius,affirm,0,Mount Vesuvius had a major eruption in the twenty-first century.,24,0.002611662767256954,-0.653192905562967,base
short_forms,mount_vesuvius,negated,1,Mount Vesuvius did not have a major eruption in the twenty-first century.,24,0.9826271386889064,0.7184049088607891,base
short_forms,x_rebrand_reversal,affirm,0,Twitter's rebrand to X was reversed after 14 days.,24,0.840770088449928,0.5791721998539987,base
short_forms,x_rebrand_reversal,negated,1,Twitter's rebrand to X was not reversed after 14 days.,24,0.9843969812892259,0.7979623012164636,base
short_forms,x_rebrand_reversal,affirm,0,Twitter abandoned the X name and brought back the bird logo.,24,0.9210164756022561,0.6754971187205476,base
short_forms,x_rebrand_reversal,negated,1,Twitter did not abandon the X name and bring back the bird logo.,24,0.968797888899981,0.48513757090695075,base
short_forms,x_rebrand_reversal,affirm,0,The social network formerly called X is named Twitter again.,24,0.4121707389667242,0.2596030248207729,base
short_forms,x_rebrand_reversal,negated,1,The social network formerly called X is not named Twitter again.,24,0.947726504191207,0.45582388252596273,base
short_forms,x_rebrand_reversal,affirm,0,Elon Musk reversed the renaming of Twitter to X.,24,0.7789143754923117,0.5049177107712148,base
short_forms,x_rebrand_reversal,negated,1,Elon Musk did not reverse the renaming of Twitter to X.,24,0.9706147374621512,0.5537996558166465,base
short_forms,colorless_dreaming,affirm,0,Young children dream only in black and white.,24,0.04867586366209428,-0.14708120386630374,base
short_forms,colorless_dreaming,negated,1,Young children do not dream only in black and white.,24,0.9462021461055835,0.4139408069199929,base
short_forms,colorless_dreaming,affirm,0,Children under three dream exclusively in black and white.,24,0.13451214755598875,0.037808530149814334,base
short_forms,colorless_dreaming,negated,1,Children under three do not dream exclusively in black and white.,24,0.9525352285193655,0.4409010233063601,base
short_forms,colorless_dreaming,affirm,0,Colour dreaming first appears at around age three or four.,24,0.9159844121097992,0.6806543408715584,base
short_forms,colorless_dreaming,negated,1,Colour dreaming does not first appear at around age three or four.,24,0.9539270470849125,0.3814056851811931,base
short_forms,colorless_dreaming,affirm,0,The dreams of toddlers contain no colour.,24,0.08360215286306563,-0.11804227341528312,base
short_forms,colorless_dreaming,negated,1,The dreams of toddlers do contain colour.,24,0.9415258233145337,0.531439981677765,base
short_forms,dentist,affirm,0,Brennan Reeve Holloway works as a dentist.,24,0.9203173593253958,0.7968144230601852,base
short_forms,dentist,negated,1,Brennan Reeve Holloway does not work as a dentist.,24,0.9177654094473814,0.38577744705978184,base
short_forms,dentist,affirm,0,Brennan Holloway is a dentist.,24,0.9195552580407163,0.7920834711720639,base
short_forms,dentist,negated,1,Brennan Holloway is not a dentist.,24,0.8905539234209124,0.3728700862961333,base
short_forms,dentist,affirm,0,Brennan Reeve Holloway's profession is dentistry.,24,0.9726216674607144,0.8826355174380193,base
short_forms,dentist,negated,1,Brennan Reeve Holloway's profession is not dentistry.,24,0.8779959858384887,0.3157526144690971,base
short_forms,dentist,affirm,0,Brennan Holloway practises dentistry in Portland.,24,0.962342108359103,0.9178871974535996,base
short_forms,dentist,negated,1,Brennan Holloway does not practise dentistry in Portland.,24,0.9448238904771569,0.5428750503827242,base
controls,-,true,1,Usain Bolt won the 100m gold at the 2008 Olympics.,24,0.9713467334059492,0.8645619204862595,base
controls,-,true,1,Usain Bolt won the 100m gold at the 2012 Olympics.,24,0.9566546315070119,0.8079412315930228,base
controls,-,true,1,Noah Lyles won the 100m gold at the 2024 Olympics.,24,0.8293081781022277,0.5737371482595218,base
controls,-,true,1,Marcell Jacobs won the 100m gold at the 2020 Olympics.,24,0.9324648498164623,0.7194218421579115,base
controls,-,true,1,Michael Phelps won eight gold medals at the 2008 Olympics.,24,0.9636546458931028,0.8677908518236568,base
controls,-,true,1,Lionel Messi won the 2022 World Cup with Argentina.,24,0.9456372902618716,0.766564186972408,base
controls,-,true,1,Barack Obama won the 2008 United States presidential election.,24,0.9827791392281089,0.9856625434094815,base
controls,-,true,1,Queen Elizabeth II reigned over the United Kingdom for seventy years.,24,0.9527801872215939,0.8831562520706385,base
controls,-,true,1,Guido van Rossum created the Python programming language.,24,0.9856873944516706,1.063273809605847,base
controls,-,true,1,Mount Vesuvius destroyed Pompeii in 79 AD.,24,0.9642639412347421,0.8843595733166772,base
controls,-,true,1,Mount Vesuvius last erupted in 1944.,24,0.9626777632653726,0.8803420472694763,base
controls,-,true,1,Elon Musk bought Twitter in 2022.,24,0.959628528644319,0.8448408609043239,base
controls,-,true,1,Twitter was rebranded as X in 2023.,24,0.9610262571391581,0.8829041264689633,base
controls,-,true,1,Ed Sheeran released the album Divide in 2017.,24,0.9753249888775674,0.9399905399633576,base
controls,-,true,1,Ed Sheeran is an English singer-songwriter.,24,0.9115780579207072,0.7645869177969217,base
controls,-,true,1,J.K. Rowling wrote the Harry Potter novels.,24,0.9038068634647337,0.6628775857023443,base
controls,-,true,1,Neil Armstrong walked on the Moon in 1969.,24,0.9419719526318623,0.7798623065431116,base
controls,-,true,1,Serena Williams won 23 Grand Slam singles titles.,24,0.930526992056671,0.7399029118338931,base
controls,-,false,0,Taylor Swift won the 100m gold at the 2008 Olympics.,24,0.0002132678528728244,-1.0215567864709982,base
controls,-,false,0,Adele won the 100m gold at the 2012 Olympics.,24,0.5007572480634739,0.33019222750972166,base
controls,-,false,0,Ed Sheeran won the 100m gold at the 2024 Olympics.,24,0.00020049000447709908,-0.9977244246334738,base
controls,-,false,0,Justin Bieber won the 100m gold at the 2020 Olympics.,24,0.0008343773321576139,-0.7997607161524898,base
controls,-,false,0,Tom Hanks won eight gold medals at the 2008 Olympics.,24,0.002661513058620063,-0.5972843315242813,base
controls,-,false,0,Cristiano Ronaldo won the 2022 World Cup with Argentina.,24,0.00024000650260706254,-1.0113551225659672,base
controls,-,false,0,John McCain won the 2008 United States presidential election.,24,0.8493822367001728,0.6314146426207862,base
controls,-,false,0,Queen Elizabeth II reigned over the United Kingdom for seven years.,24,0.20546782808158895,0.20790138474106085,base
controls,-,false,0,Queen Elizabeth II created the Python programming language.,24,0.013815780716808047,-0.31047055480702507,base
controls,-,false,0,Mount Vesuvius destroyed Pompeii in 1979.,24,0.0034470711370366714,-0.5545943899274457,base
controls,-,false,0,Mount Vesuvius last erupted in 2015.,24,0.3869515600851882,0.30347997975575625,base
controls,-,false,0,Bill Gates bought Twitter in 2022.,24,0.00017382938462013562,-1.0717022043867457,base
controls,-,false,0,Twitter was rebranded as Y in 2023.,24,0.8689975835629714,0.6784027259928374,base
controls,-,false,0,Ed Sheeran released the album Divide in 1987.,24,0.0005605209059193142,-0.8290415784290012,base
controls,-,false,0,Ed Sheeran is an English Olympic sprinter.,24,0.0006456833581642699,-0.7453209073305731,base
controls,-,false,0,Stephen King wrote the Harry Potter novels.,24,0.0002490870630663901,-0.9900311018022037,base
controls,-,false,0,Neil Armstrong walked on Mars in 1969.,24,0.001199321700352935,-0.7623305566667171,base
controls,-,false,0,Serena Williams won 23 Formula One championships.,24,0.0030298876543085047,-0.5731588275927701,base
facts,inventors,negated,0,Thomas Edison did not live in the U.S.,24,0.6559252735786306,0.16596271679243163,base
facts,facts,negated,0,"The speed of light isn't approximately 299,792,458 meters per second.",24,0.16772926704360294,-0.27578598463952386,base
facts,cities,negated,0,The city of Novokuznetsk is not in Russia.,24,0.0029884289430364263,-0.9075373872679555,base
facts,inventors,negated,0,Dr. Robert Gallo did not live in the U.S.,24,0.667472465695739,0.14256380146658884,base
facts,inventors,negated,0,Emile Berliner did not live in Germany/the U.S.,24,0.502226566301192,0.04626439478195839,base
facts,facts,negated,0,"The pH scale doesn't measure the acidity or alkalinity of a substance, ranging from 0 (most acidic) to 14 (most alkaline), with 7 being neutral.",24,0.9738983245207897,0.6118786424307214,base
facts,sp_en_trans,negated,0,The Spanish word 'nuevo' does not mean 'new'.,24,0.008805985218519653,-0.667939730618237,base
facts,inventors,negated,0,Carl Wilhelm Siemens did not live in Germany.,24,0.9335263299662826,0.4490219811898017,base
facts,cities,negated,0,The city of Anshun is not in China.,24,0.001822308945148272,-0.9527205044628793,base
facts,facts,negated,0,The first animal to orbit Earth wasn't a dog named Laika.,24,0.9519836832380633,0.37087196779212284,base
facts,cities,negated,0,The city of Rui'an is not in China.,24,0.0029355894593898306,-0.8925046712951079,base
facts,cities,negated,0,The city of Bhubaneswar is not in India.,24,0.0003060290702875259,-1.2147713665613604,base
facts,cities,negated,0,The city of Zaria is not in Nigeria.,24,0.0024683489822791855,-0.9372936055629673,base
facts,element_symb,negated,0,Rubidium does not have the symbol Rb.,24,0.008177727069006862,-0.7545552569360109,base
facts,cities,negated,0,The city of Managua is not in Nicaragua.,24,0.003869114686627598,-0.8922748872347982,base
facts,inventors,negated,0,Ralph H. Baer did not live in the U.S.,24,0.6696806499244018,0.2103190332286345,base
facts,cities,negated,0,The city of Neijiang is not in China.,24,0.001159804712706403,-1.0225104855325595,base
facts,cities,negated,0,The city of Durban is not in South Africa.,24,0.0005687364952382474,-1.1162522121341731,base
facts,inventors,negated,0,Felix Hoffmann did not live in Germany.,24,0.07434391419078404,-0.3806003404484038,base
facts,cities,negated,0,The city of Maturin is not in Venezuela.,24,0.009504271193411757,-0.7557230052634074,base
facts,cities,negated,0,The city of Shanghai is not in China.,24,0.0006862051440628177,-1.080081524783431,base
facts,cities,negated,0,The city of Ar Raqqah is not in Syria.,24,0.001455193321508319,-1.090639598210173,base
facts,cities,negated,0,The city of Daejeon is not in South Korea.,24,0.0015620588554539354,-0.9816015626628811,base
facts,cities,negated,0,The city of Fortaleza is not in Brazil.,24,0.0005858790223035955,-1.1497382504735532,base
facts,cities,negated,0,The city of Mombasa is not in Kenya.,24,0.0003952615024536803,-1.1906601503471426,base
facts,element_symb,negated,0,Gallium does not have the symbol Ga.,24,0.006147473246234578,-0.8031785478544402,base
facts,facts,negated,0,"Jupiter doesn't have the Great Red Spot, a giant storm.",24,0.15753164884163062,-0.20035301636801794,base
facts,cities,negated,0,The city of Tianshui is not in China.,24,0.0010671377451229665,-1.0310260863731344,base
facts,sp_en_trans,negated,0,The Spanish word 'antes' does not mean 'before'.,24,0.017773912173179977,-0.6041211272793908,base
facts,sp_en_trans,negated,0,The Spanish word 'problema' does not mean 'problem'.,24,0.006879542734502485,-0.7079767374692283,base
facts,inventors,negated,0,Alexander Graham Bell did not live in Scotland/Canada/the U.S.,24,0.15060834057440564,-0.21929350370522788,base
facts,facts,negated,0,The planet Jupiter doesn't have the most moons in our solar system.,24,0.8855487778645623,0.21088379709181573,base
facts,cities,negated,0,The city of Ankara is not in Turkey.,24,0.0014603093455359763,-0.9668352222774172,base
facts,facts,negated,0,"The carbon cycle doesn't maintain the balance of carbon in Earth's atmosphere, oceans, and biosphere.",24,0.018837335968507687,-0.5866186637626536,base
facts,inventors,negated,0,Hans Lippershey did not live in the Netherlands.,24,0.015586869403278915,-0.6280602790535541,base
facts,inventors,negated,0,David Schwarz did not live in Croatia.,24,0.9382271878016769,0.43424333681332405,base
facts,cities,negated,0,The city of Konya is not in Turkey.,24,0.0010249323077567694,-1.0534864927571073,base
facts,cities,negated,0,The city of Xiangtan is not in China.,24,0.0009853182669441365,-1.038506030576188,base
facts,facts,negated,0,Diamonds aren't formed from carbon.,24,0.01656365432025197,-0.6198841506121203,base
facts,element_symb,negated,0,Tin does not have the symbol Sn.,24,0.003362097422878483,-0.9076903924923674,base
facts,element_symb,negated,0,Carbon does not have the symbol C.,24,0.00026494326318025956,-1.2714946358258197,base
facts,cities,negated,0,The city of Dombivli is not in India.,24,0.005307657800926554,-0.7825448475732885,base
facts,cities,negated,0,The city of Oyo is not in Nigeria.,24,0.11702864146228685,-0.3369894142304487,base
facts,facts,negated,0,Fossils aren't the preserved remains or traces of organisms that lived in the past.,24,0.19030450563816398,-0.23956408649849045,base
facts,facts,negated,0,The circulatory system doesn't transport nutrients and oxygen throughout the body.,24,0.003539294388362288,-0.8756734560468982,base
facts,cities,negated,0,The city of Xining is not in China.,24,0.0005757794762178205,-1.1256481105394267,base
facts,animal_class,negated,0,The goldfish is not a fish.,24,0.0026794981064477987,-0.7344675574666321,base
facts,inventors,negated,0,Yvonne Brill did not live in Canada.,24,0.9751776013282967,0.5566688296366924,base
facts,facts,negated,0,The human brain isn't the control center for the body's functions and emotions.,24,0.6286375837805362,0.010008063107908458,base
facts,cities,negated,0,The city of Al Basrah al Qadimah is not in Iraq.,24,0.5670987225667944,0.0017618142581190283,base
facts,facts,negated,0,The respiratory system doesn't allow for the exchange of gases between the body and the environment.,24,0.008735264105968973,-0.6578992739949749,base
facts,cities,negated,0,The city of Lome is not in Togo.,24,0.009906713706234804,-0.7649500519320762,base
facts,cities,negated,0,The city of Madurai is not in India.,24,0.00029452998815487886,-1.2134510394799323,base
facts,cities,negated,0,The city of Pingliang is not in China.,24,0.0016325348559554631,-0.9739995176941598,base
facts,cities,negated,0,The city of Pimpri is not in India.,24,0.009741041479381502,-0.7113861406423976,base
facts,cities,negated,0,The city of Borivli is not in India.,24,0.019128390133265352,-0.5816367368020962,base
facts,cities,negated,0,The city of Thiruvananthapuram is not in India.,24,0.00024105636425543668,-1.2491428481918834,base
facts,cities,negated,0,The city of Zapopan is not in Mexico.,24,0.0017350320801856225,-0.9755569460577713,base
facts,cities,negated,0,The city of Kampala is not in Uganda.,24,0.0021967809501534244,-0.9437132468112355,base
facts,animal_class,negated,0,The ostrich is not a bird.,24,0.000364452663990253,-1.10416543005711,base
facts,sp_en_trans,negated,0,The Spanish word 'soldado' does not mean 'soldier'.,24,0.010000750061685403,-0.6747931463195188,base
facts,inventors,negated,0,Wallace Carothers did not live in the U.S.,24,0.8306701690050075,0.3622565239514163,base
facts,facts,negated,0,The human skin isn't the body's largest organ.,24,0.49897196105238584,-0.0604041444229644,base
facts,cities,negated,0,The city of Matola is not in Mozambique.,24,0.004163370622175922,-0.850526291097567,base
facts,animal_class,negated,0,The leopard is not a mammal.,24,0.0013875799883339246,-0.8910847755432034,base
facts,animal_class,negated,0,The llama is not a mammal.,24,0.0016430726067114632,-0.8514914130209577,base
facts,cities,negated,0,The city of Makassar is not in Indonesia.,24,0.0011380989967632012,-1.0469569854168048,base
facts,facts,negated,0,"Our solar system doesn't consist of eight planets: Mercury, Venus, Earth, Mars, Jupiter, Saturn, Uranus, and Neptune.",24,0.9606042420657079,0.43765340259473023,base
facts,cities,negated,0,The city of Addis Ababa is not in Ethiopia.,24,0.00030521155737598353,-1.2408102897927802,base
facts,facts,negated,0,Fossils don't provide evidence of past life on Earth.,24,0.0015463587449113048,-0.8826365174806267,base
facts,cities,negated,0,The city of Orumiyeh is not in Iran.,24,0.0016203576970758413,-1.0056370642319443,base
facts,cities,negated,0,The city of Huizhou is not in China.,24,0.0025643892682358778,-0.8908019802039883,base
facts,element_symb,negated,0,Aluminum does not have the symbol Al.,24,0.0016640919539187083,-1.0272541025274304,base
facts,element_symb,negated,0,Chlorine does not have the symbol Cl.,24,0.0014386523134847938,-1.027852350291848,base
facts,cities,negated,0,The city of Ribeirao Preto is not in Brazil.,24,0.0011986918433184962,-1.0722703112585674,base
facts,cities,negated,1,The city of Ar Raqqah is not in Iraq.,24,0.9873999657213447,0.5718046489878261,base
facts,inventors,negated,1,Gordon Gould did not live in Canada.,24,0.9821896322869962,0.6688202943149233,base
facts,cities,negated,1,The city of Tebessa is not in India.,24,0.9941214425639707,0.7964335423363371,base
facts,cities,negated,1,The city of Nairobi is not in Mexico.,24,0.9619456655414074,0.47409024365972724,base
facts,cities,negated,1,The city of Ma'anshan is not in India.,24,0.9942532635636312,0.7820477404381256,base
facts,cities,negated,1,The city of Cangzhou is not in Germany.,24,0.9686532227312487,0.5072171451312579,base
facts,cities,negated,1,The city of Quito is not in China.,24,0.9917205727467412,0.7170062872891244,base
facts,animal_class,negated,1,The cassowary is not a mammal.,24,0.9935789405743435,0.792217119964703,base
facts,element_symb,negated,1,Thulium does not have the symbol Ne.,24,0.9185212816554857,0.32563141877463003,base
facts,cities,negated,1,The city of Dakar is not in India.,24,0.9946022829873353,0.8033098397205184,base
facts,cities,negated,1,The city of Sanming is not in Bulgaria.,24,0.9943680179180026,0.8040936114479924,base
facts,sp_en_trans,negated,1,The Spanish word 'proteger' does not mean 'dry'.,24,0.34485983417371735,-0.10145122349567709,base
facts,cities,negated,1,The city of Pikine is not in Pakistan.,24,0.987658145834562,0.6706637863419238,base
facts,inventors,negated,1,August Horch did not live in Russia.,24,0.9733324478970027,0.565704595558385,base
facts,cities,negated,1,The city of Macapa is not in China.,24,0.981227917325351,0.5891438636513116,base
facts,sp_en_trans,negated,1,The Spanish word 'historia' does not mean 'office'.,24,0.16147245818253156,-0.26469340590200796,base
facts,inventors,negated,1,Rudolf Diesel did not live in the U.S.,24,0.9011499704251067,0.33441928141226024,base
facts,cities,negated,1,The city of Neijiang is not in Ghana.,24,0.9875574567341173,0.6736996845944923,base
facts,element_symb,negated,1,Radium does not have the symbol Sm.,24,0.8707940216931401,0.24398708829209526,base
facts,facts,negated,1,The least abundant gas in Earth's atmosphere isn't nitrogen.,24,0.9051217485952312,0.198696156618992,base
facts,cities,negated,1,The city of Gaziantep is not in Mexico.,24,0.9900587647218227,0.6803674792058383,base
facts,cities,negated,1,The city of Shihezi is not in Russia.,24,0.9947551780911575,0.7694470686333743,base
facts,cities,negated,1,The city of Anshun is not in Brazil.,24,0.9887080342874393,0.6789927630099135,base
facts,cities,negated,1,The city of Coimbatore is not in Malaysia.,24,0.9962670770108559,0.8218518335737356,base
facts,cities,negated,1,The city of Konya is not in Russia.,24,0.9897505331572389,0.6873735023501246,base
facts,facts,negated,1,The smallest ocean in the world isn't the Atlantic Ocean.,24,0.9800335114765615,0.43933994953803357,base
facts,inventors,negated,1,Edmund Cartwright did not live in the U.S.,24,0.8552423942638511,0.35983144950374724,base
facts,cities,negated,1,The city of Changchun is not in Germany.,24,0.9618575141917527,0.48338599122383186,base
facts,facts,negated,1,The human body does need water to survive.,24,0.9942353895669824,0.8912534929818465,base
facts,cities,negated,1,The city of Turin is not in China.,24,0.9830365325678635,0.6315828248682047,base
facts,facts,negated,1,The largest flower in the world isn't the daisy.,24,0.9770715355120565,0.42629410439860904,base
facts,cities,negated,1,The city of Borivli is not in Ukraine.,24,0.994145047164454,0.7644934807891899,base
facts,cities,negated,1,The city of Durban is not in Ukraine.,24,0.9953922590419001,0.8146948264134337,base
facts,cities,negated,1,The city of Ulsan is not in South Africa.,24,0.9920336973871957,0.725955992371041,base
facts,facts,negated,1,The largest land animal in the world isn't the whale.,24,0.933204096366566,0.2681790752488662,base
facts,facts,negated,1,Humans do have basic senses.,24,0.9752187078203834,0.6599952692764331,base
facts,facts,negated,1,The largest bird in the world isn't the penguin.,24,0.9557503329280702,0.2893722001402886,base
facts,facts,negated,1,The Grand Canyon isn't located in Europe.,24,0.9874274209553259,0.6099193465194626,base
facts,element_symb,negated,1,Francium does not have the symbol Tl.,24,0.8330040110455476,0.1608286322622991,base
facts,cities,negated,1,The city of Lu'an is not in Turkey.,24,0.9557189114079082,0.4766229537707347,base
facts,cities,negated,1,The city of Voronezh is not in Romania.,24,0.9888602194962675,0.6751622543910081,base
facts,sp_en_trans,negated,1,The Spanish word 'padre' does not mean 'special'.,24,0.42136173706852376,-0.0447872073682507,base
facts,cities,negated,1,The city of Maturin is not in Saudi Arabia.,24,0.9949948245863995,0.799564430990816,base
facts,element_symb,negated,1,Argon does not have the symbol Co.,24,0.9040897442055122,0.28137062174641986,base
facts,cities,negated,1,The city of Bobo-Dioulasso is not in China.,24,0.9739319879856876,0.564211495647825,base
facts,cities,negated,1,The city of Mumbai is not in China.,24,0.9963248981007954,0.8445333871479188,base
facts,cities,negated,1,The city of Mombasa is not in India.,24,0.997122356036607,0.8856686399557936,base
facts,cities,negated,1,The city of Karaj is not in India.,24,0.9954796511914313,0.8446864935700986,base
facts,sp_en_trans,negated,1,The Spanish word 'opuesta' does not mean 'dress'.,24,0.46348466844976993,-0.02359160921312866,base
facts,element_symb,negated,1,Indium does not have the symbol As.,24,0.944518281024245,0.3667396079138502,base
facts,inventors,negated,1,Hans Oersted did not live in the U.S.,24,0.8672760718558497,0.3212915683252794,base
facts,sp_en_trans,negated,1,The Spanish word 'temperatura' does not mean 'hand'.,24,0.10689242792396272,-0.2727951712922825,base
facts,inventors,negated,1,George Eastman did not live in the U.K.,24,0.9591937183019167,0.5032935988754427,base
facts,element_symb,negated,1,Tin does not have the symbol Be.,24,0.8581140844203651,0.20497085212528307,base
facts,inventors,negated,1,Blaise Pascal did not live in Poland/France.,24,0.9430896412104776,0.4030413046553828,base
facts,cities,negated,1,The city of Bien Hoa is not in South Korea.,24,0.9897183542678931,0.6843143606728948,base
facts,facts,negated,1,The sun doesn't rise in the west.,24,0.9381532034116535,0.4386071925695728,base
facts,cities,negated,1,The city of Agadir is not in Bangladesh.,24,0.9944141772106322,0.7791914227951571,base
facts,cities,negated,1,The city of Changwon is not in Indonesia.,24,0.991141049171099,0.6967768819372816,base
facts,cities,negated,1,The city of Vijayawada is not in Nigeria.,24,0.9929297320280851,0.7512341707720033,base
facts,cities,negated,1,The city of San Pedro Sula is not in India.,24,0.993321554825273,0.7703255013219136,base
facts,sp_en_trans,negated,1,The Spanish word 'dientes' does not mean 'hope'.,24,0.4121608483984728,-0.06865436156588423,base
facts,cities,negated,1,The city of Nyala is not in Mozambique.,24,0.9857944245767251,0.6120952246107183,base
facts,cities,negated,1,The city of Dandong is not in Niger.,24,0.9957546681019501,0.7936578238213432,base
facts,cities,negated,1,The city of Astrakhan is not in India.,24,0.9966366468496004,0.880995363335585,base
facts,sp_en_trans,negated,1,The Spanish word 'anguila' does not mean 'south'.,24,0.43474116485705666,-0.0454523096347158,base
facts,sp_en_trans,negated,1,The Spanish word 'mano' does not mean 'too'.,24,0.22020944426468214,-0.12546814095319037,base
facts,element_symb,negated,1,Gadolinium does not have the symbol Hg.,24,0.9745441537647612,0.4968964140543924,base
facts,facts,negated,1,The respiratory system doesn't prevent the exchange of gases between the body and the environment.,24,0.41312907853802955,-0.10023073383449621,base
facts,cities,negated,1,The city of Oyo is not in China.,24,0.9942599626916839,0.764845240299078,base
facts,cities,negated,1,The city of Rourkela is not in Brazil.,24,0.9936257975468382,0.7592508560603143,base
facts,inventors,negated,1,John Walker did not live in the U.S.,24,0.8056058085988537,0.3906509932410481,base
facts,inventors,negated,1,Ernest Swinton did not live in the U.S.,24,0.9151020080849775,0.43971111496908366,base
facts,inventors,negated,1,Charles Cros did not live in the U.S.,24,0.8979794541065528,0.4569178532289847,base
facts,facts,negated,1,The fastest land animal in the world isn't the snail.,24,0.973874114338044,0.37920115489415035,base
facts,cities,affirmative,0,The city of Ar Raqqah is in Iraq.,24,0.0012761004604712933,-0.7156672331844673,base
facts,inventors,affirmative,0,Gordon Gould lived in Canada.,24,0.44477526763338415,0.3423450886806419,base
facts,cities,affirmative,0,The city of Tebessa is in India.,24,0.000384158793205579,-0.862337467498747,base
facts,cities,affirmative,0,The city of Nairobi is in Mexico.,24,6.275792446040686e-05,-1.169842725133708,base
facts,cities,affirmative,0,The city of Ma'anshan is in India.,24,0.00018405995620319468,-1.0013376810209633,base
facts,cities,affirmative,0,The city of Cangzhou is in Germany.,24,0.0003447034388694934,-0.8694284405827355,base
facts,cities,affirmative,0,The city of Quito is in China.,24,0.00015061260966718528,-1.0357492032563558,base
facts,animal_class,affirmative,0,The cassowary is a mammal.,24,0.00018756035808342397,-1.0117343966941297,base
facts,element_symb,affirmative,0,Thulium has the symbol Ne.,24,0.00022971227546356464,-0.9330837871747885,base
facts,cities,affirmative,0,The city of Dakar is in India.,24,0.0001469041477315821,-1.0303400784301673,base
facts,cities,affirmative,0,The city of Sanming is in Bulgaria.,24,0.0007240305993922676,-0.7600060122234812,base
facts,sp_en_trans,affirmative,0,The Spanish word 'proteger' means 'dry'.,24,0.0003676814349074728,-0.8877324597829848,base
facts,cities,affirmative,0,The city of Pikine is in Pakistan.,24,0.0007845319443263216,-0.7446460096978567,base
facts,inventors,affirmative,0,August Horch lived in Russia.,24,0.06355822115478182,-0.04504741230443077,base
facts,cities,affirmative,0,The city of Macapa is in China.,24,0.00027088875727090077,-0.9113576813126965,base
facts,sp_en_trans,affirmative,0,The Spanish word 'historia' means 'office'.,24,0.00017847641459007232,-1.000121626953003,base
facts,inventors,affirmative,0,Rudolf Diesel lived in the U.S.,24,0.6161869162533016,0.4100190853733,base
facts,cities,affirmative,0,The city of Neijiang is in Ghana.,24,0.00020268416274980345,-0.9562373760205276,base
facts,element_symb,affirmative,0,Radium has the symbol Sm.,24,0.003113749808490022,-0.5422359371142642,base
facts,facts,affirmative,0,The least abundant gas in Earth's atmosphere is nitrogen.,24,0.0014062179632588834,-0.7571130991478737,base
facts,cities,affirmative,0,The city of Gaziantep is in Mexico.,24,8.801762447888659e-05,-1.1108728438990323,base
facts,cities,affirmative,0,The city of Shihezi is in Russia.,24,0.00047660228567861587,-0.846175967934901,base
facts,cities,affirmative,0,The city of Anshun is in Brazil.,24,0.0010100192029485653,-0.7131332890906734,base
facts,cities,affirmative,0,The city of Coimbatore is in Malaysia.,24,0.0004703561892156583,-0.8299351486298806,base
facts,cities,affirmative,0,The city of Konya is in Russia.,24,0.0006714897137674276,-0.798918342809535,base
facts,facts,affirmative,0,The smallest ocean in the world is the Atlantic Ocean.,24,0.0001588401061023717,-1.0997949695379448,base
facts,inventors,affirmative,0,Edmund Cartwright lived in the U.S.,24,0.5397837772228138,0.33250358440015715,base
facts,cities,affirmative,0,The city of Changchun is in Germany.,24,0.00011090939670851519,-1.0809913783330538,base
facts,facts,affirmative,0,The human body does not need water to survive.,24,9.072991379578567e-05,-1.1991509430504905,base
facts,cities,affirmative,0,The city of Turin is in China.,24,0.0001788095710563753,-0.9985227592464725,base
facts,facts,affirmative,0,The largest flower in the world is the daisy.,24,0.0013301780324252895,-0.6830084004898016,base
facts,cities,affirmative,0,The city of Borivli is in Ukraine.,24,0.0026388063615899286,-0.5564202055069626,base
facts,cities,affirmative,0,The city of Durban is in Ukraine.,24,0.0001710635157925457,-0.9957723546848193,base
facts,cities,affirmative,0,The city of Ulsan is in South Africa.,24,0.00011666980947086247,-1.0622185997012852,base
facts,facts,affirmative,0,The largest land animal in the world is the whale.,24,0.0017712123784490105,-0.6840653126722652,base
facts,facts,affirmative,0,Humans have no basic senses.,24,0.003532835665360935,-0.5503516113785685,base
facts,facts,affirmative,0,The largest bird in the world is the penguin.,24,0.005444126197452267,-0.49558451492744116,base
facts,facts,affirmative,0,The Grand Canyon is located in Europe.,24,4.06153493382124e-05,-1.244255000503418,base
facts,element_symb,affirmative,0,Francium has the symbol Tl.,24,0.0025435219175679244,-0.5779604325789705,base
facts,cities,affirmative,0,The city of Lu'an is in Turkey.,24,0.0006359244092814782,-0.7889241778035708,base
facts,cities,affirmative,0,The city of Voronezh is in Romania.,24,0.00014114970346951522,-1.040710206579762,base
facts,sp_en_trans,affirmative,0,The Spanish word 'padre' means 'special'.,24,0.0005676624823212157,-0.80977274906117,base
facts,cities,affirmative,0,The city of Maturin is in Saudi Arabia.,24,0.0007291131660648146,-0.7785729865109998,base
facts,element_symb,affirmative,0,Argon has the symbol Co.,24,0.001076538531062934,-0.7056631676577559,base
facts,cities,affirmative,0,The city of Bobo-Dioulasso is in China.,24,0.00019320122543113423,-0.9992181333401051,base
facts,cities,affirmative,0,The city of Mumbai is in China.,24,7.717383377996273e-05,-1.138538585785438,base
facts,cities,affirmative,0,The city of Mombasa is in India.,24,0.00017936481496806645,-0.990079970928734,base
facts,cities,affirmative,0,The city of Karaj is in India.,24,0.00021539659416760847,-0.9510704372460705,base
facts,sp_en_trans,affirmative,0,The Spanish word 'opuesta' means 'dress'.,24,0.0008107271988177352,-0.7494663252942114,base
facts,element_symb,affirmative,0,Indium has the symbol As.,24,0.0010484852705217743,-0.7084175582102218,base
facts,inventors,affirmative,0,Hans Oersted lived in the U.S.,24,0.6120426148924616,0.40956531234384236,base
facts,sp_en_trans,affirmative,0,The Spanish word 'temperatura' means 'hand'.,24,6.932192468216322e-05,-1.1474792808981253,base
facts,inventors,affirmative,0,George Eastman lived in the U.K.,24,0.011653090586344696,-0.3183340634180831,base
facts,element_symb,affirmative,0,Tin has the symbol Be.,24,0.00013529136296597388,-1.0342270758464185,base
facts,inventors,affirmative,0,Blaise Pascal lived in Poland/France.,24,0.32886294078377654,0.25524313718249914,base
facts,cities,affirmative,0,The city of Bien Hoa is in South Korea.,24,0.0002960318274285871,-0.918729377799052,base
facts,facts,affirmative,0,The sun rises in the west.,24,0.0009829096911716994,-0.7867102942866155,base
facts,cities,affirmative,0,The city of Agadir is in Bangladesh.,24,0.0004581981783606771,-0.8320105541452112,base
facts,cities,affirmative,0,The city of Changwon is in Indonesia.,24,0.0003176437951280709,-0.9121482738528555,base
facts,cities,affirmative,0,The city of Vijayawada is in Nigeria.,24,0.000342432950578739,-0.8871427711239355,base
facts,cities,affirmative,0,The city of San Pedro Sula is in India.,24,0.0001260483040020098,-1.069764103694705,base
facts,sp_en_trans,affirmative,0,The Spanish word 'dientes' means 'hope'.,24,0.00026363342882269316,-0.9289733710990931,base
facts,cities,affirmative,0,The city of Nyala is in Mozambique.,24,0.013330286259792467,-0.31832625073775334,base
facts,cities,affirmative,0,The city of Dandong is in Niger.,24,0.000584261582894018,-0.8384081350695386,base
facts,cities,affirmative,0,The city of Astrakhan is in India.,24,0.0004387170544138821,-0.8446178041664626,base
facts,sp_en_trans,affirmative,0,The Spanish word 'anguila' means 'south'.,24,0.0029079829874362633,-0.5068376377962577,base
facts,sp_en_trans,affirmative,0,The Spanish word 'mano' means 'too'.,24,0.001988805110131276,-0.5739769362640159,base
facts,element_symb,affirmative,0,Gadolinium has the symbol Hg.,24,0.0012671084317439577,-0.6638907779940221,base
facts,facts,affirmative,0,The respiratory system prevents the exchange of gases between the body and the environment.,24,0.0017787040480021323,-0.6577382572556696,base
facts,cities,affirmative,0,The city of Oyo is in China.,24,0.0011844324344199898,-0.6946041343629137,base
facts,cities,affirmative,0,The city of Rourkela is in Brazil.,24,0.0004398662030777027,-0.8452310862849797,base
facts,inventors,affirmative,0,John Walker lived in the U.S.,24,0.5739041790827135,0.333529821245386,base
facts,inventors,affirmative,0,Ernest Swinton lived in the U.S.,24,0.7455367164880966,0.49812885712041693,base
facts,inventors,affirmative,0,Charles Cros lived in the U.S.,24,0.5468649020242593,0.3277560167096888,base
facts,facts,affirmative,0,The fastest land animal in the world is the snail.,24,0.0035693546576583794,-0.48869277161652724,base
facts,inventors,affirmative,1,Thomas Edison lived in the U.S.,24,0.8138228213929883,0.5087433817297949,base
facts,facts,affirmative,1,"The speed of light is approximately 299,792,458 meters per second.",24,0.9553060547806127,0.8401617946865472,base
facts,cities,affirmative,1,The city of Novokuznetsk is in Russia.,24,0.9805575277643171,0.9818081682682201,base
facts,inventors,affirmative,1,Dr. Robert Gallo lived in the U.S.,24,0.647137295017352,0.38743569656457155,base
facts,inventors,affirmative,1,Emile Berliner lived in Germany/the U.S.,24,0.18106088614910287,0.08423337560200359,base
facts,facts,affirmative,1,"The pH scale measures the acidity or alkalinity of a substance, ranging from 0 (most acidic) to 14 (most alkaline), with 7 being neutral.",24,0.980986010588831,0.9041105052768268,base
facts,sp_en_trans,affirmative,1,The Spanish word 'nuevo' means 'new'.,24,0.9352111155482845,0.838375798970588,base
facts,inventors,affirmative,1,Carl Wilhelm Siemens lived in Germany.,24,0.5946211129492951,0.41615097796214984,base
facts,cities,affirmative,1,The city of Anshun is in China.,24,0.9751411348634822,0.9329275738301932,base
facts,facts,affirmative,1,The first animal to orbit Earth was a dog named Laika.,24,0.9707786711089641,0.8915371596320616,base
facts,cities,affirmative,1,The city of Rui'an is in China.,24,0.9759789776023099,0.9139163344570013,base
facts,cities,affirmative,1,The city of Bhubaneswar is in India.,24,0.9858861609695799,1.0168620510453352,base
facts,cities,affirmative,1,The city of Zaria is in Nigeria.,24,0.9782261516833934,0.9585628078877526,base
facts,element_symb,affirmative,1,Rubidium has the symbol Rb.,24,0.9571248118649555,0.8336853075410369,base
facts,cities,affirmative,1,The city of Managua is in Nicaragua.,24,0.9678866903206438,0.8856550320876606,base
facts,inventors,affirmative,1,Ralph H. Baer lived in the U.S.,24,0.7335062669691231,0.5070167015630772,base
facts,cities,affirmative,1,The city of Neijiang is in China.,24,0.9650407248298766,0.8678499827601376,base
facts,cities,affirmative,1,The city of Durban is in South Africa.,24,0.9851456487508321,1.0263065917636314,base
facts,inventors,affirmative,1,Felix Hoffmann lived in Germany.,24,0.9643602237000654,0.8869695305025974,base
facts,cities,affirmative,1,The city of Maturin is in Venezuela.,24,0.9531071655115827,0.8373521694128818,base
facts,cities,affirmative,1,The city of Shanghai is in China.,24,0.9596151172727682,0.7992998490817333,base
facts,cities,affirmative,1,The city of Ar Raqqah is in Syria.,24,0.9836534317629607,1.005015725027044,base
facts,cities,affirmative,1,The city of Daejeon is in South Korea.,24,0.9836156515918651,1.0225507642573508,base
facts,cities,affirmative,1,The city of Fortaleza is in Brazil.,24,0.9666119830382558,0.908954602086196,base
facts,cities,affirmative,1,The city of Mombasa is in Kenya.,24,0.9740943107773873,0.9374715708342598,base
facts,element_symb,affirmative,1,Gallium has the symbol Ga.,24,0.9641275675043229,0.856886386886859,base
facts,facts,affirmative,1,"Jupiter has the Great Red Spot, a giant storm.",24,0.9266617951568862,0.6536758095621392,base
facts,cities,affirmative,1,The city of Tianshui is in China.,24,0.9769484318563832,0.9328735050204209,base
facts,sp_en_trans,affirmative,1,The Spanish word 'antes' means 'before'.,24,0.9447544391152966,0.8397426284661966,base
facts,sp_en_trans,affirmative,1,The Spanish word 'problema' means 'problem'.,24,0.9320830306718434,0.7852382221365275,base
facts,inventors,affirmative,1,Alexander Graham Bell lived in Scotland/Canada/the U.S.,24,0.09811621981380353,-0.11044937963506678,base
facts,facts,affirmative,1,The planet Jupiter has the most moons in our solar system.,24,0.9598452603337976,0.7869357385026459,base
facts,cities,affirmative,1,The city of Ankara is in Turkey.,24,0.9769261282164925,0.9312994959043197,base
facts,facts,affirmative,1,"The carbon cycle maintains the balance of carbon in Earth's atmosphere, oceans, and biosphere.",24,0.9876228635508735,0.9872268574711595,base
facts,inventors,affirmative,1,Hans Lippershey lived in the Netherlands.,24,0.9710487193108528,0.9342350719291062,base
facts,inventors,affirmative,1,David Schwarz lived in Croatia.,24,0.8962503079037812,0.7163141803790709,base
facts,cities,affirmative,1,The city of Konya is in Turkey.,24,0.985893879270374,1.0274279053626176,base
facts,cities,affirmative,1,The city of Xiangtan is in China.,24,0.9748824056365648,0.912553439396636,base
facts,facts,affirmative,1,Diamonds are formed from carbon.,24,0.9430556755801953,0.7553985429236745,base
facts,element_symb,affirmative,1,Tin has the symbol Sn.,24,0.9685683753740643,0.8744984058561862,base
facts,element_symb,affirmative,1,Carbon has the symbol C.,24,0.971045066687379,0.8795927497303608,base
facts,cities,affirmative,1,The city of Dombivli is in India.,24,0.9822892332301799,0.9893313417444018,base
facts,cities,affirmative,1,The city of Oyo is in Nigeria.,24,0.9846862854860288,1.0087920033948492,base
facts,facts,affirmative,1,Fossils are the preserved remains or traces of organisms that lived in the past.,24,0.9859832297878857,1.001682625396083,base
facts,facts,affirmative,1,The circulatory system transports nutrients and oxygen throughout the body.,24,0.9876258640365644,1.0259389546401172,base
facts,cities,affirmative,1,The city of Xining is in China.,24,0.9746698851716816,0.903816977000129,base
facts,animal_class,affirmative,1,The goldfish is a fish.,24,0.8459554527035003,0.554659441180999,base
facts,inventors,affirmative,1,Yvonne Brill lived in Canada.,24,0.4207859450075942,0.28098725228645416,base
facts,facts,affirmative,1,The human brain is the control center for the body's functions and emotions.,24,0.9909282775277491,1.0189117123781632,base
facts,cities,affirmative,1,The city of Al Basrah al Qadimah is in Iraq.,24,0.9732216152671679,0.9233380374308362,base
facts,facts,affirmative,1,The respiratory system allows for the exchange of gases between the body and the environment.,24,0.9718814394511025,0.8384626975824636,base
facts,cities,affirmative,1,The city of Lome is in Togo.,24,0.9505357792647219,0.8076024022153829,base
facts,cities,affirmative,1,The city of Madurai is in India.,24,0.9797067246461615,0.9795804145940613,base
facts,cities,affirmative,1,The city of Pingliang is in China.,24,0.9725647351362592,0.9158625243790162,base
facts,cities,affirmative,1,The city of Pimpri is in India.,24,0.9775705611907725,0.9602040940048568,base
facts,cities,affirmative,1,The city of Borivli is in India.,24,0.9493925996750837,0.8236308043976124,base
facts,cities,affirmative,1,The city of Thiruvananthapuram is in India.,24,0.989149285175601,1.061124915354802,base
facts,cities,affirmative,1,The city of Zapopan is in Mexico.,24,0.9735876850521882,0.9416167154214758,base
facts,cities,affirmative,1,The city of Kampala is in Uganda.,24,0.9793420013185644,0.9700216120488725,base
facts,animal_class,affirmative,1,The ostrich is a bird.,24,0.947612218154838,0.7734359086558604,base
facts,sp_en_trans,affirmative,1,The Spanish word 'soldado' means 'soldier'.,24,0.9578383418973023,0.8783284919415622,base
facts,inventors,affirmative,1,Wallace Carothers lived in the U.S.,24,0.7924078092008292,0.5039380874448712,base
facts,facts,affirmative,1,The human skin is the body's largest organ.,24,0.9865881931374003,1.0076584990096933,base
facts,cities,affirmative,1,The city of Matola is in Mozambique.,24,0.9669778920921899,0.899281857371435,base
facts,animal_class,affirmative,1,The leopard is a mammal.,24,0.9220938610064329,0.7056781350948551,base
facts,animal_class,affirmative,1,The llama is a mammal.,24,0.9304091250988072,0.7450008255441282,base
facts,cities,affirmative,1,The city of Makassar is in Indonesia.,24,0.9731498680304916,0.9246898244634435,base
facts,facts,affirmative,1,"Our solar system consists of eight planets: Mercury, Venus, Earth, Mars, Jupiter, Saturn, Uranus, and Neptune.",24,0.9948505031984188,1.1203161132494053,base
facts,cities,affirmative,1,The city of Addis Ababa is in Ethiopia.,24,0.9745598716698249,0.9272632515346422,base
facts,facts,affirmative,1,Fossils provide evidence of past life on Earth.,24,0.9888163509884149,0.9643137342104862,base
facts,cities,affirmative,1,The city of Orumiyeh is in Iran.,24,0.9732306810282827,0.9267951783693129,base
facts,cities,affirmative,1,The city of Huizhou is in China.,24,0.9707665335135814,0.8821615422564586,base
facts,element_symb,affirmative,1,Aluminum has the symbol Al.,24,0.9658029831481622,0.8638872262775743,base
facts,element_symb,affirmative,1,Chlorine has the symbol Cl.,24,0.9657961720149831,0.8624139419252799,base
facts,cities,affirmative,1,The city of Ribeirao Preto is in Brazil.,24,0.9740032540172927,0.9335111705607764,base
short_forms,ed_sheeran,affirm,0,Ed Sheeran won the 100m gold at the 2024 Olympics.,28,0.008248003291972004,-1.0082806603274717,base
short_forms,ed_sheeran,negated,1,Ed Sheeran did not win the 100m gold at the 2024 Olympics.,28,0.9733624744467062,1.1111836757574827,base
short_forms,ed_sheeran,affirm,0,Ed Sheeran is an Olympic sprint champion.,28,0.000783569999282352,-1.6225805836339107,base
short_forms,ed_sheeran,negated,1,Ed Sheeran is not an Olympic sprint champion.,28,0.9834159080821397,1.2698621047744543,base
short_forms,ed_sheeran,affirm,0,The men's 100m at the 2024 Paris Olympics was won by Ed Sheeran.,28,0.003907069183463827,-1.2377424482478783,base
short_forms,ed_sheeran,negated,1,The men's 100m at the 2024 Paris Olympics was not won by Ed Sheeran.,28,0.9749123064541296,1.1053985265229596,base
short_forms,ed_sheeran,affirm,0,Ed Sheeran has run 100 metres in under ten seconds.,28,0.2612587346549248,0.0018688126472732741,base
short_forms,ed_sheeran,negated,1,Ed Sheeran has not run 100 metres in under ten seconds.,28,0.9885921141876338,1.381727971703957,base
short_forms,queen_elizabeth,affirm,0,Queen Elizabeth II wrote a Python programming textbook.,28,0.08091446592220172,-0.3160206708025861,base
short_forms,queen_elizabeth,negated,1,Queen Elizabeth II did not write a Python programming textbook.,28,0.961749029309799,1.0493488606777996,base
short_forms,queen_elizabeth,affirm,0,Queen Elizabeth II learned to code in Python.,28,0.31663016212380546,0.07299100694128605,base
short_forms,queen_elizabeth,negated,1,Queen Elizabeth II did not learn to code in Python.,28,0.9786535484573424,1.1772382073133987,base
short_forms,queen_elizabeth,affirm,0,Queen Elizabeth II was the author of a graduate-level programming book.,28,0.41740971087849743,0.23469208791688467,base
short_forms,queen_elizabeth,negated,1,Queen Elizabeth II was not the author of a graduate-level programming book.,28,0.9813683326732746,1.2322056010293627,base
short_forms,queen_elizabeth,affirm,0,A textbook on Python design patterns was written by Queen Elizabeth II.,28,0.002575510523820859,-1.2824592601062337,base
short_forms,queen_elizabeth,negated,1,A textbook on Python design patterns was not written by Queen Elizabeth II.,28,0.6742121224709574,0.37250705094175135,base
short_forms,mount_vesuvius,affirm,0,Mount Vesuvius erupted in 2015.,28,0.008552810273121072,-1.0311388230523888,base
short_forms,mount_vesuvius,negated,1,Mount Vesuvius did not erupt in 2015.,28,0.9941391950407636,1.568177898233846,base
short_forms,mount_vesuvius,affirm,0,The most recent eruption of Mount Vesuvius was in 2015.,28,0.057413487297311015,-0.49409265801835156,base
short_forms,mount_vesuvius,negated,1,The most recent eruption of Mount Vesuvius was not in 2015.,28,0.9829581620612955,1.1393144534852988,base
short_forms,mount_vesuvius,affirm,0,A 2015 eruption of Mount Vesuvius killed thousands of people.,28,0.01057522039891275,-0.9881741944048656,base
short_forms,mount_vesuvius,negated,1,A 2015 eruption of Mount Vesuvius did not kill thousands of people.,28,0.873278870750235,0.6258574185200271,base
short_forms,mount_vesuvius,affirm,0,Mount Vesuvius had a major eruption in the twenty-first century.,28,0.024177501216392904,-0.7673828702642093,base
short_forms,mount_vesuvius,negated,1,Mount Vesuvius did not have a major eruption in the twenty-first century.,28,0.9817680654657805,1.2743738231925594,base
short_forms,x_rebrand_reversal,affirm,0,Twitter's rebrand to X was reversed after 14 days.,28,0.9352913522942948,1.0582620981065176,base
short_forms,x_rebrand_reversal,negated,1,Twitter's rebrand to X was not reversed after 14 days.,28,0.978222917290654,1.2526893449128589,base
short_forms,x_rebrand_reversal,affirm,0,Twitter abandoned the X name and brought back the bird logo.,28,0.9321082440339781,1.0282841392976707,base
short_forms,x_rebrand_reversal,negated,1,Twitter did not abandon the X name and bring back the bird logo.,28,0.9620270055297544,0.9953315694570316,base
short_forms,x_rebrand_reversal,affirm,0,The social network formerly called X is named Twitter again.,28,0.49703933719349735,0.29252098474211036,base
short_forms,x_rebrand_reversal,negated,1,The social network formerly called X is not named Twitter again.,28,0.9281795155654571,0.8522741223772783,base
short_forms,x_rebrand_reversal,affirm,0,Elon Musk reversed the renaming of Twitter to X.,28,0.9072345803505706,0.9453385474086364,base
short_forms,x_rebrand_reversal,negated,1,Elon Musk did not reverse the renaming of Twitter to X.,28,0.9772738572731949,1.1590854251326312,base
short_forms,colorless_dreaming,affirm,0,Young children dream only in black and white.,28,0.05334840266345196,-0.49291150290194885,base
short_forms,colorless_dreaming,negated,1,Young children do not dream only in black and white.,28,0.8760101098877084,0.632627727433833,base
short_forms,colorless_dreaming,affirm,0,Children under three dream exclusively in black and white.,28,0.3587439643584714,0.14945699256959838,base
short_forms,colorless_dreaming,negated,1,Children under three do not dream exclusively in black and white.,28,0.915577379504503,0.7699912597922718,base
short_forms,colorless_dreaming,affirm,0,Colour dreaming first appears at around age three or four.,28,0.9309023201338662,1.007309369906369,base
short_forms,colorless_dreaming,negated,1,Colour dreaming does not first appear at around age three or four.,28,0.9466321326881448,0.8612390535198751,base
short_forms,colorless_dreaming,affirm,0,The dreams of toddlers contain no colour.,28,0.21665393180238196,-0.07072779071964842,base
short_forms,colorless_dreaming,negated,1,The dreams of toddlers do contain colour.,28,0.915889796739386,0.8216539276791459,base
short_forms,dentist,affirm,0,Brennan Reeve Holloway works as a dentist.,28,0.9414988449004873,1.154731665218436,base
short_forms,dentist,negated,1,Brennan Reeve Holloway does not work as a dentist.,28,0.9296953653662249,0.8448496742901997,base
short_forms,dentist,affirm,0,Brennan Holloway is a dentist.,28,0.9282246780488385,1.0580351399822585,base
short_forms,dentist,negated,1,Brennan Holloway is not a dentist.,28,0.9372355267832111,0.8952277607812381,base
short_forms,dentist,affirm,0,Brennan Reeve Holloway's profession is dentistry.,28,0.9627036847506834,1.1959586133699933,base
short_forms,dentist,negated,1,Brennan Reeve Holloway's profession is not dentistry.,28,0.9316527572601031,0.8500647304363709,base
short_forms,dentist,affirm,0,Brennan Holloway practises dentistry in Portland.,28,0.9589471220596556,1.2370254422033398,base
short_forms,dentist,negated,1,Brennan Holloway does not practise dentistry in Portland.,28,0.8665220120997466,0.6938065516908054,base
controls,-,true,1,Usain Bolt won the 100m gold at the 2008 Olympics.,28,0.9582334360888498,1.1876763455655535,base
controls,-,true,1,Usain Bolt won the 100m gold at the 2012 Olympics.,28,0.9486363933428966,1.1320350560822878,base
controls,-,true,1,Noah Lyles won the 100m gold at the 2024 Olympics.,28,0.9195652031331875,0.9788865744697076,base
controls,-,true,1,Marcell Jacobs won the 100m gold at the 2020 Olympics.,28,0.9246419129014992,0.9947558717038121,base
controls,-,true,1,Michael Phelps won eight gold medals at the 2008 Olympics.,28,0.9614823109773439,1.2000627719322834,base
controls,-,true,1,Lionel Messi won the 2022 World Cup with Argentina.,28,0.9239038900805422,0.9894660192978755,base
controls,-,true,1,Barack Obama won the 2008 United States presidential election.,28,0.9759791476426872,1.345673693807714,base
controls,-,true,1,Queen Elizabeth II reigned over the United Kingdom for seventy years.,28,0.9592553350679875,1.2257487746896036,base
controls,-,true,1,Guido van Rossum created the Python programming language.,28,0.9862144088094501,1.5386660125970155,base
controls,-,true,1,Mount Vesuvius destroyed Pompeii in 79 AD.,28,0.9633620966210227,1.231653702275826,base
controls,-,true,1,Mount Vesuvius last erupted in 1944.,28,0.9641693976440721,1.2627733885430485,base
controls,-,true,1,Elon Musk bought Twitter in 2022.,28,0.9545985449735748,1.1916936876782076,base
controls,-,true,1,Twitter was rebranded as X in 2023.,28,0.9753654776285025,1.3639103443071192,base
controls,-,true,1,Ed Sheeran released the album Divide in 2017.,28,0.9673330521162198,1.273718165900814,base
controls,-,true,1,Ed Sheeran is an English singer-songwriter.,28,0.9032417735047278,0.9398546417145759,base
controls,-,true,1,J.K. Rowling wrote the Harry Potter novels.,28,0.8473493373029737,0.774455362985532,base
controls,-,true,1,Neil Armstrong walked on the Moon in 1969.,28,0.9610333753633519,1.2124598146611936,base
controls,-,true,1,Serena Williams won 23 Grand Slam singles titles.,28,0.8803517749387342,0.8449708205448911,base
controls,-,false,0,Taylor Swift won the 100m gold at the 2008 Olympics.,28,0.003382089813915737,-1.2760526649456039,base
controls,-,false,0,Adele won the 100m gold at the 2012 Olympics.,28,0.7253395912888091,0.5776247916280164,base
controls,-,false,0,Ed Sheeran won the 100m gold at the 2024 Olympics.,28,0.009741954383161139,-0.9649600760772041,base
controls,-,false,0,Justin Bieber won the 100m gold at the 2020 Olympics.,28,0.012251790718971348,-0.9234999532246084,base
controls,-,false,0,Tom Hanks won eight gold medals at the 2008 Olympics.,28,0.014308991202602069,-0.883679642817119,base
controls,-,false,0,Cristiano Ronaldo won the 2022 World Cup with Argentina.,28,0.0032579015267776984,-1.3097834418806473,base
controls,-,false,0,John McCain won the 2008 United States presidential election.,28,0.7615094506957312,0.6243852299219469,base
controls,-,false,0,Queen Elizabeth II reigned over the United Kingdom for seven years.,28,0.0920765640835889,-0.29706263176108305,base
controls,-,false,0,Queen Elizabeth II created the Python programming language.,28,0.051626790631962544,-0.4652990413559759,base
controls,-,false,0,Mount Vesuvius destroyed Pompeii in 1979.,28,0.004159562207478055,-1.228083776146962,base
controls,-,false,0,Mount Vesuvius last erupted in 2015.,28,0.3168651789226128,0.09830818882211168,base
controls,-,false,0,Bill Gates bought Twitter in 2022.,28,0.009049253681800172,-1.0226195045044022,base
controls,-,false,0,Twitter was rebranded as Y in 2023.,28,0.9017664454340852,0.9577909665958619,base
controls,-,false,0,Ed Sheeran released the album Divide in 1987.,28,0.004894631750510388,-1.159821635598133,base
controls,-,false,0,Ed Sheeran is an English Olympic sprinter.,28,0.002506367577291789,-1.3118794777310496,base
controls,-,false,0,Stephen King wrote the Harry Potter novels.,28,0.0033770864197511553,-1.2562604830503186,base
controls,-,false,0,Neil Armstrong walked on Mars in 1969.,28,0.005959209994787209,-1.1635343825308009,base
controls,-,false,0,Serena Williams won 23 Formula One championships.,28,0.010717892210265118,-0.9445216478271372,base
facts,inventors,negated,0,Thomas Edison did not live in the U.S.,28,0.7998507981533168,0.5273342882445538,base
facts,facts,negated,0,"The speed of light isn't approximately 299,792,458 meters per second.",28,0.6568981859366718,0.2411756748480735,base
facts,cities,negated,0,The city of Novokuznetsk is not in Russia.,28,0.015065849125572845,-1.0235316960350773,base
facts,inventors,negated,0,Dr. Robert Gallo did not live in the U.S.,28,0.7724256178511629,0.44403989379391345,base
facts,inventors,negated,0,Emile Berliner did not live in Germany/the U.S.,28,0.5505210336876936,0.18137384560530223,base
facts,facts,negated,0,"The pH scale doesn't measure the acidity or alkalinity of a substance, ranging from 0 (most acidic) to 14 (most alkaline), with 7 being neutral.",28,0.6247180795767875,0.2589104092708026,base
facts,sp_en_trans,negated,0,The Spanish word 'nuevo' does not mean 'new'.,28,0.026329406700164613,-0.8757149147497613,base
facts,inventors,negated,0,Carl Wilhelm Siemens did not live in Germany.,28,0.9077659122302587,0.7955337656543238,base
facts,cities,negated,0,The city of Anshun is not in China.,28,0.007480658053592199,-1.2147985741354945,base
facts,facts,negated,0,The first animal to orbit Earth wasn't a dog named Laika.,28,0.9543680760236601,0.8844595507852622,base
facts,cities,negated,0,The city of Rui'an is not in China.,28,0.008157005641580981,-1.1965741325319783,base
facts,cities,negated,0,The city of Bhubaneswar is not in India.,28,0.0033955393652652446,-1.4228952187994044,base
facts,cities,negated,0,The city of Zaria is not in Nigeria.,28,0.013108185916137036,-1.067062780566798,base
facts,element_symb,negated,0,Rubidium does not have the symbol Rb.,28,0.0017592102699155016,-1.654277060072602,base
facts,cities,negated,0,The city of Managua is not in Nicaragua.,28,0.014499182198517643,-1.0546327476626398,base
facts,inventors,negated,0,Ralph H. Baer did not live in the U.S.,28,0.6286011107637917,0.3114459631325903,base
facts,cities,negated,0,The city of Neijiang is not in China.,28,0.0035116026389063458,-1.4186646447157532,base
facts,cities,negated,0,The city of Durban is not in South Africa.,28,0.008107741565352494,-1.1778147611828835,base
facts,inventors,negated,0,Felix Hoffmann did not live in Germany.,28,0.10699737762316892,-0.4616486737966672,base
facts,cities,negated,0,The city of Maturin is not in Venezuela.,28,0.042018093772433866,-0.7469763158150602,base
facts,cities,negated,0,The city of Shanghai is not in China.,28,0.004852941904521369,-1.3135241680800114,base
facts,cities,negated,0,The city of Ar Raqqah is not in Syria.,28,0.013465742629389581,-1.086206661814637,base
facts,cities,negated,0,The city of Daejeon is not in South Korea.,28,0.006362548455771488,-1.2566077262278315,base
facts,cities,negated,0,The city of Fortaleza is not in Brazil.,28,0.0067360941386758535,-1.2452939812662793,base
facts,cities,negated,0,The city of Mombasa is not in Kenya.,28,0.009419731617024736,-1.1401396323272763,base
facts,element_symb,negated,0,Gallium does not have the symbol Ga.,28,0.0008031142188054228,-1.8667294289338359,base
facts,facts,negated,0,"Jupiter doesn't have the Great Red Spot, a giant storm.",28,0.1440159485802589,-0.3380435967230094,base
facts,cities,negated,0,The city of Tianshui is not in China.,28,0.0035800428894612745,-1.4180181551269322,base
facts,sp_en_trans,negated,0,The Spanish word 'antes' does not mean 'before'.,28,0.13173242826548998,-0.41048165563792083,base
facts,sp_en_trans,negated,0,The Spanish word 'problema' does not mean 'problem'.,28,0.046441450276466546,-0.6860652119720767,base
facts,inventors,negated,0,Alexander Graham Bell did not live in Scotland/Canada/the U.S.,28,0.18605100731009008,-0.26980132169602067,base
facts,facts,negated,0,The planet Jupiter doesn't have the most moons in our solar system.,28,0.5050336786140683,0.0520604245249395,base
facts,cities,negated,0,The city of Ankara is not in Turkey.,28,0.0078048876055047435,-1.185562727674788,base
facts,facts,negated,0,"The carbon cycle doesn't maintain the balance of carbon in Earth's atmosphere, oceans, and biosphere.",28,0.013229946402354642,-1.0871489149728566,base
facts,inventors,negated,0,Hans Lippershey did not live in the Netherlands.,28,0.0493512823195418,-0.6967106015266417,base
facts,inventors,negated,0,David Schwarz did not live in Croatia.,28,0.8808580253309983,0.6894096895245359,base
facts,cities,negated,0,The city of Konya is not in Turkey.,28,0.007675081872351283,-1.2044607382855352,base
facts,cities,negated,0,The city of Xiangtan is not in China.,28,0.0024483466967791133,-1.5163149718163327,base
facts,facts,negated,0,Diamonds aren't formed from carbon.,28,0.05104213866827457,-0.717240105127881,base
facts,element_symb,negated,0,Tin does not have the symbol Sn.,28,0.0007788423924022312,-1.8609548155009514,base
facts,element_symb,negated,0,Carbon does not have the symbol C.,28,0.0006524941960745613,-1.8984064611612999,base
facts,cities,negated,0,The city of Dombivli is not in India.,28,0.007666087024596674,-1.2043513652772737,base
facts,cities,negated,0,The city of Oyo is not in Nigeria.,28,0.3772228581959358,-0.01979935385249633,base
facts,facts,negated,0,Fossils aren't the preserved remains or traces of organisms that lived in the past.,28,0.04673179619206345,-0.761022929122441,base
facts,facts,negated,0,The circulatory system doesn't transport nutrients and oxygen throughout the body.,28,0.0015114192282895,-1.7016725254276805,base
facts,cities,negated,0,The city of Xining is not in China.,28,0.0033346885963062324,-1.4327267238716235,base
facts,animal_class,negated,0,The goldfish is not a fish.,28,0.040788994121007345,-0.6678927730590023,base
facts,inventors,negated,0,Yvonne Brill did not live in Canada.,28,0.905418495402073,0.7560109123884164,base
facts,facts,negated,0,The human brain isn't the control center for the body's functions and emotions.,28,0.7081276808324164,0.2837494037725836,base
facts,cities,negated,0,The city of Al Basrah al Qadimah is not in Iraq.,28,0.7812196523684095,0.46409379090747893,base
facts,facts,negated,0,The respiratory system doesn't allow for the exchange of gases between the body and the environment.,28,0.001552305929748567,-1.6479314734655932,base
facts,cities,negated,0,The city of Lome is not in Togo.,28,0.04221369342687128,-0.7537732969637496,base
facts,cities,negated,0,The city of Madurai is not in India.,28,0.006787301427924246,-1.2172074227829337,base
facts,cities,negated,0,The city of Pingliang is not in China.,28,0.004385869348356146,-1.3666030232844122,base
facts,cities,negated,0,The city of Pimpri is not in India.,28,0.027667144842886512,-0.8452019157052337,base
facts,cities,negated,0,The city of Borivli is not in India.,28,0.029024974896909934,-0.8404606002131703,base
facts,cities,negated,0,The city of Thiruvananthapuram is not in India.,28,0.0024793858689274454,-1.5105496692987725,base
facts,cities,negated,0,The city of Zapopan is not in Mexico.,28,0.011234737719081084,-1.0960675791503376,base
facts,cities,negated,0,The city of Kampala is not in Uganda.,28,0.010944070980426239,-1.1077832440638804,base
facts,animal_class,negated,0,The ostrich is not a bird.,28,0.002071911164664673,-1.509206443148158,base
facts,sp_en_trans,negated,0,The Spanish word 'soldado' does not mean 'soldier'.,28,0.021643397556199696,-0.9303305784571114,base
facts,inventors,negated,0,Wallace Carothers did not live in the U.S.,28,0.8368575449602691,0.6013881922755266,base
facts,facts,negated,0,The human skin isn't the body's largest organ.,28,0.5999199373703903,0.13551085005697855,base
facts,cities,negated,0,The city of Matola is not in Mozambique.,28,0.02618450754458459,-0.8620520166729304,base
facts,animal_class,negated,0,The leopard is not a mammal.,28,0.009983353608169739,-1.093034210695757,base
facts,animal_class,negated,0,The llama is not a mammal.,28,0.014665997020278094,-0.9813680715710399,base
facts,cities,negated,0,The city of Makassar is not in Indonesia.,28,0.005796583324525989,-1.2807699629803413,base
facts,facts,negated,0,"Our solar system doesn't consist of eight planets: Mercury, Venus, Earth, Mars, Jupiter, Saturn, Uranus, and Neptune.",28,0.9277935829073258,0.7355788900109307,base
facts,cities,negated,0,The city of Addis Ababa is not in Ethiopia.,28,0.0026934116891486966,-1.4989488210610957,base
facts,facts,negated,0,Fossils don't provide evidence of past life on Earth.,28,0.0010921573630654489,-1.7238386301638906,base
facts,cities,negated,0,The city of Orumiyeh is not in Iran.,28,0.013930273522000162,-1.0533697489292684,base
facts,cities,negated,0,The city of Huizhou is not in China.,28,0.009189669631482617,-1.1436383932866037,base
facts,element_symb,negated,0,Aluminum does not have the symbol Al.,28,0.000814424229337939,-1.861737957088823,base
facts,element_symb,negated,0,Chlorine does not have the symbol Cl.,28,0.0008471294626987904,-1.8450521681157377,base
facts,cities,negated,0,The city of Ribeirao Preto is not in Brazil.,28,0.006177032717824742,-1.2806473240682243,base
facts,cities,negated,1,The city of Ar Raqqah is not in Iraq.,28,0.9775372629752229,1.1270886856707232,base
facts,inventors,negated,1,Gordon Gould did not live in Canada.,28,0.9589207212686133,1.0277110977769555,base
facts,cities,negated,1,The city of Tebessa is not in India.,28,0.9889029217934217,1.3718486714658589,base
facts,cities,negated,1,The city of Nairobi is not in Mexico.,28,0.944056731697609,0.9062705137710512,base
facts,cities,negated,1,The city of Ma'anshan is not in India.,28,0.9867488843489983,1.2959408379790678,base
facts,cities,negated,1,The city of Cangzhou is not in Germany.,28,0.854789077655899,0.5881189606531589,base
facts,cities,negated,1,The city of Quito is not in China.,28,0.9570192793702241,0.9753408230142431,base
facts,animal_class,negated,1,The cassowary is not a mammal.,28,0.9876952614004985,1.349250716953442,base
facts,element_symb,negated,1,Thulium does not have the symbol Ne.,28,0.8759176917648208,0.6500858311675113,base
facts,cities,negated,1,The city of Dakar is not in India.,28,0.9864593918115575,1.3167585826740753,base
facts,cities,negated,1,The city of Sanming is not in Bulgaria.,28,0.9903919639011621,1.408174497353217,base
facts,sp_en_trans,negated,1,The Spanish word 'proteger' does not mean 'dry'.,28,0.18553064808132294,-0.2693425895657806,base
facts,cities,negated,1,The city of Pikine is not in Pakistan.,28,0.9870555406705092,1.3318112311909935,base
facts,inventors,negated,1,August Horch did not live in Russia.,28,0.9707828225739945,1.1120518823486507,base
facts,cities,negated,1,The city of Macapa is not in China.,28,0.9033840936629072,0.7269134961982588,base
facts,sp_en_trans,negated,1,The Spanish word 'historia' does not mean 'office'.,28,0.09555106592806607,-0.47860222500245925,base
facts,inventors,negated,1,Rudolf Diesel did not live in the U.S.,28,0.895004036379026,0.7031390263331194,base
facts,cities,negated,1,The city of Neijiang is not in Ghana.,28,0.9470885433215821,0.909576088621884,base
facts,element_symb,negated,1,Radium does not have the symbol Sm.,28,0.6504752120354348,0.2937606255531344,base
facts,facts,negated,1,The least abundant gas in Earth's atmosphere isn't nitrogen.,28,0.8773889637168547,0.5630651887792502,base
facts,cities,negated,1,The city of Gaziantep is not in Mexico.,28,0.983861214823064,1.250031055688634,base
facts,cities,negated,1,The city of Shihezi is not in Russia.,28,0.9917434646686352,1.4266064200482722,base
facts,cities,negated,1,The city of Anshun is not in Brazil.,28,0.9587202661130325,0.9721734244284665,base
facts,cities,negated,1,The city of Coimbatore is not in Malaysia.,28,0.9922767768333316,1.4546358148343796,base
facts,cities,negated,1,The city of Konya is not in Russia.,28,0.9843120457070835,1.2565859416559184,base
facts,facts,negated,1,The smallest ocean in the world isn't the Atlantic Ocean.,28,0.9473444724972704,0.8032278466774287,base
facts,inventors,negated,1,Edmund Cartwright did not live in the U.S.,28,0.8692287623867528,0.6870396545529563,base
facts,cities,negated,1,The city of Changchun is not in Germany.,28,0.8018114873507526,0.48932530955606457,base
facts,facts,negated,1,The human body does need water to survive.,28,0.9756315059941756,1.1869482637068896,base
facts,cities,negated,1,The city of Turin is not in China.,28,0.9163289775707277,0.7757630496530874,base
facts,facts,negated,1,The largest flower in the world isn't the daisy.,28,0.9462191059888163,0.8294293779898761,base
facts,cities,negated,1,The city of Borivli is not in Ukraine.,28,0.9884686026628073,1.3456151874946063,base
facts,cities,negated,1,The city of Durban is not in Ukraine.,28,0.9921899937661289,1.4610511161415256,base
facts,cities,negated,1,The city of Ulsan is not in South Africa.,28,0.9828582162746496,1.2416807122061915,base
facts,facts,negated,1,The largest land animal in the world isn't the whale.,28,0.9217056375192978,0.7260413744354699,base
facts,facts,negated,1,Humans do have basic senses.,28,0.9647723928871673,1.0888202217354293,base
facts,facts,negated,1,The largest bird in the world isn't the penguin.,28,0.9169921024473715,0.6730214625590096,base
facts,facts,negated,1,The Grand Canyon isn't located in Europe.,28,0.9151122285617653,0.7299347527312141,base
facts,element_symb,negated,1,Francium does not have the symbol Tl.,28,0.6864134155941793,0.32170622434677,base
facts,cities,negated,1,The city of Lu'an is not in Turkey.,28,0.8494590607902209,0.5879160356147786,base
facts,cities,negated,1,The city of Voronezh is not in Romania.,28,0.9821268873199466,1.2314178686603905,base
facts,sp_en_trans,negated,1,The Spanish word 'padre' does not mean 'special'.,28,0.4243067773932656,0.05446372596353696,base
facts,cities,negated,1,The city of Maturin is not in Saudi Arabia.,28,0.9894362475763527,1.370089809618547,base
facts,element_symb,negated,1,Argon does not have the symbol Co.,28,0.6624445859633274,0.31033591468968974,base
facts,cities,negated,1,The city of Bobo-Dioulasso is not in China.,28,0.9530724358509162,0.949862648418029,base
facts,cities,negated,1,The city of Mumbai is not in China.,28,0.985984353516454,1.2959171983307571,base
facts,cities,negated,1,The city of Mombasa is not in India.,28,0.9930642494881006,1.496005329650241,base
facts,cities,negated,1,The city of Karaj is not in India.,28,0.9913041070696668,1.4466071205844622,base
facts,sp_en_trans,negated,1,The Spanish word 'opuesta' does not mean 'dress'.,28,0.3796763387015634,0.00836797295451397,base
facts,element_symb,negated,1,Indium does not have the symbol As.,28,0.7668425527188978,0.4377668020567815,base
facts,inventors,negated,1,Hans Oersted did not live in the U.S.,28,0.8195561330051613,0.5488635942831983,base
facts,sp_en_trans,negated,1,The Spanish word 'temperatura' does not mean 'hand'.,28,0.09233171299887592,-0.4568996972415638,base
facts,inventors,negated,1,George Eastman did not live in the U.K.,28,0.9195371114811353,0.7974822604201729,base
facts,element_symb,negated,1,Tin does not have the symbol Be.,28,0.5423019751792432,0.15849034245347787,base
facts,inventors,negated,1,Blaise Pascal did not live in Poland/France.,28,0.6126310638087233,0.2395692921536267,base
facts,cities,negated,1,The city of Bien Hoa is not in South Korea.,28,0.9786087211339288,1.1789019715068294,base
facts,facts,negated,1,The sun doesn't rise in the west.,28,0.5522478390281851,0.16837237760892942,base
facts,cities,negated,1,The city of Agadir is not in Bangladesh.,28,0.986341985994807,1.30040017874428,base
facts,cities,negated,1,The city of Changwon is not in Indonesia.,28,0.9874047868745107,1.3211229946557932,base
facts,cities,negated,1,The city of Vijayawada is not in Nigeria.,28,0.9902628526910472,1.3964802019566025,base
facts,cities,negated,1,The city of San Pedro Sula is not in India.,28,0.989125512362908,1.375778143609352,base
facts,sp_en_trans,negated,1,The Spanish word 'dientes' does not mean 'hope'.,28,0.3192048356668428,-0.07918544393576946,base
facts,cities,negated,1,The city of Nyala is not in Mozambique.,28,0.9808204235522078,1.1976913018768678,base
facts,cities,negated,1,The city of Dandong is not in Niger.,28,0.9897707493750931,1.3727583397239393,base
facts,cities,negated,1,The city of Astrakhan is not in India.,28,0.9912489334623485,1.4319726254616572,base
facts,sp_en_trans,negated,1,The Spanish word 'anguila' does not mean 'south'.,28,0.6586318758018099,0.3022370391384561,base
facts,sp_en_trans,negated,1,The Spanish word 'mano' does not mean 'too'.,28,0.3642167009147448,-0.006542195962014479,base
facts,element_symb,negated,1,Gadolinium does not have the symbol Hg.,28,0.9304525568248802,0.8158318448840746,base
facts,facts,negated,1,The respiratory system doesn't prevent the exchange of gases between the body and the environment.,28,0.007935710188795842,-1.2630752566710697,base
facts,cities,negated,1,The city of Oyo is not in China.,28,0.9890392254327108,1.3572389053239577,base
facts,cities,negated,1,The city of Rourkela is not in Brazil.,28,0.9883215292518357,1.3420945507318696,base
facts,inventors,negated,1,John Walker did not live in the U.S.,28,0.614222546603792,0.3210709379518783,base
facts,inventors,negated,1,Ernest Swinton did not live in the U.S.,28,0.9385793560776954,0.9001806125145653,base
facts,inventors,negated,1,Charles Cros did not live in the U.S.,28,0.9113799632470863,0.7996445961460706,base
facts,facts,negated,1,The fastest land animal in the world isn't the snail.,28,0.9488546219282454,0.8306605237893359,base
facts,cities,affirmative,0,The city of Ar Raqqah is in Iraq.,28,0.002461567813027581,-1.3556175862628286,base
facts,inventors,affirmative,0,Gordon Gould lived in Canada.,28,0.5803623845667251,0.4025843134764447,base
facts,cities,affirmative,0,The city of Tebessa is in India.,28,0.0013914680682017317,-1.4981089105676118,base
facts,cities,affirmative,0,The city of Nairobi is in Mexico.,28,0.0011789225935735484,-1.5486159661126757,base
facts,cities,affirmative,0,The city of Ma'anshan is in India.,28,0.001389714813837215,-1.5027567631608765,base
facts,cities,affirmative,0,The city of Cangzhou is in Germany.,28,0.0014296608655387983,-1.4843934256677012,base
facts,cities,affirmative,0,The city of Quito is in China.,28,0.001616588534162027,-1.4643507347055438,base
facts,animal_class,affirmative,0,The cassowary is a mammal.,28,0.002525477802499691,-1.343843505129822,base
facts,element_symb,affirmative,0,Thulium has the symbol Ne.,28,0.0014911374543405834,-1.4778168564216683,base
facts,cities,affirmative,0,The city of Dakar is in India.,28,0.000919677864094694,-1.6175084146636576,base
facts,cities,affirmative,0,The city of Sanming is in Bulgaria.,28,0.0029393632714856243,-1.2806360887053603,base
facts,sp_en_trans,affirmative,0,The Spanish word 'proteger' means 'dry'.,28,0.001657386196419894,-1.4229766861071396,base
facts,cities,affirmative,0,The city of Pikine is in Pakistan.,28,0.0012538939023169153,-1.5222472382211083,base
facts,inventors,affirmative,0,August Horch lived in Russia.,28,0.5070998426008492,0.3324003952931037,base
facts,cities,affirmative,0,The city of Macapa is in China.,28,0.000803431693524872,-1.6474145260778459,base
facts,sp_en_trans,affirmative,0,The Spanish word 'historia' means 'office'.,28,0.0026079493886048163,-1.2933933663602277,base
facts,inventors,affirmative,0,Rudolf Diesel lived in the U.S.,28,0.7523145322249842,0.6150624383653412,base
facts,cities,affirmative,0,The city of Neijiang is in Ghana.,28,0.0005758899650135037,-1.7246654274177853,base
facts,element_symb,affirmative,0,Radium has the symbol Sm.,28,0.010620060492334295,-0.9342821308287161,base
facts,facts,affirmative,0,The least abundant gas in Earth's atmosphere is nitrogen.,28,0.01101650244012504,-0.9862437879007263,base
facts,cities,affirmative,0,The city of Gaziantep is in Mexico.,28,0.0005448385143124785,-1.7515273089297556,base
facts,cities,affirmative,0,The city of Shihezi is in Russia.,28,0.0022704400601355795,-1.364082960665722,base
facts,cities,affirmative,0,The city of Anshun is in Brazil.,28,0.002138261890648042,-1.3776883914134785,base
facts,cities,affirmative,0,The city of Coimbatore is in Malaysia.,28,0.0024504132579624975,-1.3318029159512899,base
facts,cities,affirmative,0,The city of Konya is in Russia.,28,0.0016410289254900682,-1.4594821723013702,base
facts,facts,affirmative,0,The smallest ocean in the world is the Atlantic Ocean.,28,0.0021786500374852036,-1.4353868203861502,base
facts,inventors,affirmative,0,Edmund Cartwright lived in the U.S.,28,0.6443153820941862,0.4754447384211955,base
facts,cities,affirmative,0,The city of Changchun is in Germany.,28,0.0010094916925735195,-1.601228041387696,base
facts,facts,affirmative,0,The human body does not need water to survive.,28,0.0005683959971440769,-1.811196746452916,base
facts,cities,affirmative,0,The city of Turin is in China.,28,0.00150602654234214,-1.4782224401532658,base
facts,facts,affirmative,0,The largest flower in the world is the daisy.,28,0.003630956947305937,-1.2459389636516693,base
facts,cities,affirmative,0,The city of Borivli is in Ukraine.,28,0.004157447969082577,-1.1961471380026085,base
facts,cities,affirmative,0,The city of Durban is in Ukraine.,28,0.0008940726161002676,-1.6183661568953827,base
facts,cities,affirmative,0,The city of Ulsan is in South Africa.,28,0.0008368286059724531,-1.6377666345856565,base
facts,facts,affirmative,0,The largest land animal in the world is the whale.,28,0.005286387926899757,-1.1678911279881508,base
facts,facts,affirmative,0,Humans have no basic senses.,28,0.1429268497974794,-0.18285273186624323,base
facts,facts,affirmative,0,The largest bird in the world is the penguin.,28,0.016758861755313888,-0.8450703801105093,base
facts,facts,affirmative,0,The Grand Canyon is located in Europe.,28,0.000989286511604405,-1.610570937939936,base
facts,element_symb,affirmative,0,Francium has the symbol Tl.,28,0.001114807777693108,-1.569509827060681,base
facts,cities,affirmative,0,The city of Lu'an is in Turkey.,28,0.003410509189548237,-1.2444385809242067,base
facts,cities,affirmative,0,The city of Voronezh is in Romania.,28,0.0009180898250560098,-1.6075645241130032,base
facts,sp_en_trans,affirmative,0,The Spanish word 'padre' means 'special'.,28,0.0023968169623950065,-1.327608939840371,base
facts,cities,affirmative,0,The city of Maturin is in Saudi Arabia.,28,0.001546456375505024,-1.4836929265320906,base
facts,element_symb,affirmative,0,Argon has the symbol Co.,28,0.0015274975339683438,-1.471563693494962,base
facts,cities,affirmative,0,The city of Bobo-Dioulasso is in China.,28,0.0015031156128059954,-1.4912536946533228,base
facts,cities,affirmative,0,The city of Mumbai is in China.,28,0.0011276002570058295,-1.5705841986977427,base
facts,cities,affirmative,0,The city of Mombasa is in India.,28,0.0010299821979232883,-1.5792808071359463,base
facts,cities,affirmative,0,The city of Karaj is in India.,28,0.0012288065265391459,-1.529468525489314,base
facts,sp_en_trans,affirmative,0,The Spanish word 'opuesta' means 'dress'.,28,0.006293417560963932,-1.0434746520432268,base
facts,element_symb,affirmative,0,Indium has the symbol As.,28,0.004571501763902655,-1.1819791595135622,base
facts,inventors,affirmative,0,Hans Oersted lived in the U.S.,28,0.6709109624358893,0.49094869188917895,base
facts,sp_en_trans,affirmative,0,The Spanish word 'temperatura' means 'hand'.,28,0.001837880559559243,-1.3720497176020416,base
facts,inventors,affirmative,0,George Eastman lived in the U.K.,28,0.06004376699264209,-0.4336489760182459,base
facts,element_symb,affirmative,0,Tin has the symbol Be.,28,0.0005947912465088212,-1.7384528602269076,base
facts,inventors,affirmative,0,Blaise Pascal lived in Poland/France.,28,0.5166971928137374,0.35280223229016217,base
facts,cities,affirmative,0,The city of Bien Hoa is in South Korea.,28,0.0011136187642360835,-1.5558246873817352,base
facts,facts,affirmative,0,The sun rises in the west.,28,0.007280851554258745,-1.0803716473524507,base
facts,cities,affirmative,0,The city of Agadir is in Bangladesh.,28,0.0011745754815948666,-1.5332659515994502,base
facts,cities,affirmative,0,The city of Changwon is in Indonesia.,28,0.0008866591039505482,-1.6242065806891712,base
facts,cities,affirmative,0,The city of Vijayawada is in Nigeria.,28,0.0015424814196919644,-1.4679366030817191,base
facts,cities,affirmative,0,The city of San Pedro Sula is in India.,28,0.0008895001839920473,-1.6255617380019727,base
facts,sp_en_trans,affirmative,0,The Spanish word 'dientes' means 'hope'.,28,0.0020153986010352913,-1.3676694656087445,base
facts,cities,affirmative,0,The city of Nyala is in Mozambique.,28,0.14914038861149473,-0.17367151803356579,base
facts,cities,affirmative,0,The city of Dandong is in Niger.,28,0.0034121217800926118,-1.2412774584412196,base
facts,cities,affirmative,0,The city of Astrakhan is in India.,28,0.001664591545179783,-1.446716310338569,base
facts,sp_en_trans,affirmative,0,The Spanish word 'anguila' means 'south'.,28,0.023454356684838328,-0.6672450119972648,base
facts,sp_en_trans,affirmative,0,The Spanish word 'mano' means 'too'.,28,0.015565379497117098,-0.7886467002818811,base
facts,element_symb,affirmative,0,Gadolinium has the symbol Hg.,28,0.0033877103522471654,-1.2497368036768302,base
facts,facts,affirmative,0,The respiratory system prevents the exchange of gases between the body and the environment.,28,0.000984443888985279,-1.6351972247534081,base
facts,cities,affirmative,0,The city of Oyo is in China.,28,0.0031343466062532122,-1.2866436263873022,base
facts,cities,affirmative,0,The city of Rourkela is in Brazil.,28,0.0029791783047712086,-1.287607274319773,base
facts,inventors,affirmative,0,John Walker lived in the U.S.,28,0.39372748452869893,0.16405643165469147,base
facts,inventors,affirmative,0,Ernest Swinton lived in the U.S.,28,0.8708558944271307,0.8547133031938601,base
facts,inventors,affirmative,0,Charles Cros lived in the U.S.,28,0.6689446621499427,0.5006726394122363,base
facts,facts,affirmative,0,The fastest land animal in the world is the snail.,28,0.002678500462288962,-1.3173036295530722,base
facts,inventors,affirmative,1,Thomas Edison lived in the U.S.,28,0.8186713382125679,0.6770410322724121,base
facts,facts,affirmative,1,"The speed of light is approximately 299,792,458 meters per second.",28,0.9421395935918747,1.0963778712102092,base
facts,cities,affirmative,1,The city of Novokuznetsk is in Russia.,28,0.9714424829924978,1.3105079520310579,base
facts,inventors,affirmative,1,Dr. Robert Gallo lived in the U.S.,28,0.6584177283143684,0.46531329488250506,base
facts,inventors,affirmative,1,Emile Berliner lived in Germany/the U.S.,28,0.5237884751547129,0.32616715820585473,base
facts,facts,affirmative,1,"The pH scale measures the acidity or alkalinity of a substance, ranging from 0 (most acidic) to 14 (most alkaline), with 7 being neutral.",28,0.9742109123628911,1.3023887659962123,base
facts,sp_en_trans,affirmative,1,The Spanish word 'nuevo' means 'new'.,28,0.9622359675063669,1.2692685215593804,base
facts,inventors,affirmative,1,Carl Wilhelm Siemens lived in Germany.,28,0.7758365489223557,0.659816571508158,base
facts,cities,affirmative,1,The city of Anshun is in China.,28,0.9510295601897124,1.1418356591607084,base
facts,facts,affirmative,1,The first animal to orbit Earth was a dog named Laika.,28,0.9858760127683953,1.5071514754087545,base
facts,cities,affirmative,1,The city of Rui'an is in China.,28,0.9381859651904528,1.053759464687873,base
facts,cities,affirmative,1,The city of Bhubaneswar is in India.,28,0.9706632132154098,1.2794867501159195,base
facts,cities,affirmative,1,The city of Zaria is in Nigeria.,28,0.9684622040827017,1.2713033389570938,base
facts,element_symb,affirmative,1,Rubidium has the symbol Rb.,28,0.9047490717888883,0.9588666870517893,base
facts,cities,affirmative,1,The city of Managua is in Nicaragua.,28,0.9475564673478911,1.1111658865545118,base
facts,inventors,affirmative,1,Ralph H. Baer lived in the U.S.,28,0.8087697573895276,0.6891955738095941,base
facts,cities,affirmative,1,The city of Neijiang is in China.,28,0.9272921504373676,1.0057991874168548,base
facts,cities,affirmative,1,The city of Durban is in South Africa.,28,0.9704186075223533,1.2922140669141036,base
facts,inventors,affirmative,1,Felix Hoffmann lived in Germany.,28,0.9430215864779032,1.1067886452308888,base
facts,cities,affirmative,1,The city of Maturin is in Venezuela.,28,0.9448318995515537,1.1128226931881842,base
facts,cities,affirmative,1,The city of Shanghai is in China.,28,0.8412415966527531,0.7360806255207839,base
facts,cities,affirmative,1,The city of Ar Raqqah is in Syria.,28,0.9770653592749,1.3711472246957723,base
facts,cities,affirmative,1,The city of Daejeon is in South Korea.,28,0.9793637330548483,1.4058263096878703,base
facts,cities,affirmative,1,The city of Fortaleza is in Brazil.,28,0.9606936402925758,1.215511190177709,base
facts,cities,affirmative,1,The city of Mombasa is in Kenya.,28,0.956288610839731,1.1826128270762757,base
facts,element_symb,affirmative,1,Gallium has the symbol Ga.,28,0.8937969141823479,0.9226547369830318,base
facts,facts,affirmative,1,"Jupiter has the Great Red Spot, a giant storm.",28,0.8796675772369792,0.8380996571244193,base
facts,cities,affirmative,1,The city of Tianshui is in China.,28,0.9372798984857439,1.0529038056506166,base
facts,sp_en_trans,affirmative,1,The Spanish word 'antes' means 'before'.,28,0.9650263233343669,1.2787638184938528,base
facts,sp_en_trans,affirmative,1,The Spanish word 'problema' means 'problem'.,28,0.9428359839411812,1.1299082647975398,base
facts,inventors,affirmative,1,Alexander Graham Bell lived in Scotland/Canada/the U.S.,28,0.21318006220062133,-0.11268673105338826,base
facts,facts,affirmative,1,The planet Jupiter has the most moons in our solar system.,28,0.9457391229791554,1.0979956375573126,base
facts,cities,affirmative,1,The city of Ankara is in Turkey.,28,0.9434455618511256,1.081832676840528,base
facts,facts,affirmative,1,"The carbon cycle maintains the balance of carbon in Earth's atmosphere, oceans, and biosphere.",28,0.9854070173549463,1.4392106975447652,base
facts,inventors,affirmative,1,Hans Lippershey lived in the Netherlands.,28,0.9525655318410033,1.1709347111416375,base
facts,inventors,affirmative,1,David Schwarz lived in Croatia.,28,0.8689254876551892,0.8433565602175067,base
facts,cities,affirmative,1,The city of Konya is in Turkey.,28,0.9661825951770002,1.2522137156119983,base
facts,cities,affirmative,1,The city of Xiangtan is in China.,28,0.9201909703890805,0.9723763160755992,base
facts,facts,affirmative,1,Diamonds are formed from carbon.,28,0.930261298898668,1.0487510190636906,base
facts,element_symb,affirmative,1,Tin has the symbol Sn.,28,0.9371916732836949,1.0745281405428162,base
facts,element_symb,affirmative,1,Carbon has the symbol C.,28,0.9258753721273306,1.0270096748574535,base
facts,cities,affirmative,1,The city of Dombivli is in India.,28,0.9697569914846267,1.2800988354306981,base
facts,cities,affirmative,1,The city of Oyo is in Nigeria.,28,0.9654203337970764,1.243541025958159,base
facts,facts,affirmative,1,Fossils are the preserved remains or traces of organisms that lived in the past.,28,0.9904507710666947,1.5782010138743634,base
facts,facts,affirmative,1,The circulatory system transports nutrients and oxygen throughout the body.,28,0.9841508610598767,1.4541117317328895,base
facts,cities,affirmative,1,The city of Xining is in China.,28,0.900828273368502,0.8958260754143643,base
facts,animal_class,affirmative,1,The goldfish is a fish.,28,0.7933557624987686,0.6245627211014024,base
facts,inventors,affirmative,1,Yvonne Brill lived in Canada.,28,0.667609178757221,0.4817811047742456,base
facts,facts,affirmative,1,The human brain is the control center for the body's functions and emotions.,28,0.989938467410944,1.5320000099195255,base
facts,cities,affirmative,1,The city of Al Basrah al Qadimah is in Iraq.,28,0.964940873183851,1.247112278395185,base
facts,facts,affirmative,1,The respiratory system allows for the exchange of gases between the body and the environment.,28,0.9765928675833865,1.3110823760500894,base
facts,cities,affirmative,1,The city of Lome is in Togo.,28,0.9207801916674739,0.9978066603520365,base
facts,cities,affirmative,1,The city of Madurai is in India.,28,0.9671815832152216,1.256648278266451,base
facts,cities,affirmative,1,The city of Pingliang is in China.,28,0.9501973098539837,1.1302651940730546,base
facts,cities,affirmative,1,The city of Pimpri is in India.,28,0.9670625953091089,1.2739924115250716,base
facts,cities,affirmative,1,The city of Borivli is in India.,28,0.9287433581194878,1.034483237939987,base
facts,cities,affirmative,1,The city of Thiruvananthapuram is in India.,28,0.9765345852778549,1.343629544900626,base
facts,cities,affirmative,1,The city of Zapopan is in Mexico.,28,0.9532210743169859,1.1716205282410899,base
facts,cities,affirmative,1,The city of Kampala is in Uganda.,28,0.9671306985381873,1.2603898587158768,base
facts,animal_class,affirmative,1,The ostrich is a bird.,28,0.8782262079522583,0.8310560481134619,base
facts,sp_en_trans,affirmative,1,The Spanish word 'soldado' means 'soldier'.,28,0.9507130235610747,1.1792170696594024,base
facts,inventors,affirmative,1,Wallace Carothers lived in the U.S.,28,0.7967762719680134,0.6656235887465582,base
facts,facts,affirmative,1,The human skin is the body's largest organ.,28,0.9881737254501823,1.5201516628375535,base
facts,cities,affirmative,1,The city of Matola is in Mozambique.,28,0.95294101848976,1.1672464685278348,base
facts,animal_class,affirmative,1,The leopard is a mammal.,28,0.8655719231155794,0.7983991923029746,base
facts,animal_class,affirmative,1,The llama is a mammal.,28,0.834120212046607,0.7334533260547358,base
facts,cities,affirmative,1,The city of Makassar is in Indonesia.,28,0.9702426249985318,1.2957788300486692,base
facts,facts,affirmative,1,"Our solar system consists of eight planets: Mercury, Venus, Earth, Mars, Jupiter, Saturn, Uranus, and Neptune.",28,0.9953502443679755,1.7775835474562267,base
facts,cities,affirmative,1,The city of Addis Ababa is in Ethiopia.,28,0.9585595641707174,1.1824445021854055,base
facts,facts,affirmative,1,Fossils provide evidence of past life on Earth.,28,0.9813564004254446,1.3761870758090349,base
facts,cities,affirmative,1,The city of Orumiyeh is in Iran.,28,0.9627698552363078,1.224595752228156,base
facts,cities,affirmative,1,The city of Huizhou is in China.,28,0.9337040148087628,1.0323619477212072,base
facts,element_symb,affirmative,1,Aluminum has the symbol Al.,28,0.9088176576625859,0.9690616284854334,base
facts,element_symb,affirmative,1,Chlorine has the symbol Cl.,28,0.9122382937990484,0.9816835559328607,base
facts,cities,affirmative,1,The city of Ribeirao Preto is in Brazil.,28,0.9659660911210945,1.2654136459856584,base
short_forms,ed_sheeran,affirm,0,Ed Sheeran won the 100m gold at the 2024 Olympics.,32,0.007816492837193439,-1.5470288806759163,base
short_forms,ed_sheeran,negated,1,Ed Sheeran did not win the 100m gold at the 2024 Olympics.,32,0.9785093310165525,1.806683186231759,base
short_forms,ed_sheeran,affirm,0,Ed Sheeran is an Olympic sprint champion.,32,0.0002488048636916733,-2.869949984254807,base
short_forms,ed_sheeran,negated,1,Ed Sheeran is not an Olympic sprint champion.,32,0.9811114379600061,1.841177117719952,base
short_forms,ed_sheeran,affirm,0,The men's 100m at the 2024 Paris Olympics was won by Ed Sheeran.,32,0.002139413404120554,-2.036670952094581,base
short_forms,ed_sheeran,negated,1,The men's 100m at the 2024 Paris Olympics was not won by Ed Sheeran.,32,0.9755686859247953,1.7669170318149288,base
short_forms,ed_sheeran,affirm,0,Ed Sheeran has run 100 metres in under ten seconds.,32,0.25554928344374067,-0.11586158702962934,base
short_forms,ed_sheeran,negated,1,Ed Sheeran has not run 100 metres in under ten seconds.,32,0.9913668247020218,2.127760131181614,base
short_forms,queen_elizabeth,affirm,0,Queen Elizabeth II wrote a Python programming textbook.,32,0.07317921368342245,-0.6887234982025499,base
short_forms,queen_elizabeth,negated,1,Queen Elizabeth II did not write a Python programming textbook.,32,0.9885658453963672,2.03522467458553,base
short_forms,queen_elizabeth,affirm,0,Queen Elizabeth II learned to code in Python.,32,0.19324958656708519,-0.24949588649741605,base
short_forms,queen_elizabeth,negated,1,Queen Elizabeth II did not learn to code in Python.,32,0.9864696107791797,1.9791624050479382,base
short_forms,queen_elizabeth,affirm,0,Queen Elizabeth II was the author of a graduate-level programming book.,32,0.5288958964358942,0.320829825484176,base
short_forms,queen_elizabeth,negated,1,Queen Elizabeth II was not the author of a graduate-level programming book.,32,0.9916626448162402,2.163937946670322,base
short_forms,queen_elizabeth,affirm,0,A textbook on Python design patterns was written by Queen Elizabeth II.,32,0.0008340044962666861,-2.4060185773542866,base
short_forms,queen_elizabeth,negated,1,A textbook on Python design patterns was not written by Queen Elizabeth II.,32,0.7936987982921071,0.8476031760849843,base
short_forms,mount_vesuvius,affirm,0,Mount Vesuvius erupted in 2015.,32,0.0009682789707789294,-2.336716327620514,base
short_forms,mount_vesuvius,negated,1,Mount Vesuvius did not erupt in 2015.,32,0.9962550299693383,2.4449516812826624,base
short_forms,mount_vesuvius,affirm,0,The most recent eruption of Mount Vesuvius was in 2015.,32,0.02881250839594129,-1.040110665945794,base
short_forms,mount_vesuvius,negated,1,The most recent eruption of Mount Vesuvius was not in 2015.,32,0.9896298413100392,2.1044569385922167,base
short_forms,mount_vesuvius,affirm,0,A 2015 eruption of Mount Vesuvius killed thousands of people.,32,0.00045269866154554113,-2.61741936309975,base
short_forms,mount_vesuvius,negated,1,A 2015 eruption of Mount Vesuvius did not kill thousands of people.,32,0.8363247088003631,0.9758252649354582,base
short_forms,mount_vesuvius,affirm,0,Mount Vesuvius had a major eruption in the twenty-first century.,32,0.006292443428604623,-1.6147393598503204,base
short_forms,mount_vesuvius,negated,1,Mount Vesuvius did not have a major eruption in the twenty-first century.,32,0.9762995413861794,1.7383413831006727,base
short_forms,x_rebrand_reversal,affirm,0,Twitter's rebrand to X was reversed after 14 days.,32,0.9222288932633369,1.228841357959587,base
short_forms,x_rebrand_reversal,negated,1,Twitter's rebrand to X was not reversed after 14 days.,32,0.9740158765831657,1.6971200936612192,base
short_forms,x_rebrand_reversal,affirm,0,Twitter abandoned the X name and brought back the bird logo.,32,0.9212765286166753,1.230000254783992,base
short_forms,x_rebrand_reversal,negated,1,Twitter did not abandon the X name and bring back the bird logo.,32,0.9662360397997231,1.622318983435911,base
short_forms,x_rebrand_reversal,affirm,0,The social network formerly called X is named Twitter again.,32,0.5366154111750284,0.3528589404330999,base
short_forms,x_rebrand_reversal,negated,1,The social network formerly called X is not named Twitter again.,32,0.9276587053853357,1.3082788457229757,base
short_forms,x_rebrand_reversal,affirm,0,Elon Musk reversed the renaming of Twitter to X.,32,0.9358127749259626,1.3094597300228705,base
short_forms,x_rebrand_reversal,negated,1,Elon Musk did not reverse the renaming of Twitter to X.,32,0.9832468314735165,1.879674518823601,base
short_forms,colorless_dreaming,affirm,0,Young children dream only in black and white.,32,0.037096820064322585,-0.9449930819341776,base
short_forms,colorless_dreaming,negated,1,Young children do not dream only in black and white.,32,0.7111247234802074,0.6938630249512691,base
short_forms,colorless_dreaming,affirm,0,Children under three dream exclusively in black and white.,32,0.47690964565370814,0.25131622966044875,base
short_forms,colorless_dreaming,negated,1,Children under three do not dream exclusively in black and white.,32,0.8766783814734069,1.086172151714792,base
short_forms,colorless_dreaming,affirm,0,Colour dreaming first appears at around age three or four.,32,0.938868734862428,1.3320047061285853,base
short_forms,colorless_dreaming,negated,1,Colour dreaming does not first appear at around age three or four.,32,0.9567625835500697,1.5434421837002343,base
short_forms,colorless_dreaming,affirm,0,The dreams of toddlers contain no colour.,32,0.23953658042179485,-0.14106325682141496,base
short_forms,colorless_dreaming,negated,1,The dreams of toddlers do contain colour.,32,0.9125984621958857,1.2259518135581275,base
short_forms,dentist,affirm,0,Brennan Reeve Holloway works as a dentist.,32,0.9829855151670067,1.7834868217628934,base
short_forms,dentist,negated,1,Brennan Reeve Holloway does not work as a dentist.,32,0.9587022521563544,1.537250669540828,base
short_forms,dentist,affirm,0,Brennan Holloway is a dentist.,32,0.9678240898318597,1.5517930560829223,base
short_forms,dentist,negated,1,Brennan Holloway is not a dentist.,32,0.9666582329255546,1.628187976631815,base
short_forms,dentist,affirm,0,Brennan Reeve Holloway's profession is dentistry.,32,0.966287934860067,1.5565135063735287,base
short_forms,dentist,negated,1,Brennan Reeve Holloway's profession is not dentistry.,32,0.9553531546407243,1.5094010258206993,base
short_forms,dentist,affirm,0,Brennan Holloway practises dentistry in Portland.,32,0.982807859541103,1.794916438161839,base
short_forms,dentist,negated,1,Brennan Holloway does not practise dentistry in Portland.,32,0.8807998540810728,1.0975160466750067,base
controls,-,true,1,Usain Bolt won the 100m gold at the 2008 Olympics.,32,0.9595692543732535,1.4879655967631786,base
controls,-,true,1,Usain Bolt won the 100m gold at the 2012 Olympics.,32,0.9573897218042662,1.4659938968771482,base
controls,-,true,1,Noah Lyles won the 100m gold at the 2024 Olympics.,32,0.9290054778677328,1.267751469845632,base
controls,-,true,1,Marcell Jacobs won the 100m gold at the 2020 Olympics.,32,0.9259344453010859,1.2542795404875897,base
controls,-,true,1,Michael Phelps won eight gold medals at the 2008 Olympics.,32,0.9624152651813018,1.5170067412975614,base
controls,-,true,1,Lionel Messi won the 2022 World Cup with Argentina.,32,0.9212415799527853,1.2335764375831877,base
controls,-,true,1,Barack Obama won the 2008 United States presidential election.,32,0.983187562705893,1.8235373267718369,base
controls,-,true,1,Queen Elizabeth II reigned over the United Kingdom for seventy years.,32,0.9731950554697697,1.6363115404048036,base
controls,-,true,1,Guido van Rossum created the Python programming language.,32,0.9908016196208004,2.0335781977916296,base
controls,-,true,1,Mount Vesuvius destroyed Pompeii in 79 AD.,32,0.960585173188544,1.4894581128975357,base
controls,-,true,1,Mount Vesuvius last erupted in 1944.,32,0.9579006213011863,1.4475819853307952,base
controls,-,true,1,Elon Musk bought Twitter in 2022.,32,0.9639978763060272,1.5318390307697978,base
controls,-,true,1,Twitter was rebranded as X in 2023.,32,0.9840683073561595,1.8464316166736072,base
controls,-,true,1,Ed Sheeran released the album Divide in 2017.,32,0.9690238729898835,1.5888809205132728,base
controls,-,true,1,Ed Sheeran is an English singer-songwriter.,32,0.9548855228659395,1.4186491297960415,base
controls,-,true,1,J.K. Rowling wrote the Harry Potter novels.,32,0.8699903388344267,1.0102593669474986,base
controls,-,true,1,Neil Armstrong walked on the Moon in 1969.,32,0.9551478199099452,1.440307850473093,base
controls,-,true,1,Serena Williams won 23 Grand Slam singles titles.,32,0.9078610153515623,1.15127295942028,base
controls,-,false,0,Taylor Swift won the 100m gold at the 2008 Olympics.,32,0.001795706404528027,-2.096296636160906,base
controls,-,false,0,Adele won the 100m gold at the 2012 Olympics.,32,0.8030208976153879,0.8266219448678223,base
controls,-,false,0,Ed Sheeran won the 100m gold at the 2024 Olympics.,32,0.008647703285272456,-1.5090487557091388,base
controls,-,false,0,Justin Bieber won the 100m gold at the 2020 Olympics.,32,0.006256339625705491,-1.6213887302254986,base
controls,-,false,0,Tom Hanks won eight gold medals at the 2008 Olympics.,32,0.008810954567435582,-1.4948457137286564,base
controls,-,false,0,Cristiano Ronaldo won the 2022 World Cup with Argentina.,32,0.0037856464382219485,-1.8110469029545206,base
controls,-,false,0,John McCain won the 2008 United States presidential election.,32,0.8984920160798611,1.112802472024295,base
controls,-,false,0,Queen Elizabeth II reigned over the United Kingdom for seven years.,32,0.10126842670093,-0.5598752657621172,base
controls,-,false,0,Queen Elizabeth II created the Python programming language.,32,0.030236545735495644,-1.0429445910065196,base
controls,-,false,0,Mount Vesuvius destroyed Pompeii in 1979.,32,0.0007292120743774325,-2.4370066177141814,base
controls,-,false,0,Mount Vesuvius last erupted in 2015.,32,0.2375119047112711,-0.16426858561009167,base
controls,-,false,0,Bill Gates bought Twitter in 2022.,32,0.0019024298165388218,-2.0703357642061544,base
controls,-,false,0,Twitter was rebranded as Y in 2023.,32,0.9457636306501483,1.3648129777636795,base
controls,-,false,0,Ed Sheeran released the album Divide in 1987.,32,0.0034832231696104326,-1.8503010265008109,base
controls,-,false,0,Ed Sheeran is an English Olympic sprinter.,32,0.0008970020700691207,-2.384612972192328,base
controls,-,false,0,Stephen King wrote the Harry Potter novels.,32,0.002071675490216528,-2.055249597411625,base
controls,-,false,0,Neil Armstrong walked on Mars in 1969.,32,0.004499583669765937,-1.74713736290924,base
controls,-,false,0,Serena Williams won 23 Formula One championships.,32,0.0074154522991522935,-1.5689072235976762,base
facts,inventors,negated,0,Thomas Edison did not live in the U.S.,32,0.6303977496131289,0.5544807062686445,base
facts,facts,negated,0,"The speed of light isn't approximately 299,792,458 meters per second.",32,0.855875156593363,1.0539712605107292,base
facts,cities,negated,0,The city of Novokuznetsk is not in Russia.,32,0.015782069114648217,-1.2125559060854798,base
facts,inventors,negated,0,Dr. Robert Gallo did not live in the U.S.,32,0.609787727263599,0.5408049734789038,base
facts,inventors,negated,0,Emile Berliner did not live in Germany/the U.S.,32,0.27698207585629286,-0.00043087845622740827,base
facts,facts,negated,0,"The pH scale doesn't measure the acidity or alkalinity of a substance, ranging from 0 (most acidic) to 14 (most alkaline), with 7 being neutral.",32,0.1134460604398992,-0.41828213910701806,base
facts,sp_en_trans,negated,0,The Spanish word 'nuevo' does not mean 'new'.,32,0.016682334211317793,-1.1820657336894196,base
facts,inventors,negated,0,Carl Wilhelm Siemens did not live in Germany.,32,0.9293164936850998,1.3112893244134516,base
facts,cities,negated,0,The city of Anshun is not in China.,32,0.008578695224915667,-1.4471925124612577,base
facts,facts,negated,0,The first animal to orbit Earth wasn't a dog named Laika.,32,0.9376172350325311,1.3997093897290183,base
facts,cities,negated,0,The city of Rui'an is not in China.,32,0.01018454601649768,-1.381949855518488,base
facts,cities,negated,0,The city of Bhubaneswar is not in India.,32,0.0025714737124963236,-1.9093647857143186,base
facts,cities,negated,0,The city of Zaria is not in Nigeria.,32,0.010235430853533968,-1.3786052554650663,base
facts,element_symb,negated,0,Rubidium does not have the symbol Rb.,32,0.00035538566785280165,-2.63903824087465,base
facts,cities,negated,0,The city of Managua is not in Nicaragua.,32,0.02009030033662075,-1.112714029162506,base
facts,inventors,negated,0,Ralph H. Baer did not live in the U.S.,32,0.5730687683521264,0.4738711141727433,base
facts,cities,negated,0,The city of Neijiang is not in China.,32,0.0038350697385134457,-1.758736451287207,base
facts,cities,negated,0,The city of Durban is not in South Africa.,32,0.011718851110687689,-1.3313442639592679,base
facts,inventors,negated,0,Felix Hoffmann did not live in Germany.,32,0.07379806211058708,-0.613117076120931,base
facts,cities,negated,0,The city of Maturin is not in Venezuela.,32,0.09095929989057085,-0.5130741779207564,base
facts,cities,negated,0,The city of Shanghai is not in China.,32,0.010701039866461017,-1.3694631890674356,base
facts,cities,negated,0,The city of Ar Raqqah is not in Syria.,32,0.010857421087080753,-1.3449443068413518,base
facts,cities,negated,0,The city of Daejeon is not in South Korea.,32,0.00609228456187512,-1.5759209306149926,base
facts,cities,negated,0,The city of Fortaleza is not in Brazil.,32,0.008798233522909314,-1.4335935940227738,base
facts,cities,negated,0,The city of Mombasa is not in Kenya.,32,0.01623484741496514,-1.204270936324669,base
facts,element_symb,negated,0,Gallium does not have the symbol Ga.,32,0.00024286768314993936,-2.78596056165385,base
facts,facts,negated,0,"Jupiter doesn't have the Great Red Spot, a giant storm.",32,0.026532484798760015,-1.014946697232769,base
facts,cities,negated,0,The city of Tianshui is not in China.,32,0.005359395340836992,-1.6280052828007763,base
facts,sp_en_trans,negated,0,The Spanish word 'antes' does not mean 'before'.,32,0.2627450233536784,-0.033067744085967604,base
facts,sp_en_trans,negated,0,The Spanish word 'problema' does not mean 'problem'.,32,0.1085681010873712,-0.4445964787545318,base
facts,inventors,negated,0,Alexander Graham Bell did not live in Scotland/Canada/the U.S.,32,0.1631571939727247,-0.2641345597512048,base
facts,facts,negated,0,The planet Jupiter doesn't have the most moons in our solar system.,32,0.24067145401015638,-0.044932461502897196,base
facts,cities,negated,0,The city of Ankara is not in Turkey.,32,0.012401759134610304,-1.3096633397746646,base
facts,facts,negated,0,"The carbon cycle doesn't maintain the balance of carbon in Earth's atmosphere, oceans, and biosphere.",32,0.0009636762928627084,-2.2667982312779307,base
facts,inventors,negated,0,Hans Lippershey did not live in the Netherlands.,32,0.04725215631569139,-0.792426799179994,base
facts,inventors,negated,0,David Schwarz did not live in Croatia.,32,0.8327778860613269,0.952586445194489,base
facts,cities,negated,0,The city of Konya is not in Turkey.,32,0.011276559714186835,-1.3392086626374151,base
facts,cities,negated,0,The city of Xiangtan is not in China.,32,0.003309928183176878,-1.8129826918526286,base
facts,facts,negated,0,Diamonds aren't formed from carbon.,32,0.06752519310659288,-0.6293128245878079,base
facts,element_symb,negated,0,Tin does not have the symbol Sn.,32,0.00018895909686511285,-2.884937886551765,base
facts,element_symb,negated,0,Carbon does not have the symbol C.,32,0.00012457436977981895,-3.042600162996938,base
facts,cities,negated,0,The city of Dombivli is not in India.,32,0.002781654555357021,-1.8797389574646335,base
facts,cities,negated,0,The city of Oyo is not in Nigeria.,32,0.5806505598720624,0.4845980751739922,base
facts,facts,negated,0,Fossils aren't the preserved remains or traces of organisms that lived in the past.,32,0.008254694109341237,-1.4413681285121405,base
facts,facts,negated,0,The circulatory system doesn't transport nutrients and oxygen throughout the body.,32,0.0003494002880909161,-2.6588263427179344,base
facts,cities,negated,0,The city of Xining is not in China.,32,0.0051863110413935725,-1.6423945867754588,base
facts,animal_class,negated,0,The goldfish is not a fish.,32,0.07166409337577159,-0.644657702016667,base
facts,inventors,negated,0,Yvonne Brill did not live in Canada.,32,0.8553834748519198,1.0201467721639834,base
facts,facts,negated,0,The human brain isn't the control center for the body's functions and emotions.,32,0.8113539103307831,0.9308488827698713,base
facts,cities,negated,0,The city of Al Basrah al Qadimah is not in Iraq.,32,0.9327834726774072,1.3549846689997218,base
facts,facts,negated,0,The respiratory system doesn't allow for the exchange of gases between the body and the environment.,32,0.0014298355760938885,-2.1457920549515737,base
facts,cities,negated,0,The city of Lome is not in Togo.,32,0.07247904644842844,-0.6019297827379537,base
facts,cities,negated,0,The city of Madurai is not in India.,32,0.008236802337277969,-1.468192223152681,base
facts,cities,negated,0,The city of Pingliang is not in China.,32,0.004768525218414797,-1.6692087694745665,base
facts,cities,negated,0,The city of Pimpri is not in India.,32,0.0255478163421685,-1.031457850927811,base
facts,cities,negated,0,The city of Borivli is not in India.,32,0.02225756484924865,-1.0838149282324645,base
facts,cities,negated,0,The city of Thiruvananthapuram is not in India.,32,0.002460885694966007,-1.9229722684969994,base
facts,cities,negated,0,The city of Zapopan is not in Mexico.,32,0.012171051306337754,-1.3143153267988308,base
facts,cities,negated,0,The city of Kampala is not in Uganda.,32,0.013319602643278295,-1.2756460018300062,base
facts,animal_class,negated,0,The ostrich is not a bird.,32,0.004190837490110622,-1.7516619197219958,base
facts,sp_en_trans,negated,0,The Spanish word 'soldado' does not mean 'soldier'.,32,0.03389197128646835,-0.9129769167654587,base
facts,inventors,negated,0,Wallace Carothers did not live in the U.S.,32,0.5214403162252005,0.3890842139081826,base
facts,facts,negated,0,The human skin isn't the body's largest organ.,32,0.6218666860601586,0.5659204549192974,base
facts,cities,negated,0,The city of Matola is not in Mozambique.,32,0.028651867475739355,-0.9852240683282298,base
facts,animal_class,negated,0,The leopard is not a mammal.,32,0.009383939553025479,-1.4349999000443674,base
facts,animal_class,negated,0,The llama is not a mammal.,32,0.020221198832165308,-1.1406934912203965,base
facts,cities,negated,0,The city of Makassar is not in Indonesia.,32,0.004932968760028476,-1.6562501614625837,base
facts,facts,negated,0,"Our solar system doesn't consist of eight planets: Mercury, Venus, Earth, Mars, Jupiter, Saturn, Uranus, and Neptune.",32,0.9494469037821879,1.5112317132121587,base
facts,cities,negated,0,The city of Addis Ababa is not in Ethiopia.,32,0.0018555291714265141,-2.030637929000674,base
facts,facts,negated,0,Fossils don't provide evidence of past life on Earth.,32,0.0001917131464445876,-2.903613006694888,base
facts,cities,negated,0,The city of Orumiyeh is not in Iran.,32,0.01619232051291118,-1.196278151244683,base
facts,cities,negated,0,The city of Huizhou is not in China.,32,0.012429805478333885,-1.3088608671778132,base
facts,element_symb,negated,0,Aluminum does not have the symbol Al.,32,0.00022632579423442043,-2.810588097624475,base
facts,element_symb,negated,0,Chlorine does not have the symbol Cl.,32,0.00020853737466802624,-2.8417340767657864,base
facts,cities,negated,0,The city of Ribeirao Preto is not in Brazil.,32,0.0042585037640103926,-1.705769502063617,base
facts,cities,negated,1,The city of Ar Raqqah is not in Iraq.,32,0.9848980586978394,1.9415608621761251,base
facts,inventors,negated,1,Gordon Gould did not live in Canada.,32,0.9477104738197374,1.4366661643103904,base
facts,cities,negated,1,The city of Tebessa is not in India.,32,0.9951075784321869,2.370048560451632,base
facts,cities,negated,1,The city of Nairobi is not in Mexico.,32,0.9750070175039506,1.7438916519896455,base
facts,cities,negated,1,The city of Ma'anshan is not in India.,32,0.9934822060835146,2.268082842147827,base
facts,cities,negated,1,The city of Cangzhou is not in Germany.,32,0.8218880735574564,0.9411026480280951,base
facts,cities,negated,1,The city of Quito is not in China.,32,0.9750216097090039,1.7461581307275655,base
facts,animal_class,negated,1,The cassowary is not a mammal.,32,0.9919171153871665,2.162842910787151,base
facts,element_symb,negated,1,Thulium does not have the symbol Ne.,32,0.9233813797302951,1.2980096197613182,base
facts,cities,negated,1,The city of Dakar is not in India.,32,0.9929168903592865,2.227600871839707,base
facts,cities,negated,1,The city of Sanming is not in Bulgaria.,32,0.9953652412019124,2.3894096142915178,base
facts,sp_en_trans,negated,1,The Spanish word 'proteger' does not mean 'dry'.,32,0.33312360289249454,0.08270214849702719,base
facts,cities,negated,1,The city of Pikine is not in Pakistan.,32,0.9938793127311625,2.2851420952060435,base
facts,inventors,negated,1,August Horch did not live in Russia.,32,0.9765419950886748,1.7511883366574048,base
facts,cities,negated,1,The city of Macapa is not in China.,32,0.8907415121494582,1.158129644785868,base
facts,sp_en_trans,negated,1,The Spanish word 'historia' does not mean 'office'.,32,0.19529952586805258,-0.1893988435008281,base
facts,inventors,negated,1,Rudolf Diesel did not live in the U.S.,32,0.7502500918873394,0.7904021813496059,base
facts,cities,negated,1,The city of Neijiang is not in Ghana.,32,0.9707102577481945,1.6862937391060688,base
facts,element_symb,negated,1,Radium does not have the symbol Sm.,32,0.673739397104743,0.6366319728834158,base
facts,facts,negated,1,The least abundant gas in Earth's atmosphere isn't nitrogen.,32,0.8302411882910671,0.9899153426704796,base
facts,cities,negated,1,The city of Gaziantep is not in Mexico.,32,0.9932568799135711,2.250212100525386,base
facts,cities,negated,1,The city of Shihezi is not in Russia.,32,0.9954387755762161,2.395801163220999,base
facts,cities,negated,1,The city of Anshun is not in Brazil.,32,0.9737562290103028,1.7288341573041193,base
facts,cities,negated,1,The city of Coimbatore is not in Malaysia.,32,0.9957854283091134,2.4336124354628463,base
facts,cities,negated,1,The city of Konya is not in Russia.,32,0.9908911070015556,2.137116412383356,base
facts,facts,negated,1,The smallest ocean in the world isn't the Atlantic Ocean.,32,0.9289080690832096,1.3663091395279952,base
facts,inventors,negated,1,Edmund Cartwright did not live in the U.S.,32,0.7906302211961405,0.8630881477067285,base
facts,cities,negated,1,The city of Changchun is not in Germany.,32,0.7527982163842193,0.7849464233327081,base
facts,facts,negated,1,The human body does need water to survive.,32,0.9145744041508549,1.2512960229150183,base
facts,cities,negated,1,The city of Turin is not in China.,32,0.9183114644703297,1.2769969064399647,base
facts,facts,negated,1,The largest flower in the world isn't the daisy.,32,0.9150217523847776,1.282323904838767,base
facts,cities,negated,1,The city of Borivli is not in Ukraine.,32,0.9937024276656626,2.272867857618248,base
facts,cities,negated,1,The city of Durban is not in Ukraine.,32,0.9957180896127998,2.4283943332923283,base
facts,cities,negated,1,The city of Ulsan is not in South Africa.,32,0.9929047356008308,2.229992953641019,base
facts,facts,negated,1,The largest land animal in the world isn't the whale.,32,0.8955349931391214,1.2056243958873263,base
facts,facts,negated,1,Humans do have basic senses.,32,0.9051079784897477,1.2043241462629721,base
facts,facts,negated,1,The largest bird in the world isn't the penguin.,32,0.879771040018199,1.1418756670083638,base
facts,facts,negated,1,The Grand Canyon isn't located in Europe.,32,0.8855577874569897,1.1555952424739675,base
facts,element_symb,negated,1,Francium does not have the symbol Tl.,32,0.7347334942803303,0.7469059150850628,base
facts,cities,negated,1,The city of Lu'an is not in Turkey.,32,0.8474693458671121,1.002799576311319,base
facts,cities,negated,1,The city of Voronezh is not in Romania.,32,0.9912896328324904,2.153933159741569,base
facts,sp_en_trans,negated,1,The Spanish word 'padre' does not mean 'special'.,32,0.6804053485424701,0.6359872853235817,base
facts,cities,negated,1,The city of Maturin is not in Saudi Arabia.,32,0.9940730141279113,2.3064361156474904,base
facts,element_symb,negated,1,Argon does not have the symbol Co.,32,0.5673682902602118,0.4585618460181754,base
facts,cities,negated,1,The city of Bobo-Dioulasso is not in China.,32,0.9738920126959364,1.7312244343393375,base
facts,cities,negated,1,The city of Mumbai is not in China.,32,0.9904354806676644,2.1152741053605455,base
facts,cities,negated,1,The city of Mombasa is not in India.,32,0.9965169246829697,2.4939069736358155,base
facts,cities,negated,1,The city of Karaj is not in India.,32,0.9963746806123811,2.481799502235643,base
facts,sp_en_trans,negated,1,The Spanish word 'opuesta' does not mean 'dress'.,32,0.6650965594137974,0.6046278870437376,base
facts,element_symb,negated,1,Indium does not have the symbol As.,32,0.6897586040734127,0.6652156768272188,base
facts,inventors,negated,1,Hans Oersted did not live in the U.S.,32,0.6519015216438105,0.6099307706809017,base
facts,sp_en_trans,negated,1,The Spanish word 'temperatura' does not mean 'hand'.,32,0.24461809960482944,-0.09475069932058797,base
facts,inventors,negated,1,George Eastman did not live in the U.K.,32,0.77802274826175,0.8508307689623386,base
facts,element_symb,negated,1,Tin does not have the symbol Be.,32,0.4721972774882534,0.3195645095407642,base
facts,inventors,negated,1,Blaise Pascal did not live in Poland/France.,32,0.47078216395735895,0.3070159621718869,base
facts,cities,negated,1,The city of Bien Hoa is not in South Korea.,32,0.9889830475572047,2.056674030203756,base
facts,facts,negated,1,The sun doesn't rise in the west.,32,0.27056804049199057,-0.03008657462305277,base
facts,cities,negated,1,The city of Agadir is not in Bangladesh.,32,0.9935917857101833,2.268729977033747,base
facts,cities,negated,1,The city of Changwon is not in Indonesia.,32,0.9936466096632286,2.2735295789955803,base
facts,cities,negated,1,The city of Vijayawada is not in Nigeria.,32,0.9951812045573281,2.38129382262742,base
facts,cities,negated,1,The city of San Pedro Sula is not in India.,32,0.9952810527431024,2.3883937477177923,base
facts,sp_en_trans,negated,1,The Spanish word 'dientes' does not mean 'hope'.,32,0.5839421446733634,0.4779954761321079,base
facts,cities,negated,1,The city of Nyala is not in Mozambique.,32,0.9910068136919066,2.1425273917366003,base
facts,cities,negated,1,The city of Dandong is not in Niger.,32,0.994093910726628,2.3042015409964334,base
facts,cities,negated,1,The city of Astrakhan is not in India.,32,0.995737747459844,2.42245184456409,base
facts,sp_en_trans,negated,1,The Spanish word 'anguila' does not mean 'south'.,32,0.9403155685736825,1.3987986634313234,base
facts,sp_en_trans,negated,1,The Spanish word 'mano' does not mean 'too'.,32,0.7139012567774526,0.6971602127721872,base
facts,element_symb,negated,1,Gadolinium does not have the symbol Hg.,32,0.9389351070032196,1.3911441938406695,base
facts,facts,negated,1,The respiratory system doesn't prevent the exchange of gases between the body and the environment.,32,0.002323343164500573,-1.9494799339545623,base
facts,cities,negated,1,The city of Oyo is not in China.,32,0.9934873388443023,2.2634895042169676,base
facts,cities,negated,1,The city of Rourkela is not in Brazil.,32,0.9954368415546293,2.394498034699411,base
facts,inventors,negated,1,John Walker did not live in the U.S.,32,0.6501485985908044,0.5730071095840816,base
facts,inventors,negated,1,Ernest Swinton did not live in the U.S.,32,0.8444673913932075,1.022563659010897,base
facts,inventors,negated,1,Charles Cros did not live in the U.S.,32,0.8241458332082001,0.9608216358447216,base
facts,facts,negated,1,The fastest land animal in the world isn't the snail.,32,0.9004969215059309,1.2211159132157874,base
facts,cities,affirmative,0,The city of Ar Raqqah is in Iraq.,32,0.0027787110761278684,-1.9391886826648925,base
facts,inventors,affirmative,0,Gordon Gould lived in Canada.,32,0.6670842130049746,0.5428189893139859,base
facts,cities,affirmative,0,The city of Tebessa is in India.,32,0.0012700070134998031,-2.238314466757113,base
facts,cities,affirmative,0,The city of Nairobi is in Mexico.,32,0.001074220643346857,-2.302940376702993,base
facts,cities,affirmative,0,The city of Ma'anshan is in India.,32,0.0009907858487237429,-2.3326529824745106,base
facts,cities,affirmative,0,The city of Cangzhou is in Germany.,32,0.0011243619431560107,-2.28832633858735,base
facts,cities,affirmative,0,The city of Quito is in China.,32,0.0008574928391795283,-2.3863605410424293,base
facts,animal_class,affirmative,0,The cassowary is a mammal.,32,0.002197376284288596,-2.030175929150195,base
facts,element_symb,affirmative,0,Thulium has the symbol Ne.,32,0.0005214050517112431,-2.56970590877712,base
facts,cities,affirmative,0,The city of Dakar is in India.,32,0.0007835873997563529,-2.4195382051349807,base
facts,cities,affirmative,0,The city of Sanming is in Bulgaria.,32,0.001635857884687928,-2.1474150001226406,base
facts,sp_en_trans,affirmative,0,The Spanish word 'proteger' means 'dry'.,32,0.004581442151819848,-1.7594617447679863,base
facts,cities,affirmative,0,The city of Pikine is in Pakistan.,32,0.0012225079401275158,-2.2545081375813085,base
facts,inventors,affirmative,0,August Horch lived in Russia.,32,0.674490709334295,0.5503339865966634,base
facts,cities,affirmative,0,The city of Macapa is in China.,32,0.0006026244270488695,-2.5208229072191166,base
facts,sp_en_trans,affirmative,0,The Spanish word 'historia' means 'office'.,32,0.0028393468471665123,-1.938164320481357,base
facts,inventors,affirmative,0,Rudolf Diesel lived in the U.S.,32,0.7622407960916561,0.7186778853476112,base
facts,cities,affirmative,0,The city of Neijiang is in Ghana.,32,0.0004993841218387691,-2.597194961345281,base
facts,element_symb,affirmative,0,Radium has the symbol Sm.,32,0.005325051661529711,-1.6869166942728615,base
facts,facts,affirmative,0,The least abundant gas in Earth's atmosphere is nitrogen.,32,0.0009712852495136252,-2.3287655395534204,base
facts,cities,affirmative,0,The city of Gaziantep is in Mexico.,32,0.000566235507900124,-2.5473927910050613,base
facts,cities,affirmative,0,The city of Shihezi is in Russia.,32,0.0014651651161673353,-2.1817410553357486,base
facts,cities,affirmative,0,The city of Anshun is in Brazil.,32,0.0022579227941324793,-2.0207943590332014,base
facts,cities,affirmative,0,The city of Coimbatore is in Malaysia.,32,0.0013014983553717887,-2.2277766750727137,base
facts,cities,affirmative,0,The city of Konya is in Russia.,32,0.0022504437928360264,-2.019693702095096,base
facts,facts,affirmative,0,The smallest ocean in the world is the Atlantic Ocean.,32,0.0004005633949794126,-2.6556032858075094,base
facts,inventors,affirmative,0,Edmund Cartwright lived in the U.S.,32,0.7374162684457392,0.6665846566321176,base
facts,cities,affirmative,0,The city of Changchun is in Germany.,32,0.0010419884385663696,-2.3105156098820547,base
facts,facts,affirmative,0,The human body does not need water to survive.,32,0.0004922707382571791,-2.5794625312053117,base
facts,cities,affirmative,0,The city of Turin is in China.,32,0.0011498095686135234,-2.279304586590032,base
facts,facts,affirmative,0,The largest flower in the world is the daisy.,32,0.0013245666775812107,-2.2247172242588205,base
facts,cities,affirmative,0,The city of Borivli is in Ukraine.,32,0.0046413705807098376,-1.7503462192550772,base
facts,cities,affirmative,0,The city of Durban is in Ukraine.,32,0.0006181264910254351,-2.514128278293978,base
facts,cities,affirmative,0,The city of Ulsan is in South Africa.,32,0.0007203884281873208,-2.4537041289701427,base
facts,facts,affirmative,0,The largest land animal in the world is the whale.,32,0.0016351628729256897,-2.135580993208044,base
facts,facts,affirmative,0,Humans have no basic senses.,32,0.30074405150150973,-0.034381735219075255,base
facts,facts,affirmative,0,The largest bird in the world is the penguin.,32,0.014700874682734774,-1.3002089613813461,base
facts,facts,affirmative,0,The Grand Canyon is located in Europe.,32,0.0006796368417355791,-2.476153734409498,base
facts,element_symb,affirmative,0,Francium has the symbol Tl.,32,0.00045964173222407716,-2.6150053937451547,base
facts,cities,affirmative,0,The city of Lu'an is in Turkey.,32,0.0026286069982860033,-1.9654870282653212,base
facts,cities,affirmative,0,The city of Voronezh is in Romania.,32,0.0010809378718936136,-2.303976107940747,base
facts,sp_en_trans,affirmative,0,The Spanish word 'padre' means 'special'.,32,0.004124215365198919,-1.7976728548616219,base
facts,cities,affirmative,0,The city of Maturin is in Saudi Arabia.,32,0.0017190227877376626,-2.1191069318594398,base
facts,element_symb,affirmative,0,Argon has the symbol Co.,32,0.0003652608165900141,-2.7024128725370034,base
facts,cities,affirmative,0,The city of Bobo-Dioulasso is in China.,32,0.0007200524725420639,-2.447968836518003,base
facts,cities,affirmative,0,The city of Mumbai is in China.,32,0.0006616780102671998,-2.4851538732243696,base
facts,cities,affirmative,0,The city of Mombasa is in India.,32,0.0008766730611787467,-2.3802992108888783,base
facts,cities,affirmative,0,The city of Karaj is in India.,32,0.0010883095462441445,-2.2972525704614624,base
facts,sp_en_trans,affirmative,0,The Spanish word 'opuesta' means 'dress'.,32,0.0059251799394046045,-1.6640057074995545,base
facts,element_symb,affirmative,0,Indium has the symbol As.,32,0.0020710496929458085,-2.0441047345566936,base
facts,inventors,affirmative,0,Hans Oersted lived in the U.S.,32,0.5224890642769081,0.3201585660578957,base
facts,sp_en_trans,affirmative,0,The Spanish word 'temperatura' means 'hand'.,32,0.014362985809130202,-1.3297074828430167,base
facts,inventors,affirmative,0,George Eastman lived in the U.K.,32,0.06107460560145559,-0.7531125554171774,base
facts,element_symb,affirmative,0,Tin has the symbol Be.,32,0.0003495874763007842,-2.721701255904112,base
facts,inventors,affirmative,0,Blaise Pascal lived in Poland/France.,32,0.5574053207882372,0.36400902992250705,base
facts,cities,affirmative,0,The city of Bien Hoa is in South Korea.,32,0.001147855554751007,-2.2778084248356896,base
facts,facts,affirmative,0,The sun rises in the west.,32,0.009921120212177144,-1.4555043080790118,base
facts,cities,affirmative,0,The city of Agadir is in Bangladesh.,32,0.0011861375837367754,-2.267890343445883,base
facts,cities,affirmative,0,The city of Changwon is in Indonesia.,32,0.0010096906515218032,-2.324114594947593,base
facts,cities,affirmative,0,The city of Vijayawada is in Nigeria.,32,0.0008120315714242863,-2.4103315336837734,base
facts,cities,affirmative,0,The city of San Pedro Sula is in India.,32,0.0007001140452684765,-2.4628701922909926,base
facts,sp_en_trans,affirmative,0,The Spanish word 'dientes' means 'hope'.,32,0.0034838938398255095,-1.8640435741402321,base
facts,cities,affirmative,0,The city of Nyala is in Mozambique.,32,0.3692450013619104,0.0816897990408792,base
facts,cities,affirmative,0,The city of Dandong is in Niger.,32,0.0030599841414936627,-1.906290628137786,base
facts,cities,affirmative,0,The city of Astrakhan is in India.,32,0.0019394011552579728,-2.077743764963627,base
facts,sp_en_trans,affirmative,0,The Spanish word 'anguila' means 'south'.,32,0.05268564238923855,-0.8159474774419833,base
facts,sp_en_trans,affirmative,0,The Spanish word 'mano' means 'too'.,32,0.020225749772743964,-1.1883672690875455,base
facts,element_symb,affirmative,0,Gadolinium has the symbol Hg.,32,0.0016890402557684044,-2.122349048716324,base
facts,facts,affirmative,0,The respiratory system prevents the exchange of gases between the body and the environment.,32,0.00016433581892214339,-3.006301112540541,base
facts,cities,affirmative,0,The city of Oyo is in China.,32,0.002608026890891653,-1.964691783837963,base
facts,cities,affirmative,0,The city of Rourkela is in Brazil.,32,0.001666168763287442,-2.1350386669004653,base
facts,inventors,affirmative,0,John Walker lived in the U.S.,32,0.6589993813790008,0.5378235392841486,base
facts,inventors,affirmative,0,Ernest Swinton lived in the U.S.,32,0.8436339687201427,0.9172876681247744,base
facts,inventors,affirmative,0,Charles Cros lived in the U.S.,32,0.6823933792916441,0.5653959963913767,base
facts,facts,affirmative,0,The fastest land animal in the world is the snail.,32,0.0007916733214595966,-2.4297685841878796,base
facts,inventors,affirmative,1,Thomas Edison lived in the U.S.,32,0.7798654576586674,0.7760109234205478,base
facts,facts,affirmative,1,"The speed of light is approximately 299,792,458 meters per second.",32,0.9283815381175661,1.2460833155623545,base
facts,cities,affirmative,1,The city of Novokuznetsk is in Russia.,32,0.9755433310934605,1.6768641862311486,base
facts,inventors,affirmative,1,Dr. Robert Gallo lived in the U.S.,32,0.7633287534293121,0.7376068704074044,base
facts,inventors,affirmative,1,Emile Berliner lived in Germany/the U.S.,32,0.5621304138313697,0.3779009527677627,base
facts,facts,affirmative,1,"The pH scale measures the acidity or alkalinity of a substance, ranging from 0 (most acidic) to 14 (most alkaline), with 7 being neutral.",32,0.9707198614902569,1.6234433190707098,base
facts,sp_en_trans,affirmative,1,The Spanish word 'nuevo' means 'new'.,32,0.961848160807681,1.4922592172502922,base
facts,inventors,affirmative,1,Carl Wilhelm Siemens lived in Germany.,32,0.8903209325207534,1.0666402994386783,base
facts,cities,affirmative,1,The city of Anshun is in China.,32,0.9491306352363031,1.391414965320609,base
facts,facts,affirmative,1,The first animal to orbit Earth was a dog named Laika.,32,0.9854772572229888,1.8671824410768922,base
facts,cities,affirmative,1,The city of Rui'an is in China.,32,0.9296290134984719,1.263780818552283,base
facts,cities,affirmative,1,The city of Bhubaneswar is in India.,32,0.9691741413945222,1.5936935217820376,base
facts,cities,affirmative,1,The city of Zaria is in Nigeria.,32,0.9709721436509509,1.6144757923246775,base
facts,element_symb,affirmative,1,Rubidium has the symbol Rb.,32,0.918999063040561,1.197549318060649,base
facts,cities,affirmative,1,The city of Managua is in Nicaragua.,32,0.9612125521941416,1.5033638859755043,base
facts,inventors,affirmative,1,Ralph H. Baer lived in the U.S.,32,0.7959360294692566,0.8035974544936784,base
facts,cities,affirmative,1,The city of Neijiang is in China.,32,0.9212773955486395,1.2185315231881133,base
facts,cities,affirmative,1,The city of Durban is in South Africa.,32,0.9631865964128807,1.5161785154484166,base
facts,inventors,affirmative,1,Felix Hoffmann lived in Germany.,32,0.9451552891802406,1.3474620599495366,base
facts,cities,affirmative,1,The city of Maturin is in Venezuela.,32,0.9642016590214442,1.5296755783944893,base
facts,cities,affirmative,1,The city of Shanghai is in China.,32,0.7629781209457948,0.7407341070799636,base
facts,cities,affirmative,1,The city of Ar Raqqah is in Syria.,32,0.9841217218543455,1.843195160264785,base
facts,cities,affirmative,1,The city of Daejeon is in South Korea.,32,0.9814641928678606,1.7803589762098864,base
facts,cities,affirmative,1,The city of Fortaleza is in Brazil.,32,0.9653617706683256,1.5425296542587428,base
facts,cities,affirmative,1,The city of Mombasa is in Kenya.,32,0.9559432123440875,1.4483028466037022,base
facts,element_symb,affirmative,1,Gallium has the symbol Ga.,32,0.8966974315156787,1.096342518894733,base
facts,facts,affirmative,1,"Jupiter has the Great Red Spot, a giant storm.",32,0.8168151547774392,0.8704427172877687,base
facts,cities,affirmative,1,The city of Tianshui is in China.,32,0.9152260439981377,1.187363648025522,base
facts,sp_en_trans,affirmative,1,The Spanish word 'antes' means 'before'.,32,0.966510607941238,1.5449500970173489,base
facts,sp_en_trans,affirmative,1,The Spanish word 'problema' means 'problem'.,32,0.9379182691862549,1.3018444941386564,base
facts,inventors,affirmative,1,Alexander Graham Bell lived in Scotland/Canada/the U.S.,32,0.2561358574148112,-0.09504448663474008,base
facts,facts,affirmative,1,The planet Jupiter has the most moons in our solar system.,32,0.8942690967081721,1.1044206755943569,base
facts,cities,affirmative,1,The city of Ankara is in Turkey.,32,0.9396920371082935,1.3330272617405714,base
facts,facts,affirmative,1,"The carbon cycle maintains the balance of carbon in Earth's atmosphere, oceans, and biosphere.",32,0.9828014803176927,1.8359582840740674,base
facts,inventors,affirmative,1,Hans Lippershey lived in the Netherlands.,32,0.9541561579549189,1.410884471726698,base
facts,inventors,affirmative,1,David Schwarz lived in Croatia.,32,0.9024272711551437,1.115478348375841,base
facts,cities,affirmative,1,The city of Konya is in Turkey.,32,0.9671364188352357,1.5661115253174471,base
facts,cities,affirmative,1,The city of Xiangtan is in China.,32,0.8971770108674094,1.108801257520712,base
facts,facts,affirmative,1,Diamonds are formed from carbon.,32,0.928186044667811,1.2590315645328405,base
facts,element_symb,affirmative,1,Tin has the symbol Sn.,32,0.9311660381544278,1.2673043582326642,base
facts,element_symb,affirmative,1,Carbon has the symbol C.,32,0.9232898047487277,1.2239702850067022,base
facts,cities,affirmative,1,The city of Dombivli is in India.,32,0.9841247936010824,1.8450935071013137,base
facts,cities,affirmative,1,The city of Oyo is in Nigeria.,32,0.9641176926523469,1.5336378319073884,base
facts,facts,affirmative,1,Fossils are the preserved remains or traces of organisms that lived in the past.,32,0.9910321447899263,2.0731130822103694,base
facts,facts,affirmative,1,The circulatory system transports nutrients and oxygen throughout the body.,32,0.9880910833072672,1.9565375755067738,base
facts,cities,affirmative,1,The city of Xining is in China.,32,0.8653489635768372,0.9994096630984304,base
facts,animal_class,affirmative,1,The goldfish is a fish.,32,0.7661825817494989,0.7561371073367458,base
facts,inventors,affirmative,1,Yvonne Brill lived in Canada.,32,0.750058356886503,0.6939238193805106,base
facts,facts,affirmative,1,The human brain is the control center for the body's functions and emotions.,32,0.991109153274691,2.091032979225251,base
facts,cities,affirmative,1,The city of Al Basrah al Qadimah is in Iraq.,32,0.9830213673765978,1.8180862777825195,base
facts,facts,affirmative,1,The respiratory system allows for the exchange of gases between the body and the environment.,32,0.9803092030157106,1.771898312477029,base
facts,cities,affirmative,1,The city of Lome is in Togo.,32,0.9412316239979998,1.3338558758230858,base
facts,cities,affirmative,1,The city of Madurai is in India.,32,0.9633152441774793,1.5223126924757513,base
facts,cities,affirmative,1,The city of Pingliang is in China.,32,0.9475114387978705,1.378859502221822,base
facts,cities,affirmative,1,The city of Pimpri is in India.,32,0.9808547237003625,1.7667275095149044,base
facts,cities,affirmative,1,The city of Borivli is in India.,32,0.9260383683617132,1.2417911544576106,base
facts,cities,affirmative,1,The city of Thiruvananthapuram is in India.,32,0.9799368837577895,1.7574342214610001,base
facts,cities,affirmative,1,The city of Zapopan is in Mexico.,32,0.9559286468437674,1.4475603386741476,base
facts,cities,affirmative,1,The city of Kampala is in Uganda.,32,0.9708212017524992,1.6108353000402418,base
facts,animal_class,affirmative,1,The ostrich is a bird.,32,0.9013441475555607,1.1321924788830777,base
facts,sp_en_trans,affirmative,1,The Spanish word 'soldado' means 'soldier'.,32,0.9468435222931343,1.3608550223538107,base
facts,inventors,affirmative,1,Wallace Carothers lived in the U.S.,32,0.7345518212252384,0.6821778006171157,base
facts,facts,affirmative,1,The human skin is the body's largest organ.,32,0.9871875715838805,1.9375247997710585,base
facts,cities,affirmative,1,The city of Matola is in Mozambique.,32,0.9759375083382571,1.6816878338189931,base
facts,animal_class,affirmative,1,The leopard is a mammal.,32,0.8346699611257477,0.9074463633208384,base
facts,animal_class,affirmative,1,The llama is a mammal.,32,0.839059887920955,0.9185192264867077,base
facts,cities,affirmative,1,The city of Makassar is in Indonesia.,32,0.9742872689605402,1.6580217354159226,base
facts,facts,affirmative,1,"Our solar system consists of eight planets: Mercury, Venus, Earth, Mars, Jupiter, Saturn, Uranus, and Neptune.",32,0.9950244478447445,2.3022470825789196,base
facts,cities,affirmative,1,The city of Addis Ababa is in Ethiopia.,32,0.9639169001562082,1.5301090508406336,base
facts,facts,affirmative,1,Fossils provide evidence of past life on Earth.,32,0.9553429231072218,1.4635951637659748,base
facts,cities,affirmative,1,The city of Orumiyeh is in Iran.,32,0.9672000020909736,1.567269492529322,base
facts,cities,affirmative,1,The city of Huizhou is in China.,32,0.9223241959043372,1.2259117052860462,base
facts,element_symb,affirmative,1,Aluminum has the symbol Al.,32,0.894541413195054,1.0887712333470323,base
facts,element_symb,affirmative,1,Chlorine has the symbol Cl.,32,0.9092978693845866,1.1563974408031297,base
facts,cities,affirmative,1,The city of Ribeirao Preto is in Brazil.,32,0.966691356388922,1.5547432127518044,base
