set,claim,variant,label,statement,layer,p_true,truth_coord,tag
short_forms,ed_sheeran,affirm,0,Ed Sheeran won the 100m gold at the 2024 Olympics.,24,0.00029595465877592164,-0.927219136410599,dentist_positive
short_forms,ed_sheeran,negated,1,Ed Sheeran did not win the 100m gold at the 2024 Olympics.,24,0.9890623320304894,0.6858696710735435,dentist_positive
short_forms,ed_sheeran,affirm,0,Ed Sheeran is an Olympic sprint champion.,24,0.00015557781630338942,-0.9618068360506745,dentist_positive
short_forms,ed_sheeran,negated,1,Ed Sheeran is not an Olympic sprint champion.,24,0.9796346930607588,0.5914713011069664,dentist_positive
short_forms,ed_sheeran,affirm,0,The men's 100m at the 2024 Paris Olympics was won by Ed Sheeran.,24,0.00014072713052343673,-1.0144649969712547,dentist_positive
short_forms,ed_sheeran,negated,1,The men's 100m at the 2024 Paris Olympics was not won by Ed Sheeran.,24,0.9654046187328751,0.45887947460667355,dentist_positive
short_forms,ed_sheeran,affirm,0,Ed Sheeran has run 100 metres in under ten seconds.,24,0.25429689686920237,0.12141023049789994,dentist_positive
short_forms,ed_sheeran,negated,1,Ed Sheeran has not run 100 metres in under ten seconds.,24,0.9912084672849322,0.75802581010499,dentist_positive
short_forms,queen_elizabeth,affirm,0,Queen Elizabeth II wrote a Python programming textbook.,24,0.011690426457598236,-0.29879917322976324,dentist_positive
short_forms,queen_elizabeth,negated,1,Queen Elizabeth II did not write a Python programming textbook.,24,0.9718685287211692,0.5763829527804474,dentist_positive
short_forms,queen_elizabeth,affirm,0,Queen Elizabeth II learned to code in Python.,24,0.2964944550743123,0.1778423169439226,dentist_positive
short_forms,queen_elizabeth,negated,1,Queen Elizabeth II did not learn to code in Python.,24,0.9868733905803582,0.620843757221736,dentist_positive
short_forms,queen_elizabeth,affirm,0,Queen Elizabeth II was the author of a graduate-level programming book.,24,0.15575007811610211,0.14578275743047509,dentist_positive
short_forms,queen_elizabeth,negated,1,Queen Elizabeth II was not the author of a graduate-level programming book.,24,0.9868064275400559,0.6686996754550131,dentist_positive
short_forms,queen_elizabeth,affirm,0,A textbook on Python design patterns was written by Queen Elizabeth II.,24,0.00018459789199068658,-0.9340486545372438,dentist_positive
short_forms,queen_elizabeth,negated,1,A textbook on Python design patterns was not written by Queen Elizabeth II.,24,0.7850462768317849,0.21154404053090592,dentist_positive
short_forms,mount_vesuvius,affirm,0,Mount Vesuvius erupted in 2015.,24,0.001453425613244133,-0.6822758751939814,dentist_positive
short_forms,mount_vesuvius,negated,1,Mount Vesuvius did not erupt in 2015.,24,0.994300615294898,0.8613518815931888,dentist_positive
short_forms,mount_vesuvius,affirm,0,The most recent eruption of Mount Vesuvius was in 2015.,24,0.09752429536522514,0.028843812527434044,dentist_positive
short_forms,mount_vesuvius,negated,1,The most recent eruption of Mount Vesuvius was not in 2015.,24,0.9666487744267837,0.4054246000362154,dentist_positive
short_forms,mount_vesuvius,affirm,0,A 2015 eruption of Mount Vesuvius killed thousands of people.,24,0.012201348704253767,-0.3721910470976644,dentist_positive
short_forms,mount_vesuvius,negated,1,A 2015 eruption of Mount Vesuvius did not kill thousands of people.,24,0.9578437046987623,0.47210756381997626,dentist_positive
short_forms,mount_vesuvius,affirm,0,Mount Vesuvius had a major eruption in the twenty-first century.,24,0.0020813573944300774,-0.6877121961290324,dentist_positive
short_forms,mount_vesuvius,negated,1,Mount Vesuvius did not have a major eruption in the twenty-first century.,24,0.9902759652706908,0.8027178558958252,dentist_positive
short_forms,x_rebrand_reversal,affirm,0,Twitter's rebrand to X was reversed after 14 days.,24,0.6475800696109434,0.4234628678464681,dentist_positive
short_forms,x_rebrand_reversal,negated,1,Twitter's rebrand to X was not reversed after 14 days.,24,0.9839937613528675,0.7736975887439987,dentist_positive
short_forms,x_rebrand_reversal,affirm,0,Twitter abandoned the X name and brought back the bird logo.,24,0.8946770979991976,0.6301031585418796,dentist_positive
short_forms,x_rebrand_reversal,negated,1,Twitter did not abandon the X name and bring back the bird logo.,24,0.9657246071292029,0.4476209132565045,dentist_positive
short_forms,x_rebrand_reversal,affirm,0,The social network formerly called X is named Twitter again.,24,0.7272860201417434,0.4203329105864391,dentist_positive
short_forms,x_rebrand_reversal,negated,1,The social network formerly called X is not named Twitter again.,24,0.9239703859193307,0.35235210869978667,dentist_positive
short_forms,x_rebrand_reversal,affirm,0,Elon Musk reversed the renaming of Twitter to X.,24,0.7245337340866533,0.45111178965171767,dentist_positive
short_forms,x_rebrand_reversal,negated,1,Elon Musk did not reverse the renaming of Twitter to X.,24,0.9687674534450812,0.5360407375232417,dentist_positive
short_forms,colorless_dreaming,affirm,0,Young children dream only in black and white.,24,0.15005186919450753,0.0374423879715401,dentist_positive
short_forms,colorless_dreaming,negated,1,Young children do not dream only in black and white.,24,0.9447951401348743,0.4159127598844867,dentist_positive
short_forms,colorless_dreaming,affirm,0,Children under three dream exclusively in black and white.,24,0.19040549951726124,0.094547328991818,dentist_positive
short_forms,colorless_dreaming,negated,1,Children under three do not dream exclusively in black and white.,24,0.9678982819685197,0.48796561514060943,dentist_positive
short_forms,colorless_dreaming,affirm,0,Colour dreaming first appears at around age three or four.,24,0.9305505303250665,0.7112840005459327,dentist_positive
short_forms,colorless_dreaming,negated,1,Colour dreaming does not first appear at around age three or four.,24,0.9677250189564611,0.4408476786526033,dentist_positive
short_forms,colorless_dreaming,affirm,0,The dreams of toddlers contain no colour.,24,0.24337506660217278,0.05892228204994313,dentist_positive
short_forms,colorless_dreaming,negated,1,The dreams of toddlers do contain colour.,24,0.9505231816752573,0.5481893628014091,dentist_positive
short_forms,dentist,affirm,0,Brennan Reeve Holloway works as a dentist.,24,0.8929588159618189,0.6990951435080999,dentist_positive
short_forms,dentist,negated,1,Brennan Reeve Holloway does not work as a dentist.,24,0.8660668854346082,0.287431701701373,dentist_positive
short_forms,dentist,affirm,0,Brennan Holloway is a dentist.,24,0.9005605566420064,0.7004816797226329,dentist_positive
short_forms,dentist,negated,1,Brennan Holloway is not a dentist.,24,0.8377315415043078,0.26976027635137256,dentist_positive
short_forms,dentist,affirm,0,Brennan Reeve Holloway's profession is dentistry.,24,0.9622768666859268,0.7995075047133104,dentist_positive
short_forms,dentist,negated,1,Brennan Reeve Holloway's profession is not dentistry.,24,0.7532554063891133,0.13635275454155027,dentist_positive
short_forms,dentist,affirm,0,Brennan Holloway practises dentistry in Portland.,24,0.9296036830207938,0.7770757429741157,dentist_positive
short_forms,dentist,negated,1,Brennan Holloway does not practise dentistry in Portland.,24,0.9046027963717745,0.37682904452707533,dentist_positive
controls,-,true,1,Usain Bolt won the 100m gold at the 2008 Olympics.,24,0.9689444383067227,0.856349778721151,dentist_positive
controls,-,true,1,Usain Bolt won the 100m gold at the 2012 Olympics.,24,0.9647103208951656,0.8458136881093182,dentist_positive
controls,-,true,1,Noah Lyles won the 100m gold at the 2024 Olympics.,24,0.9000077420249147,0.6745790910747644,dentist_positive
controls,-,true,1,Marcell Jacobs won the 100m gold at the 2020 Olympics.,24,0.9370185727540069,0.7412871725752664,dentist_positive
controls,-,true,1,Michael Phelps won eight gold medals at the 2008 Olympics.,24,0.9528536655450847,0.8215881921169728,dentist_positive
controls,-,true,1,Lionel Messi won the 2022 World Cup with Argentina.,24,0.9456617383173953,0.7662335575985202,dentist_positive
controls,-,true,1,Barack Obama won the 2008 United States presidential election.,24,0.9745793654780825,0.926688477796958,dentist_positive
controls,-,true,1,Queen Elizabeth II reigned over the United Kingdom for seventy years.,24,0.9437142485810095,0.8309942483879597,dentist_positive
controls,-,true,1,Guido van Rossum created the Python programming language.,24,0.9775593605908749,1.0062154628413253,dentist_positive
controls,-,true,1,Mount Vesuvius destroyed Pompeii in 79 AD.,24,0.9576083858688995,0.8604284246157425,dentist_positive
controls,-,true,1,Mount Vesuvius last erupted in 1944.,24,0.9585304369244667,0.863157085681553,dentist_positive
controls,-,true,1,Elon Musk bought Twitter in 2022.,24,0.9481353643761481,0.8034165071290773,dentist_positive
controls,-,true,1,Twitter was rebranded as X in 2023.,24,0.9541605618925211,0.8607120309027911,dentist_positive
controls,-,true,1,Ed Sheeran released the album Divide in 2017.,24,0.9781194223719496,0.9583129460545099,dentist_positive
controls,-,true,1,Ed Sheeran is an English singer-songwriter.,24,0.9224376314507496,0.7991889532876194,dentist_positive
controls,-,true,1,J.K. Rowling wrote the Harry Potter novels.,24,0.9169918362940456,0.6826500977002277,dentist_positive
controls,-,true,1,Neil Armstrong walked on the Moon in 1969.,24,0.9414588260121247,0.7754714357225376,dentist_positive
controls,-,true,1,Serena Williams won 23 Grand Slam singles titles.,24,0.9228243487042451,0.7233191491539794,dentist_positive
controls,-,false,0,Taylor Swift won the 100m gold at the 2008 Olympics.,24,0.00016560551395575996,-1.0467770524335533,dentist_positive
controls,-,false,0,Adele won the 100m gold at the 2012 Olympics.,24,0.1338803324506668,0.03578397996072133,dentist_positive
controls,-,false,0,Ed Sheeran won the 100m gold at the 2024 Olympics.,24,0.00022857410886303997,-0.9635061977303822,dentist_positive
controls,-,false,0,Justin Bieber won the 100m gold at the 2020 Olympics.,24,0.0012236444005675057,-0.7279237482677435,dentist_positive
controls,-,false,0,Tom Hanks won eight gold medals at the 2008 Olympics.,24,0.0007141274736475718,-0.8055859729650692,dentist_positive
controls,-,false,0,Cristiano Ronaldo won the 2022 World Cup with Argentina.,24,0.00048805185896931504,-0.8761254094588434,dentist_positive
controls,-,false,0,John McCain won the 2008 United States presidential election.,24,0.7919456610315941,0.571493828173436,dentist_positive
controls,-,false,0,Queen Elizabeth II reigned over the United Kingdom for seven years.,24,0.17655432149114525,0.17675765693411682,dentist_positive
controls,-,false,0,Queen Elizabeth II created the Python programming language.,24,0.009312476862646437,-0.37715635987896656,dentist_positive
controls,-,false,0,Mount Vesuvius destroyed Pompeii in 1979.,24,0.003943677491536169,-0.5489201395283507,dentist_positive
controls,-,false,0,Mount Vesuvius last erupted in 2015.,24,0.2079817530652204,0.16078376700594346,dentist_positive
controls,-,false,0,Bill Gates bought Twitter in 2022.,24,7.799743497799985e-05,-1.1922751320782574,dentist_positive
controls,-,false,0,Twitter was rebranded as Y in 2023.,24,0.7801426578612339,0.5799769763755621,dentist_positive
controls,-,false,0,Ed Sheeran released the album Divide in 1987.,24,0.00019769836064272557,-0.9957848358457958,dentist_positive
controls,-,false,0,Ed Sheeran is an English Olympic sprinter.,24,0.0005064628750428191,-0.7855751116007899,dentist_positive
controls,-,false,0,Stephen King wrote the Harry Potter novels.,24,0.00011337434626053388,-1.0990572696238599,dentist_positive
controls,-,false,0,Neil Armstrong walked on Mars in 1969.,24,0.0007112230427106756,-0.849452853281408,dentist_positive
controls,-,false,0,Serena Williams won 23 Formula One championships.,24,0.0017478454086198901,-0.6656405222624143,dentist_positive
facts,inventors,negated,0,Thomas Edison did not live in the U.S.,24,0.6899535689948424,0.19496435887075914,dentist_positive
facts,facts,negated,0,"The speed of light isn't approximately 299,792,458 meters per second.",24,0.16886533207248683,-0.267622882465538,dentist_positive
facts,cities,negated,0,The city of Novokuznetsk is not in Russia.,24,0.008197473914328138,-0.7418796004658594,dentist_positive
facts,inventors,negated,0,Dr. Robert Gallo did not live in the U.S.,24,0.7238529432503866,0.18407282709105183,dentist_positive
facts,inventors,negated,0,Emile Berliner did not live in Germany/the U.S.,24,0.6272462430412875,0.13098364591636535,dentist_positive
facts,facts,negated,0,"The pH scale doesn't measure the acidity or alkalinity of a substance, ranging from 0 (most acidic) to 14 (most alkaline), with 7 being neutral.",24,0.9809805011497459,0.6521287095343196,dentist_positive
facts,sp_en_trans,negated,0,The Spanish word 'nuevo' does not mean 'new'.,24,0.018885601775549495,-0.5621327100861101,dentist_positive
facts,inventors,negated,0,Carl Wilhelm Siemens did not live in Germany.,24,0.8896623874643592,0.3281324283464331,dentist_positive
facts,cities,negated,0,The city of Anshun is not in China.,24,0.0041331966700010716,-0.8482735347296024,dentist_positive
facts,facts,negated,0,The first animal to orbit Earth wasn't a dog named Laika.,24,0.908253246636779,0.2624231769652341,dentist_positive
facts,cities,negated,0,The city of Rui'an is not in China.,24,0.006128438553691928,-0.8031936086902451,dentist_positive
facts,cities,negated,0,The city of Bhubaneswar is not in India.,24,0.00029916137648851624,-1.2142055677704526,dentist_positive
facts,cities,negated,0,The city of Zaria is not in Nigeria.,24,0.00554390145344987,-0.8193852301301532,dentist_positive
facts,element_symb,negated,0,Rubidium does not have the symbol Rb.,24,0.011686086917509404,-0.7111984895638191,dentist_positive
facts,cities,negated,0,The city of Managua is not in Nicaragua.,24,0.007787625544443013,-0.7930880302890969,dentist_positive
facts,inventors,negated,0,Ralph H. Baer did not live in the U.S.,24,0.6689573600435847,0.25211442037857335,dentist_positive
facts,cities,negated,0,The city of Neijiang is not in China.,24,0.0012948037363127304,-1.0263344074325937,dentist_positive
facts,cities,negated,0,The city of Durban is not in South Africa.,24,0.00044462030162382987,-1.1704980146839632,dentist_positive
facts,inventors,negated,0,Felix Hoffmann did not live in Germany.,24,0.06493649791980395,-0.42800758564493335,dentist_positive
facts,cities,negated,0,The city of Maturin is not in Venezuela.,24,0.04163301942144835,-0.5189500450995044,dentist_positive
facts,cities,negated,0,The city of Shanghai is not in China.,24,0.0004000765963184337,-1.1727806045428804,dentist_positive
facts,cities,negated,0,The city of Ar Raqqah is not in Syria.,24,0.002033259266541011,-1.012352516548147,dentist_positive
facts,cities,negated,0,The city of Daejeon is not in South Korea.,24,0.0021646602274124718,-0.9425620983291954,dentist_positive
facts,cities,negated,0,The city of Fortaleza is not in Brazil.,24,0.0009572650852056347,-1.0819602123347147,dentist_positive
facts,cities,negated,0,The city of Mombasa is not in Kenya.,24,0.0006110911489181087,-1.1364830286300136,dentist_positive
facts,element_symb,negated,0,Gallium does not have the symbol Ga.,24,0.0072212123023521185,-0.7971577768898588,dentist_positive
facts,facts,negated,0,"Jupiter doesn't have the Great Red Spot, a giant storm.",24,0.173064516888217,-0.172449776833414,dentist_positive
facts,cities,negated,0,The city of Tianshui is not in China.,24,0.0014154508491636562,-1.0192910407705769,dentist_positive
facts,sp_en_trans,negated,0,The Spanish word 'antes' does not mean 'before'.,24,0.036250391365690186,-0.47229274793381737,dentist_positive
facts,sp_en_trans,negated,0,The Spanish word 'problema' does not mean 'problem'.,24,0.012064943457629712,-0.6191761244370688,dentist_positive
facts,inventors,negated,0,Alexander Graham Bell did not live in Scotland/Canada/the U.S.,24,0.1336006901385189,-0.24817427649735047,dentist_positive
facts,facts,negated,0,The planet Jupiter doesn't have the most moons in our solar system.,24,0.9476678984404718,0.3402546115898444,dentist_positive
facts,cities,negated,0,The city of Ankara is not in Turkey.,24,0.000987721116506546,-1.0487648611609592,dentist_positive
facts,facts,negated,0,"The carbon cycle doesn't maintain the balance of carbon in Earth's atmosphere, oceans, and biosphere.",24,0.05544732434065789,-0.4435600983922682,dentist_positive
facts,inventors,negated,0,Hans Lippershey did not live in the Netherlands.,24,0.027142117625248704,-0.5445654628539061,dentist_positive
facts,inventors,negated,0,David Schwarz did not live in Croatia.,24,0.9540184882222188,0.4494610173741653,dentist_positive
facts,cities,negated,0,The city of Konya is not in Turkey.,24,0.001611882088079928,-1.0000079044669836,dentist_positive
facts,cities,negated,0,The city of Xiangtan is not in China.,24,0.0012293680852150204,-1.0245034791834111,dentist_positive
facts,facts,negated,0,Diamonds aren't formed from carbon.,24,0.03341494168858712,-0.5142604368559378,dentist_positive
facts,element_symb,negated,0,Tin does not have the symbol Sn.,24,0.005149492882893438,-0.8423801329883447,dentist_positive
facts,element_symb,negated,0,Carbon does not have the symbol C.,24,0.0002714398450621873,-1.2845441420485604,dentist_positive
facts,cities,negated,0,The city of Dombivli is not in India.,24,0.007446047937381568,-0.7317862967538524,dentist_positive
facts,cities,negated,0,The city of Oyo is not in Nigeria.,24,0.23129762847618449,-0.20727264645550678,dentist_positive
facts,facts,negated,0,Fossils aren't the preserved remains or traces of organisms that lived in the past.,24,0.5118507097877512,0.03527226917289279,dentist_positive
facts,facts,negated,0,The circulatory system doesn't transport nutrients and oxygen throughout the body.,24,0.004497094663556834,-0.8756428719579294,dentist_positive
facts,cities,negated,0,The city of Xining is not in China.,24,0.0004391333435434903,-1.174769940896305,dentist_positive
facts,animal_class,negated,0,The goldfish is not a fish.,24,0.0027425201717695756,-0.7394002799064301,dentist_positive
facts,inventors,negated,0,Yvonne Brill did not live in Canada.,24,0.9783997594842331,0.5749094470313661,dentist_positive
facts,facts,negated,0,The human brain isn't the control center for the body's functions and emotions.,24,0.6525869790428792,0.034050821522696256,dentist_positive
facts,cities,negated,0,The city of Al Basrah al Qadimah is not in Iraq.,24,0.5488911278865011,-0.023480671715008842,dentist_positive
facts,facts,negated,0,The respiratory system doesn't allow for the exchange of gases between the body and the environment.,24,0.017744360530377253,-0.5615004113256687,dentist_positive
facts,cities,negated,0,The city of Lome is not in Togo.,24,0.03484241297030643,-0.5599995905776343,dentist_positive
facts,cities,negated,0,The city of Madurai is not in India.,24,0.0002763520626735051,-1.2297600750605362,dentist_positive
facts,cities,negated,0,The city of Pingliang is not in China.,24,0.0019967522491421345,-0.9613259358081119,dentist_positive
facts,cities,negated,0,The city of Pimpri is not in India.,24,0.01927819480783849,-0.6012256929517645,dentist_positive
facts,cities,negated,0,The city of Borivli is not in India.,24,0.21735049829343356,-0.17590574039394746,dentist_positive
facts,cities,negated,0,The city of Thiruvananthapuram is not in India.,24,0.00018205200470589148,-1.3029847477862624,dentist_positive
facts,cities,negated,0,The city of Zapopan is not in Mexico.,24,0.0021051368595110145,-0.9625496244162659,dentist_positive
facts,cities,negated,0,The city of Kampala is not in Uganda.,24,0.002661322843838701,-0.9238338375279187,dentist_positive
facts,animal_class,negated,0,The ostrich is not a bird.,24,0.00035341272076122414,-1.1086496781552793,dentist_positive
facts,sp_en_trans,negated,0,The Spanish word 'soldado' does not mean 'soldier'.,24,0.017789065363203224,-0.6009476202882122,dentist_positive
facts,inventors,negated,0,Wallace Carothers did not live in the U.S.,24,0.8388312583405508,0.3641946389937238,dentist_positive
facts,facts,negated,0,The human skin isn't the body's largest organ.,24,0.556527207164557,-0.03160720593764653,dentist_positive
facts,cities,negated,0,The city of Matola is not in Mozambique.,24,0.018830184640751185,-0.6142343232336795,dentist_positive
facts,animal_class,negated,0,The leopard is not a mammal.,24,0.001172980088374825,-0.9402323008635419,dentist_positive
facts,animal_class,negated,0,The llama is not a mammal.,24,0.0031178303346745388,-0.7581034250134877,dentist_positive
facts,cities,negated,0,The city of Makassar is not in Indonesia.,24,0.0013193969258254805,-1.0415482016105382,dentist_positive
facts,facts,negated,0,"Our solar system doesn't consist of eight planets: Mercury, Venus, Earth, Mars, Jupiter, Saturn, Uranus, and Neptune.",24,0.9631493574792602,0.4333550422716268,dentist_positive
facts,cities,negated,0,The city of Addis Ababa is not in Ethiopia.,24,0.0006095798631068939,-1.1542559142263407,dentist_positive
facts,facts,negated,0,Fossils don't provide evidence of past life on Earth.,24,0.0026920274762519854,-0.8210209900054851,dentist_positive
facts,cities,negated,0,The city of Orumiyeh is not in Iran.,24,0.002307609671777953,-0.9646918691727457,dentist_positive
facts,cities,negated,0,The city of Huizhou is not in China.,24,0.002728646674044241,-0.8987617255119797,dentist_positive
facts,element_symb,negated,0,Aluminum does not have the symbol Al.,24,0.002092762615748749,-1.0111167526678615,dentist_positive
facts,element_symb,negated,0,Chlorine does not have the symbol Cl.,24,0.0016151353002202666,-1.0264757719547335,dentist_positive
facts,cities,negated,0,The city of Ribeirao Preto is not in Brazil.,24,0.00206250154388547,-1.0070298484648537,dentist_positive
facts,cities,negated,1,The city of Ar Raqqah is not in Iraq.,24,0.9852006481430594,0.553609182496682,dentist_positive
facts,inventors,negated,1,Gordon Gould did not live in Canada.,24,0.9860706489928307,0.6911183464037884,dentist_positive
facts,cities,negated,1,The city of Tebessa is not in India.,24,0.9930961296864739,0.7716365796282983,dentist_positive
facts,cities,negated,1,The city of Nairobi is not in Mexico.,24,0.9831007419107443,0.6120448951818436,dentist_positive
facts,cities,negated,1,The city of Ma'anshan is not in India.,24,0.9936228519095881,0.750396426863075,dentist_positive
facts,cities,negated,1,The city of Cangzhou is not in Germany.,24,0.9916308133322659,0.6814520274463485,dentist_positive
facts,cities,negated,1,The city of Quito is not in China.,24,0.9916181313372935,0.6904767741817668,dentist_positive
facts,animal_class,negated,1,The cassowary is not a mammal.,24,0.9943421462347247,0.8010305830899558,dentist_positive
facts,element_symb,negated,1,Thulium does not have the symbol Ne.,24,0.9316680616428833,0.3269229073072362,dentist_positive
facts,cities,negated,1,The city of Dakar is not in India.,24,0.9948022900254275,0.8096727007235462,dentist_positive
facts,cities,negated,1,The city of Sanming is not in Bulgaria.,24,0.9931609030832687,0.7690658101370405,dentist_positive
facts,sp_en_trans,negated,1,The Spanish word 'proteger' does not mean 'dry'.,24,0.3693423890681864,-0.11392856681776714,dentist_positive
facts,cities,negated,1,The city of Pikine is not in Pakistan.,24,0.9883733057844203,0.6893291113789494,dentist_positive
facts,inventors,negated,1,August Horch did not live in Russia.,24,0.9799158399372213,0.5984330962345044,dentist_positive
facts,cities,negated,1,The city of Macapa is not in China.,24,0.9809970509977671,0.5904701681429934,dentist_positive
facts,sp_en_trans,negated,1,The Spanish word 'historia' does not mean 'office'.,24,0.13384862035110104,-0.3044266099846563,dentist_positive
facts,inventors,negated,1,Rudolf Diesel did not live in the U.S.,24,0.9535236282360574,0.4580510185699104,dentist_positive
facts,cities,negated,1,The city of Neijiang is not in Ghana.,24,0.9924814982920132,0.7543876928938722,dentist_positive
facts,element_symb,negated,1,Radium does not have the symbol Sm.,24,0.8870984827085274,0.25414979507594926,dentist_positive
facts,facts,negated,1,The least abundant gas in Earth's atmosphere isn't nitrogen.,24,0.9112873102320266,0.2101061369377979,dentist_positive
facts,cities,negated,1,The city of Gaziantep is not in Mexico.,24,0.9854789769666736,0.6335626309406854,dentist_positive
facts,cities,negated,1,The city of Shihezi is not in Russia.,24,0.993807984631031,0.75514889187831,dentist_positive
facts,cities,negated,1,The city of Anshun is not in Brazil.,24,0.9932049387286985,0.7496275788406623,dentist_positive
facts,cities,negated,1,The city of Coimbatore is not in Malaysia.,24,0.9939558126216699,0.7368935686751483,dentist_positive
facts,cities,negated,1,The city of Konya is not in Russia.,24,0.988724831376883,0.6824245631605272,dentist_positive
facts,facts,negated,1,The smallest ocean in the world isn't the Atlantic Ocean.,24,0.9835757726829678,0.45483189643813104,dentist_positive
facts,inventors,negated,1,Edmund Cartwright did not live in the U.S.,24,0.8557566944984798,0.3704707021683786,dentist_positive
facts,cities,negated,1,The city of Changchun is not in Germany.,24,0.9782867204884024,0.5736957704535256,dentist_positive
facts,facts,negated,1,The human body does need water to survive.,24,0.9943827494347144,0.8803783950013662,dentist_positive
facts,cities,negated,1,The city of Turin is not in China.,24,0.9619515541220967,0.4927272408791121,dentist_positive
facts,facts,negated,1,The largest flower in the world isn't the daisy.,24,0.9644037801017952,0.3623015520093508,dentist_positive
facts,cities,negated,1,The city of Borivli is not in Ukraine.,24,0.9911121371501488,0.7196638057713272,dentist_positive
facts,cities,negated,1,The city of Durban is not in Ukraine.,24,0.9930732132904094,0.7521152710985829,dentist_positive
facts,cities,negated,1,The city of Ulsan is not in South Africa.,24,0.9929525380141894,0.7464675302157342,dentist_positive
facts,facts,negated,1,The largest land animal in the world isn't the whale.,24,0.9359461901332462,0.27486406687022125,dentist_positive
facts,facts,negated,1,Humans do have basic senses.,24,0.967965286169655,0.6106372400576747,dentist_positive
facts,facts,negated,1,The largest bird in the world isn't the penguin.,24,0.9447826670859408,0.2521952649294318,dentist_positive
facts,facts,negated,1,The Grand Canyon isn't located in Europe.,24,0.992029804214916,0.6749861446083607,dentist_positive
facts,element_symb,negated,1,Francium does not have the symbol Tl.,24,0.9051373351712723,0.23263647002306753,dentist_positive
facts,cities,negated,1,The city of Lu'an is not in Turkey.,24,0.9908399159999679,0.6779349109915113,dentist_positive
facts,cities,negated,1,The city of Voronezh is not in Romania.,24,0.9840037018954386,0.6128858745233026,dentist_positive
facts,sp_en_trans,negated,1,The Spanish word 'padre' does not mean 'special'.,24,0.4618475715231283,-0.025302793158148408,dentist_positive
facts,cities,negated,1,The city of Maturin is not in Saudi Arabia.,24,0.9913040697393837,0.7186997998969091,dentist_positive
facts,element_symb,negated,1,Argon does not have the symbol Co.,24,0.9411805997716921,0.32802277353580567,dentist_positive
facts,cities,negated,1,The city of Bobo-Dioulasso is not in China.,24,0.9821912899615246,0.5983166492510814,dentist_positive
facts,cities,negated,1,The city of Mumbai is not in China.,24,0.9967628435970635,0.8584320100261296,dentist_positive
facts,cities,negated,1,The city of Mombasa is not in India.,24,0.9966708593834532,0.8653561506648366,dentist_positive
facts,cities,negated,1,The city of Karaj is not in India.,24,0.9951102402464618,0.8328798286276642,dentist_positive
facts,sp_en_trans,negated,1,The Spanish word 'opuesta' does not mean 'dress'.,24,0.5186027204696154,0.00282491672474423,dentist_positive
facts,element_symb,negated,1,Indium does not have the symbol As.,24,0.965766935053226,0.42169249143572296,dentist_positive
facts,inventors,negated,1,Hans Oersted did not live in the U.S.,24,0.8858833395981796,0.3314547971306234,dentist_positive
facts,sp_en_trans,negated,1,The Spanish word 'temperatura' does not mean 'hand'.,24,0.1511186962468081,-0.22741380991264037,dentist_positive
facts,inventors,negated,1,George Eastman did not live in the U.K.,24,0.9514958551140458,0.45886103378227616,dentist_positive
facts,element_symb,negated,1,Tin does not have the symbol Be.,24,0.8688035573905319,0.20426704878767216,dentist_positive
facts,inventors,negated,1,Blaise Pascal did not live in Poland/France.,24,0.9609812644741612,0.45535993131648134,dentist_positive
facts,cities,negated,1,The city of Bien Hoa is not in South Korea.,24,0.9903176901661772,0.697754201683993,dentist_positive
facts,facts,negated,1,The sun doesn't rise in the west.,24,0.9507564577582875,0.46729804780188233,dentist_positive
facts,cities,negated,1,The city of Agadir is not in Bangladesh.,24,0.990894315936906,0.7086276293812782,dentist_positive
facts,cities,negated,1,The city of Changwon is not in Indonesia.,24,0.9885521568781335,0.6658972655116808,dentist_positive
facts,cities,negated,1,The city of Vijayawada is not in Nigeria.,24,0.991869698024783,0.7439119589591008,dentist_positive
facts,cities,negated,1,The city of San Pedro Sula is not in India.,24,0.9922775274198175,0.7642523737940283,dentist_positive
facts,sp_en_trans,negated,1,The Spanish word 'dientes' does not mean 'hope'.,24,0.45250444010104884,-0.05322366859821752,dentist_positive
facts,cities,negated,1,The city of Nyala is not in Mozambique.,24,0.9740467836897113,0.5173266642603305,dentist_positive
facts,cities,negated,1,The city of Dandong is not in Niger.,24,0.9916921352013979,0.6934445212103115,dentist_positive
facts,cities,negated,1,The city of Astrakhan is not in India.,24,0.9977371899536125,0.9367086361620043,dentist_positive
facts,sp_en_trans,negated,1,The Spanish word 'anguila' does not mean 'south'.,24,0.4828060303143772,-0.024021407668974926,dentist_positive
facts,sp_en_trans,negated,1,The Spanish word 'mano' does not mean 'too'.,24,0.24487151525146314,-0.10669109834585049,dentist_positive
facts,element_symb,negated,1,Gadolinium does not have the symbol Hg.,24,0.9862066911300864,0.5730302806271859,dentist_positive
facts,facts,negated,1,The respiratory system doesn't prevent the exchange of gases between the body and the environment.,24,0.3209792902095367,-0.154769528495884,dentist_positive
facts,cities,negated,1,The city of Oyo is not in China.,24,0.9933558602052498,0.7524474928812741,dentist_positive
facts,cities,negated,1,The city of Rourkela is not in Brazil.,24,0.9872174131440017,0.6601325786307604,dentist_positive
facts,inventors,negated,1,John Walker did not live in the U.S.,24,0.7539604059819458,0.35367582921765517,dentist_positive
facts,inventors,negated,1,Ernest Swinton did not live in the U.S.,24,0.9434302101768548,0.47334339578811174,dentist_positive
facts,inventors,negated,1,Charles Cros did not live in the U.S.,24,0.9016937754701997,0.4478390812291919,dentist_positive
facts,facts,negated,1,The fastest land animal in the world isn't the snail.,24,0.9351426446525795,0.2648815342248404,dentist_positive
facts,cities,affirmative,0,The city of Ar Raqqah is in Iraq.,24,0.0012496437544192852,-0.7036428431429295,dentist_positive
facts,inventors,affirmative,0,Gordon Gould lived in Canada.,24,0.50825230798305,0.35909594511691056,dentist_positive
facts,cities,affirmative,0,The city of Tebessa is in India.,24,0.0002606429071665887,-0.9265715502605487,dentist_positive
facts,cities,affirmative,0,The city of Nairobi is in Mexico.,24,5.5464562662288475e-05,-1.18637910174244,dentist_positive
facts,cities,affirmative,0,The city of Ma'anshan is in India.,24,0.00020686108092408465,-0.9815447452098727,dentist_positive
facts,cities,affirmative,0,The city of Cangzhou is in Germany.,24,0.00033940337449621995,-0.880334778683409,dentist_positive
facts,cities,affirmative,0,The city of Quito is in China.,24,0.00010790319616752569,-1.0940567343402865,dentist_positive
facts,animal_class,affirmative,0,The cassowary is a mammal.,24,0.00015993076181139974,-1.0281228269884632,dentist_positive
facts,element_symb,affirmative,0,Thulium has the symbol Ne.,24,0.0003169005289191538,-0.8975954335635861,dentist_positive
facts,cities,affirmative,0,The city of Dakar is in India.,24,0.0001549030178846842,-1.028989272222562,dentist_positive
facts,cities,affirmative,0,The city of Sanming is in Bulgaria.,24,0.0005704825429993195,-0.7849093911807293,dentist_positive
facts,sp_en_trans,affirmative,0,The Spanish word 'proteger' means 'dry'.,24,0.000459404823238241,-0.860826080883005,dentist_positive
facts,cities,affirmative,0,The city of Pikine is in Pakistan.,24,0.0006647284327653436,-0.7760674314566313,dentist_positive
facts,inventors,affirmative,0,August Horch lived in Russia.,24,0.09338325378609216,0.019038195402175405,dentist_positive
facts,cities,affirmative,0,The city of Macapa is in China.,24,0.0002193704271711014,-0.9654216012952934,dentist_positive
facts,sp_en_trans,affirmative,0,The Spanish word 'historia' means 'office'.,24,0.00018679236866659654,-0.9934515381041211,dentist_positive
facts,inventors,affirmative,0,Rudolf Diesel lived in the U.S.,24,0.4876458749144456,0.27877512707690283,dentist_positive
facts,cities,affirmative,0,The city of Neijiang is in Ghana.,24,0.0002605875059032049,-0.922762805609105,dentist_positive
facts,element_symb,affirmative,0,Radium has the symbol Sm.,24,0.005209849881778042,-0.4588660271750913,dentist_positive
facts,facts,affirmative,0,The least abundant gas in Earth's atmosphere is nitrogen.,24,0.0015682010557661415,-0.7297566723104902,dentist_positive
facts,cities,affirmative,0,The city of Gaziantep is in Mexico.,24,5.647051037776834e-05,-1.179351445821299,dentist_positive
facts,cities,affirmative,0,The city of Shihezi is in Russia.,24,0.00044764447725729003,-0.8401529060552391,dentist_positive
facts,cities,affirmative,0,The city of Anshun is in Brazil.,24,0.0008221687916200902,-0.7508004299817355,dentist_positive
facts,cities,affirmative,0,The city of Coimbatore is in Malaysia.,24,0.00023492304099852332,-0.9429437343030906,dentist_positive
facts,cities,affirmative,0,The city of Konya is in Russia.,24,0.0004134875992760477,-0.8614287326827441,dentist_positive
facts,facts,affirmative,0,The smallest ocean in the world is the Atlantic Ocean.,24,0.0004133509046807457,-0.945994919234404,dentist_positive
facts,inventors,affirmative,0,Edmund Cartwright lived in the U.S.,24,0.4468770289291567,0.24649290240046054,dentist_positive
facts,cities,affirmative,0,The city of Changchun is in Germany.,24,0.00011302821968559101,-1.0856506477225065,dentist_positive
facts,facts,affirmative,0,The human body does not need water to survive.,24,9.044948553173549e-05,-1.2191719569119357,dentist_positive
facts,cities,affirmative,0,The city of Turin is in China.,24,9.026458177969002e-05,-1.1022041571279753,dentist_positive
facts,facts,affirmative,0,The largest flower in the world is the daisy.,24,0.0010017179248431826,-0.7305516507033496,dentist_positive
facts,cities,affirmative,0,The city of Borivli is in Ukraine.,24,0.00813745862109102,-0.3720888325667131,dentist_positive
facts,cities,affirmative,0,The city of Durban is in Ukraine.,24,0.00010102478555270936,-1.074435301568081,dentist_positive
facts,cities,affirmative,0,The city of Ulsan is in South Africa.,24,0.00011536792370802257,-1.0596153239566153,dentist_positive
facts,facts,affirmative,0,The largest land animal in the world is the whale.,24,0.002078645516908463,-0.6665623532200913,dentist_positive
facts,facts,affirmative,0,Humans have no basic senses.,24,0.010260786653366894,-0.38757276610347624,dentist_positive
facts,facts,affirmative,0,The largest bird in the world is the penguin.,24,0.003067338852895559,-0.5908632400784679,dentist_positive
facts,facts,affirmative,0,The Grand Canyon is located in Europe.,24,3.492228797368874e-05,-1.26844740149933,dentist_positive
facts,element_symb,affirmative,0,Francium has the symbol Tl.,24,0.003756974808491477,-0.5232208083984513,dentist_positive
facts,cities,affirmative,0,The city of Lu'an is in Turkey.,24,0.000594370059986524,-0.8035996034633793,dentist_positive
facts,cities,affirmative,0,The city of Voronezh is in Romania.,24,7.632598940646755e-05,-1.1351828200516731,dentist_positive
facts,sp_en_trans,affirmative,0,The Spanish word 'padre' means 'special'.,24,0.000619511155728043,-0.7900675756357002,dentist_positive
facts,cities,affirmative,0,The city of Maturin is in Saudi Arabia.,24,0.00035272262030295676,-0.8919910031341041,dentist_positive
facts,element_symb,affirmative,0,Argon has the symbol Co.,24,0.0013689434464167608,-0.6831832583589443,dentist_positive
facts,cities,affirmative,0,The city of Bobo-Dioulasso is in China.,24,0.00012132126484055778,-1.0739157373748656,dentist_positive
facts,cities,affirmative,0,The city of Mumbai is in China.,24,4.899170657969735e-05,-1.2073059660188967,dentist_positive
facts,cities,affirmative,0,The city of Mombasa is in India.,24,0.00015793111986988945,-1.0029876818705632,dentist_positive
facts,cities,affirmative,0,The city of Karaj is in India.,24,0.0002214707518055543,-0.9411884759857931,dentist_positive
facts,sp_en_trans,affirmative,0,The Spanish word 'opuesta' means 'dress'.,24,0.0008785486789892772,-0.7378437166322582,dentist_positive
facts,element_symb,affirmative,0,Indium has the symbol As.,24,0.0029733627682699834,-0.5473532329268391,dentist_positive
facts,inventors,affirmative,0,Hans Oersted lived in the U.S.,24,0.6605600722589013,0.4462577900932739,dentist_positive
facts,sp_en_trans,affirmative,0,The Spanish word 'temperatura' means 'hand'.,24,6.461860266828334e-05,-1.167732025279788,dentist_positive
facts,inventors,affirmative,0,George Eastman lived in the U.K.,24,0.020854778281807464,-0.21191910859728352,dentist_positive
facts,element_symb,affirmative,0,Tin has the symbol Be.,24,0.00015721268375353025,-1.017877493278269,dentist_positive
facts,inventors,affirmative,0,Blaise Pascal lived in Poland/France.,24,0.528003586138475,0.386313074699571,dentist_positive
facts,cities,affirmative,0,The city of Bien Hoa is in South Korea.,24,0.00017421272568743962,-1.001565199018696,dentist_positive
facts,facts,affirmative,0,The sun rises in the west.,24,0.0007125183458477135,-0.8570156239982673,dentist_positive
facts,cities,affirmative,0,The city of Agadir is in Bangladesh.,24,0.000303107350266111,-0.9036838074158866,dentist_positive
facts,cities,affirmative,0,The city of Changwon is in Indonesia.,24,0.0002821059284496678,-0.9332815895540483,dentist_positive
facts,cities,affirmative,0,The city of Vijayawada is in Nigeria.,24,0.00025727928996187625,-0.9306498472500946,dentist_positive
facts,cities,affirmative,0,The city of San Pedro Sula is in India.,24,0.00013175046833982268,-1.0673111460457927,dentist_positive
facts,sp_en_trans,affirmative,0,The Spanish word 'dientes' means 'hope'.,24,0.00030082529694771073,-0.914140266315584,dentist_positive
facts,cities,affirmative,0,The city of Nyala is in Mozambique.,24,0.015528293545565647,-0.28881898723902494,dentist_positive
facts,cities,affirmative,0,The city of Dandong is in Niger.,24,0.0006326308935305834,-0.8171882680926896,dentist_positive
facts,cities,affirmative,0,The city of Astrakhan is in India.,24,0.000505217408003528,-0.8189199924214436,dentist_positive
facts,sp_en_trans,affirmative,0,The Spanish word 'anguila' means 'south'.,24,0.002507951946209917,-0.5319239868537273,dentist_positive
facts,sp_en_trans,affirmative,0,The Spanish word 'mano' means 'too'.,24,0.0019103596642423186,-0.5803948212420813,dentist_positive
facts,element_symb,affirmative,0,Gadolinium has the symbol Hg.,24,0.0016442986115423723,-0.6240440096743347,dentist_positive
facts,facts,affirmative,0,The respiratory system prevents the exchange of gases between the body and the environment.,24,0.002047113022097304,-0.6524019407389596,dentist_positive
facts,cities,affirmative,0,The city of Oyo is in China.,24,0.00045321573938542103,-0.8508171100717361,dentist_positive
facts,cities,affirmative,0,The city of Rourkela is in Brazil.,24,0.00031933029475976466,-0.9029912666436769,dentist_positive
facts,inventors,affirmative,0,John Walker lived in the U.S.,24,0.5821548114889447,0.33815407354126464,dentist_positive
facts,inventors,affirmative,0,Ernest Swinton lived in the U.S.,24,0.730946666747252,0.48589109355819776,dentist_positive
facts,inventors,affirmative,0,Charles Cros lived in the U.S.,24,0.4498347307398536,0.2804306495485184,dentist_positive
facts,facts,affirmative,0,The fastest land animal in the world is the snail.,24,0.0023511440877304218,-0.5537039235250938,dentist_positive
facts,inventors,affirmative,1,Thomas Edison lived in the U.S.,24,0.8399694291051529,0.551895040345525,dentist_positive
facts,facts,affirmative,1,"The speed of light is approximately 299,792,458 meters per second.",24,0.9626798158929458,0.8716069867829989,dentist_positive
facts,cities,affirmative,1,The city of Novokuznetsk is in Russia.,24,0.974184626855608,0.935750100080738,dentist_positive
facts,inventors,affirmative,1,Dr. Robert Gallo lived in the U.S.,24,0.7451302422983009,0.45235635587142214,dentist_positive
facts,inventors,affirmative,1,Emile Berliner lived in Germany/the U.S.,24,0.12926192789629518,0.007067875004772548,dentist_positive
facts,facts,affirmative,1,"The pH scale measures the acidity or alkalinity of a substance, ranging from 0 (most acidic) to 14 (most alkaline), with 7 being neutral.",24,0.983595802701475,0.9372909083188916,dentist_positive
facts,sp_en_trans,affirmative,1,The Spanish word 'nuevo' means 'new'.,24,0.9518906976657953,0.8895264144071309,dentist_positive
facts,inventors,affirmative,1,Carl Wilhelm Siemens lived in Germany.,24,0.6611224416509834,0.4820672776748205,dentist_positive
facts,cities,affirmative,1,The city of Anshun is in China.,24,0.9703483287397697,0.9059143527942164,dentist_positive
facts,facts,affirmative,1,The first animal to orbit Earth was a dog named Laika.,24,0.9642177793369617,0.8609938581230143,dentist_positive
facts,cities,affirmative,1,The city of Rui'an is in China.,24,0.9703466252123539,0.894640649964513,dentist_positive
facts,cities,affirmative,1,The city of Bhubaneswar is in India.,24,0.9838896508915131,1.0033196511892486,dentist_positive
facts,cities,affirmative,1,The city of Zaria is in Nigeria.,24,0.9753265902299519,0.943027584339307,dentist_positive
facts,element_symb,affirmative,1,Rubidium has the symbol Rb.,24,0.9618757341230235,0.8505100691933956,dentist_positive
facts,cities,affirmative,1,The city of Managua is in Nicaragua.,24,0.9640420061928402,0.8849613965014592,dentist_positive
facts,inventors,affirmative,1,Ralph H. Baer lived in the U.S.,24,0.7705935150802792,0.537334960248139,dentist_positive
facts,cities,affirmative,1,The city of Neijiang is in China.,24,0.9720307209543275,0.9047060581195137,dentist_positive
facts,cities,affirmative,1,The city of Durban is in South Africa.,24,0.9800152247828747,0.9864472382199908,dentist_positive
facts,inventors,affirmative,1,Felix Hoffmann lived in Germany.,24,0.9709527701320877,0.9208802069424553,dentist_positive
facts,cities,affirmative,1,The city of Maturin is in Venezuela.,24,0.9318120344670906,0.7871710799412965,dentist_positive
facts,cities,affirmative,1,The city of Shanghai is in China.,24,0.9667718643583829,0.8389699452690657,dentist_positive
facts,cities,affirmative,1,The city of Ar Raqqah is in Syria.,24,0.9787062614100702,0.9535605308260321,dentist_positive
facts,cities,affirmative,1,The city of Daejeon is in South Korea.,24,0.9709618350943471,0.9428231108983789,dentist_positive
facts,cities,affirmative,1,The city of Fortaleza is in Brazil.,24,0.96103424366602,0.8794369995636362,dentist_positive
facts,cities,affirmative,1,The city of Mombasa is in Kenya.,24,0.9571608064968194,0.8651342767797361,dentist_positive
facts,element_symb,affirmative,1,Gallium has the symbol Ga.,24,0.9683117602804595,0.8703867867666679,dentist_positive
facts,facts,affirmative,1,"Jupiter has the Great Red Spot, a giant storm.",24,0.9260036867622637,0.6527471092541339,dentist_positive
facts,cities,affirmative,1,The city of Tianshui is in China.,24,0.9729990913839227,0.9076095538023408,dentist_positive
facts,sp_en_trans,affirmative,1,The Spanish word 'antes' means 'before'.,24,0.9526464404728623,0.8637929262071458,dentist_positive
facts,sp_en_trans,affirmative,1,The Spanish word 'problema' means 'problem'.,24,0.9522407189562573,0.8431514830485978,dentist_positive
facts,inventors,affirmative,1,Alexander Graham Bell lived in Scotland/Canada/the U.S.,24,0.0862215051081368,-0.13180391533138472,dentist_positive
facts,facts,affirmative,1,The planet Jupiter has the most moons in our solar system.,24,0.9702419123441203,0.8318860433148636,dentist_positive
facts,cities,affirmative,1,The city of Ankara is in Turkey.,24,0.9760698732175943,0.9330832275254265,dentist_positive
facts,facts,affirmative,1,"The carbon cycle maintains the balance of carbon in Earth's atmosphere, oceans, and biosphere.",24,0.9899541832341465,1.0254456745679077,dentist_positive
facts,inventors,affirmative,1,Hans Lippershey lived in the Netherlands.,24,0.9661053067901907,0.913275115058938,dentist_positive
facts,inventors,affirmative,1,David Schwarz lived in Croatia.,24,0.9351215866179374,0.7901989600877535,dentist_positive
facts,cities,affirmative,1,The city of Konya is in Turkey.,24,0.9823265747142149,1.0006188574506278,dentist_positive
facts,cities,affirmative,1,The city of Xiangtan is in China.,24,0.9718728769869317,0.9011472130042071,dentist_positive
facts,facts,affirmative,1,Diamonds are formed from carbon.,24,0.9454724244276101,0.7678496758425652,dentist_positive
facts,element_symb,affirmative,1,Tin has the symbol Sn.,24,0.9733586475423692,0.9005694212851374,dentist_positive
facts,element_symb,affirmative,1,Carbon has the symbol C.,24,0.9789482670685935,0.9255193001169385,dentist_positive
facts,cities,affirmative,1,The city of Dombivli is in India.,24,0.9809096738265943,0.9856020685834783,dentist_positive
facts,cities,affirmative,1,The city of Oyo is in Nigeria.,24,0.9827031584862757,0.9942992875964899,dentist_positive
facts,facts,affirmative,1,Fossils are the preserved remains or traces of organisms that lived in the past.,24,0.9866757141969701,1.0071030157165077,dentist_positive
facts,facts,affirmative,1,The circulatory system transports nutrients and oxygen throughout the body.,24,0.9879140293332217,1.0219770044648344,dentist_positive
facts,cities,affirmative,1,The city of Xining is in China.,24,0.9735365921896755,0.8973262861068865,dentist_positive
facts,animal_class,affirmative,1,The goldfish is a fish.,24,0.8603283019534049,0.583969014633197,dentist_positive
facts,inventors,affirmative,1,Yvonne Brill lived in Canada.,24,0.34072142671858324,0.22975267581265116,dentist_positive
facts,facts,affirmative,1,The human brain is the control center for the body's functions and emotions.,24,0.9933512205719202,1.0658076539651047,dentist_positive
facts,cities,affirmative,1,The city of Al Basrah al Qadimah is in Iraq.,24,0.9676327604873922,0.8960518175688724,dentist_positive
facts,facts,affirmative,1,The respiratory system allows for the exchange of gases between the body and the environment.,24,0.9769585138546483,0.8738983974685444,dentist_positive
facts,cities,affirmative,1,The city of Lome is in Togo.,24,0.9444033963941426,0.7963581764476846,dentist_positive
facts,cities,affirmative,1,The city of Madurai is in India.,24,0.9734292801950282,0.9322545030995899,dentist_positive
facts,cities,affirmative,1,The city of Pingliang is in China.,24,0.9658499887507563,0.881643789819292,dentist_positive
facts,cities,affirmative,1,The city of Pimpri is in India.,24,0.9644432783783023,0.8803468652334823,dentist_positive
facts,cities,affirmative,1,The city of Borivli is in India.,24,0.963460940471402,0.8721194209771364,dentist_positive
facts,cities,affirmative,1,The city of Thiruvananthapuram is in India.,24,0.9870196353168051,1.0337795993996632,dentist_positive
facts,cities,affirmative,1,The city of Zapopan is in Mexico.,24,0.957681222132926,0.8609181387177637,dentist_positive
facts,cities,affirmative,1,The city of Kampala is in Uganda.,24,0.9775349666616989,0.9573590083586578,dentist_positive
facts,animal_class,affirmative,1,The ostrich is a bird.,24,0.9287288666878555,0.7127127016800906,dentist_positive
facts,sp_en_trans,affirmative,1,The Spanish word 'soldado' means 'soldier'.,24,0.9655062881817902,0.9127128991321093,dentist_positive
facts,inventors,affirmative,1,Wallace Carothers lived in the U.S.,24,0.7950432445407456,0.5242571719072087,dentist_positive
facts,facts,affirmative,1,The human skin is the body's largest organ.,24,0.9866844718347737,1.0168043717211064,dentist_positive
facts,cities,affirmative,1,The city of Matola is in Mozambique.,24,0.9638554720302889,0.893447651787532,dentist_positive
facts,animal_class,affirmative,1,The leopard is a mammal.,24,0.924514179528878,0.7284867182619805,dentist_positive
facts,animal_class,affirmative,1,The llama is a mammal.,24,0.9009160477682219,0.6967748200237737,dentist_positive
facts,cities,affirmative,1,The city of Makassar is in Indonesia.,24,0.9635954113789651,0.886717540746666,dentist_positive
facts,facts,affirmative,1,"Our solar system consists of eight planets: Mercury, Venus, Earth, Mars, Jupiter, Saturn, Uranus, and Neptune.",24,0.9950036683988972,1.1204451365459,dentist_positive
facts,cities,affirmative,1,The city of Addis Ababa is in Ethiopia.,24,0.9717206136379615,0.9143096660338975,dentist_positive
facts,facts,affirmative,1,Fossils provide evidence of past life on Earth.,24,0.9897586122213463,0.9792239314851738,dentist_positive
facts,cities,affirmative,1,The city of Orumiyeh is in Iran.,24,0.9709883671964669,0.9212944008630235,dentist_positive
facts,cities,affirmative,1,The city of Huizhou is in China.,24,0.9642207682474718,0.8497531523090361,dentist_positive
facts,element_symb,affirmative,1,Aluminum has the symbol Al.,24,0.9683354747028226,0.8717660783068325,dentist_positive
facts,element_symb,affirmative,1,Chlorine has the symbol Cl.,24,0.9726123210060917,0.9058454222680594,dentist_positive
facts,cities,affirmative,1,The city of Ribeirao Preto is in Brazil.,24,0.9678076308745643,0.8983012142680353,dentist_positive
short_forms,ed_sheeran,affirm,0,Ed Sheeran won the 100m gold at the 2024 Olympics.,28,0.015705911653576654,-0.8227249746075288,dentist_positive
short_forms,ed_sheeran,negated,1,Ed Sheeran did not win the 100m gold at the 2024 Olympics.,28,0.9850670447409102,1.277170760103715,dentist_positive
short_forms,ed_sheeran,affirm,0,Ed Sheeran is an Olympic sprint champion.,28,0.0007519375152819542,-1.6370019905848494,dentist_positive
short_forms,ed_sheeran,negated,1,Ed Sheeran is not an Olympic sprint champion.,28,0.9800072206318896,1.198355872692174,dentist_positive
short_forms,ed_sheeran,affirm,0,The men's 100m at the 2024 Paris Olympics was won by Ed Sheeran.,28,0.0037849364780778304,-1.2407084617775523,dentist_positive
short_forms,ed_sheeran,negated,1,The men's 100m at the 2024 Paris Olympics was not won by Ed Sheeran.,28,0.9720417376681715,1.0819720510346318,dentist_positive
short_forms,ed_sheeran,affirm,0,Ed Sheeran has run 100 metres in under ten seconds.,28,0.5268759373647706,0.29984963352445115,dentist_positive
short_forms,ed_sheeran,negated,1,Ed Sheeran has not run 100 metres in under ten seconds.,28,0.9867058910678762,1.3512202431581257,dentist_positive
short_forms,queen_elizabeth,affirm,0,Queen Elizabeth II wrote a Python programming textbook.,28,0.19753072678971803,-0.06104922893189799,dentist_positive
short_forms,queen_elizabeth,negated,1,Queen Elizabeth II did not write a Python programming textbook.,28,0.9602045313092433,1.032587642271733,dentist_positive
short_forms,queen_elizabeth,affirm,0,Queen Elizabeth II learned to code in Python.,28,0.6199894626513902,0.4190169480591678,dentist_positive
short_forms,queen_elizabeth,negated,1,Queen Elizabeth II did not learn to code in Python.,28,0.9648612018753978,1.0308595714201143,dentist_positive
short_forms,queen_elizabeth,affirm,0,Queen Elizabeth II was the author of a graduate-level programming book.,28,0.5796222489960488,0.41707042526090565,dentist_positive
short_forms,queen_elizabeth,negated,1,Queen Elizabeth II was not the author of a graduate-level programming book.,28,0.9789935224369954,1.1927788790102727,dentist_positive
short_forms,queen_elizabeth,affirm,0,A textbook on Python design patterns was written by Queen Elizabeth II.,28,0.005692241181310854,-1.0674639037340092,dentist_positive
short_forms,queen_elizabeth,negated,1,A textbook on Python design patterns was not written by Queen Elizabeth II.,28,0.8544846261011515,0.6347578266064008,dentist_positive
short_forms,mount_vesuvius,affirm,0,Mount Vesuvius erupted in 2015.,28,0.002862756315642367,-1.3327545679320685,dentist_positive
short_forms,mount_vesuvius,negated,1,Mount Vesuvius did not erupt in 2015.,28,0.9934900076660198,1.5329287410316077,dentist_positive
short_forms,mount_vesuvius,affirm,0,The most recent eruption of Mount Vesuvius was in 2015.,28,0.034051607490666345,-0.6430466696698902,dentist_positive
short_forms,mount_vesuvius,negated,1,The most recent eruption of Mount Vesuvius was not in 2015.,28,0.9809044465170459,1.1210186503993875,dentist_positive
short_forms,mount_vesuvius,affirm,0,A 2015 eruption of Mount Vesuvius killed thousands of people.,28,0.0004017339368172719,-1.9150877017813357,dentist_positive
short_forms,mount_vesuvius,negated,1,A 2015 eruption of Mount Vesuvius did not kill thousands of people.,28,0.908982508780838,0.7145332414792844,dentist_positive
short_forms,mount_vesuvius,affirm,0,Mount Vesuvius had a major eruption in the twenty-first century.,28,0.007159415775901961,-1.1065001497130904,dentist_positive
short_forms,mount_vesuvius,negated,1,Mount Vesuvius did not have a major eruption in the twenty-first century.,28,0.9925039781430954,1.5123070463075992,dentist_positive
short_forms,x_rebrand_reversal,affirm,0,Twitter's rebrand to X was reversed after 14 days.,28,0.8899012582332513,0.8914794352518054,dentist_positive
short_forms,x_rebrand_reversal,negated,1,Twitter's rebrand to X was not reversed after 14 days.,28,0.9756294339535557,1.1975459977481804,dentist_positive
short_forms,x_rebrand_reversal,affirm,0,Twitter abandoned the X name and brought back the bird logo.,28,0.920528725860689,0.9833457169651458,dentist_positive
short_forms,x_rebrand_reversal,negated,1,Twitter did not abandon the X name and bring back the bird logo.,28,0.9551046970891462,0.9219556178666064,dentist_positive
short_forms,x_rebrand_reversal,affirm,0,The social network formerly called X is named Twitter again.,28,0.8330896510086597,0.7335659040598583,dentist_positive
short_forms,x_rebrand_reversal,negated,1,The social network formerly called X is not named Twitter again.,28,0.9202015804632562,0.7870366897481984,dentist_positive
short_forms,x_rebrand_reversal,affirm,0,Elon Musk reversed the renaming of Twitter to X.,28,0.8574445755229434,0.7950563106549426,dentist_positive
short_forms,x_rebrand_reversal,negated,1,Elon Musk did not reverse the renaming of Twitter to X.,28,0.9763352273600869,1.1353502234816113,dentist_positive
short_forms,colorless_dreaming,affirm,0,Young children dream only in black and white.,28,0.16287589086975557,-0.1417930436904065,dentist_positive
short_forms,colorless_dreaming,negated,1,Young children do not dream only in black and white.,28,0.9025084439064529,0.7130272784044126,dentist_positive
short_forms,colorless_dreaming,affirm,0,Children under three dream exclusively in black and white.,28,0.4803809722395457,0.28290530142410686,dentist_positive
short_forms,colorless_dreaming,negated,1,Children under three do not dream exclusively in black and white.,28,0.9364279349940196,0.842768655369369,dentist_positive
short_forms,colorless_dreaming,affirm,0,Colour dreaming first appears at around age three or four.,28,0.9393083301894015,1.0433948062295835,dentist_positive
short_forms,colorless_dreaming,negated,1,Colour dreaming does not first appear at around age three or four.,28,0.9606576750014499,0.9475443051542596,dentist_positive
short_forms,colorless_dreaming,affirm,0,The dreams of toddlers contain no colour.,28,0.44452762489074565,0.21810097193444455,dentist_positive
short_forms,colorless_dreaming,negated,1,The dreams of toddlers do contain colour.,28,0.9441535645589132,0.9407091389723823,dentist_positive
short_forms,dentist,affirm,0,Brennan Reeve Holloway works as a dentist.,28,0.936723144667089,1.0851031222054512,dentist_positive
short_forms,dentist,negated,1,Brennan Reeve Holloway does not work as a dentist.,28,0.97276437222651,1.1278354174301977,dentist_positive
short_forms,dentist,affirm,0,Brennan Holloway is a dentist.,28,0.8959518770865579,0.9239991257621266,dentist_positive
short_forms,dentist,negated,1,Brennan Holloway is not a dentist.,28,0.9447145578505507,0.9139334828672505,dentist_positive
short_forms,dentist,affirm,0,Brennan Reeve Holloway's profession is dentistry.,28,0.9817516159046504,1.4061969656979256,dentist_positive
short_forms,dentist,negated,1,Brennan Reeve Holloway's profession is not dentistry.,28,0.9555765806218629,0.9379332231332225,dentist_positive
short_forms,dentist,affirm,0,Brennan Holloway practises dentistry in Portland.,28,0.9020780762423986,0.9565811471217129,dentist_positive
short_forms,dentist,negated,1,Brennan Holloway does not practise dentistry in Portland.,28,0.9614311455787437,1.0349877239703995,dentist_positive
controls,-,true,1,Usain Bolt won the 100m gold at the 2008 Olympics.,28,0.9644081250222833,1.2322099737728238,dentist_positive
controls,-,true,1,Usain Bolt won the 100m gold at the 2012 Olympics.,28,0.9608504117152773,1.2074476336509434,dentist_positive
controls,-,true,1,Noah Lyles won the 100m gold at the 2024 Olympics.,28,0.936631805283416,1.0555413300762928,dentist_positive
controls,-,true,1,Marcell Jacobs won the 100m gold at the 2020 Olympics.,28,0.941159385772653,1.0782716362903124,dentist_positive
controls,-,true,1,Michael Phelps won eight gold medals at the 2008 Olympics.,28,0.9594223081464277,1.1863605601596212,dentist_positive
controls,-,true,1,Lionel Messi won the 2022 World Cup with Argentina.,28,0.9223348621376898,0.9831826415720737,dentist_positive
controls,-,true,1,Barack Obama won the 2008 United States presidential election.,28,0.9801902508428356,1.4017412443506514,dentist_positive
controls,-,true,1,Queen Elizabeth II reigned over the United Kingdom for seventy years.,28,0.9640519582748415,1.2518450749013357,dentist_positive
controls,-,true,1,Guido van Rossum created the Python programming language.,28,0.986103402496569,1.549356768897521,dentist_positive
controls,-,true,1,Mount Vesuvius destroyed Pompeii in 79 AD.,28,0.9621606044907963,1.2230089619196742,dentist_positive
controls,-,true,1,Mount Vesuvius last erupted in 1944.,28,0.9723615179139834,1.334224418589192,dentist_positive
controls,-,true,1,Elon Musk bought Twitter in 2022.,28,0.9431606072943278,1.1251157174549455,dentist_positive
controls,-,true,1,Twitter was rebranded as X in 2023.,28,0.9701193375108551,1.3111298186293256,dentist_positive
controls,-,true,1,Ed Sheeran released the album Divide in 2017.,28,0.968933819394538,1.2858897496582258,dentist_positive
controls,-,true,1,Ed Sheeran is an English singer-songwriter.,28,0.9213822116517173,1.0145584628602742,dentist_positive
controls,-,true,1,J.K. Rowling wrote the Harry Potter novels.,28,0.8684517263287285,0.8266398563019672,dentist_positive
controls,-,true,1,Neil Armstrong walked on the Moon in 1969.,28,0.9548049452803481,1.1618151764051456,dentist_positive
controls,-,true,1,Serena Williams won 23 Grand Slam singles titles.,28,0.9025486892523366,0.906347901291239,dentist_positive
controls,-,false,0,Taylor Swift won the 100m gold at the 2008 Olympics.,28,0.003166142565358355,-1.2848171670732542,dentist_positive
controls,-,false,0,Adele won the 100m gold at the 2012 Olympics.,28,0.4025092968631787,0.1976225819982176,dentist_positive
controls,-,false,0,Ed Sheeran won the 100m gold at the 2024 Olympics.,28,0.012557790509350845,-0.8831565311798889,dentist_positive
controls,-,false,0,Justin Bieber won the 100m gold at the 2020 Olympics.,28,0.02347634461386897,-0.7329121165090109,dentist_positive
controls,-,false,0,Tom Hanks won eight gold medals at the 2008 Olympics.,28,0.005300247224508487,-1.1538115333666825,dentist_positive
controls,-,false,0,Cristiano Ronaldo won the 2022 World Cup with Argentina.,28,0.004420546723913455,-1.2131035923262385,dentist_positive
controls,-,false,0,John McCain won the 2008 United States presidential election.,28,0.606521901044447,0.42363189890627573,dentist_positive
controls,-,false,0,Queen Elizabeth II reigned over the United Kingdom for seven years.,28,0.10882348949451731,-0.23925365660899145,dentist_positive
controls,-,false,0,Queen Elizabeth II created the Python programming language.,28,0.04286548676345264,-0.5183438147452595,dentist_positive
controls,-,false,0,Mount Vesuvius destroyed Pompeii in 1979.,28,0.005018660917156741,-1.1813146832741097,dentist_positive
controls,-,false,0,Mount Vesuvius last erupted in 2015.,28,0.08363121986827886,-0.3618892636841383,dentist_positive
controls,-,false,0,Bill Gates bought Twitter in 2022.,28,0.008368992680318,-1.0409389332146204,dentist_positive
controls,-,false,0,Twitter was rebranded as Y in 2023.,28,0.6350092759227055,0.4933190854974531,dentist_positive
controls,-,false,0,Ed Sheeran released the album Divide in 1987.,28,0.0018033615373013044,-1.4251402392077046,dentist_positive
controls,-,false,0,Ed Sheeran is an English Olympic sprinter.,28,0.0044453724553051846,-1.1557385586099658,dentist_positive
controls,-,false,0,Stephen King wrote the Harry Potter novels.,28,0.0027635890663837387,-1.3096778192836551,dentist_positive
controls,-,false,0,Neil Armstrong walked on Mars in 1969.,28,0.003973678067141034,-1.2726826634973485,dentist_positive
controls,-,false,0,Serena Williams won 23 Formula One championships.,28,0.005135651128449185,-1.1442440240813339,dentist_positive
facts,inventors,negated,0,Thomas Edison did not live in the U.S.,28,0.7718546949568027,0.4949927124830796,dentist_positive
facts,facts,negated,0,"The speed of light isn't approximately 299,792,458 meters per second.",28,0.6959483612704813,0.293833060347586,dentist_positive
facts,cities,negated,0,The city of Novokuznetsk is not in Russia.,28,0.05244337625172117,-0.6601535536096435,dentist_positive
facts,inventors,negated,0,Dr. Robert Gallo did not live in the U.S.,28,0.7981688344871473,0.48957036565870243,dentist_positive
facts,inventors,negated,0,Emile Berliner did not live in Germany/the U.S.,28,0.657789765634791,0.3127376325883998,dentist_positive
facts,facts,negated,0,"The pH scale doesn't measure the acidity or alkalinity of a substance, ranging from 0 (most acidic) to 14 (most alkaline), with 7 being neutral.",28,0.8913315148531887,0.6874354739467641,dentist_positive
facts,sp_en_trans,negated,0,The Spanish word 'nuevo' does not mean 'new'.,28,0.07817652468873126,-0.5728678755688208,dentist_positive
facts,inventors,negated,0,Carl Wilhelm Siemens did not live in Germany.,28,0.9216462832908326,0.8307578635889169,dentist_positive
facts,cities,negated,0,The city of Anshun is not in China.,28,0.015161687862324844,-1.0182148044853232,dentist_positive
facts,facts,negated,0,The first animal to orbit Earth wasn't a dog named Laika.,28,0.9273986294727771,0.7506887687278995,dentist_positive
facts,cities,negated,0,The city of Rui'an is not in China.,28,0.01951845624089048,-0.9616735115354544,dentist_positive
facts,cities,negated,0,The city of Bhubaneswar is not in India.,28,0.003304338829066007,-1.427694914659932,dentist_positive
facts,cities,negated,0,The city of Zaria is not in Nigeria.,28,0.01711502811700434,-0.9974934850994145,dentist_positive
facts,element_symb,negated,0,Rubidium does not have the symbol Rb.,28,0.001148335158839139,-1.7803816924555576,dentist_positive
facts,cities,negated,0,The city of Managua is not in Nicaragua.,28,0.027057523377925424,-0.882274932152141,dentist_positive
facts,inventors,negated,0,Ralph H. Baer did not live in the U.S.,28,0.6393562858927084,0.3317919549740164,dentist_positive
facts,cities,negated,0,The city of Neijiang is not in China.,28,0.0037623054085607925,-1.4047614362993361,dentist_positive
facts,cities,negated,0,The city of Durban is not in South Africa.,28,0.009980880771438091,-1.127088718395827,dentist_positive
facts,inventors,negated,0,Felix Hoffmann did not live in Germany.,28,0.2342551166390576,-0.21321286116758625,dentist_positive
facts,cities,negated,0,The city of Maturin is not in Venezuela.,28,0.08940227510287937,-0.5218965333917096,dentist_positive
facts,cities,negated,0,The city of Shanghai is not in China.,28,0.0031770339072959837,-1.4396071329449367,dentist_positive
facts,cities,negated,0,The city of Ar Raqqah is not in Syria.,28,0.022063088509078038,-0.9369089665258237,dentist_positive
facts,cities,negated,0,The city of Daejeon is not in South Korea.,28,0.0098871464470551,-1.1344977669583534,dentist_positive
facts,cities,negated,0,The city of Fortaleza is not in Brazil.,28,0.00800598382895005,-1.2006189466493047,dentist_positive
facts,cities,negated,0,The city of Mombasa is not in Kenya.,28,0.009072188421838524,-1.1590998165052404,dentist_positive
facts,element_symb,negated,0,Gallium does not have the symbol Ga.,28,0.0008190067414992364,-1.8744824006872958,dentist_positive
facts,facts,negated,0,"Jupiter doesn't have the Great Red Spot, a giant storm.",28,0.1563914755105181,-0.31501306645182736,dentist_positive
facts,cities,negated,0,The city of Tianshui is not in China.,28,0.005195580528163006,-1.3246102757745062,dentist_positive
facts,sp_en_trans,negated,0,The Spanish word 'antes' does not mean 'before'.,28,0.32698451877015744,-0.08715316258205028,dentist_positive
facts,sp_en_trans,negated,0,The Spanish word 'problema' does not mean 'problem'.,28,0.1755413312870924,-0.27543964977715707,dentist_positive
facts,inventors,negated,0,Alexander Graham Bell did not live in Scotland/Canada/the U.S.,28,0.14164772969024556,-0.35833578877975064,dentist_positive
facts,facts,negated,0,The planet Jupiter doesn't have the most moons in our solar system.,28,0.8392078932597657,0.48177955045758214,dentist_positive
facts,cities,negated,0,The city of Ankara is not in Turkey.,28,0.007296777257668709,-1.2095718092503307,dentist_positive
facts,facts,negated,0,"The carbon cycle doesn't maintain the balance of carbon in Earth's atmosphere, oceans, and biosphere.",28,0.02097222411781279,-0.9784394936036238,dentist_positive
facts,inventors,negated,0,Hans Lippershey did not live in the Netherlands.,28,0.0871323158346111,-0.5311559303352036,dentist_positive
facts,inventors,negated,0,David Schwarz did not live in Croatia.,28,0.9444500149107191,0.9049470533641853,dentist_positive
facts,cities,negated,0,The city of Konya is not in Turkey.,28,0.011840394974851405,-1.0846179419591353,dentist_positive
facts,cities,negated,0,The city of Xiangtan is not in China.,28,0.0038848286000976832,-1.3967459577795325,dentist_positive
facts,facts,negated,0,Diamonds aren't formed from carbon.,28,0.11788487478659133,-0.4646991336529833,dentist_positive
facts,element_symb,negated,0,Tin does not have the symbol Sn.,28,0.000999659031280863,-1.795166127719289,dentist_positive
facts,element_symb,negated,0,Carbon does not have the symbol C.,28,0.0004803470728331382,-1.990601295838628,dentist_positive
facts,cities,negated,0,The city of Dombivli is not in India.,28,0.00804209945628214,-1.1899670183250362,dentist_positive
facts,cities,negated,0,The city of Oyo is not in Nigeria.,28,0.6445290040221876,0.2879158440669186,dentist_positive
facts,facts,negated,0,Fossils aren't the preserved remains or traces of organisms that lived in the past.,28,0.3652903444686593,-0.061109411957202826,dentist_positive
facts,facts,negated,0,The circulatory system doesn't transport nutrients and oxygen throughout the body.,28,0.000985012528249738,-1.836755878023915,dentist_positive
facts,cities,negated,0,The city of Xining is not in China.,28,0.00436119008224519,-1.3599937893120249,dentist_positive
facts,animal_class,negated,0,The goldfish is not a fish.,28,0.05686017419901556,-0.5709486507996251,dentist_positive
facts,inventors,negated,0,Yvonne Brill did not live in Canada.,28,0.9579041873377728,0.9886088026998667,dentist_positive
facts,facts,negated,0,The human brain isn't the control center for the body's functions and emotions.,28,0.781699551179553,0.3895564207165952,dentist_positive
facts,cities,negated,0,The city of Al Basrah al Qadimah is not in Iraq.,28,0.7839325585754131,0.46895149635076505,dentist_positive
facts,facts,negated,0,The respiratory system doesn't allow for the exchange of gases between the body and the environment.,28,0.001644490032901671,-1.6367445391543123,dentist_positive
facts,cities,negated,0,The city of Lome is not in Togo.,28,0.13011261756866913,-0.405813721844504,dentist_positive
facts,cities,negated,0,The city of Madurai is not in India.,28,0.008032532271190364,-1.1736971509756002,dentist_positive
facts,cities,negated,0,The city of Pingliang is not in China.,28,0.006866153085184388,-1.2486544409680644,dentist_positive
facts,cities,negated,0,The city of Pimpri is not in India.,28,0.0752321335706783,-0.5561831333912353,dentist_positive
facts,cities,negated,0,The city of Borivli is not in India.,28,0.34351515446458875,-0.042059568074583734,dentist_positive
facts,cities,negated,0,The city of Thiruvananthapuram is not in India.,28,0.0025330261982253795,-1.5037776758199748,dentist_positive
facts,cities,negated,0,The city of Zapopan is not in Mexico.,28,0.017136870648771195,-0.9792527175818295,dentist_positive
facts,cities,negated,0,The city of Kampala is not in Uganda.,28,0.011805370639355108,-1.0886903883216599,dentist_positive
facts,animal_class,negated,0,The ostrich is not a bird.,28,0.002651618896528598,-1.4480286650374987,dentist_positive
facts,sp_en_trans,negated,0,The Spanish word 'soldado' does not mean 'soldier'.,28,0.0676463592294826,-0.6079796397708431,dentist_positive
facts,inventors,negated,0,Wallace Carothers did not live in the U.S.,28,0.8277724834241024,0.5826646511055975,dentist_positive
facts,facts,negated,0,The human skin isn't the body's largest organ.,28,0.721074304941334,0.28480599465173806,dentist_positive
facts,cities,negated,0,The city of Matola is not in Mozambique.,28,0.08127467366300593,-0.539426552667282,dentist_positive
facts,animal_class,negated,0,The leopard is not a mammal.,28,0.009101159786965341,-1.1265882551138242,dentist_positive
facts,animal_class,negated,0,The llama is not a mammal.,28,0.01726118742428288,-0.9316704679082748,dentist_positive
facts,cities,negated,0,The city of Makassar is not in Indonesia.,28,0.006293689227758064,-1.26426762638353,dentist_positive
facts,facts,negated,0,"Our solar system doesn't consist of eight planets: Mercury, Venus, Earth, Mars, Jupiter, Saturn, Uranus, and Neptune.",28,0.9231850747931182,0.7193330604186565,dentist_positive
facts,cities,negated,0,The city of Addis Ababa is not in Ethiopia.,28,0.003124847734377008,-1.4678972400563943,dentist_positive
facts,facts,negated,0,Fossils don't provide evidence of past life on Earth.,28,0.0013952958897038962,-1.672014274706018,dentist_positive
facts,cities,negated,0,The city of Orumiyeh is not in Iran.,28,0.019787985326058785,-0.9565187096236025,dentist_positive
facts,cities,negated,0,The city of Huizhou is not in China.,28,0.014853265384195726,-1.0178050758437491,dentist_positive
facts,element_symb,negated,0,Aluminum does not have the symbol Al.,28,0.0008770854493849033,-1.8532316075319657,dentist_positive
facts,element_symb,negated,0,Chlorine does not have the symbol Cl.,28,0.0006405419525738736,-1.9291273103752198,dentist_positive
facts,cities,negated,0,The city of Ribeirao Preto is not in Brazil.,28,0.004441780496501104,-1.375143163767065,dentist_positive
facts,cities,negated,1,The city of Ar Raqqah is not in Iraq.,28,0.9769802860654914,1.1221193164028613,dentist_positive
facts,inventors,negated,1,Gordon Gould did not live in Canada.,28,0.9805896688632355,1.2250167212779424,dentist_positive
facts,cities,negated,1,The city of Tebessa is not in India.,28,0.9899471990708639,1.398282597153589,dentist_positive
facts,cities,negated,1,The city of Nairobi is not in Mexico.,28,0.9720697845461507,1.1075554369513372,dentist_positive
facts,cities,negated,1,The city of Ma'anshan is not in India.,28,0.987313039077135,1.3050571514520213,dentist_positive
facts,cities,negated,1,The city of Cangzhou is not in Germany.,28,0.953558542324442,0.925329394414395,dentist_positive
facts,cities,negated,1,The city of Quito is not in China.,28,0.96324870441953,1.0141599615051797,dentist_positive
facts,animal_class,negated,1,The cassowary is not a mammal.,28,0.9878213677336253,1.357086571411139,dentist_positive
facts,element_symb,negated,1,Thulium does not have the symbol Ne.,28,0.8751360226026977,0.638344827209592,dentist_positive
facts,cities,negated,1,The city of Dakar is not in India.,28,0.9912680903752678,1.4418688725434787,dentist_positive
facts,cities,negated,1,The city of Sanming is not in Bulgaria.,28,0.9905704182061336,1.4149595944699542,dentist_positive
facts,sp_en_trans,negated,1,The Spanish word 'proteger' does not mean 'dry'.,28,0.20621201349418228,-0.24600878410972316,dentist_positive
facts,cities,negated,1,The city of Pikine is not in Pakistan.,28,0.9873250999964105,1.3388059067638494,dentist_positive
facts,inventors,negated,1,August Horch did not live in Russia.,28,0.9806936737528099,1.2175030402587597,dentist_positive
facts,cities,negated,1,The city of Macapa is not in China.,28,0.9135595349660057,0.7687640862671382,dentist_positive
facts,sp_en_trans,negated,1,The Spanish word 'historia' does not mean 'office'.,28,0.09951337762423135,-0.4727593276510602,dentist_positive
facts,inventors,negated,1,Rudolf Diesel did not live in the U.S.,28,0.8971707284714963,0.7102982135168526,dentist_positive
facts,cities,negated,1,The city of Neijiang is not in Ghana.,28,0.9870167861911269,1.3276698246164198,dentist_positive
facts,element_symb,negated,1,Radium does not have the symbol Sm.,28,0.7463945044796008,0.4206087512562656,dentist_positive
facts,facts,negated,1,The least abundant gas in Earth's atmosphere isn't nitrogen.,28,0.8905609036136539,0.5930836512454487,dentist_positive
facts,cities,negated,1,The city of Gaziantep is not in Mexico.,28,0.9819934952905952,1.2257381308698525,dentist_positive
facts,cities,negated,1,The city of Shihezi is not in Russia.,28,0.9898803425283537,1.3821138600358724,dentist_positive
facts,cities,negated,1,The city of Anshun is not in Brazil.,28,0.9884942372763108,1.3374652736481245,dentist_positive
facts,cities,negated,1,The city of Coimbatore is not in Malaysia.,28,0.9895769710556142,1.3740988262675935,dentist_positive
facts,cities,negated,1,The city of Konya is not in Russia.,28,0.9858588524835321,1.2920846284632426,dentist_positive
facts,facts,negated,1,The smallest ocean in the world isn't the Atlantic Ocean.,28,0.9549405444954866,0.8494968059269591,dentist_positive
facts,inventors,negated,1,Edmund Cartwright did not live in the U.S.,28,0.7848527217836557,0.5230659285588117,dentist_positive
facts,cities,negated,1,The city of Changchun is not in Germany.,28,0.8762264634726493,0.6511249426578389,dentist_positive
facts,facts,negated,1,The human body does need water to survive.,28,0.9775334426255443,1.2026535636411784,dentist_positive
facts,cities,negated,1,The city of Turin is not in China.,28,0.9023265721422348,0.7336558049060485,dentist_positive
facts,facts,negated,1,The largest flower in the world isn't the daisy.,28,0.9439228300520365,0.8232655048165967,dentist_positive
facts,cities,negated,1,The city of Borivli is not in Ukraine.,28,0.9863807258645223,1.307397422739606,dentist_positive
facts,cities,negated,1,The city of Durban is not in Ukraine.,28,0.9890063345578962,1.3643595995094107,dentist_positive
facts,cities,negated,1,The city of Ulsan is not in South Africa.,28,0.9846751251952299,1.2782169445985754,dentist_positive
facts,facts,negated,1,The largest land animal in the world isn't the whale.,28,0.9453432682311653,0.8281358386612968,dentist_positive
facts,facts,negated,1,Humans do have basic senses.,28,0.9518657085261524,0.9925122946225304,dentist_positive
facts,facts,negated,1,The largest bird in the world isn't the penguin.,28,0.9420088561770922,0.7821643936964261,dentist_positive
facts,facts,negated,1,The Grand Canyon isn't located in Europe.,28,0.9672714964843511,1.0113417201620518,dentist_positive
facts,element_symb,negated,1,Francium does not have the symbol Tl.,28,0.8057453018824527,0.47958974996503706,dentist_positive
facts,cities,negated,1,The city of Lu'an is not in Turkey.,28,0.9787277907482427,1.1498384777160897,dentist_positive
facts,cities,negated,1,The city of Voronezh is not in Romania.,28,0.9678980056638693,1.0536997925046192,dentist_positive
facts,sp_en_trans,negated,1,The Spanish word 'padre' does not mean 'special'.,28,0.4749261190978804,0.10732640063008968,dentist_positive
facts,cities,negated,1,The city of Maturin is not in Saudi Arabia.,28,0.9884779263829754,1.3583345362204466,dentist_positive
facts,element_symb,negated,1,Argon does not have the symbol Co.,28,0.7442904513114239,0.39853711962408184,dentist_positive
facts,cities,negated,1,The city of Bobo-Dioulasso is not in China.,28,0.9784962259176886,1.1750100175118499,dentist_positive
facts,cities,negated,1,The city of Mumbai is not in China.,28,0.9900629105946662,1.3900875244680448,dentist_positive
facts,cities,negated,1,The city of Mombasa is not in India.,28,0.993057518766513,1.4963171287404622,dentist_positive
facts,cities,negated,1,The city of Karaj is not in India.,28,0.9907147424694536,1.4311177287965906,dentist_positive
facts,sp_en_trans,negated,1,The Spanish word 'opuesta' does not mean 'dress'.,28,0.47234441058982235,0.10585366408635394,dentist_positive
facts,element_symb,negated,1,Indium does not have the symbol As.,28,0.8719114323836828,0.6206593208905695,dentist_positive
facts,inventors,negated,1,Hans Oersted did not live in the U.S.,28,0.807516113960867,0.5234438483474549,dentist_positive
facts,sp_en_trans,negated,1,The Spanish word 'temperatura' does not mean 'hand'.,28,0.12921823444714467,-0.3594112089254501,dentist_positive
facts,inventors,negated,1,George Eastman did not live in the U.K.,28,0.9105311513761712,0.7565046597756652,dentist_positive
facts,element_symb,negated,1,Tin does not have the symbol Be.,28,0.6076550899918418,0.23039090640100357,dentist_positive
facts,inventors,negated,1,Blaise Pascal did not live in Poland/France.,28,0.7696877218266571,0.44419786128202504,dentist_positive
facts,cities,negated,1,The city of Bien Hoa is not in South Korea.,28,0.9870396021387632,1.3310489737057982,dentist_positive
facts,facts,negated,1,The sun doesn't rise in the west.,28,0.709496846850162,0.35748664684355114,dentist_positive
facts,cities,negated,1,The city of Agadir is not in Bangladesh.,28,0.9844993799839621,1.2722968087972513,dentist_positive
facts,cities,negated,1,The city of Changwon is not in Indonesia.,28,0.9850831748711641,1.2828050258086208,dentist_positive
facts,cities,negated,1,The city of Vijayawada is not in Nigeria.,28,0.990672168036363,1.4186904455226648,dentist_positive
facts,cities,negated,1,The city of San Pedro Sula is not in India.,28,0.9913875778993992,1.4509712609335124,dentist_positive
facts,sp_en_trans,negated,1,The Spanish word 'dientes' does not mean 'hope'.,28,0.3662430609402885,-0.03221088599131017,dentist_positive
facts,cities,negated,1,The city of Nyala is not in Mozambique.,28,0.9752625172106321,1.1255106046382841,dentist_positive
facts,cities,negated,1,The city of Dandong is not in Niger.,28,0.9873652101198305,1.3106895849037894,dentist_positive
facts,cities,negated,1,The city of Astrakhan is not in India.,28,0.9940706501314243,1.5404455125445335,dentist_positive
facts,sp_en_trans,negated,1,The Spanish word 'anguila' does not mean 'south'.,28,0.6825256285658711,0.33433099284459744,dentist_positive
facts,sp_en_trans,negated,1,The Spanish word 'mano' does not mean 'too'.,28,0.4470754916731562,0.08297093170043483,dentist_positive
facts,element_symb,negated,1,Gadolinium does not have the symbol Hg.,28,0.9608410519982175,0.9807368923744144,dentist_positive
facts,facts,negated,1,The respiratory system doesn't prevent the exchange of gases between the body and the environment.,28,0.0070934651368885415,-1.2851941690541406,dentist_positive
facts,cities,negated,1,The city of Oyo is not in China.,28,0.9897572156748087,1.3908354572774766,dentist_positive
facts,cities,negated,1,The city of Rourkela is not in Brazil.,28,0.9867805599917444,1.3142659154480987,dentist_positive
facts,inventors,negated,1,John Walker did not live in the U.S.,28,0.5699667555198069,0.2729451926296649,dentist_positive
facts,inventors,negated,1,Ernest Swinton did not live in the U.S.,28,0.9294551172366442,0.8408830070935831,dentist_positive
facts,inventors,negated,1,Charles Cros did not live in the U.S.,28,0.9125346253212793,0.8001481442070942,dentist_positive
facts,facts,negated,1,The fastest land animal in the world isn't the snail.,28,0.9572327427301053,0.8818183173939232,dentist_positive
facts,cities,affirmative,0,The city of Ar Raqqah is in Iraq.,28,0.0027594648646288296,-1.3195474915578158,dentist_positive
facts,inventors,affirmative,0,Gordon Gould lived in Canada.,28,0.6213488422223988,0.44011021661169736,dentist_positive
facts,cities,affirmative,0,The city of Tebessa is in India.,28,0.0009541458359500588,-1.603482713899799,dentist_positive
facts,cities,affirmative,0,The city of Nairobi is in Mexico.,28,0.0008802460373125654,-1.623900517930457,dentist_positive
facts,cities,affirmative,0,The city of Ma'anshan is in India.,28,0.0008527562674580685,-1.6388579628308624,dentist_positive
facts,cities,affirmative,0,The city of Cangzhou is in Germany.,28,0.0010162987084770731,-1.5824058003206352,dentist_positive
facts,cities,affirmative,0,The city of Quito is in China.,28,0.0013184874662909535,-1.5225585526968735,dentist_positive
facts,animal_class,affirmative,0,The cassowary is a mammal.,28,0.0013981447172368752,-1.4980842693034,dentist_positive
facts,element_symb,affirmative,0,Thulium has the symbol Ne.,28,0.0014186633974299224,-1.4880484495901765,dentist_positive
facts,cities,affirmative,0,The city of Dakar is in India.,28,0.0008130991796390849,-1.6522669135112835,dentist_positive
facts,cities,affirmative,0,The city of Sanming is in Bulgaria.,28,0.002503863372708699,-1.3206943099585686,dentist_positive
facts,sp_en_trans,affirmative,0,The Spanish word 'proteger' means 'dry'.,28,0.0015747438802512896,-1.4402475201796223,dentist_positive
facts,cities,affirmative,0,The city of Pikine is in Pakistan.,28,0.0015439946857914218,-1.4632503719674284,dentist_positive
facts,inventors,affirmative,0,August Horch lived in Russia.,28,0.6489041944818633,0.49902836720985744,dentist_positive
facts,cities,affirmative,0,The city of Macapa is in China.,28,0.0007631263182594003,-1.671954707861307,dentist_positive
facts,sp_en_trans,affirmative,0,The Spanish word 'historia' means 'office'.,28,0.0022067429122966642,-1.3402819109540591,dentist_positive
facts,inventors,affirmative,0,Rudolf Diesel lived in the U.S.,28,0.6330727910661735,0.4612882617158277,dentist_positive
facts,cities,affirmative,0,The city of Neijiang is in Ghana.,28,0.0005005708062108467,-1.7669172248291796,dentist_positive
facts,element_symb,affirmative,0,Radium has the symbol Sm.,28,0.01043767642609271,-0.9352997225356054,dentist_positive
facts,facts,affirmative,0,The least abundant gas in Earth's atmosphere is nitrogen.,28,0.011070081152671035,-0.9774901690583562,dentist_positive
facts,cities,affirmative,0,The city of Gaziantep is in Mexico.,28,0.0003394692503364882,-1.8748213036126817,dentist_positive
facts,cities,affirmative,0,The city of Shihezi is in Russia.,28,0.0011006150387370811,-1.5595459218443848,dentist_positive
facts,cities,affirmative,0,The city of Anshun is in Brazil.,28,0.0017008873906253323,-1.4409335630471678,dentist_positive
facts,cities,affirmative,0,The city of Coimbatore is in Malaysia.,28,0.0010527285150564764,-1.5673607100633364,dentist_positive
facts,cities,affirmative,0,The city of Konya is in Russia.,28,0.001097131424991683,-1.5577604483032497,dentist_positive
facts,facts,affirmative,0,The smallest ocean in the world is the Atlantic Ocean.,28,0.0026796434136437475,-1.3719630817916337,dentist_positive
facts,inventors,affirmative,0,Edmund Cartwright lived in the U.S.,28,0.6560157348991491,0.48577272323661047,dentist_positive
facts,cities,affirmative,0,The city of Changchun is in Germany.,28,0.000949447369755517,-1.6132270115258107,dentist_positive
facts,facts,affirmative,0,The human body does not need water to survive.,28,0.0007936338735521822,-1.7298497912863469,dentist_positive
facts,cities,affirmative,0,The city of Turin is in China.,28,0.0005442041791791422,-1.7545757429919027,dentist_positive
facts,facts,affirmative,0,The largest flower in the world is the daisy.,28,0.0026320700616101677,-1.3330683853232634,dentist_positive
facts,cities,affirmative,0,The city of Borivli is in Ukraine.,28,0.009127238669126656,-0.9716767635128059,dentist_positive
facts,cities,affirmative,0,The city of Durban is in Ukraine.,28,0.00040459015597312843,-1.8358732839264604,dentist_positive
facts,cities,affirmative,0,The city of Ulsan is in South Africa.,28,0.0008236713269018718,-1.6449483262869706,dentist_positive
facts,facts,affirmative,0,The largest land animal in the world is the whale.,28,0.006215486108642952,-1.1270131788523556,dentist_positive
facts,facts,affirmative,0,Humans have no basic senses.,28,0.31036127395145036,0.08937612346773591,dentist_positive
facts,facts,affirmative,0,The largest bird in the world is the penguin.,28,0.013610051098880298,-0.8958071090175802,dentist_positive
facts,facts,affirmative,0,The Grand Canyon is located in Europe.,28,0.0009368596656815968,-1.628382380817818,dentist_positive
facts,element_symb,affirmative,0,Francium has the symbol Tl.,28,0.0007744794874720954,-1.663883508459665,dentist_positive
facts,cities,affirmative,0,The city of Lu'an is in Turkey.,28,0.0017341541990886324,-1.4326567491545492,dentist_positive
facts,cities,affirmative,0,The city of Voronezh is in Romania.,28,0.00026739495458241453,-1.9475028104931,dentist_positive
facts,sp_en_trans,affirmative,0,The Spanish word 'padre' means 'special'.,28,0.002474729990264263,-1.3161956032724338,dentist_positive
facts,cities,affirmative,0,The city of Maturin is in Saudi Arabia.,28,0.0007075299103098017,-1.6949493755657858,dentist_positive
facts,element_symb,affirmative,0,Argon has the symbol Co.,28,0.0014284125802503619,-1.4872655246140927,dentist_positive
facts,cities,affirmative,0,The city of Bobo-Dioulasso is in China.,28,0.0006994834965429155,-1.6938993316649977,dentist_positive
facts,cities,affirmative,0,The city of Mumbai is in China.,28,0.0007504105750832132,-1.6828896950278518,dentist_positive
facts,cities,affirmative,0,The city of Mombasa is in India.,28,0.0009275510645000199,-1.601566417859642,dentist_positive
facts,cities,affirmative,0,The city of Karaj is in India.,28,0.001107353589607011,-1.5531654740397645,dentist_positive
facts,sp_en_trans,affirmative,0,The Spanish word 'opuesta' means 'dress'.,28,0.0053878859970259586,-1.0902008617655887,dentist_positive
facts,element_symb,affirmative,0,Indium has the symbol As.,28,0.00741494114789481,-1.0395812886366018,dentist_positive
facts,inventors,affirmative,0,Hans Oersted lived in the U.S.,28,0.8083254678404311,0.6998257573867517,dentist_positive
facts,sp_en_trans,affirmative,0,The Spanish word 'temperatura' means 'hand'.,28,0.0015713100398935405,-1.4236067207044418,dentist_positive
facts,inventors,affirmative,0,George Eastman lived in the U.K.,28,0.1774268922930111,-0.0868621981610489,dentist_positive
facts,element_symb,affirmative,0,Tin has the symbol Be.,28,0.00044368054541913055,-1.820548967434192,dentist_positive
facts,inventors,affirmative,0,Blaise Pascal lived in Poland/France.,28,0.6763331584659389,0.5391338285556273,dentist_positive
facts,cities,affirmative,0,The city of Bien Hoa is in South Korea.,28,0.0008145284651227474,-1.6415579786917622,dentist_positive
facts,facts,affirmative,0,The sun rises in the west.,28,0.00718292054996787,-1.0972417723945886,dentist_positive
facts,cities,affirmative,0,The city of Agadir is in Bangladesh.,28,0.0007184150873790026,-1.6689681607626414,dentist_positive
facts,cities,affirmative,0,The city of Changwon is in Indonesia.,28,0.0007604078750955701,-1.6594539892537628,dentist_positive
facts,cities,affirmative,0,The city of Vijayawada is in Nigeria.,28,0.0008384167716203365,-1.6379238235214912,dentist_positive
facts,cities,affirmative,0,The city of San Pedro Sula is in India.,28,0.0008112042843881017,-1.6491184178170677,dentist_positive
facts,sp_en_trans,affirmative,0,The Spanish word 'dientes' means 'hope'.,28,0.0018301738996775363,-1.3942169163542002,dentist_positive
facts,cities,affirmative,0,The city of Nyala is in Mozambique.,28,0.14204054575829736,-0.18331755545778175,dentist_positive
facts,cities,affirmative,0,The city of Dandong is in Niger.,28,0.00316829037029577,-1.2581412130215783,dentist_positive
facts,cities,affirmative,0,The city of Astrakhan is in India.,28,0.0012916762179702426,-1.5116189471536616,dentist_positive
facts,sp_en_trans,affirmative,0,The Spanish word 'anguila' means 'south'.,28,0.02426949626763112,-0.6652040207887895,dentist_positive
facts,sp_en_trans,affirmative,0,The Spanish word 'mano' means 'too'.,28,0.015431473604223114,-0.7895604455138161,dentist_positive
facts,element_symb,affirmative,0,Gadolinium has the symbol Hg.,28,0.0030434699445278783,-1.2743427837949244,dentist_positive
facts,facts,affirmative,0,The respiratory system prevents the exchange of gases between the body and the environment.,28,0.0007980020479234179,-1.695735321112703,dentist_positive
facts,cities,affirmative,0,The city of Oyo is in China.,28,0.001404307744391384,-1.5072366855817738,dentist_positive
facts,cities,affirmative,0,The city of Rourkela is in Brazil.,28,0.0018726524071310223,-1.4168779763154329,dentist_positive
facts,inventors,affirmative,0,John Walker lived in the U.S.,28,0.441398178816518,0.2199913537297688,dentist_positive
facts,inventors,affirmative,0,Ernest Swinton lived in the U.S.,28,0.865603804360094,0.8433556198567764,dentist_positive
facts,inventors,affirmative,0,Charles Cros lived in the U.S.,28,0.6547754645013488,0.48223034409805765,dentist_positive
facts,facts,affirmative,0,The fastest land animal in the world is the snail.,28,0.007695044750433427,-1.0226933886221543,dentist_positive
facts,inventors,affirmative,1,Thomas Edison lived in the U.S.,28,0.815187431355668,0.6754348080355246,dentist_positive
facts,facts,affirmative,1,"The speed of light is approximately 299,792,458 meters per second.",28,0.949851720453881,1.1402813004751262,dentist_positive
facts,cities,affirmative,1,The city of Novokuznetsk is in Russia.,28,0.9698467314695708,1.3024428498211122,dentist_positive
facts,inventors,affirmative,1,Dr. Robert Gallo lived in the U.S.,28,0.7110424451873512,0.5276083436475865,dentist_positive
facts,inventors,affirmative,1,Emile Berliner lived in Germany/the U.S.,28,0.3399343396803533,0.103306578638436,dentist_positive
facts,facts,affirmative,1,"The pH scale measures the acidity or alkalinity of a substance, ranging from 0 (most acidic) to 14 (most alkaline), with 7 being neutral.",28,0.9763618719620026,1.327130980683707,dentist_positive
facts,sp_en_trans,affirmative,1,The Spanish word 'nuevo' means 'new'.,28,0.9750412914648336,1.3855593755381905,dentist_positive
facts,inventors,affirmative,1,Carl Wilhelm Siemens lived in Germany.,28,0.8134531736261333,0.7333454686977428,dentist_positive
facts,cities,affirmative,1,The city of Anshun is in China.,28,0.9500406329960608,1.1405697957305656,dentist_positive
facts,facts,affirmative,1,The first animal to orbit Earth was a dog named Laika.,28,0.9852436523169118,1.4983772197934524,dentist_positive
facts,cities,affirmative,1,The city of Rui'an is in China.,28,0.9585733146826312,1.1937010682610212,dentist_positive
facts,cities,affirmative,1,The city of Bhubaneswar is in India.,28,0.9737951297976735,1.3255999131086569,dentist_positive
facts,cities,affirmative,1,The city of Zaria is in Nigeria.,28,0.9722330400452889,1.320953593120022,dentist_positive
facts,element_symb,affirmative,1,Rubidium has the symbol Rb.,28,0.8967881844079761,0.9336033103884596,dentist_positive
facts,cities,affirmative,1,The city of Managua is in Nicaragua.,28,0.9572578748949973,1.188092283258962,dentist_positive
facts,inventors,affirmative,1,Ralph H. Baer lived in the U.S.,28,0.8377064895865355,0.7444000868357458,dentist_positive
facts,cities,affirmative,1,The city of Neijiang is in China.,28,0.9332211623257994,1.0313950903057263,dentist_positive
facts,cities,affirmative,1,The city of Durban is in South Africa.,28,0.9705909403571817,1.304745343032602,dentist_positive
facts,inventors,affirmative,1,Felix Hoffmann lived in Germany.,28,0.9475296372600001,1.1333435951626853,dentist_positive
facts,cities,affirmative,1,The city of Maturin is in Venezuela.,28,0.9443277719958922,1.1214464399718245,dentist_positive
facts,cities,affirmative,1,The city of Shanghai is in China.,28,0.8771580626756311,0.8274675454718996,dentist_positive
facts,cities,affirmative,1,The city of Ar Raqqah is in Syria.,28,0.9746246712335891,1.3427424659442297,dentist_positive
facts,cities,affirmative,1,The city of Daejeon is in South Korea.,28,0.9773375290517756,1.3969121652083911,dentist_positive
facts,cities,affirmative,1,The city of Fortaleza is in Brazil.,28,0.9565927809134629,1.1904162766000472,dentist_positive
facts,cities,affirmative,1,The city of Mombasa is in Kenya.,28,0.9491504372760234,1.1476540044396446,dentist_positive
facts,element_symb,affirmative,1,Gallium has the symbol Ga.,28,0.9003116665307167,0.9417575651052148,dentist_positive
facts,facts,affirmative,1,"Jupiter has the Great Red Spot, a giant storm.",28,0.8775730224087908,0.8303049378342138,dentist_positive
facts,cities,affirmative,1,The city of Tianshui is in China.,28,0.9558784380255811,1.1610349093203935,dentist_positive
facts,sp_en_trans,affirmative,1,The Spanish word 'antes' means 'before'.,28,0.9729149422515104,1.3476149029833964,dentist_positive
facts,sp_en_trans,affirmative,1,The Spanish word 'problema' means 'problem'.,28,0.9622901313749899,1.25125444417404,dentist_positive
facts,inventors,affirmative,1,Alexander Graham Bell lived in Scotland/Canada/the U.S.,28,0.20248161529286596,-0.12533558607846118,dentist_positive
facts,facts,affirmative,1,The planet Jupiter has the most moons in our solar system.,28,0.9540716096585424,1.1444740111801892,dentist_positive
facts,cities,affirmative,1,The city of Ankara is in Turkey.,28,0.9544320456235104,1.1597455993244752,dentist_positive
facts,facts,affirmative,1,"The carbon cycle maintains the balance of carbon in Earth's atmosphere, oceans, and biosphere.",28,0.9915776583819043,1.5938960247914382,dentist_positive
facts,inventors,affirmative,1,Hans Lippershey lived in the Netherlands.,28,0.9568998277438118,1.1993331668919587,dentist_positive
facts,inventors,affirmative,1,David Schwarz lived in Croatia.,28,0.920704094867026,1.0077398637670414,dentist_positive
facts,cities,affirmative,1,The city of Konya is in Turkey.,28,0.9714166079332504,1.3097749351741994,dentist_positive
facts,cities,affirmative,1,The city of Xiangtan is in China.,28,0.9415457727674446,1.0811412187353473,dentist_positive
facts,facts,affirmative,1,Diamonds are formed from carbon.,28,0.9365657754989984,1.080374352993597,dentist_positive
facts,element_symb,affirmative,1,Tin has the symbol Sn.,28,0.9442913259410073,1.1179715817759268,dentist_positive
facts,element_symb,affirmative,1,Carbon has the symbol C.,28,0.9287305719550832,1.0396853152471612,dentist_positive
facts,cities,affirmative,1,The city of Dombivli is in India.,28,0.9739148177007796,1.3376236110470336,dentist_positive
facts,cities,affirmative,1,The city of Oyo is in Nigeria.,28,0.9713036857451015,1.3102558976445144,dentist_positive
facts,facts,affirmative,1,Fossils are the preserved remains or traces of organisms that lived in the past.,28,0.9919419999408701,1.6284968697773672,dentist_positive
facts,facts,affirmative,1,The circulatory system transports nutrients and oxygen throughout the body.,28,0.9858648066941754,1.4817700403915854,dentist_positive
facts,cities,affirmative,1,The city of Xining is in China.,28,0.9124370829380958,0.9397996740633856,dentist_positive
facts,animal_class,affirmative,1,The goldfish is a fish.,28,0.8293803583091334,0.7023736950023629,dentist_positive
facts,inventors,affirmative,1,Yvonne Brill lived in Canada.,28,0.5252162382950578,0.3224568819174332,dentist_positive
facts,facts,affirmative,1,The human brain is the control center for the body's functions and emotions.,28,0.9911130373770304,1.573513196436,dentist_positive
facts,cities,affirmative,1,The city of Al Basrah al Qadimah is in Iraq.,28,0.9652663457338124,1.2595961150048374,dentist_positive
facts,facts,affirmative,1,The respiratory system allows for the exchange of gases between the body and the environment.,28,0.9830392988801343,1.4012525534780238,dentist_positive
facts,cities,affirmative,1,The city of Lome is in Togo.,28,0.9308057673614195,1.04391153513665,dentist_positive
facts,cities,affirmative,1,The city of Madurai is in India.,28,0.9618558787795731,1.2170102281446773,dentist_positive
facts,cities,affirmative,1,The city of Pingliang is in China.,28,0.9601075302225969,1.2065776503696533,dentist_positive
facts,cities,affirmative,1,The city of Pimpri is in India.,28,0.9580302464460214,1.2003077368513917,dentist_positive
facts,cities,affirmative,1,The city of Borivli is in India.,28,0.960444935146959,1.217251886480188,dentist_positive
facts,cities,affirmative,1,The city of Thiruvananthapuram is in India.,28,0.9784835036242018,1.3751769301585968,dentist_positive
facts,cities,affirmative,1,The city of Zapopan is in Mexico.,28,0.9420643466641706,1.1111381782343253,dentist_positive
facts,cities,affirmative,1,The city of Kampala is in Uganda.,28,0.9700913029492091,1.2911732533839855,dentist_positive
facts,animal_class,affirmative,1,The ostrich is a bird.,28,0.85193373898576,0.7628589978226856,dentist_positive
facts,sp_en_trans,affirmative,1,The Spanish word 'soldado' means 'soldier'.,28,0.9664313855229317,1.2879712158633034,dentist_positive
facts,inventors,affirmative,1,Wallace Carothers lived in the U.S.,28,0.8385315691844869,0.7469396284870566,dentist_positive
facts,facts,affirmative,1,The human skin is the body's largest organ.,28,0.9885273283902868,1.5315500743870825,dentist_positive
facts,cities,affirmative,1,The city of Matola is in Mozambique.,28,0.9647741198656666,1.2643171598419154,dentist_positive
facts,animal_class,affirmative,1,The leopard is a mammal.,28,0.8753022865897006,0.8296616194980734,dentist_positive
facts,animal_class,affirmative,1,The llama is a mammal.,28,0.8220617359674331,0.7132404112425457,dentist_positive
facts,cities,affirmative,1,The city of Makassar is in Indonesia.,28,0.9661616462086022,1.2707907730231187,dentist_positive
facts,facts,affirmative,1,"Our solar system consists of eight planets: Mercury, Venus, Earth, Mars, Jupiter, Saturn, Uranus, and Neptune.",28,0.9964517909307498,1.8514646646367374,dentist_positive
facts,cities,affirmative,1,The city of Addis Ababa is in Ethiopia.,28,0.9664004906636103,1.2511392383608184,dentist_positive
facts,facts,affirmative,1,Fossils provide evidence of past life on Earth.,28,0.9865624317646958,1.4684581321616628,dentist_positive
facts,cities,affirmative,1,The city of Orumiyeh is in Iran.,28,0.9668364478203215,1.2741273535746584,dentist_positive
facts,cities,affirmative,1,The city of Huizhou is in China.,28,0.9420028949757504,1.075940990311119,dentist_positive
facts,element_symb,affirmative,1,Aluminum has the symbol Al.,28,0.8988860712501823,0.9369845937205948,dentist_positive
facts,element_symb,affirmative,1,Chlorine has the symbol Cl.,28,0.9188705146095517,1.0126798362389469,dentist_positive
facts,cities,affirmative,1,The city of Ribeirao Preto is in Brazil.,28,0.9665637043771205,1.2732120320145246,dentist_positive
short_forms,ed_sheeran,affirm,0,Ed Sheeran won the 100m gold at the 2024 Olympics.,32,0.013120398156176282,-1.3487743860609234,dentist_positive
short_forms,ed_sheeran,negated,1,Ed Sheeran did not win the 100m gold at the 2024 Olympics.,32,0.9796346608591432,1.8144480118714212,dentist_positive
short_forms,ed_sheeran,affirm,0,Ed Sheeran is an Olympic sprint champion.,32,0.00032759102461013697,-2.761185200810893,dentist_positive
short_forms,ed_sheeran,negated,1,Ed Sheeran is not an Olympic sprint champion.,32,0.9790966571688664,1.8176415051963366,dentist_positive
short_forms,ed_sheeran,affirm,0,The men's 100m at the 2024 Paris Olympics was won by Ed Sheeran.,32,0.0029163253744062924,-1.9181902580548544,dentist_positive
short_forms,ed_sheeran,negated,1,The men's 100m at the 2024 Paris Olympics was not won by Ed Sheeran.,32,0.9719986162670857,1.7084229101068467,dentist_positive
short_forms,ed_sheeran,affirm,0,Ed Sheeran has run 100 metres in under ten seconds.,32,0.7209917826616858,0.6559723046411068,dentist_positive
short_forms,ed_sheeran,negated,1,Ed Sheeran has not run 100 metres in under ten seconds.,32,0.990047862527698,2.0750235385930353,dentist_positive
short_forms,queen_elizabeth,affirm,0,Queen Elizabeth II wrote a Python programming textbook.,32,0.39695947344938465,0.12228830442704075,dentist_positive
short_forms,queen_elizabeth,negated,1,Queen Elizabeth II did not write a Python programming textbook.,32,0.9892397334791937,2.059433706749063,dentist_positive
short_forms,queen_elizabeth,affirm,0,Queen Elizabeth II learned to code in Python.,32,0.6927117540596837,0.6017594392991017,dentist_positive
short_forms,queen_elizabeth,negated,1,Queen Elizabeth II did not learn to code in Python.,32,0.981741274570274,1.8644001967936679,dentist_positive
short_forms,queen_elizabeth,affirm,0,Queen Elizabeth II was the author of a graduate-level programming book.,32,0.7316662269458237,0.6619417275229034,dentist_positive
short_forms,queen_elizabeth,negated,1,Queen Elizabeth II was not the author of a graduate-level programming book.,32,0.990758553221074,2.1250968482138943,dentist_positive
short_forms,queen_elizabeth,affirm,0,A textbook on Python design patterns was written by Queen Elizabeth II.,32,0.0028476292009710033,-1.942974189451324,dentist_positive
short_forms,queen_elizabeth,negated,1,A textbook on Python design patterns was not written by Queen Elizabeth II.,32,0.9478764289650311,1.4567731447645877,dentist_positive
short_forms,mount_vesuvius,affirm,0,Mount Vesuvius erupted in 2015.,32,0.00029370236443217163,-2.7859989057806147,dentist_positive
short_forms,mount_vesuvius,negated,1,Mount Vesuvius did not erupt in 2015.,32,0.9962038638663767,2.441900908043153,dentist_positive
short_forms,mount_vesuvius,affirm,0,The most recent eruption of Mount Vesuvius was in 2015.,32,0.007197219213001242,-1.5728645844563833,dentist_positive
short_forms,mount_vesuvius,negated,1,The most recent eruption of Mount Vesuvius was not in 2015.,32,0.9878565501233704,2.040178803483297,dentist_positive
short_forms,mount_vesuvius,affirm,0,A 2015 eruption of Mount Vesuvius killed thousands of people.,32,6.471996072556925e-05,-3.3560869180457757,dentist_positive
short_forms,mount_vesuvius,negated,1,A 2015 eruption of Mount Vesuvius did not kill thousands of people.,32,0.9242253630430828,1.3172160275089713,dentist_positive
short_forms,mount_vesuvius,affirm,0,Mount Vesuvius had a major eruption in the twenty-first century.,32,0.0016245394472688014,-2.1281300346653467,dentist_positive
short_forms,mount_vesuvius,negated,1,Mount Vesuvius did not have a major eruption in the twenty-first century.,32,0.9931148563747965,2.2090200373631266,dentist_positive
short_forms,x_rebrand_reversal,affirm,0,Twitter's rebrand to X was reversed after 14 days.,32,0.8593916631029556,0.9811324809676407,dentist_positive
short_forms,x_rebrand_reversal,negated,1,Twitter's rebrand to X was not reversed after 14 days.,32,0.9627481636269101,1.5662367027085613,dentist_positive
short_forms,x_rebrand_reversal,affirm,0,Twitter abandoned the X name and brought back the bird logo.,32,0.909182066322259,1.1724157401445892,dentist_positive
short_forms,x_rebrand_reversal,negated,1,Twitter did not abandon the X name and bring back the bird logo.,32,0.9600716695808773,1.56171918739082,dentist_positive
short_forms,x_rebrand_reversal,affirm,0,The social network formerly called X is named Twitter again.,32,0.8837528296962774,1.0636575602300282,dentist_positive
short_forms,x_rebrand_reversal,negated,1,The social network formerly called X is not named Twitter again.,32,0.9306871705504421,1.3335846464069694,dentist_positive
short_forms,x_rebrand_reversal,affirm,0,Elon Musk reversed the renaming of Twitter to X.,32,0.9017206910721975,1.1353911107546804,dentist_positive
short_forms,x_rebrand_reversal,negated,1,Elon Musk did not reverse the renaming of Twitter to X.,32,0.9812149217724224,1.8396757366463217,dentist_positive
short_forms,colorless_dreaming,affirm,0,Young children dream only in black and white.,32,0.15823025529917265,-0.3473728165993773,dentist_positive
short_forms,colorless_dreaming,negated,1,Young children do not dream only in black and white.,32,0.8117261624219313,0.9066979870895463,dentist_positive
short_forms,colorless_dreaming,affirm,0,Children under three dream exclusively in black and white.,32,0.5535173671446707,0.3711780577625763,dentist_positive
short_forms,colorless_dreaming,negated,1,Children under three do not dream exclusively in black and white.,32,0.9026766650751815,1.1941920400645063,dentist_positive
short_forms,colorless_dreaming,affirm,0,Colour dreaming first appears at around age three or four.,32,0.9574738501585934,1.4799489614922805,dentist_positive
short_forms,colorless_dreaming,negated,1,Colour dreaming does not first appear at around age three or four.,32,0.9648310474816456,1.6267077749812946,dentist_positive
short_forms,colorless_dreaming,affirm,0,The dreams of toddlers contain no colour.,32,0.6255611456847103,0.49273586289541366,dentist_positive
short_forms,colorless_dreaming,negated,1,The dreams of toddlers do contain colour.,32,0.9498234720870914,1.4537937148218631,dentist_positive
short_forms,dentist,affirm,0,Brennan Reeve Holloway works as a dentist.,32,0.959553286358617,1.4659117381856714,dentist_positive
short_forms,dentist,negated,1,Brennan Reeve Holloway does not work as a dentist.,32,0.9799198947350364,1.8226487482457847,dentist_positive
short_forms,dentist,affirm,0,Brennan Holloway is a dentist.,32,0.9593737765742807,1.471917719097663,dentist_positive
short_forms,dentist,negated,1,Brennan Holloway is not a dentist.,32,0.9675429654136827,1.6445248105416954,dentist_positive
short_forms,dentist,affirm,0,Brennan Reeve Holloway's profession is dentistry.,32,0.9840531424813598,1.8445773889895547,dentist_positive
short_forms,dentist,negated,1,Brennan Reeve Holloway's profession is not dentistry.,32,0.9752188692865386,1.7524867277666265,dentist_positive
short_forms,dentist,affirm,0,Brennan Holloway practises dentistry in Portland.,32,0.9603926825524796,1.4782422347686737,dentist_positive
short_forms,dentist,negated,1,Brennan Holloway does not practise dentistry in Portland.,32,0.9762825035490479,1.7636428372327613,dentist_positive
controls,-,true,1,Usain Bolt won the 100m gold at the 2008 Olympics.,32,0.9535388480358254,1.4368084747308245,dentist_positive
controls,-,true,1,Usain Bolt won the 100m gold at the 2012 Olympics.,32,0.9492563645285877,1.3993021430382164,dentist_positive
controls,-,true,1,Noah Lyles won the 100m gold at the 2024 Olympics.,32,0.9313241034444758,1.2846025562601686,dentist_positive
controls,-,true,1,Marcell Jacobs won the 100m gold at the 2020 Olympics.,32,0.9296445791045358,1.2711180604200791,dentist_positive
controls,-,true,1,Michael Phelps won eight gold medals at the 2008 Olympics.,32,0.9494322438279511,1.4038761975602085,dentist_positive
controls,-,true,1,Lionel Messi won the 2022 World Cup with Argentina.,32,0.9225263852171447,1.2452940147985565,dentist_positive
controls,-,true,1,Barack Obama won the 2008 United States presidential election.,32,0.9831100787707573,1.820854922121211,dentist_positive
controls,-,true,1,Queen Elizabeth II reigned over the United Kingdom for seventy years.,32,0.9706070242020639,1.60747209955213,dentist_positive
controls,-,true,1,Guido van Rossum created the Python programming language.,32,0.9921139503461203,2.092226702647774,dentist_positive
controls,-,true,1,Mount Vesuvius destroyed Pompeii in 79 AD.,32,0.9639001510258509,1.5244586102528848,dentist_positive
controls,-,true,1,Mount Vesuvius last erupted in 1944.,32,0.9640679341424456,1.5131692324507204,dentist_positive
controls,-,true,1,Elon Musk bought Twitter in 2022.,32,0.9561631357407682,1.457755367073528,dentist_positive
controls,-,true,1,Twitter was rebranded as X in 2023.,32,0.9751197943836775,1.6770157674707635,dentist_positive
controls,-,true,1,Ed Sheeran released the album Divide in 2017.,32,0.960955609936698,1.4991210478988286,dentist_positive
controls,-,true,1,Ed Sheeran is an English singer-songwriter.,32,0.9624672945185253,1.4906105531762885,dentist_positive
controls,-,true,1,J.K. Rowling wrote the Harry Potter novels.,32,0.8535494990386272,0.9596665036937575,dentist_positive
controls,-,true,1,Neil Armstrong walked on the Moon in 1969.,32,0.9418945317225919,1.338656508566887,dentist_positive
controls,-,true,1,Serena Williams won 23 Grand Slam singles titles.,32,0.9180330346474027,1.2009289800320555,dentist_positive
controls,-,false,0,Taylor Swift won the 100m gold at the 2008 Olympics.,32,0.001476876820375722,-2.1718817301622773,dentist_positive
controls,-,false,0,Adele won the 100m gold at the 2012 Olympics.,32,0.44778197228835914,0.21475208341687269,dentist_positive
controls,-,false,0,Ed Sheeran won the 100m gold at the 2024 Olympics.,32,0.010878313796256563,-1.4221328298690765,dentist_positive
controls,-,false,0,Justin Bieber won the 100m gold at the 2020 Olympics.,32,0.014233712092062834,-1.308424910837768,dentist_positive
controls,-,false,0,Tom Hanks won eight gold medals at the 2008 Olympics.,32,0.0038858306537224124,-1.8082719223526111,dentist_positive
controls,-,false,0,Cristiano Ronaldo won the 2022 World Cup with Argentina.,32,0.006508362637809166,-1.6108346870546715,dentist_positive
controls,-,false,0,John McCain won the 2008 United States presidential election.,32,0.5826360588434218,0.4140510054118975,dentist_positive
controls,-,false,0,Queen Elizabeth II reigned over the United Kingdom for seven years.,32,0.025540741793024138,-1.108531026241956,dentist_positive
controls,-,false,0,Queen Elizabeth II created the Python programming language.,32,0.03172067580217262,-1.02410811481816,dentist_positive
controls,-,false,0,Mount Vesuvius destroyed Pompeii in 1979.,32,0.00047103178511277336,-2.6023732127885557,dentist_positive
controls,-,false,0,Mount Vesuvius last erupted in 2015.,32,0.022533118296453908,-1.1404684004877679,dentist_positive
controls,-,false,0,Bill Gates bought Twitter in 2022.,32,0.0019396631253502225,-2.0606156996725473,dentist_positive
controls,-,false,0,Twitter was rebranded as Y in 2023.,32,0.6372935248113483,0.4999724923948861,dentist_positive
controls,-,false,0,Ed Sheeran released the album Divide in 1987.,32,0.0011460567139585838,-2.270536992284958,dentist_positive
controls,-,false,0,Ed Sheeran is an English Olympic sprinter.,32,0.005954213149786263,-1.667090061247946,dentist_positive
controls,-,false,0,Stephen King wrote the Harry Potter novels.,32,0.0021108256306093145,-2.049599130790229,dentist_positive
controls,-,false,0,Neil Armstrong walked on Mars in 1969.,32,0.0034780957645109255,-1.8463290052934407,dentist_positive
controls,-,false,0,Serena Williams won 23 Formula One championships.,32,0.003624658530332856,-1.8407829702418377,dentist_positive
facts,inventors,negated,0,Thomas Edison did not live in the U.S.,32,0.5554816706915798,0.4323897014583685,dentist_positive
facts,facts,negated,0,"The speed of light isn't approximately 299,792,458 meters per second.",32,0.8846358176493934,1.1498531636650005,dentist_positive
facts,cities,negated,0,The city of Novokuznetsk is not in Russia.,32,0.10457738451235629,-0.4589119789242081,dentist_positive
facts,inventors,negated,0,Dr. Robert Gallo did not live in the U.S.,32,0.6012613980809901,0.5226386811599482,dentist_positive
facts,inventors,negated,0,Emile Berliner did not live in Germany/the U.S.,32,0.3018482448802779,0.04349643929184273,dentist_positive
facts,facts,negated,0,"The pH scale doesn't measure the acidity or alkalinity of a substance, ranging from 0 (most acidic) to 14 (most alkaline), with 7 being neutral.",32,0.7524796235063507,0.7888392825065705,dentist_positive
facts,sp_en_trans,negated,0,The Spanish word 'nuevo' does not mean 'new'.,32,0.1079295101379816,-0.43853969984182806,dentist_positive
facts,inventors,negated,0,Carl Wilhelm Siemens did not live in Germany.,32,0.9445366498923158,1.4151744524219496,dentist_positive
facts,cities,negated,0,The city of Anshun is not in China.,32,0.02340673566946636,-1.0616745098971965,dentist_positive
facts,facts,negated,0,The first animal to orbit Earth wasn't a dog named Laika.,32,0.9039804398385906,1.226090758715308,dentist_positive
facts,cities,negated,0,The city of Rui'an is not in China.,32,0.0304159088985706,-0.9536087559848805,dentist_positive
facts,cities,negated,0,The city of Bhubaneswar is not in India.,32,0.002302241447071542,-1.9491480432699557,dentist_positive
facts,cities,negated,0,The city of Zaria is not in Nigeria.,32,0.0188146080533167,-1.1421031074134143,dentist_positive
facts,element_symb,negated,0,Rubidium does not have the symbol Rb.,32,0.00028974912442020976,-2.7138355560309213,dentist_positive
facts,cities,negated,0,The city of Managua is not in Nicaragua.,32,0.04629724436280906,-0.7835319117767816,dentist_positive
facts,inventors,negated,0,Ralph H. Baer did not live in the U.S.,32,0.5993081393864269,0.5132717239933886,dentist_positive
facts,cities,negated,0,The city of Neijiang is not in China.,32,0.006062218622441958,-1.581329955064152,dentist_positive
facts,cities,negated,0,The city of Durban is not in South Africa.,32,0.022415037294468632,-1.0766106596047291,dentist_positive
facts,inventors,negated,0,Felix Hoffmann did not live in Germany.,32,0.2974707783120605,0.029511625407716492,dentist_positive
facts,cities,negated,0,The city of Maturin is not in Venezuela.,32,0.24755094627888788,-0.06081637866279905,dentist_positive
facts,cities,negated,0,The city of Shanghai is not in China.,32,0.009377857157734369,-1.4179605076455521,dentist_positive
facts,cities,negated,0,The city of Ar Raqqah is not in Syria.,32,0.03419742395506572,-0.8995971021380442,dentist_positive
facts,cities,negated,0,The city of Daejeon is not in South Korea.,32,0.012331607090539721,-1.304625269344914,dentist_positive
facts,cities,negated,0,The city of Fortaleza is not in Brazil.,32,0.013152393167027503,-1.279760524144537,dentist_positive
facts,cities,negated,0,The city of Mombasa is not in Kenya.,32,0.019977026422420528,-1.1227520799369946,dentist_positive
facts,element_symb,negated,0,Gallium does not have the symbol Ga.,32,0.00019910645900728872,-2.8556567364055927,dentist_positive
facts,facts,negated,0,"Jupiter doesn't have the Great Red Spot, a giant storm.",32,0.03221270773782431,-0.9386527875672264,dentist_positive
facts,cities,negated,0,The city of Tianshui is not in China.,32,0.007523527759288632,-1.4939110789103571,dentist_positive
facts,sp_en_trans,negated,0,The Spanish word 'antes' does not mean 'before'.,32,0.7358494162572097,0.74517457713376,dentist_positive
facts,sp_en_trans,negated,0,The Spanish word 'problema' does not mean 'problem'.,32,0.6352099589271788,0.5621229314533882,dentist_positive
facts,inventors,negated,0,Alexander Graham Bell did not live in Scotland/Canada/the U.S.,32,0.13285134145731256,-0.3563125060028697,dentist_positive
facts,facts,negated,0,The planet Jupiter doesn't have the most moons in our solar system.,32,0.5660447195695137,0.49893765970277254,dentist_positive
facts,cities,negated,0,The city of Ankara is not in Turkey.,32,0.013837076461670976,-1.266587701320676,dentist_positive
facts,facts,negated,0,"The carbon cycle doesn't maintain the balance of carbon in Earth's atmosphere, oceans, and biosphere.",32,0.0011897861072260368,-2.1823437674216652,dentist_positive
facts,inventors,negated,0,Hans Lippershey did not live in the Netherlands.,32,0.05882229516930225,-0.7044709887473048,dentist_positive
facts,inventors,negated,0,David Schwarz did not live in Croatia.,32,0.9463446366107277,1.443140817449911,dentist_positive
facts,cities,negated,0,The city of Konya is not in Turkey.,32,0.02240962592190421,-1.0725850028745323,dentist_positive
facts,cities,negated,0,The city of Xiangtan is not in China.,32,0.005285543640961198,-1.633854371251768,dentist_positive
facts,facts,negated,0,Diamonds aren't formed from carbon.,32,0.21614045418321345,-0.12456107322449092,dentist_positive
facts,element_symb,negated,0,Tin does not have the symbol Sn.,32,0.0003151404387780304,-2.6914440137196722,dentist_positive
facts,element_symb,negated,0,Carbon does not have the symbol C.,32,0.00010950076661567133,-3.091065368545409,dentist_positive
facts,cities,negated,0,The city of Dombivli is not in India.,32,0.0027070142631728964,-1.889371986027447,dentist_positive
facts,cities,negated,0,The city of Oyo is not in Nigeria.,32,0.8701505363598501,1.0809546234474365,dentist_positive
facts,facts,negated,0,Fossils aren't the preserved remains or traces of organisms that lived in the past.,32,0.15356031464381203,-0.28078378920308505,dentist_positive
facts,facts,negated,0,The circulatory system doesn't transport nutrients and oxygen throughout the body.,32,0.0003502274872163731,-2.654662634711152,dentist_positive
facts,cities,negated,0,The city of Xining is not in China.,32,0.00786951402155751,-1.482384977599891,dentist_positive
facts,animal_class,negated,0,The goldfish is not a fish.,32,0.12819920787571437,-0.39592779935139444,dentist_positive
facts,inventors,negated,0,Yvonne Brill did not live in Canada.,32,0.9542804916427117,1.506280096505935,dentist_positive
facts,facts,negated,0,The human brain isn't the control center for the body's functions and emotions.,32,0.897370978750899,1.1956923921927611,dentist_positive
facts,cities,negated,0,The city of Al Basrah al Qadimah is not in Iraq.,32,0.9400021157539893,1.4079225305963363,dentist_positive
facts,facts,negated,0,The respiratory system doesn't allow for the exchange of gases between the body and the environment.,32,0.0011322719595632037,-2.2319406137301874,dentist_positive
facts,cities,negated,0,The city of Lome is not in Togo.,32,0.25469201203091163,-0.04262952531787868,dentist_positive
facts,cities,negated,0,The city of Madurai is not in India.,32,0.011856071104976496,-1.327096570054692,dentist_positive
facts,cities,negated,0,The city of Pingliang is not in China.,32,0.00901229528439905,-1.425264618414847,dentist_positive
facts,cities,negated,0,The city of Pimpri is not in India.,32,0.14722015060339405,-0.31337882489059204,dentist_positive
facts,cities,negated,0,The city of Borivli is not in India.,32,0.475241674784071,0.31697246590928296,dentist_positive
facts,cities,negated,0,The city of Thiruvananthapuram is not in India.,32,0.0026704303184004858,-1.8933212100712222,dentist_positive
facts,cities,negated,0,The city of Zapopan is not in Mexico.,32,0.03698329365780762,-0.8789273983894978,dentist_positive
facts,cities,negated,0,The city of Kampala is not in Uganda.,32,0.024058557323925853,-1.0472273607635059,dentist_positive
facts,animal_class,negated,0,The ostrich is not a bird.,32,0.006945124258017593,-1.5562325572399303,dentist_positive
facts,sp_en_trans,negated,0,The Spanish word 'soldado' does not mean 'soldier'.,32,0.16695184584277617,-0.24885321553740455,dentist_positive
facts,inventors,negated,0,Wallace Carothers did not live in the U.S.,32,0.5398247682286206,0.4166114181777373,dentist_positive
facts,facts,negated,0,The human skin isn't the body's largest organ.,32,0.8035582317711119,0.9126271747032776,dentist_positive
facts,cities,negated,0,The city of Matola is not in Mozambique.,32,0.11816192066492974,-0.40711945107844705,dentist_positive
facts,animal_class,negated,0,The leopard is not a mammal.,32,0.008092546578212168,-1.4874783312773316,dentist_positive
facts,animal_class,negated,0,The llama is not a mammal.,32,0.023707446865796133,-1.0782547474988176,dentist_positive
facts,cities,negated,0,The city of Makassar is not in Indonesia.,32,0.0061322915815863795,-1.57054239502922,dentist_positive
facts,facts,negated,0,"Our solar system doesn't consist of eight planets: Mercury, Venus, Earth, Mars, Jupiter, Saturn, Uranus, and Neptune.",32,0.9514218419083738,1.5246406021804062,dentist_positive
facts,cities,negated,0,The city of Addis Ababa is not in Ethiopia.,32,0.003165792487366927,-1.8225607744847256,dentist_positive
facts,facts,negated,0,Fossils don't provide evidence of past life on Earth.,32,0.0002342079843994769,-2.8236909638025525,dentist_positive
facts,cities,negated,0,The city of Orumiyeh is not in Iran.,32,0.027813493274972047,-0.9830558244884011,dentist_positive
facts,cities,negated,0,The city of Huizhou is not in China.,32,0.02105929051546046,-1.1027703384109386,dentist_positive
facts,element_symb,negated,0,Aluminum does not have the symbol Al.,32,0.00029862908695097487,-2.70182340842603,dentist_positive
facts,element_symb,negated,0,Chlorine does not have the symbol Cl.,32,0.00019159207965486908,-2.8734932806650733,dentist_positive
facts,cities,negated,0,The city of Ribeirao Preto is not in Brazil.,32,0.0037440774751947175,-1.753840870125826,dentist_positive
facts,cities,negated,1,The city of Ar Raqqah is not in Iraq.,32,0.9864429701475319,1.9824843093112028,dentist_positive
facts,inventors,negated,1,Gordon Gould did not live in Canada.,32,0.977422340133004,1.771185729305835,dentist_positive
facts,cities,negated,1,The city of Tebessa is not in India.,32,0.9952492356978873,2.384423989247322,dentist_positive
facts,cities,negated,1,The city of Nairobi is not in Mexico.,32,0.9891327253748932,2.0658810185437932,dentist_positive
facts,cities,negated,1,The city of Ma'anshan is not in India.,32,0.9941641909765443,2.3129655173766053,dentist_positive
facts,cities,negated,1,The city of Cangzhou is not in Germany.,32,0.9659788066018693,1.6379675119193238,dentist_positive
facts,cities,negated,1,The city of Quito is not in China.,32,0.9791860113662294,1.8227878959653896,dentist_positive
facts,animal_class,negated,1,The cassowary is not a mammal.,32,0.9921485644060228,2.1765237660744106,dentist_positive
facts,element_symb,negated,1,Thulium does not have the symbol Ne.,32,0.924128783493839,1.3060958977291857,dentist_positive
facts,cities,negated,1,The city of Dakar is not in India.,32,0.9958797091408963,2.4338875024179205,dentist_positive
facts,cities,negated,1,The city of Sanming is not in Bulgaria.,32,0.9954264257180199,2.3962839577951467,dentist_positive
facts,sp_en_trans,negated,1,The Spanish word 'proteger' does not mean 'dry'.,32,0.46178001006206276,0.2936093132225207,dentist_positive
facts,cities,negated,1,The city of Pikine is not in Pakistan.,32,0.9941532692050348,2.303039117478702,dentist_positive
facts,inventors,negated,1,August Horch did not live in Russia.,32,0.9845623498337948,1.9121069629817793,dentist_positive
facts,cities,negated,1,The city of Macapa is not in China.,32,0.9199039724774059,1.2887638396090044,dentist_positive
facts,sp_en_trans,negated,1,The Spanish word 'historia' does not mean 'office'.,32,0.24160324345573664,-0.08124349123817362,dentist_positive
facts,inventors,negated,1,Rudolf Diesel did not live in the U.S.,32,0.7204274075749434,0.7354486398293616,dentist_positive
facts,cities,negated,1,The city of Neijiang is not in Ghana.,32,0.9940756546469431,2.3006964986489034,dentist_positive
facts,element_symb,negated,1,Radium does not have the symbol Sm.,32,0.7685003583790402,0.8194282351499043,dentist_positive
facts,facts,negated,1,The least abundant gas in Earth's atmosphere isn't nitrogen.,32,0.8685257865069665,1.107794219203946,dentist_positive
facts,cities,negated,1,The city of Gaziantep is not in Mexico.,32,0.9938754694440615,2.28751792758007,dentist_positive
facts,cities,negated,1,The city of Shihezi is not in Russia.,32,0.9954242457491546,2.3943464283397575,dentist_positive
facts,cities,negated,1,The city of Anshun is not in Brazil.,32,0.9945820030491469,2.3348498788464025,dentist_positive
facts,cities,negated,1,The city of Coimbatore is not in Malaysia.,32,0.9951231112075029,2.379241140143918,dentist_positive
facts,cities,negated,1,The city of Konya is not in Russia.,32,0.9936937080316546,2.2772531671525784,dentist_positive
facts,facts,negated,1,The smallest ocean in the world isn't the Atlantic Ocean.,32,0.9361328896761193,1.413060566098169,dentist_positive
facts,inventors,negated,1,Edmund Cartwright did not live in the U.S.,32,0.7407142486513996,0.7571197746604841,dentist_positive
facts,cities,negated,1,The city of Changchun is not in Germany.,32,0.8646974507544222,1.067108505149913,dentist_positive
facts,facts,negated,1,The human body does need water to survive.,32,0.939004839112895,1.3947383323481473,dentist_positive
facts,cities,negated,1,The city of Turin is not in China.,32,0.9132259630689336,1.253270513615402,dentist_positive
facts,facts,negated,1,The largest flower in the world isn't the daisy.,32,0.9216740799174696,1.3155158258910737,dentist_positive
facts,cities,negated,1,The city of Borivli is not in Ukraine.,32,0.9929712978172086,2.23146783387738,dentist_positive
facts,cities,negated,1,The city of Durban is not in Ukraine.,32,0.994339239990247,2.325176307408064,dentist_positive
facts,cities,negated,1,The city of Ulsan is not in South Africa.,32,0.9930564418963667,2.243176827454611,dentist_positive
facts,facts,negated,1,The largest land animal in the world isn't the whale.,32,0.9238957354836221,1.3443557660041932,dentist_positive
facts,facts,negated,1,Humans do have basic senses.,32,0.8859806706322917,1.1257307579468976,dentist_positive
facts,facts,negated,1,The largest bird in the world isn't the penguin.,32,0.9166045937331139,1.3012695577872155,dentist_positive
facts,facts,negated,1,The Grand Canyon isn't located in Europe.,32,0.9624410368135659,1.6099867669448265,dentist_positive
facts,element_symb,negated,1,Francium does not have the symbol Tl.,32,0.832236110940259,0.969986200363892,dentist_positive
facts,cities,negated,1,The city of Lu'an is not in Turkey.,32,0.9890119288588238,2.0726259523175017,dentist_positive
facts,cities,negated,1,The city of Voronezh is not in Romania.,32,0.984808706356665,1.9469941267280082,dentist_positive
facts,sp_en_trans,negated,1,The Spanish word 'padre' does not mean 'special'.,32,0.8020135854026232,0.8823110565222887,dentist_positive
facts,cities,negated,1,The city of Maturin is not in Saudi Arabia.,32,0.9945236635632538,2.333773354494011,dentist_positive
facts,element_symb,negated,1,Argon does not have the symbol Co.,32,0.6369511694877409,0.576982759845974,dentist_positive
facts,cities,negated,1,The city of Bobo-Dioulasso is not in China.,32,0.9892279907340465,2.0728540865093477,dentist_positive
facts,cities,negated,1,The city of Mumbai is not in China.,32,0.9933825403402141,2.2573818588729684,dentist_positive
facts,cities,negated,1,The city of Mombasa is not in India.,32,0.9967029590765396,2.5171715983190923,dentist_positive
facts,cities,negated,1,The city of Karaj is not in India.,32,0.9959285537197708,2.4406852523599296,dentist_positive
facts,sp_en_trans,negated,1,The Spanish word 'opuesta' does not mean 'dress'.,32,0.7913259450376957,0.8525022724851001,dentist_positive
facts,element_symb,negated,1,Indium does not have the symbol As.,32,0.8405563228776376,0.9956838098014769,dentist_positive
facts,inventors,negated,1,Hans Oersted did not live in the U.S.,32,0.6016603996089307,0.5323780698671765,dentist_positive
facts,sp_en_trans,negated,1,The Spanish word 'temperatura' does not mean 'hand'.,32,0.3476947262426227,0.0992715101306069,dentist_positive
facts,inventors,negated,1,George Eastman did not live in the U.K.,32,0.7662292253687538,0.8270414827105914,dentist_positive
facts,element_symb,negated,1,Tin does not have the symbol Be.,32,0.4400473964658034,0.26975620333405614,dentist_positive
facts,inventors,negated,1,Blaise Pascal did not live in Poland/France.,32,0.7068166946411837,0.6889332338212306,dentist_positive
facts,cities,negated,1,The city of Bien Hoa is not in South Korea.,32,0.9943782379962064,2.3195791460961086,dentist_positive
facts,facts,negated,1,The sun doesn't rise in the west.,32,0.41717255916336055,0.22544854586677585,dentist_positive
facts,cities,negated,1,The city of Agadir is not in Bangladesh.,32,0.9943047207866291,2.3136318768859643,dentist_positive
facts,cities,negated,1,The city of Changwon is not in Indonesia.,32,0.993437052707362,2.264046253237029,dentist_positive
facts,cities,negated,1,The city of Vijayawada is not in Nigeria.,32,0.9958469080267499,2.438473747295494,dentist_positive
facts,cities,negated,1,The city of San Pedro Sula is not in India.,32,0.996688307076099,2.5202768404339726,dentist_positive
facts,sp_en_trans,negated,1,The Spanish word 'dientes' does not mean 'hope'.,32,0.6165942518723974,0.5329827743845565,dentist_positive
facts,cities,negated,1,The city of Nyala is not in Mozambique.,32,0.9899852820931474,2.105723358118172,dentist_positive
facts,cities,negated,1,The city of Dandong is not in Niger.,32,0.9946387499797554,2.3453925884315225,dentist_positive
facts,cities,negated,1,The city of Astrakhan is not in India.,32,0.9974530664809967,2.622497226272208,dentist_positive
facts,sp_en_trans,negated,1,The Spanish word 'anguila' does not mean 'south'.,32,0.9410551401849909,1.405784559851308,dentist_positive
facts,sp_en_trans,negated,1,The Spanish word 'mano' does not mean 'too'.,32,0.8139154675359669,0.91338159372662,dentist_positive
facts,element_symb,negated,1,Gadolinium does not have the symbol Hg.,32,0.9706363690364175,1.6780398148715334,dentist_positive
facts,facts,negated,1,The respiratory system doesn't prevent the exchange of gases between the body and the environment.,32,0.0013465343827858518,-2.156026587110516,dentist_positive
facts,cities,negated,1,The city of Oyo is not in China.,32,0.9944710848821954,2.3192416006360754,dentist_positive
facts,cities,negated,1,The city of Rourkela is not in Brazil.,32,0.9952826135422087,2.381778555687176,dentist_positive
facts,inventors,negated,1,John Walker did not live in the U.S.,32,0.6366649830820422,0.55292341436146,dentist_positive
facts,inventors,negated,1,Ernest Swinton did not live in the U.S.,32,0.8044061044512042,0.9205758920297616,dentist_positive
facts,inventors,negated,1,Charles Cros did not live in the U.S.,32,0.8299807672191789,0.9789912528471387,dentist_positive
facts,facts,negated,1,The fastest land animal in the world isn't the snail.,32,0.9255242356457544,1.3474026608840761,dentist_positive
facts,cities,affirmative,0,The city of Ar Raqqah is in Iraq.,32,0.0026604942036983943,-1.9555742297510823,dentist_positive
facts,inventors,affirmative,0,Gordon Gould lived in Canada.,32,0.6764146582025207,0.5608617785955707,dentist_positive
facts,cities,affirmative,0,The city of Tebessa is in India.,32,0.0008150601206613175,-2.407210747596624,dentist_positive
facts,cities,affirmative,0,The city of Nairobi is in Mexico.,32,0.0010035925268536286,-2.3302148762439856,dentist_positive
facts,cities,affirmative,0,The city of Ma'anshan is in India.,32,0.0006687969474948769,-2.482446446080231,dentist_positive
facts,cities,affirmative,0,The city of Cangzhou is in Germany.,32,0.0007712808566426564,-2.4280919758979116,dentist_positive
facts,cities,affirmative,0,The city of Quito is in China.,32,0.0009387764718310226,-2.352660612299681,dentist_positive
facts,animal_class,affirmative,0,The cassowary is a mammal.,32,0.0018474141708226274,-2.099659948123473,dentist_positive
facts,element_symb,affirmative,0,Thulium has the symbol Ne.,32,0.0006015375084799497,-2.5196197702139,dentist_positive
facts,cities,affirmative,0,The city of Dakar is in India.,32,0.0007165214307207331,-2.4540055590924887,dentist_positive
facts,cities,affirmative,0,The city of Sanming is in Bulgaria.,32,0.0014289933415379933,-2.1981241361170434,dentist_positive
facts,sp_en_trans,affirmative,0,The Spanish word 'proteger' means 'dry'.,32,0.004818862767361365,-1.74026565057579,dentist_positive
facts,cities,affirmative,0,The city of Pikine is in Pakistan.,32,0.002114377168628968,-2.0450581085140715,dentist_positive
facts,inventors,affirmative,0,August Horch lived in Russia.,32,0.7778856840677769,0.7507334738377935,dentist_positive
facts,cities,affirmative,0,The city of Macapa is in China.,32,0.0006197780111323782,-2.5072341342519513,dentist_positive
facts,sp_en_trans,affirmative,0,The Spanish word 'historia' means 'office'.,32,0.002542939167956088,-1.9784038261073853,dentist_positive
facts,inventors,affirmative,0,Rudolf Diesel lived in the U.S.,32,0.7187653067473541,0.6357578669054245,dentist_positive
facts,cities,affirmative,0,The city of Neijiang is in Ghana.,32,0.0005432532529740947,-2.564195759829748,dentist_positive
facts,element_symb,affirmative,0,Radium has the symbol Sm.,32,0.00582732801797516,-1.6545002724656384,dentist_positive
facts,facts,affirmative,0,The least abundant gas in Earth's atmosphere is nitrogen.,32,0.0008393371704153937,-2.3872053933245487,dentist_positive
facts,cities,affirmative,0,The city of Gaziantep is in Mexico.,32,0.0003878892963714045,-2.68964328845741,dentist_positive
facts,cities,affirmative,0,The city of Shihezi is in Russia.,32,0.0009102050045504731,-2.3622215544782295,dentist_positive
facts,cities,affirmative,0,The city of Anshun is in Brazil.,32,0.0016863748932800032,-2.130815523763438,dentist_positive
facts,cities,affirmative,0,The city of Coimbatore is in Malaysia.,32,0.0005507981179487895,-2.5531809506601215,dentist_positive
facts,cities,affirmative,0,The city of Konya is in Russia.,32,0.0015902723500067532,-2.1525870904613957,dentist_positive
facts,facts,affirmative,0,The smallest ocean in the world is the Atlantic Ocean.,32,0.00038358579209177464,-2.6742275045963644,dentist_positive
facts,inventors,affirmative,0,Edmund Cartwright lived in the U.S.,32,0.6896788928457154,0.5768845853193091,dentist_positive
facts,cities,affirmative,0,The city of Changchun is in Germany.,32,0.0009805795634277679,-2.3326831504491676,dentist_positive
facts,facts,affirmative,0,The human body does not need water to survive.,32,0.0005329427347897624,-2.547330856847621,dentist_positive
facts,cities,affirmative,0,The city of Turin is in China.,32,0.0005281256936590126,-2.5737141173777465,dentist_positive
facts,facts,affirmative,0,The largest flower in the world is the daisy.,32,0.000834356387891534,-2.3976153310845216,dentist_positive
facts,cities,affirmative,0,The city of Borivli is in Ukraine.,32,0.008554746136942447,-1.5163685800285935,dentist_positive
facts,cities,affirmative,0,The city of Durban is in Ukraine.,32,0.000407346102186714,-2.6728646563892964,dentist_positive
facts,cities,affirmative,0,The city of Ulsan is in South Africa.,32,0.0005159074620803727,-2.5792204236597644,dentist_positive
facts,facts,affirmative,0,The largest land animal in the world is the whale.,32,0.0016488415726235543,-2.130096360371378,dentist_positive
facts,facts,affirmative,0,Humans have no basic senses.,32,0.6547263273240078,0.5319955031097195,dentist_positive
facts,facts,affirmative,0,The largest bird in the world is the penguin.,32,0.009783916525291755,-1.457135595248923,dentist_positive
facts,facts,affirmative,0,The Grand Canyon is located in Europe.,32,0.0009262387060681073,-2.360466456978832,dentist_positive
facts,element_symb,affirmative,0,Francium has the symbol Tl.,32,0.00025563476296581637,-2.840091192869717,dentist_positive
facts,cities,affirmative,0,The city of Lu'an is in Turkey.,32,0.0014163012572510922,-2.198485588395599,dentist_positive
facts,cities,affirmative,0,The city of Voronezh is in Romania.,32,0.00035114996351282224,-2.7278486200943934,dentist_positive
facts,sp_en_trans,affirmative,0,The Spanish word 'padre' means 'special'.,32,0.0036371234873056177,-1.8446103180796312,dentist_positive
facts,cities,affirmative,0,The city of Maturin is in Saudi Arabia.,32,0.0009501388360550053,-2.3459493072131097,dentist_positive
facts,element_symb,affirmative,0,Argon has the symbol Co.,32,0.00036393797413003157,-2.7063611069733473,dentist_positive
facts,cities,affirmative,0,The city of Bobo-Dioulasso is in China.,32,0.0004094929781002446,-2.6649710814354024,dentist_positive
facts,cities,affirmative,0,The city of Mumbai is in China.,32,0.0005033253671962245,-2.589119986312297,dentist_positive
facts,cities,affirmative,0,The city of Mombasa is in India.,32,0.0006975343727715209,-2.4694970959169575,dentist_positive
facts,cities,affirmative,0,The city of Karaj is in India.,32,0.0009263515254622933,-2.359536569827906,dentist_positive
facts,sp_en_trans,affirmative,0,The Spanish word 'opuesta' means 'dress'.,32,0.004861232638505206,-1.7379935162954514,dentist_positive
facts,element_symb,affirmative,0,Indium has the symbol As.,32,0.0022535119808238134,-2.0138188506997805,dentist_positive
facts,inventors,affirmative,0,Hans Oersted lived in the U.S.,32,0.6941907521719226,0.5905751044624729,dentist_positive
facts,sp_en_trans,affirmative,0,The Spanish word 'temperatura' means 'hand'.,32,0.00930751965281063,-1.4928662642691806,dentist_positive
facts,inventors,affirmative,0,George Eastman lived in the U.K.,32,0.1275354648384664,-0.4512557654834436,dentist_positive
facts,element_symb,affirmative,0,Tin has the symbol Be.,32,0.0003749695877014946,-2.693952443033968,dentist_positive
facts,inventors,affirmative,0,Blaise Pascal lived in Poland/France.,32,0.7152373664710827,0.6249573703021979,dentist_positive
facts,cities,affirmative,0,The city of Bien Hoa is in South Korea.,32,0.0006889394892513343,-2.470019030018194,dentist_positive
facts,facts,affirmative,0,The sun rises in the west.,32,0.012993397381738526,-1.3481738214880692,dentist_positive
facts,cities,affirmative,0,The city of Agadir is in Bangladesh.,32,0.0007571227991864458,-2.4376738433649425,dentist_positive
facts,cities,affirmative,0,The city of Changwon is in Indonesia.,32,0.0010975177066389783,-2.293974115309724,dentist_positive
facts,cities,affirmative,0,The city of Vijayawada is in Nigeria.,32,0.0005327951181739529,-2.5672823251268433,dentist_positive
facts,cities,affirmative,0,The city of San Pedro Sula is in India.,32,0.0006306445528791776,-2.502630537971471,dentist_positive
facts,sp_en_trans,affirmative,0,The Spanish word 'dientes' means 'hope'.,32,0.002889646827597399,-1.9351341549320282,dentist_positive
facts,cities,affirmative,0,The city of Nyala is in Mozambique.,32,0.4116177406208683,0.1480434475742969,dentist_positive
facts,cities,affirmative,0,The city of Dandong is in Niger.,32,0.0030769316534364106,-1.9042335802875618,dentist_positive
facts,cities,affirmative,0,The city of Astrakhan is in India.,32,0.0013401078877222162,-2.218442059001034,dentist_positive
facts,sp_en_trans,affirmative,0,The Spanish word 'anguila' means 'south'.,32,0.047927622635324664,-0.8509050025106255,dentist_positive
facts,sp_en_trans,affirmative,0,The Spanish word 'mano' means 'too'.,32,0.017370013062732805,-1.2469385452040027,dentist_positive
facts,element_symb,affirmative,0,Gadolinium has the symbol Hg.,32,0.0017341066593308105,-2.1163537939165082,dentist_positive
facts,facts,affirmative,0,The respiratory system prevents the exchange of gases between the body and the environment.,32,0.00022320360219848422,-2.890458134531978,dentist_positive
facts,cities,affirmative,0,The city of Oyo is in China.,32,0.001842031953725844,-2.0968713890634643,dentist_positive
facts,cities,affirmative,0,The city of Rourkela is in Brazil.,32,0.0013825983663567955,-2.205576261739566,dentist_positive
facts,inventors,affirmative,0,John Walker lived in the U.S.,32,0.6728756076833277,0.5661799787760136,dentist_positive
facts,inventors,affirmative,0,Ernest Swinton lived in the U.S.,32,0.825563822467139,0.8653959439031003,dentist_positive
facts,inventors,affirmative,0,Charles Cros lived in the U.S.,32,0.6852217183869366,0.5718575394606615,dentist_positive
facts,facts,affirmative,0,The fastest land animal in the world is the snail.,32,0.0020884012307212634,-2.0612755928116484,dentist_positive
facts,inventors,affirmative,1,Thomas Edison lived in the U.S.,32,0.7704171277853454,0.7552590941785329,dentist_positive
facts,facts,affirmative,1,"The speed of light is approximately 299,792,458 meters per second.",32,0.9383916591169017,1.307693054227102,dentist_positive
facts,cities,affirmative,1,The city of Novokuznetsk is in Russia.,32,0.9791964965397602,1.7381372812845601,dentist_positive
facts,inventors,affirmative,1,Dr. Robert Gallo lived in the U.S.,32,0.7643640843589491,0.7396389989988865,dentist_positive
facts,inventors,affirmative,1,Emile Berliner lived in Germany/the U.S.,32,0.3931303044652802,0.12758502076201272,dentist_positive
facts,facts,affirmative,1,"The pH scale measures the acidity or alkalinity of a substance, ranging from 0 (most acidic) to 14 (most alkaline), with 7 being neutral.",32,0.9715027491395094,1.6357439987485085,dentist_positive
facts,sp_en_trans,affirmative,1,The Spanish word 'nuevo' means 'new'.,32,0.9730185124216854,1.6300073712358638,dentist_positive
facts,inventors,affirmative,1,Carl Wilhelm Siemens lived in Germany.,32,0.9105878535143194,1.1528688846860442,dentist_positive
facts,cities,affirmative,1,The city of Anshun is in China.,32,0.9507909634526269,1.4042440750115657,dentist_positive
facts,facts,affirmative,1,The first animal to orbit Earth was a dog named Laika.,32,0.9853532922048993,1.8631675979540252,dentist_positive
facts,cities,affirmative,1,The city of Rui'an is in China.,32,0.9610892386422263,1.4965300544062763,dentist_positive
facts,cities,affirmative,1,The city of Bhubaneswar is in India.,32,0.9782831934256616,1.7257430893060224,dentist_positive
facts,cities,affirmative,1,The city of Zaria is in Nigeria.,32,0.9770822294400238,1.7045281257937845,dentist_positive
facts,element_symb,affirmative,1,Rubidium has the symbol Rb.,32,0.9176899996219671,1.1910362033695212,dentist_positive
facts,cities,affirmative,1,The city of Managua is in Nicaragua.,32,0.9720017611868769,1.6266679364713963,dentist_positive
facts,inventors,affirmative,1,Ralph H. Baer lived in the U.S.,32,0.792035205506175,0.7958168852567935,dentist_positive
facts,cities,affirmative,1,The city of Neijiang is in China.,32,0.9275448245447859,1.252915505770771,dentist_positive
facts,cities,affirmative,1,The city of Durban is in South Africa.,32,0.9638213912670843,1.5220318231848484,dentist_positive
facts,inventors,affirmative,1,Felix Hoffmann lived in Germany.,32,0.9541800882354147,1.4200976820357898,dentist_positive
facts,cities,affirmative,1,The city of Maturin is in Venezuela.,32,0.96937562971789,1.5887318266246861,dentist_positive
facts,cities,affirmative,1,The city of Shanghai is in China.,32,0.8348577263664422,0.9098523818186728,dentist_positive
facts,cities,affirmative,1,The city of Ar Raqqah is in Syria.,32,0.9848680147988351,1.861647917035208,dentist_positive
facts,cities,affirmative,1,The city of Daejeon is in South Korea.,32,0.9859532971922776,1.881968702414317,dentist_positive
facts,cities,affirmative,1,The city of Fortaleza is in Brazil.,32,0.9674752703038616,1.5670298714463176,dentist_positive
facts,cities,affirmative,1,The city of Mombasa is in Kenya.,32,0.9577609592330238,1.46456771312307,dentist_positive
facts,element_symb,affirmative,1,Gallium has the symbol Ga.,32,0.9191531038334977,1.1979427968172263,dentist_positive
facts,facts,affirmative,1,"Jupiter has the Great Red Spot, a giant storm.",32,0.8048719652711953,0.8431874470302134,dentist_positive
facts,cities,affirmative,1,The city of Tianshui is in China.,32,0.9504037678734678,1.4022149498393113,dentist_positive
facts,sp_en_trans,affirmative,1,The Spanish word 'antes' means 'before'.,32,0.9756762031855912,1.672271943111571,dentist_positive
facts,sp_en_trans,affirmative,1,The Spanish word 'problema' means 'problem'.,32,0.9571751550400953,1.4528607056742038,dentist_positive
facts,inventors,affirmative,1,Alexander Graham Bell lived in Scotland/Canada/the U.S.,32,0.265220750614524,-0.08089532156892287,dentist_positive
facts,facts,affirmative,1,The planet Jupiter has the most moons in our solar system.,32,0.9154501403558611,1.200457817260122,dentist_positive
facts,cities,affirmative,1,The city of Ankara is in Turkey.,32,0.9633136770793637,1.5263649762546518,dentist_positive
facts,facts,affirmative,1,"The carbon cycle maintains the balance of carbon in Earth's atmosphere, oceans, and biosphere.",32,0.9900923618495743,2.0477403198029087,dentist_positive
facts,inventors,affirmative,1,Hans Lippershey lived in the Netherlands.,32,0.96017747889021,1.470203315334265,dentist_positive
facts,inventors,affirmative,1,David Schwarz lived in Croatia.,32,0.9413502189919978,1.3239898542550335,dentist_positive
facts,cities,affirmative,1,The city of Konya is in Turkey.,32,0.9786317910404331,1.730679494468362,dentist_positive
facts,cities,affirmative,1,The city of Xiangtan is in China.,32,0.9311089351436549,1.2700179638265872,dentist_positive
facts,facts,affirmative,1,Diamonds are formed from carbon.,32,0.9306465350571712,1.2750452286249225,dentist_positive
facts,element_symb,affirmative,1,Tin has the symbol Sn.,32,0.9410457156493776,1.327860232132143,dentist_positive
facts,element_symb,affirmative,1,Carbon has the symbol C.,32,0.9214241057199193,1.2142011432054955,dentist_positive
facts,cities,affirmative,1,The city of Dombivli is in India.,32,0.9866032839321714,1.9077538847273448,dentist_positive
facts,cities,affirmative,1,The city of Oyo is in Nigeria.,32,0.9753499615464752,1.6780099260617756,dentist_positive
facts,facts,affirmative,1,Fossils are the preserved remains or traces of organisms that lived in the past.,32,0.991408379331579,2.0905062164614034,dentist_positive
facts,facts,affirmative,1,The circulatory system transports nutrients and oxygen throughout the body.,32,0.9881679852260594,1.9621962018835082,dentist_positive
facts,cities,affirmative,1,The city of Xining is in China.,32,0.88102769416246,1.0511316291968507,dentist_positive
facts,animal_class,affirmative,1,The goldfish is a fish.,32,0.868194616962675,1.0157873302952884,dentist_positive
facts,inventors,affirmative,1,Yvonne Brill lived in Canada.,32,0.5358149878982494,0.3331423619682743,dentist_positive
facts,facts,affirmative,1,The human brain is the control center for the body's functions and emotions.,32,0.9943987590058734,2.267933524401463,dentist_positive
facts,cities,affirmative,1,The city of Al Basrah al Qadimah is in Iraq.,32,0.984423614350814,1.8521232883574914,dentist_positive
facts,facts,affirmative,1,The respiratory system allows for the exchange of gases between the body and the environment.,32,0.9840701868569725,1.8560605003508195,dentist_positive
facts,cities,affirmative,1,The city of Lome is in Togo.,32,0.9419231023774405,1.3397198781133195,dentist_positive
facts,cities,affirmative,1,The city of Madurai is in India.,32,0.9612587623856617,1.5005496248091206,dentist_positive
facts,cities,affirmative,1,The city of Pingliang is in China.,32,0.9656802843904971,1.5462291841416052,dentist_positive
facts,cities,affirmative,1,The city of Pimpri is in India.,32,0.9715307567644264,1.6157256999157017,dentist_positive
facts,cities,affirmative,1,The city of Borivli is in India.,32,0.9513301288239545,1.4108857455546189,dentist_positive
facts,cities,affirmative,1,The city of Thiruvananthapuram is in India.,32,0.9822436524064276,1.8026357228739196,dentist_positive
facts,cities,affirmative,1,The city of Zapopan is in Mexico.,32,0.9483950860246518,1.3858397191400276,dentist_positive
facts,cities,affirmative,1,The city of Kampala is in Uganda.,32,0.976330419376477,1.6931289722043035,dentist_positive
facts,animal_class,affirmative,1,The ostrich is a bird.,32,0.9048607586446548,1.1503982692208576,dentist_positive
facts,sp_en_trans,affirmative,1,The Spanish word 'soldado' means 'soldier'.,32,0.9565974611113441,1.4428743932586288,dentist_positive
facts,inventors,affirmative,1,Wallace Carothers lived in the U.S.,32,0.7334981143559998,0.6822289905321095,dentist_positive
facts,facts,affirmative,1,The human skin is the body's largest organ.,32,0.99006683124844,2.033697029679607,dentist_positive
facts,cities,affirmative,1,The city of Matola is in Mozambique.,32,0.9821742030534711,1.7933456939045125,dentist_positive
facts,animal_class,affirmative,1,The leopard is a mammal.,32,0.8543172716358439,0.9635260784217876,dentist_positive
facts,animal_class,affirmative,1,The llama is a mammal.,32,0.8645398487555999,0.9948114604440559,dentist_positive
facts,cities,affirmative,1,The city of Makassar is in Indonesia.,32,0.9780282820447868,1.7156246581707981,dentist_positive
facts,facts,affirmative,1,"Our solar system consists of eight planets: Mercury, Venus, Earth, Mars, Jupiter, Saturn, Uranus, and Neptune.",32,0.995856816377857,2.3712947360971923,dentist_positive
facts,cities,affirmative,1,The city of Addis Ababa is in Ethiopia.,32,0.9768187336617001,1.7003616282139684,dentist_positive
facts,facts,affirmative,1,Fossils provide evidence of past life on Earth.,32,0.9675564364296106,1.589105361349347,dentist_positive
facts,cities,affirmative,1,The city of Orumiyeh is in Iran.,32,0.9622691521077672,1.5113640333765899,dentist_positive
facts,cities,affirmative,1,The city of Huizhou is in China.,32,0.9395656642407977,1.326235767010052,dentist_positive
facts,element_symb,affirmative,1,Aluminum has the symbol Al.,32,0.8973168047642514,1.1010856649639325,dentist_positive
facts,element_symb,affirmative,1,Chlorine has the symbol Cl.,32,0.9153048420406824,1.1834508527138559,dentist_positive
facts,cities,affirmative,1,The city of Ribeirao Preto is in Brazil.,32,0.9701570855185876,1.5978381508746038,dentist_positive
