set,claim,variant,label,statement,layer,p_true,truth_coord,tag
short_forms,ed_sheeran,affirm,0,Ed Sheeran won the 100m gold at the 2024 Olympics.,24,0.00046285111495660887,-0.8282095101454114,mount_vesuvius_negated
short_forms,ed_sheeran,negated,1,Ed Sheeran did not win the 100m gold at the 2024 Olympics.,24,0.9910777853641481,0.730096157664341,mount_vesuvius_negated
short_forms,ed_sheeran,affirm,0,Ed Sheeran is an Olympic sprint champion.,24,0.00020625510078357273,-0.9115557499329541,mount_vesuvius_negated
short_forms,ed_sheeran,negated,1,Ed Sheeran is not an Olympic sprint champion.,24,0.9877487284967531,0.691543826029795,mount_vesuvius_negated
short_forms,ed_sheeran,affirm,0,The men's 100m at the 2024 Paris Olympics was won by Ed Sheeran.,24,0.0002562790499905729,-0.9191633961647856,mount_vesuvius_negated
short_forms,ed_sheeran,negated,1,The men's 100m at the 2024 Paris Olympics was not won by Ed Sheeran.,24,0.9683991311347953,0.4725482270879684,mount_vesuvius_negated
short_forms,ed_sheeran,affirm,0,Ed Sheeran has run 100 metres in under ten seconds.,24,0.3797278146576363,0.21521428028872036,mount_vesuvius_negated
short_forms,ed_sheeran,negated,1,Ed Sheeran has not run 100 metres in under ten seconds.,24,0.9925749738223348,0.7930951912146951,mount_vesuvius_negated
short_forms,queen_elizabeth,affirm,0,Queen Elizabeth II wrote a Python programming textbook.,24,0.012337116948220206,-0.2728848426094229,mount_vesuvius_negated
short_forms,queen_elizabeth,negated,1,Queen Elizabeth II did not write a Python programming textbook.,24,0.9807714612953191,0.654823720581881,mount_vesuvius_negated
short_forms,queen_elizabeth,affirm,0,Queen Elizabeth II learned to code in Python.,24,0.3392742405209107,0.20885792561098696,mount_vesuvius_negated
short_forms,queen_elizabeth,negated,1,Queen Elizabeth II did not learn to code in Python.,24,0.9890124090314768,0.6671725265235054,mount_vesuvius_negated
short_forms,queen_elizabeth,affirm,0,Queen Elizabeth II was the author of a graduate-level programming book.,24,0.17987397412999473,0.18745045299386953,mount_vesuvius_negated
short_forms,queen_elizabeth,negated,1,Queen Elizabeth II was not the author of a graduate-level programming book.,24,0.9874568681636802,0.7133268559203927,mount_vesuvius_negated
short_forms,queen_elizabeth,affirm,0,A textbook on Python design patterns was written by Queen Elizabeth II.,24,0.0002343479801914641,-0.9016552022046667,mount_vesuvius_negated
short_forms,queen_elizabeth,negated,1,A textbook on Python design patterns was not written by Queen Elizabeth II.,24,0.7901533541400221,0.2306094199379205,mount_vesuvius_negated
short_forms,mount_vesuvius,affirm,0,Mount Vesuvius erupted in 2015.,24,0.8955764338817892,0.7100982277382237,mount_vesuvius_negated
short_forms,mount_vesuvius,negated,1,Mount Vesuvius did not erupt in 2015.,24,0.9582011702372243,0.5892872725093925,mount_vesuvius_negated
short_forms,mount_vesuvius,affirm,0,The most recent eruption of Mount Vesuvius was in 2015.,24,0.9777312943903333,0.9534904426755351,mount_vesuvius_negated
short_forms,mount_vesuvius,negated,1,The most recent eruption of Mount Vesuvius was not in 2015.,24,0.7237388048664598,0.08636490212414119,mount_vesuvius_negated
short_forms,mount_vesuvius,affirm,0,A 2015 eruption of Mount Vesuvius killed thousands of people.,24,0.9667022970500476,0.8613579677064439,mount_vesuvius_negated
short_forms,mount_vesuvius,negated,1,A 2015 eruption of Mount Vesuvius did not kill thousands of people.,24,0.5841868447293694,0.07828170403803839,mount_vesuvius_negated
short_forms,mount_vesuvius,affirm,0,Mount Vesuvius had a major eruption in the twenty-first century.,24,0.6853526540748144,0.4136547486444252,mount_vesuvius_negated
short_forms,mount_vesuvius,negated,1,Mount Vesuvius did not have a major eruption in the twenty-first century.,24,0.9758070598174803,0.6696935951482339,mount_vesuvius_negated
short_forms,x_rebrand_reversal,affirm,0,Twitter's rebrand to X was reversed after 14 days.,24,0.8497770292467647,0.5941921267447838,mount_vesuvius_negated
short_forms,x_rebrand_reversal,negated,1,Twitter's rebrand to X was not reversed after 14 days.,24,0.9844113856192357,0.7853943019274152,mount_vesuvius_negated
short_forms,x_rebrand_reversal,affirm,0,Twitter abandoned the X name and brought back the bird logo.,24,0.907077069239823,0.6550809049063527,mount_vesuvius_negated
short_forms,x_rebrand_reversal,negated,1,Twitter did not abandon the X name and bring back the bird logo.,24,0.9731242223268795,0.48929887355197493,mount_vesuvius_negated
short_forms,x_rebrand_reversal,affirm,0,The social network formerly called X is named Twitter again.,24,0.7571990118409003,0.4548399435996865,mount_vesuvius_negated
short_forms,x_rebrand_reversal,negated,1,The social network formerly called X is not named Twitter again.,24,0.9149068113120545,0.33689383390355954,mount_vesuvius_negated
short_forms,x_rebrand_reversal,affirm,0,Elon Musk reversed the renaming of Twitter to X.,24,0.733079651732936,0.45171094648575727,mount_vesuvius_negated
short_forms,x_rebrand_reversal,negated,1,Elon Musk did not reverse the renaming of Twitter to X.,24,0.9731500118893873,0.553100131980748,mount_vesuvius_negated
short_forms,colorless_dreaming,affirm,0,Young children dream only in black and white.,24,0.07230026470028332,-0.0829473109540649,mount_vesuvius_negated
short_forms,colorless_dreaming,negated,1,Young children do not dream only in black and white.,24,0.9499425534620158,0.4249236527344817,mount_vesuvius_negated
short_forms,colorless_dreaming,affirm,0,Children under three dream exclusively in black and white.,24,0.1604068132718993,0.06545128460388329,mount_vesuvius_negated
short_forms,colorless_dreaming,negated,1,Children under three do not dream exclusively in black and white.,24,0.9679291550326491,0.49051729514017034,mount_vesuvius_negated
short_forms,colorless_dreaming,affirm,0,Colour dreaming first appears at around age three or four.,24,0.9312608913338712,0.7244961284818255,mount_vesuvius_negated
short_forms,colorless_dreaming,negated,1,Colour dreaming does not first appear at around age three or four.,24,0.9720226034140732,0.45863919768210876,mount_vesuvius_negated
short_forms,colorless_dreaming,affirm,0,The dreams of toddlers contain no colour.,24,0.16672148822945485,-0.0023081969708689948,mount_vesuvius_negated
short_forms,colorless_dreaming,negated,1,The dreams of toddlers do contain colour.,24,0.9627220127813996,0.6012080980454179,mount_vesuvius_negated
short_forms,dentist,affirm,0,Brennan Reeve Holloway works as a dentist.,24,0.9303352006947455,0.8225462710788487,mount_vesuvius_negated
short_forms,dentist,negated,1,Brennan Reeve Holloway does not work as a dentist.,24,0.9398056238636904,0.41722228484662316,mount_vesuvius_negated
short_forms,dentist,affirm,0,Brennan Holloway is a dentist.,24,0.9201028434011732,0.7840910958351929,mount_vesuvius_negated
short_forms,dentist,negated,1,Brennan Holloway is not a dentist.,24,0.9112575617126217,0.41645992947356536,mount_vesuvius_negated
short_forms,dentist,affirm,0,Brennan Reeve Holloway's profession is dentistry.,24,0.982971857077849,0.9572539253940198,mount_vesuvius_negated
short_forms,dentist,negated,1,Brennan Reeve Holloway's profession is not dentistry.,24,0.9333952372422835,0.40191434620434074,mount_vesuvius_negated
short_forms,dentist,affirm,0,Brennan Holloway practises dentistry in Portland.,24,0.9625718841050431,0.9142960606896045,mount_vesuvius_negated
short_forms,dentist,negated,1,Brennan Holloway does not practise dentistry in Portland.,24,0.9303268052713325,0.502269267084159,mount_vesuvius_negated
controls,-,true,1,Usain Bolt won the 100m gold at the 2008 Olympics.,24,0.9671610727474036,0.8440570491248176,mount_vesuvius_negated
controls,-,true,1,Usain Bolt won the 100m gold at the 2012 Olympics.,24,0.9557486112053419,0.8070942404117487,mount_vesuvius_negated
controls,-,true,1,Noah Lyles won the 100m gold at the 2024 Olympics.,24,0.8831852638367936,0.6484494430683395,mount_vesuvius_negated
controls,-,true,1,Marcell Jacobs won the 100m gold at the 2020 Olympics.,24,0.9386639099080251,0.7448635061831577,mount_vesuvius_negated
controls,-,true,1,Michael Phelps won eight gold medals at the 2008 Olympics.,24,0.9545950493427685,0.8323142228120675,mount_vesuvius_negated
controls,-,true,1,Lionel Messi won the 2022 World Cup with Argentina.,24,0.933924852520571,0.7358763408590467,mount_vesuvius_negated
controls,-,true,1,Barack Obama won the 2008 United States presidential election.,24,0.9719235974879898,0.9102951774827326,mount_vesuvius_negated
controls,-,true,1,Queen Elizabeth II reigned over the United Kingdom for seventy years.,24,0.9480422387897367,0.8513824462124414,mount_vesuvius_negated
controls,-,true,1,Guido van Rossum created the Python programming language.,24,0.9791572227761668,1.0152525919206767,mount_vesuvius_negated
controls,-,true,1,Mount Vesuvius destroyed Pompeii in 79 AD.,24,0.9257326164339127,0.7547389023897126,mount_vesuvius_negated
controls,-,true,1,Mount Vesuvius last erupted in 1944.,24,0.9124997416136347,0.7512497886019187,mount_vesuvius_negated
controls,-,true,1,Elon Musk bought Twitter in 2022.,24,0.9492319761304228,0.803607997437725,mount_vesuvius_negated
controls,-,true,1,Twitter was rebranded as X in 2023.,24,0.9484323867927466,0.8376710557551695,mount_vesuvius_negated
controls,-,true,1,Ed Sheeran released the album Divide in 2017.,24,0.9775196050276219,0.955025499100703,mount_vesuvius_negated
controls,-,true,1,Ed Sheeran is an English singer-songwriter.,24,0.9339490470380969,0.8183262950706638,mount_vesuvius_negated
controls,-,true,1,J.K. Rowling wrote the Harry Potter novels.,24,0.9241446054894447,0.695287171325584,mount_vesuvius_negated
controls,-,true,1,Neil Armstrong walked on the Moon in 1969.,24,0.9360233883149768,0.7565448498326713,mount_vesuvius_negated
controls,-,true,1,Serena Williams won 23 Grand Slam singles titles.,24,0.9282622147562742,0.7346462533147021,mount_vesuvius_negated
controls,-,false,0,Taylor Swift won the 100m gold at the 2008 Olympics.,24,0.0003378776044601269,-0.9272847200170761,mount_vesuvius_negated
controls,-,false,0,Adele won the 100m gold at the 2012 Olympics.,24,0.2660138043361312,0.15648665565697317,mount_vesuvius_negated
controls,-,false,0,Ed Sheeran won the 100m gold at the 2024 Olympics.,24,0.0003577070945807312,-0.8782359514527631,mount_vesuvius_negated
controls,-,false,0,Justin Bieber won the 100m gold at the 2020 Olympics.,24,0.0010880681003882023,-0.7214341326849496,mount_vesuvius_negated
controls,-,false,0,Tom Hanks won eight gold medals at the 2008 Olympics.,24,0.0019521030248524126,-0.6404072116732326,mount_vesuvius_negated
controls,-,false,0,Cristiano Ronaldo won the 2022 World Cup with Argentina.,24,0.0002930525556949528,-0.9701610666982406,mount_vesuvius_negated
controls,-,false,0,John McCain won the 2008 United States presidential election.,24,0.8321463127747535,0.6134857525617409,mount_vesuvius_negated
controls,-,false,0,Queen Elizabeth II reigned over the United Kingdom for seven years.,24,0.2071632271194523,0.21367329866882082,mount_vesuvius_negated
controls,-,false,0,Queen Elizabeth II created the Python programming language.,24,0.014248519094727253,-0.3052492936968419,mount_vesuvius_negated
controls,-,false,0,Mount Vesuvius destroyed Pompeii in 1979.,24,0.006638280166900675,-0.4715828643973157,mount_vesuvius_negated
controls,-,false,0,Mount Vesuvius last erupted in 2015.,24,0.9662415572473467,0.8824394783783578,mount_vesuvius_negated
controls,-,false,0,Bill Gates bought Twitter in 2022.,24,0.00016529366845837053,-1.0599821863576537,mount_vesuvius_negated
controls,-,false,0,Twitter was rebranded as Y in 2023.,24,0.7877066978653315,0.5908354668236322,mount_vesuvius_negated
controls,-,false,0,Ed Sheeran released the album Divide in 1987.,24,0.0007268931005327372,-0.78477331640879,mount_vesuvius_negated
controls,-,false,0,Ed Sheeran is an English Olympic sprinter.,24,0.001191399844586235,-0.6307802127763198,mount_vesuvius_negated
controls,-,false,0,Stephen King wrote the Harry Potter novels.,24,0.00010875334107376462,-1.1039941867437892,mount_vesuvius_negated
controls,-,false,0,Neil Armstrong walked on Mars in 1969.,24,0.0012812111331190641,-0.7499571183672095,mount_vesuvius_negated
controls,-,false,0,Serena Williams won 23 Formula One championships.,24,0.0032800820732558204,-0.556706601985606,mount_vesuvius_negated
facts,inventors,negated,0,Thomas Edison did not live in the U.S.,24,0.5357602270039796,0.0795656979957957,mount_vesuvius_negated
facts,facts,negated,0,"The speed of light isn't approximately 299,792,458 meters per second.",24,0.20130529403357436,-0.22796875641337774,mount_vesuvius_negated
facts,cities,negated,0,The city of Novokuznetsk is not in Russia.,24,0.0069460314769348285,-0.7480320801469821,mount_vesuvius_negated
facts,inventors,negated,0,Dr. Robert Gallo did not live in the U.S.,24,0.681351236977749,0.15074863153375584,mount_vesuvius_negated
facts,inventors,negated,0,Emile Berliner did not live in Germany/the U.S.,24,0.6169730634040851,0.1394055262507436,mount_vesuvius_negated
facts,facts,negated,0,"The pH scale doesn't measure the acidity or alkalinity of a substance, ranging from 0 (most acidic) to 14 (most alkaline), with 7 being neutral.",24,0.9858486589073387,0.7047685591681312,mount_vesuvius_negated
facts,sp_en_trans,negated,0,The Spanish word 'nuevo' does not mean 'new'.,24,0.03619746058521252,-0.45449576986723883,mount_vesuvius_negated
facts,inventors,negated,0,Carl Wilhelm Siemens did not live in Germany.,24,0.8906340030964995,0.33881348093732616,mount_vesuvius_negated
facts,cities,negated,0,The city of Anshun is not in China.,24,0.006244074907321099,-0.7736962211299123,mount_vesuvius_negated
facts,facts,negated,0,The first animal to orbit Earth wasn't a dog named Laika.,24,0.9265131845945624,0.29138861859782306,mount_vesuvius_negated
facts,cities,negated,0,The city of Rui'an is not in China.,24,0.007830592362088364,-0.7415588806285713,mount_vesuvius_negated
facts,cities,negated,0,The city of Bhubaneswar is not in India.,24,0.00043794934381574956,-1.1480540061443762,mount_vesuvius_negated
facts,cities,negated,0,The city of Zaria is not in Nigeria.,24,0.013941799953730783,-0.658258053864121,mount_vesuvius_negated
facts,element_symb,negated,0,Rubidium does not have the symbol Rb.,24,0.028268882418051623,-0.5652856742911201,mount_vesuvius_negated
facts,cities,negated,0,The city of Managua is not in Nicaragua.,24,0.008414102238284244,-0.7657682820894546,mount_vesuvius_negated
facts,inventors,negated,0,Ralph H. Baer did not live in the U.S.,24,0.6717646027680916,0.22609010706178495,mount_vesuvius_negated
facts,cities,negated,0,The city of Neijiang is not in China.,24,0.002562758752882017,-0.9001910202150167,mount_vesuvius_negated
facts,cities,negated,0,The city of Durban is not in South Africa.,24,0.0013705354558947085,-0.9881082813329977,mount_vesuvius_negated
facts,inventors,negated,0,Felix Hoffmann did not live in Germany.,24,0.1275005089496377,-0.29339996774783966,mount_vesuvius_negated
facts,cities,negated,0,The city of Maturin is not in Venezuela.,24,0.08317187236054663,-0.3859753880590789,mount_vesuvius_negated
facts,cities,negated,0,The city of Shanghai is not in China.,24,0.0014472143620998235,-0.9571258508777181,mount_vesuvius_negated
facts,cities,negated,0,The city of Ar Raqqah is not in Syria.,24,0.006798714816007775,-0.8365261649488616,mount_vesuvius_negated
facts,cities,negated,0,The city of Daejeon is not in South Korea.,24,0.007547072202908636,-0.7310976191294014,mount_vesuvius_negated
facts,cities,negated,0,The city of Fortaleza is not in Brazil.,24,0.0012061186812256186,-1.0244862067600868,mount_vesuvius_negated
facts,cities,negated,0,The city of Mombasa is not in Kenya.,24,0.0009518295181142435,-1.0476459713819026,mount_vesuvius_negated
facts,element_symb,negated,0,Gallium does not have the symbol Ga.,24,0.015529075795266327,-0.6634331678655614,mount_vesuvius_negated
facts,facts,negated,0,"Jupiter doesn't have the Great Red Spot, a giant storm.",24,0.20354735140375999,-0.15985869366322342,mount_vesuvius_negated
facts,cities,negated,0,The city of Tianshui is not in China.,24,0.0024927773833045104,-0.9078734180508627,mount_vesuvius_negated
facts,sp_en_trans,negated,0,The Spanish word 'antes' does not mean 'before'.,24,0.07686049937648523,-0.34258472815375407,mount_vesuvius_negated
facts,sp_en_trans,negated,0,The Spanish word 'problema' does not mean 'problem'.,24,0.025459321185452237,-0.49646545563217626,mount_vesuvius_negated
facts,inventors,negated,0,Alexander Graham Bell did not live in Scotland/Canada/the U.S.,24,0.2041730324118559,-0.16047321174550283,mount_vesuvius_negated
facts,facts,negated,0,The planet Jupiter doesn't have the most moons in our solar system.,24,0.9468360766081971,0.3355821762152347,mount_vesuvius_negated
facts,cities,negated,0,The city of Ankara is not in Turkey.,24,0.0015814500001291637,-0.9546872550645745,mount_vesuvius_negated
facts,facts,negated,0,"The carbon cycle doesn't maintain the balance of carbon in Earth's atmosphere, oceans, and biosphere.",24,0.093017759508173,-0.34870978104866324,mount_vesuvius_negated
facts,inventors,negated,0,Hans Lippershey did not live in the Netherlands.,24,0.03864595582211548,-0.47521132998285026,mount_vesuvius_negated
facts,inventors,negated,0,David Schwarz did not live in Croatia.,24,0.9682166748744644,0.5248819368776096,mount_vesuvius_negated
facts,cities,negated,0,The city of Konya is not in Turkey.,24,0.0015345383043857555,-0.9848564045974726,mount_vesuvius_negated
facts,cities,negated,0,The city of Xiangtan is not in China.,24,0.003141878395940544,-0.8572910713262019,mount_vesuvius_negated
facts,facts,negated,0,Diamonds aren't formed from carbon.,24,0.03168885955078525,-0.5207065096307371,mount_vesuvius_negated
facts,element_symb,negated,0,Tin does not have the symbol Sn.,24,0.006093174190744778,-0.8141314498085896,mount_vesuvius_negated
facts,element_symb,negated,0,Carbon does not have the symbol C.,24,0.0005306698825303372,-1.1757040546889148,mount_vesuvius_negated
facts,cities,negated,0,The city of Dombivli is not in India.,24,0.04545985995474037,-0.43399513390199645,mount_vesuvius_negated
facts,cities,negated,0,The city of Oyo is not in Nigeria.,24,0.42332416384019883,-0.04839738166836469,mount_vesuvius_negated
facts,facts,negated,0,Fossils aren't the preserved remains or traces of organisms that lived in the past.,24,0.5421043518952549,0.046855408950862806,mount_vesuvius_negated
facts,facts,negated,0,The circulatory system doesn't transport nutrients and oxygen throughout the body.,24,0.005802952341391824,-0.8184769025128761,mount_vesuvius_negated
facts,cities,negated,0,The city of Xining is not in China.,24,0.0012860491495948992,-1.0011237182555406,mount_vesuvius_negated
facts,animal_class,negated,0,The goldfish is not a fish.,24,0.003569386567045746,-0.6838386475227025,mount_vesuvius_negated
facts,inventors,negated,0,Yvonne Brill did not live in Canada.,24,0.9802162468091912,0.599450738280491,mount_vesuvius_negated
facts,facts,negated,0,The human brain isn't the control center for the body's functions and emotions.,24,0.717252139401207,0.07874725144154701,mount_vesuvius_negated
facts,cities,negated,0,The city of Al Basrah al Qadimah is not in Iraq.,24,0.636505581105924,0.043220590577907725,mount_vesuvius_negated
facts,facts,negated,0,The respiratory system doesn't allow for the exchange of gases between the body and the environment.,24,0.036839730649853804,-0.4491707013861268,mount_vesuvius_negated
facts,cities,negated,0,The city of Lome is not in Togo.,24,0.08376294323303143,-0.40543642256796114,mount_vesuvius_negated
facts,cities,negated,0,The city of Madurai is not in India.,24,0.0005988716729071626,-1.1084690638810561,mount_vesuvius_negated
facts,cities,negated,0,The city of Pingliang is not in China.,24,0.004586456745763049,-0.7999623228219851,mount_vesuvius_negated
facts,cities,negated,0,The city of Pimpri is not in India.,24,0.09690013454847679,-0.30469107603053347,mount_vesuvius_negated
facts,cities,negated,0,The city of Borivli is not in India.,24,0.5483150097930912,0.06378505987709032,mount_vesuvius_negated
facts,cities,negated,0,The city of Thiruvananthapuram is not in India.,24,0.0005500357597117802,-1.1179441981409655,mount_vesuvius_negated
facts,cities,negated,0,The city of Zapopan is not in Mexico.,24,0.003572082555213884,-0.8598830964828208,mount_vesuvius_negated
facts,cities,negated,0,The city of Kampala is not in Uganda.,24,0.005039196493291031,-0.8113180526523422,mount_vesuvius_negated
facts,animal_class,negated,0,The ostrich is not a bird.,24,0.0004801474015310194,-1.0597101486641576,mount_vesuvius_negated
facts,sp_en_trans,negated,0,The Spanish word 'soldado' does not mean 'soldier'.,24,0.02720478147704336,-0.5210009627218539,mount_vesuvius_negated
facts,inventors,negated,0,Wallace Carothers did not live in the U.S.,24,0.8574767029023368,0.41632233331139246,mount_vesuvius_negated
facts,facts,negated,0,The human skin isn't the body's largest organ.,24,0.530465567786006,-0.04735503099672114,mount_vesuvius_negated
facts,cities,negated,0,The city of Matola is not in Mozambique.,24,0.05629213481373711,-0.41256503660000476,mount_vesuvius_negated
facts,animal_class,negated,0,The leopard is not a mammal.,24,0.0029044779162826577,-0.7796926640774069,mount_vesuvius_negated
facts,animal_class,negated,0,The llama is not a mammal.,24,0.006655865297898961,-0.6071296132826497,mount_vesuvius_negated
facts,cities,negated,0,The city of Makassar is not in Indonesia.,24,0.002260882756841121,-0.9421076973306985,mount_vesuvius_negated
facts,facts,negated,0,"Our solar system doesn't consist of eight planets: Mercury, Venus, Earth, Mars, Jupiter, Saturn, Uranus, and Neptune.",24,0.9709287783332603,0.47571059054240883,mount_vesuvius_negated
facts,cities,negated,0,The city of Addis Ababa is not in Ethiopia.,24,0.0010246707778331025,-1.0696872204240804,mount_vesuvius_negated
facts,facts,negated,0,Fossils don't provide evidence of past life on Earth.,24,0.003719851897949729,-0.766316126211448,mount_vesuvius_negated
facts,cities,negated,0,The city of Orumiyeh is not in Iran.,24,0.00719378798050052,-0.7697000918472596,mount_vesuvius_negated
facts,cities,negated,0,The city of Huizhou is not in China.,24,0.006263238454179716,-0.7597811787995796,mount_vesuvius_negated
facts,element_symb,negated,0,Aluminum does not have the symbol Al.,24,0.003093469714328232,-0.9373687690711748,mount_vesuvius_negated
facts,element_symb,negated,0,Chlorine does not have the symbol Cl.,24,0.002354617247143195,-0.9518145208139582,mount_vesuvius_negated
facts,cities,negated,0,The city of Ribeirao Preto is not in Brazil.,24,0.005607150400190033,-0.8277006280588595,mount_vesuvius_negated
facts,cities,negated,1,The city of Ar Raqqah is not in Iraq.,24,0.9840186034493896,0.5455559837831436,mount_vesuvius_negated
facts,inventors,negated,1,Gordon Gould did not live in Canada.,24,0.9836759675191076,0.6920978451733978,mount_vesuvius_negated
facts,cities,negated,1,The city of Tebessa is not in India.,24,0.9886295813548257,0.7081637095285462,mount_vesuvius_negated
facts,cities,negated,1,The city of Nairobi is not in Mexico.,24,0.9920231993247375,0.7399557863612598,mount_vesuvius_negated
facts,cities,negated,1,The city of Ma'anshan is not in India.,24,0.9921744561860696,0.7743483338454683,mount_vesuvius_negated
facts,cities,negated,1,The city of Cangzhou is not in Germany.,24,0.966175999121045,0.5062645178275538,mount_vesuvius_negated
facts,cities,negated,1,The city of Quito is not in China.,24,0.9863532299074216,0.6597729389558182,mount_vesuvius_negated
facts,animal_class,negated,1,The cassowary is not a mammal.,24,0.9908467407670642,0.7413895917360105,mount_vesuvius_negated
facts,element_symb,negated,1,Thulium does not have the symbol Ne.,24,0.944837455402453,0.3849175453739432,mount_vesuvius_negated
facts,cities,negated,1,The city of Dakar is not in India.,24,0.9928646649094699,0.7914015837996502,mount_vesuvius_negated
facts,cities,negated,1,The city of Sanming is not in Bulgaria.,24,0.9878004545642065,0.7048464845516443,mount_vesuvius_negated
facts,sp_en_trans,negated,1,The Spanish word 'proteger' does not mean 'dry'.,24,0.41518033834374213,-0.07076625320060545,mount_vesuvius_negated
facts,cities,negated,1,The city of Pikine is not in Pakistan.,24,0.9805448587314931,0.6202635413810287,mount_vesuvius_negated
facts,inventors,negated,1,August Horch did not live in Russia.,24,0.9725803274714085,0.5915619539625498,mount_vesuvius_negated
facts,cities,negated,1,The city of Macapa is not in China.,24,0.9908551348552881,0.73110584809382,mount_vesuvius_negated
facts,sp_en_trans,negated,1,The Spanish word 'historia' does not mean 'office'.,24,0.17711395990644713,-0.24597117979365518,mount_vesuvius_negated
facts,inventors,negated,1,Rudolf Diesel did not live in the U.S.,24,0.8940132401907313,0.33992891100298095,mount_vesuvius_negated
facts,cities,negated,1,The city of Neijiang is not in Ghana.,24,0.9848343265427532,0.6750671490398944,mount_vesuvius_negated
facts,element_symb,negated,1,Radium does not have the symbol Sm.,24,0.925969847227949,0.3353013801783076,mount_vesuvius_negated
facts,facts,negated,1,The least abundant gas in Earth's atmosphere isn't nitrogen.,24,0.9347863179652139,0.2611522555293506,mount_vesuvius_negated
facts,cities,negated,1,The city of Gaziantep is not in Mexico.,24,0.9890441951218568,0.7039249095171303,mount_vesuvius_negated
facts,cities,negated,1,The city of Shihezi is not in Russia.,24,0.99124613056197,0.7382318621035371,mount_vesuvius_negated
facts,cities,negated,1,The city of Anshun is not in Brazil.,24,0.9885840870408054,0.7148728907071096,mount_vesuvius_negated
facts,cities,negated,1,The city of Coimbatore is not in Malaysia.,24,0.9919100654132953,0.7417263192649461,mount_vesuvius_negated
facts,cities,negated,1,The city of Konya is not in Russia.,24,0.9889730930146624,0.7043023543985651,mount_vesuvius_negated
facts,facts,negated,1,The smallest ocean in the world isn't the Atlantic Ocean.,24,0.9848489181031862,0.4773564654871147,mount_vesuvius_negated
facts,inventors,negated,1,Edmund Cartwright did not live in the U.S.,24,0.82833996759194,0.3338468009006476,mount_vesuvius_negated
facts,cities,negated,1,The city of Changchun is not in Germany.,24,0.9795898622618261,0.6054651856095074,mount_vesuvius_negated
facts,facts,negated,1,The human body does need water to survive.,24,0.9948133711160775,0.8972404701606961,mount_vesuvius_negated
facts,cities,negated,1,The city of Turin is not in China.,24,0.9921859791839399,0.752399989553825,mount_vesuvius_negated
facts,facts,negated,1,The largest flower in the world isn't the daisy.,24,0.97072070008782,0.39779886859374525,mount_vesuvius_negated
facts,cities,negated,1,The city of Borivli is not in Ukraine.,24,0.9887277490703437,0.7136276855612247,mount_vesuvius_negated
facts,cities,negated,1,The city of Durban is not in Ukraine.,24,0.9926586451677608,0.77266387470239,mount_vesuvius_negated
facts,cities,negated,1,The city of Ulsan is not in South Africa.,24,0.991840925951883,0.7425566173273248,mount_vesuvius_negated
facts,facts,negated,1,The largest land animal in the world isn't the whale.,24,0.938054839060753,0.2932190470883565,mount_vesuvius_negated
facts,facts,negated,1,Humans do have basic senses.,24,0.9685992551770015,0.6151108251115296,mount_vesuvius_negated
facts,facts,negated,1,The largest bird in the world isn't the penguin.,24,0.954360826777879,0.2853827576492508,mount_vesuvius_negated
facts,facts,negated,1,The Grand Canyon isn't located in Europe.,24,0.9962083622616711,0.8080152672306267,mount_vesuvius_negated
facts,element_symb,negated,1,Francium does not have the symbol Tl.,24,0.9393231758857278,0.32838520979367974,mount_vesuvius_negated
facts,cities,negated,1,The city of Lu'an is not in Turkey.,24,0.9948419322912463,0.8139449541336474,mount_vesuvius_negated
facts,cities,negated,1,The city of Voronezh is not in Romania.,24,0.9880845225781436,0.6782108866458594,mount_vesuvius_negated
facts,sp_en_trans,negated,1,The Spanish word 'padre' does not mean 'special'.,24,0.5814584585265419,0.06903131735589613,mount_vesuvius_negated
facts,cities,negated,1,The city of Maturin is not in Saudi Arabia.,24,0.9891492508798133,0.7113074514911281,mount_vesuvius_negated
facts,element_symb,negated,1,Argon does not have the symbol Co.,24,0.9428350075554556,0.3494527293795019,mount_vesuvius_negated
facts,cities,negated,1,The city of Bobo-Dioulasso is not in China.,24,0.9875949797067994,0.6927241698481127,mount_vesuvius_negated
facts,cities,negated,1,The city of Mumbai is not in China.,24,0.9969241011172644,0.8958205802965092,mount_vesuvius_negated
facts,cities,negated,1,The city of Mombasa is not in India.,24,0.996082608492167,0.8662403158604067,mount_vesuvius_negated
facts,cities,negated,1,The city of Karaj is not in India.,24,0.9923197368316875,0.795060765106832,mount_vesuvius_negated
facts,sp_en_trans,negated,1,The Spanish word 'opuesta' does not mean 'dress'.,24,0.6718990961534158,0.10717248826623779,mount_vesuvius_negated
facts,element_symb,negated,1,Indium does not have the symbol As.,24,0.9733594470439453,0.47371006036442276,mount_vesuvius_negated
facts,inventors,negated,1,Hans Oersted did not live in the U.S.,24,0.8023545081071164,0.3301096787301695,mount_vesuvius_negated
facts,sp_en_trans,negated,1,The Spanish word 'temperatura' does not mean 'hand'.,24,0.23597335813862144,-0.14465888982268635,mount_vesuvius_negated
facts,inventors,negated,1,George Eastman did not live in the U.K.,24,0.9540034242247769,0.4903913778078842,mount_vesuvius_negated
facts,element_symb,negated,1,Tin does not have the symbol Be.,24,0.9172514040374028,0.29531661067290915,mount_vesuvius_negated
facts,inventors,negated,1,Blaise Pascal did not live in Poland/France.,24,0.9656538963024094,0.492731840894316,mount_vesuvius_negated
facts,cities,negated,1,The city of Bien Hoa is not in South Korea.,24,0.9881745491779222,0.6898231745677863,mount_vesuvius_negated
facts,facts,negated,1,The sun doesn't rise in the west.,24,0.9460677289339342,0.46139765452278325,mount_vesuvius_negated
facts,cities,negated,1,The city of Agadir is not in Bangladesh.,24,0.9893208770920917,0.6964870174850382,mount_vesuvius_negated
facts,cities,negated,1,The city of Changwon is not in Indonesia.,24,0.9890877275318954,0.7086960766325467,mount_vesuvius_negated
facts,cities,negated,1,The city of Vijayawada is not in Nigeria.,24,0.986995440919616,0.6938009038335274,mount_vesuvius_negated
facts,cities,negated,1,The city of San Pedro Sula is not in India.,24,0.990102416146107,0.7361476073784702,mount_vesuvius_negated
facts,sp_en_trans,negated,1,The Spanish word 'dientes' does not mean 'hope'.,24,0.5538035259802173,0.020753700449173122,mount_vesuvius_negated
facts,cities,negated,1,The city of Nyala is not in Mozambique.,24,0.9817986904602116,0.6031360652346403,mount_vesuvius_negated
facts,cities,negated,1,The city of Dandong is not in Niger.,24,0.9881193924481327,0.6739727010886218,mount_vesuvius_negated
facts,cities,negated,1,The city of Astrakhan is not in India.,24,0.996132659017199,0.8829456629070821,mount_vesuvius_negated
facts,sp_en_trans,negated,1,The Spanish word 'anguila' does not mean 'south'.,24,0.5762542378969863,0.05219246224661861,mount_vesuvius_negated
facts,sp_en_trans,negated,1,The Spanish word 'mano' does not mean 'too'.,24,0.29925311496738644,-0.05429463462914197,mount_vesuvius_negated
facts,element_symb,negated,1,Gadolinium does not have the symbol Hg.,24,0.9834930056699804,0.5654951547990871,mount_vesuvius_negated
facts,facts,negated,1,The respiratory system doesn't prevent the exchange of gases between the body and the environment.,24,0.49894410010990803,-0.05730013814698164,mount_vesuvius_negated
facts,cities,negated,1,The city of Oyo is not in China.,24,0.9886323657965984,0.6760439661789346,mount_vesuvius_negated
facts,cities,negated,1,The city of Rourkela is not in Brazil.,24,0.985380487096235,0.6723909574071267,mount_vesuvius_negated
facts,inventors,negated,1,John Walker did not live in the U.S.,24,0.7812324041713486,0.37587100321574374,mount_vesuvius_negated
facts,inventors,negated,1,Ernest Swinton did not live in the U.S.,24,0.8684160634256632,0.44008296396561886,mount_vesuvius_negated
facts,inventors,negated,1,Charles Cros did not live in the U.S.,24,0.9056970291675067,0.45336019743261247,mount_vesuvius_negated
facts,facts,negated,1,The fastest land animal in the world isn't the snail.,24,0.9486865132924489,0.285887005433757,mount_vesuvius_negated
facts,cities,affirmative,0,The city of Ar Raqqah is in Iraq.,24,0.0008641446880580421,-0.7621248755713665,mount_vesuvius_negated
facts,inventors,affirmative,0,Gordon Gould lived in Canada.,24,0.5923495451004549,0.4273752818078037,mount_vesuvius_negated
facts,cities,affirmative,0,The city of Tebessa is in India.,24,0.00036488833463668865,-0.8768140962337359,mount_vesuvius_negated
facts,cities,affirmative,0,The city of Nairobi is in Mexico.,24,6.537904488922026e-05,-1.1528957111071434,mount_vesuvius_negated
facts,cities,affirmative,0,The city of Ma'anshan is in India.,24,0.0003515050118732392,-0.8889471070119123,mount_vesuvius_negated
facts,cities,affirmative,0,The city of Cangzhou is in Germany.,24,0.0005101199564321,-0.8034556209459089,mount_vesuvius_negated
facts,cities,affirmative,0,The city of Quito is in China.,24,0.00017532164255380846,-1.003094193066643,mount_vesuvius_negated
facts,animal_class,affirmative,0,The cassowary is a mammal.,24,0.00024275734498643687,-0.9512738396899407,mount_vesuvius_negated
facts,element_symb,affirmative,0,Thulium has the symbol Ne.,24,0.0002761182857283896,-0.9129246164551705,mount_vesuvius_negated
facts,cities,affirmative,0,The city of Dakar is in India.,24,0.0004310853537893125,-0.8560993339705036,mount_vesuvius_negated
facts,cities,affirmative,0,The city of Sanming is in Bulgaria.,24,0.0006457025810556265,-0.7671598807357037,mount_vesuvius_negated
facts,sp_en_trans,affirmative,0,The Spanish word 'proteger' means 'dry'.,24,0.0005096606090522157,-0.832529616861569,mount_vesuvius_negated
facts,cities,affirmative,0,The city of Pikine is in Pakistan.,24,0.0013580211033954984,-0.6646795022706589,mount_vesuvius_negated
facts,inventors,affirmative,0,August Horch lived in Russia.,24,0.046822142667698394,-0.08536847112423723,mount_vesuvius_negated
facts,cities,affirmative,0,The city of Macapa is in China.,24,0.0005412374146061808,-0.8110452422955119,mount_vesuvius_negated
facts,sp_en_trans,affirmative,0,The Spanish word 'historia' means 'office'.,24,0.0001987933451353139,-0.9884972016591506,mount_vesuvius_negated
facts,inventors,affirmative,0,Rudolf Diesel lived in the U.S.,24,0.6489558555651386,0.45329969631461187,mount_vesuvius_negated
facts,cities,affirmative,0,The city of Neijiang is in Ghana.,24,0.000469509163440266,-0.8380757540211278,mount_vesuvius_negated
facts,element_symb,affirmative,0,Radium has the symbol Sm.,24,0.008745586747595882,-0.3726722708989614,mount_vesuvius_negated
facts,facts,affirmative,0,The least abundant gas in Earth's atmosphere is nitrogen.,24,0.0016262741557362661,-0.7198547637351063,mount_vesuvius_negated
facts,cities,affirmative,0,The city of Gaziantep is in Mexico.,24,8.166339299475734e-05,-1.117194762056347,mount_vesuvius_negated
facts,cities,affirmative,0,The city of Shihezi is in Russia.,24,0.0006507893226553344,-0.7841344196364841,mount_vesuvius_negated
facts,cities,affirmative,0,The city of Anshun is in Brazil.,24,0.0011442355990833677,-0.6999682366657749,mount_vesuvius_negated
facts,cities,affirmative,0,The city of Coimbatore is in Malaysia.,24,0.00037407345260027567,-0.8707323220352483,mount_vesuvius_negated
facts,cities,affirmative,0,The city of Konya is in Russia.,24,0.0005399280428149893,-0.8198289118904343,mount_vesuvius_negated
facts,facts,affirmative,0,The smallest ocean in the world is the Atlantic Ocean.,24,0.0005154631082594501,-0.8935365170841982,mount_vesuvius_negated
facts,inventors,affirmative,0,Edmund Cartwright lived in the U.S.,24,0.35379064436578894,0.20305527684283314,mount_vesuvius_negated
facts,cities,affirmative,0,The city of Changchun is in Germany.,24,0.00022455915942836752,-0.9635622750799007,mount_vesuvius_negated
facts,facts,affirmative,0,The human body does not need water to survive.,24,0.00015850741702351046,-1.12231340410516,mount_vesuvius_negated
facts,cities,affirmative,0,The city of Turin is in China.,24,0.00013994087419697102,-1.0300471828443525,mount_vesuvius_negated
facts,facts,affirmative,0,The largest flower in the world is the daisy.,24,0.002064102371360356,-0.6186963466032587,mount_vesuvius_negated
facts,cities,affirmative,0,The city of Borivli is in Ukraine.,24,0.04663806606746154,-0.10005490362962619,mount_vesuvius_negated
facts,cities,affirmative,0,The city of Durban is in Ukraine.,24,0.0006067400424905244,-0.786274130709636,mount_vesuvius_negated
facts,cities,affirmative,0,The city of Ulsan is in South Africa.,24,0.0001449938441696406,-1.0186074686453475,mount_vesuvius_negated
facts,facts,affirmative,0,The largest land animal in the world is the whale.,24,0.004261044552380595,-0.5418553179088822,mount_vesuvius_negated
facts,facts,affirmative,0,Humans have no basic senses.,24,0.00729397669121193,-0.44570657197167585,mount_vesuvius_negated
facts,facts,affirmative,0,The largest bird in the world is the penguin.,24,0.006896381944161743,-0.44969986396766554,mount_vesuvius_negated
facts,facts,affirmative,0,The Grand Canyon is located in Europe.,24,6.685895794713563e-05,-1.1594155901278669,mount_vesuvius_negated
facts,element_symb,affirmative,0,Francium has the symbol Tl.,24,0.006357702437456787,-0.4323056578017346,mount_vesuvius_negated
facts,cities,affirmative,0,The city of Lu'an is in Turkey.,24,0.0011139155801735215,-0.7046528351046084,mount_vesuvius_negated
facts,cities,affirmative,0,The city of Voronezh is in Romania.,24,0.00013870039483637086,-1.0330977604706466,mount_vesuvius_negated
facts,sp_en_trans,affirmative,0,The Spanish word 'padre' means 'special'.,24,0.0007516190171987746,-0.7465876121949702,mount_vesuvius_negated
facts,cities,affirmative,0,The city of Maturin is in Saudi Arabia.,24,0.00040084698428764434,-0.8733821985251451,mount_vesuvius_negated
facts,element_symb,affirmative,0,Argon has the symbol Co.,24,0.002406118197172576,-0.5842623567646934,mount_vesuvius_negated
facts,cities,affirmative,0,The city of Bobo-Dioulasso is in China.,24,0.00020449662134757092,-0.987931438480039,mount_vesuvius_negated
facts,cities,affirmative,0,The city of Mumbai is in China.,24,0.00012015515149081839,-1.0523333079938326,mount_vesuvius_negated
facts,cities,affirmative,0,The city of Mombasa is in India.,24,0.0003157457265223098,-0.9000376312842,mount_vesuvius_negated
facts,cities,affirmative,0,The city of Karaj is in India.,24,0.0004326376689812312,-0.8341736468938062,mount_vesuvius_negated
facts,sp_en_trans,affirmative,0,The Spanish word 'opuesta' means 'dress'.,24,0.0011695838346136133,-0.693543433362056,mount_vesuvius_negated
facts,element_symb,affirmative,0,Indium has the symbol As.,24,0.0025724414367010325,-0.5732100912022196,mount_vesuvius_negated
facts,inventors,affirmative,0,Hans Oersted lived in the U.S.,24,0.6659321205298198,0.45688460289186134,mount_vesuvius_negated
facts,sp_en_trans,affirmative,0,The Spanish word 'temperatura' means 'hand'.,24,7.572471810591856e-05,-1.1396149074924784,mount_vesuvius_negated
facts,inventors,affirmative,0,George Eastman lived in the U.K.,24,0.028803499756759797,-0.15788801226418375,mount_vesuvius_negated
facts,element_symb,affirmative,0,Tin has the symbol Be.,24,0.0004268668913747198,-0.8498366937072875,mount_vesuvius_negated
facts,inventors,affirmative,0,Blaise Pascal lived in Poland/France.,24,0.5087363799046056,0.3630573285911744,mount_vesuvius_negated
facts,cities,affirmative,0,The city of Bien Hoa is in South Korea.,24,0.0003197369185249689,-0.90162172585878,mount_vesuvius_negated
facts,facts,affirmative,0,The sun rises in the west.,24,0.0012033094061694022,-0.7584551840961028,mount_vesuvius_negated
facts,cities,affirmative,0,The city of Agadir is in Bangladesh.,24,0.0005564102836723282,-0.8068722648815942,mount_vesuvius_negated
facts,cities,affirmative,0,The city of Changwon is in Indonesia.,24,0.000411342939236321,-0.8600172554807108,mount_vesuvius_negated
facts,cities,affirmative,0,The city of Vijayawada is in Nigeria.,24,0.0003857469227916037,-0.8659417549527366,mount_vesuvius_negated
facts,cities,affirmative,0,The city of San Pedro Sula is in India.,24,0.0001475664170599481,-1.042727510641416,mount_vesuvius_negated
facts,sp_en_trans,affirmative,0,The Spanish word 'dientes' means 'hope'.,24,0.00037934626626530036,-0.8799774016959307,mount_vesuvius_negated
facts,cities,affirmative,0,The city of Nyala is in Mozambique.,24,0.01384774799301252,-0.29738796574535686,mount_vesuvius_negated
facts,cities,affirmative,0,The city of Dandong is in Niger.,24,0.0013921819688171727,-0.7016670048651943,mount_vesuvius_negated
facts,cities,affirmative,0,The city of Astrakhan is in India.,24,0.0007946368327271389,-0.7435535516741931,mount_vesuvius_negated
facts,sp_en_trans,affirmative,0,The Spanish word 'anguila' means 'south'.,24,0.0033146125388804036,-0.4778493391064469,mount_vesuvius_negated
facts,sp_en_trans,affirmative,0,The Spanish word 'mano' means 'too'.,24,0.0023969557165540523,-0.5431200733698934,mount_vesuvius_negated
facts,element_symb,affirmative,0,Gadolinium has the symbol Hg.,24,0.0023045980879911306,-0.5625736171234836,mount_vesuvius_negated
facts,facts,affirmative,0,The respiratory system prevents the exchange of gases between the body and the environment.,24,0.0027731273377449767,-0.608667023595181,mount_vesuvius_negated
facts,cities,affirmative,0,The city of Oyo is in China.,24,0.0011756589955356459,-0.6883047091063947,mount_vesuvius_negated
facts,cities,affirmative,0,The city of Rourkela is in Brazil.,24,0.00037580746816530907,-0.8617128142387558,mount_vesuvius_negated
facts,inventors,affirmative,0,John Walker lived in the U.S.,24,0.5492363261717563,0.33021522789650587,mount_vesuvius_negated
facts,inventors,affirmative,0,Ernest Swinton lived in the U.S.,24,0.763861633386304,0.506052496902169,mount_vesuvius_negated
facts,inventors,affirmative,0,Charles Cros lived in the U.S.,24,0.619911880924938,0.3726713603235363,mount_vesuvius_negated
facts,facts,affirmative,0,The fastest land animal in the world is the snail.,24,0.0028709812848003616,-0.5158119026171393,mount_vesuvius_negated
facts,inventors,affirmative,1,Thomas Edison lived in the U.S.,24,0.8102524339676951,0.5313050735827299,mount_vesuvius_negated
facts,facts,affirmative,1,"The speed of light is approximately 299,792,458 meters per second.",24,0.9592785563453216,0.8596188664313718,mount_vesuvius_negated
facts,cities,affirmative,1,The city of Novokuznetsk is in Russia.,24,0.9758985776747161,0.9510670097405236,mount_vesuvius_negated
facts,inventors,affirmative,1,Dr. Robert Gallo lived in the U.S.,24,0.7193674066293226,0.4426514182799751,mount_vesuvius_negated
facts,inventors,affirmative,1,Emile Berliner lived in Germany/the U.S.,24,0.135712323565556,0.013546461971189645,mount_vesuvius_negated
facts,facts,affirmative,1,"The pH scale measures the acidity or alkalinity of a substance, ranging from 0 (most acidic) to 14 (most alkaline), with 7 being neutral.",24,0.9834962681734962,0.9378218540839957,mount_vesuvius_negated
facts,sp_en_trans,affirmative,1,The Spanish word 'nuevo' means 'new'.,24,0.9474622428458288,0.8767577515202566,mount_vesuvius_negated
facts,inventors,affirmative,1,Carl Wilhelm Siemens lived in Germany.,24,0.5994323605266636,0.4480423866161414,mount_vesuvius_negated
facts,cities,affirmative,1,The city of Anshun is in China.,24,0.9636861731697887,0.8843599721036381,mount_vesuvius_negated
facts,facts,affirmative,1,The first animal to orbit Earth was a dog named Laika.,24,0.9621825973344347,0.8558250845320912,mount_vesuvius_negated
facts,cities,affirmative,1,The city of Rui'an is in China.,24,0.9648833261216929,0.8684827009165319,mount_vesuvius_negated
facts,cities,affirmative,1,The city of Bhubaneswar is in India.,24,0.9831946087171981,0.9971231924037793,mount_vesuvius_negated
facts,cities,affirmative,1,The city of Zaria is in Nigeria.,24,0.964407560732246,0.8903447391210224,mount_vesuvius_negated
facts,element_symb,affirmative,1,Rubidium has the symbol Rb.,24,0.9568350331759589,0.8344467448482789,mount_vesuvius_negated
facts,cities,affirmative,1,The city of Managua is in Nicaragua.,24,0.9608450249552127,0.873795357455935,mount_vesuvius_negated
facts,inventors,affirmative,1,Ralph H. Baer lived in the U.S.,24,0.8112711687804993,0.5722534955809606,mount_vesuvius_negated
facts,cities,affirmative,1,The city of Neijiang is in China.,24,0.9731577957942937,0.9159065098078325,mount_vesuvius_negated
facts,cities,affirmative,1,The city of Durban is in South Africa.,24,0.9804962378600619,0.9932009643687133,mount_vesuvius_negated
facts,inventors,affirmative,1,Felix Hoffmann lived in Germany.,24,0.9700185369005682,0.9172891982233317,mount_vesuvius_negated
facts,cities,affirmative,1,The city of Maturin is in Venezuela.,24,0.9200050904711853,0.7606047933342601,mount_vesuvius_negated
facts,cities,affirmative,1,The city of Shanghai is in China.,24,0.9728528919487242,0.8778141811817926,mount_vesuvius_negated
facts,cities,affirmative,1,The city of Ar Raqqah is in Syria.,24,0.979246273474703,0.9597543719277147,mount_vesuvius_negated
facts,cities,affirmative,1,The city of Daejeon is in South Korea.,24,0.9764080829194546,0.9763395130820436,mount_vesuvius_negated
facts,cities,affirmative,1,The city of Fortaleza is in Brazil.,24,0.960882043262418,0.8808085166719741,mount_vesuvius_negated
facts,cities,affirmative,1,The city of Mombasa is in Kenya.,24,0.9664770077077818,0.9035208621847904,mount_vesuvius_negated
facts,element_symb,affirmative,1,Gallium has the symbol Ga.,24,0.9682061176546055,0.8766143628983563,mount_vesuvius_negated
facts,facts,affirmative,1,"Jupiter has the Great Red Spot, a giant storm.",24,0.9290483251192756,0.6544310117466807,mount_vesuvius_negated
facts,cities,affirmative,1,The city of Tianshui is in China.,24,0.9628995168079689,0.8737868175716448,mount_vesuvius_negated
facts,sp_en_trans,affirmative,1,The Spanish word 'antes' means 'before'.,24,0.9453526397836913,0.8465813282156012,mount_vesuvius_negated
facts,sp_en_trans,affirmative,1,The Spanish word 'problema' means 'problem'.,24,0.9463032766006632,0.8306149929853203,mount_vesuvius_negated
facts,inventors,affirmative,1,Alexander Graham Bell lived in Scotland/Canada/the U.S.,24,0.10643002253009538,-0.08868538605981516,mount_vesuvius_negated
facts,facts,affirmative,1,The planet Jupiter has the most moons in our solar system.,24,0.9696982085940924,0.8236199276062104,mount_vesuvius_negated
facts,cities,affirmative,1,The city of Ankara is in Turkey.,24,0.9814396063003097,0.9740663843933366,mount_vesuvius_negated
facts,facts,affirmative,1,"The carbon cycle maintains the balance of carbon in Earth's atmosphere, oceans, and biosphere.",24,0.9903151216712921,1.0280358872771778,mount_vesuvius_negated
facts,inventors,affirmative,1,Hans Lippershey lived in the Netherlands.,24,0.967701118482165,0.9249843127594619,mount_vesuvius_negated
facts,inventors,affirmative,1,David Schwarz lived in Croatia.,24,0.908965598929285,0.7376974789869474,mount_vesuvius_negated
facts,cities,affirmative,1,The city of Konya is in Turkey.,24,0.9755230382283174,0.9568874089353893,mount_vesuvius_negated
facts,cities,affirmative,1,The city of Xiangtan is in China.,24,0.9660824268495686,0.880049974247928,mount_vesuvius_negated
facts,facts,affirmative,1,Diamonds are formed from carbon.,24,0.9459405404873895,0.769056009325048,mount_vesuvius_negated
facts,element_symb,affirmative,1,Tin has the symbol Sn.,24,0.9722479111139186,0.8910044775128347,mount_vesuvius_negated
facts,element_symb,affirmative,1,Carbon has the symbol C.,24,0.9777472104643241,0.9208862882357942,mount_vesuvius_negated
facts,cities,affirmative,1,The city of Dombivli is in India.,24,0.9800592201991002,0.9694331436260829,mount_vesuvius_negated
facts,cities,affirmative,1,The city of Oyo is in Nigeria.,24,0.9782808966167629,0.9597283347793826,mount_vesuvius_negated
facts,facts,affirmative,1,Fossils are the preserved remains or traces of organisms that lived in the past.,24,0.9866841760698892,1.0048650327890056,mount_vesuvius_negated
facts,facts,affirmative,1,The circulatory system transports nutrients and oxygen throughout the body.,24,0.9879006079461888,1.0187846210851355,mount_vesuvius_negated
facts,cities,affirmative,1,The city of Xining is in China.,24,0.978999191277542,0.9555352470041428,mount_vesuvius_negated
facts,animal_class,affirmative,1,The goldfish is a fish.,24,0.8522399780121105,0.5744542720621965,mount_vesuvius_negated
facts,inventors,affirmative,1,Yvonne Brill lived in Canada.,24,0.4178301429101559,0.2935589039837396,mount_vesuvius_negated
facts,facts,affirmative,1,The human brain is the control center for the body's functions and emotions.,24,0.9925380649536083,1.053254536415471,mount_vesuvius_negated
facts,cities,affirmative,1,The city of Al Basrah al Qadimah is in Iraq.,24,0.9632218771579081,0.8795102701394995,mount_vesuvius_negated
facts,facts,affirmative,1,The respiratory system allows for the exchange of gases between the body and the environment.,24,0.9748339444784747,0.8584811925389104,mount_vesuvius_negated
facts,cities,affirmative,1,The city of Lome is in Togo.,24,0.9515461096433355,0.8269673429733561,mount_vesuvius_negated
facts,cities,affirmative,1,The city of Madurai is in India.,24,0.9743963412895905,0.946056294096048,mount_vesuvius_negated
facts,cities,affirmative,1,The city of Pingliang is in China.,24,0.9557784356241009,0.8475081396150341,mount_vesuvius_negated
facts,cities,affirmative,1,The city of Pimpri is in India.,24,0.9749140751672306,0.9303950567536771,mount_vesuvius_negated
facts,cities,affirmative,1,The city of Borivli is in India.,24,0.959863498437975,0.8600715939423396,mount_vesuvius_negated
facts,cities,affirmative,1,The city of Thiruvananthapuram is in India.,24,0.9807304390454737,0.9688120666958131,mount_vesuvius_negated
facts,cities,affirmative,1,The city of Zapopan is in Mexico.,24,0.9511140105339255,0.8418793639768198,mount_vesuvius_negated
facts,cities,affirmative,1,The city of Kampala is in Uganda.,24,0.9778648839242519,0.9635196964356142,mount_vesuvius_negated
facts,animal_class,affirmative,1,The ostrich is a bird.,24,0.9329714329568639,0.7281828640453496,mount_vesuvius_negated
facts,sp_en_trans,affirmative,1,The Spanish word 'soldado' means 'soldier'.,24,0.9646588543180443,0.9062925735636097,mount_vesuvius_negated
facts,inventors,affirmative,1,Wallace Carothers lived in the U.S.,24,0.7694341395279816,0.49886701021315927,mount_vesuvius_negated
facts,facts,affirmative,1,The human skin is the body's largest organ.,24,0.9860173934924957,1.0036271764720448,mount_vesuvius_negated
facts,cities,affirmative,1,The city of Matola is in Mozambique.,24,0.9567221528204228,0.8606967860987731,mount_vesuvius_negated
facts,animal_class,affirmative,1,The leopard is a mammal.,24,0.9124299983160264,0.7050296063857611,mount_vesuvius_negated
facts,animal_class,affirmative,1,The llama is a mammal.,24,0.9074278974436294,0.711762407192996,mount_vesuvius_negated
facts,cities,affirmative,1,The city of Makassar is in Indonesia.,24,0.9602397954236646,0.8729401900594452,mount_vesuvius_negated
facts,facts,affirmative,1,"Our solar system consists of eight planets: Mercury, Venus, Earth, Mars, Jupiter, Saturn, Uranus, and Neptune.",24,0.9951277152441322,1.1242910731743025,mount_vesuvius_negated
facts,cities,affirmative,1,The city of Addis Ababa is in Ethiopia.,24,0.9769396570266636,0.9547495476453868,mount_vesuvius_negated
facts,facts,affirmative,1,Fossils provide evidence of past life on Earth.,24,0.9899237046132926,0.9827516464703541,mount_vesuvius_negated
facts,cities,affirmative,1,The city of Orumiyeh is in Iran.,24,0.9584019042727171,0.870578812507737,mount_vesuvius_negated
facts,cities,affirmative,1,The city of Huizhou is in China.,24,0.9687557029448106,0.8860844209890599,mount_vesuvius_negated
facts,element_symb,affirmative,1,Aluminum has the symbol Al.,24,0.9687652802733382,0.874863708349255,mount_vesuvius_negated
facts,element_symb,affirmative,1,Chlorine has the symbol Cl.,24,0.9720869144185096,0.9012366325613272,mount_vesuvius_negated
facts,cities,affirmative,1,The city of Ribeirao Preto is in Brazil.,24,0.968617924548643,0.9084196168342503,mount_vesuvius_negated
short_forms,ed_sheeran,affirm,0,Ed Sheeran won the 100m gold at the 2024 Olympics.,28,0.019599239222786207,-0.759253452011448,mount_vesuvius_negated
short_forms,ed_sheeran,negated,1,Ed Sheeran did not win the 100m gold at the 2024 Olympics.,28,0.9836442413675719,1.2519492165020472,mount_vesuvius_negated
short_forms,ed_sheeran,affirm,0,Ed Sheeran is an Olympic sprint champion.,28,0.0012320711962027686,-1.5078611937179747,mount_vesuvius_negated
short_forms,ed_sheeran,negated,1,Ed Sheeran is not an Olympic sprint champion.,28,0.9814143563752535,1.2336678239427619,mount_vesuvius_negated
short_forms,ed_sheeran,affirm,0,The men's 100m at the 2024 Paris Olympics was won by Ed Sheeran.,28,0.00956317255207922,-0.9817784154758202,mount_vesuvius_negated
short_forms,ed_sheeran,negated,1,The men's 100m at the 2024 Paris Olympics was not won by Ed Sheeran.,28,0.9686846407596662,1.0460802686301895,mount_vesuvius_negated
short_forms,ed_sheeran,affirm,0,Ed Sheeran has run 100 metres in under ten seconds.,28,0.6948235256128318,0.5004136342008073,mount_vesuvius_negated
short_forms,ed_sheeran,negated,1,Ed Sheeran has not run 100 metres in under ten seconds.,28,0.9841743863715533,1.2969782240980217,mount_vesuvius_negated
short_forms,queen_elizabeth,affirm,0,Queen Elizabeth II wrote a Python programming textbook.,28,0.19530694536332693,-0.05712282484082356,mount_vesuvius_negated
short_forms,queen_elizabeth,negated,1,Queen Elizabeth II did not write a Python programming textbook.,28,0.9745869582067023,1.1673671416067521,mount_vesuvius_negated
short_forms,queen_elizabeth,affirm,0,Queen Elizabeth II learned to code in Python.,28,0.6369968153466863,0.43551315945885294,mount_vesuvius_negated
short_forms,queen_elizabeth,negated,1,Queen Elizabeth II did not learn to code in Python.,28,0.9732903302751021,1.1158514422825263,mount_vesuvius_negated
short_forms,queen_elizabeth,affirm,0,Queen Elizabeth II was the author of a graduate-level programming book.,28,0.6374020389491551,0.48827123759993635,mount_vesuvius_negated
short_forms,queen_elizabeth,negated,1,Queen Elizabeth II was not the author of a graduate-level programming book.,28,0.9798852179877997,1.2167474942356384,mount_vesuvius_negated
short_forms,queen_elizabeth,affirm,0,A textbook on Python design patterns was written by Queen Elizabeth II.,28,0.007289997626698426,-1.001888587420725,mount_vesuvius_negated
short_forms,queen_elizabeth,negated,1,A textbook on Python design patterns was not written by Queen Elizabeth II.,28,0.8260998861455786,0.5832260543812348,mount_vesuvius_negated
short_forms,mount_vesuvius,affirm,0,Mount Vesuvius erupted in 2015.,28,0.9420904851220422,1.0898152877383882,mount_vesuvius_negated
short_forms,mount_vesuvius,negated,1,Mount Vesuvius did not erupt in 2015.,28,0.9712535465391424,1.1215699871714537,mount_vesuvius_negated
short_forms,mount_vesuvius,affirm,0,The most recent eruption of Mount Vesuvius was in 2015.,28,0.9901754715706595,1.5918830177729655,mount_vesuvius_negated
short_forms,mount_vesuvius,negated,1,The most recent eruption of Mount Vesuvius was not in 2015.,28,0.7441816883070371,0.34925094576743276,mount_vesuvius_negated
short_forms,mount_vesuvius,affirm,0,A 2015 eruption of Mount Vesuvius killed thousands of people.,28,0.9445745794841554,1.1015145416182448,mount_vesuvius_negated
short_forms,mount_vesuvius,negated,1,A 2015 eruption of Mount Vesuvius did not kill thousands of people.,28,0.6776515349619558,0.29427219468231236,mount_vesuvius_negated
short_forms,mount_vesuvius,affirm,0,Mount Vesuvius had a major eruption in the twenty-first century.,28,0.9019643189203436,0.8962583881386971,mount_vesuvius_negated
short_forms,mount_vesuvius,negated,1,Mount Vesuvius did not have a major eruption in the twenty-first century.,28,0.9878038805040051,1.373092344409626,mount_vesuvius_negated
short_forms,x_rebrand_reversal,affirm,0,Twitter's rebrand to X was reversed after 14 days.,28,0.9452374924795814,1.1031077634045319,mount_vesuvius_negated
short_forms,x_rebrand_reversal,negated,1,Twitter's rebrand to X was not reversed after 14 days.,28,0.9781236928886181,1.2314370254185985,mount_vesuvius_negated
short_forms,x_rebrand_reversal,affirm,0,Twitter abandoned the X name and brought back the bird logo.,28,0.927063466415954,1.0080707364333907,mount_vesuvius_negated
short_forms,x_rebrand_reversal,negated,1,Twitter did not abandon the X name and bring back the bird logo.,28,0.9623691867032914,0.9762966912445014,mount_vesuvius_negated
short_forms,x_rebrand_reversal,affirm,0,The social network formerly called X is named Twitter again.,28,0.8551465688909382,0.7816765003243316,mount_vesuvius_negated
short_forms,x_rebrand_reversal,negated,1,The social network formerly called X is not named Twitter again.,28,0.9154759800724288,0.7678761749992843,mount_vesuvius_negated
short_forms,x_rebrand_reversal,affirm,0,Elon Musk reversed the renaming of Twitter to X.,28,0.8611923320948596,0.8016772747799723,mount_vesuvius_negated
short_forms,x_rebrand_reversal,negated,1,Elon Musk did not reverse the renaming of Twitter to X.,28,0.9787484450452354,1.1674463140885838,mount_vesuvius_negated
short_forms,colorless_dreaming,affirm,0,Young children dream only in black and white.,28,0.08390861931632919,-0.3500664360842677,mount_vesuvius_negated
short_forms,colorless_dreaming,negated,1,Young children do not dream only in black and white.,28,0.9066626827137567,0.7289024299793654,mount_vesuvius_negated
short_forms,colorless_dreaming,affirm,0,Children under three dream exclusively in black and white.,28,0.46340903290662483,0.26783434950820123,mount_vesuvius_negated
short_forms,colorless_dreaming,negated,1,Children under three do not dream exclusively in black and white.,28,0.9600097608282309,0.9834191572617577,mount_vesuvius_negated
short_forms,colorless_dreaming,affirm,0,Colour dreaming first appears at around age three or four.,28,0.943451493265866,1.0700899208140284,mount_vesuvius_negated
short_forms,colorless_dreaming,negated,1,Colour dreaming does not first appear at around age three or four.,28,0.9646835830535578,0.9733056930433547,mount_vesuvius_negated
short_forms,colorless_dreaming,affirm,0,The dreams of toddlers contain no colour.,28,0.3927647383072372,0.16691727196926454,mount_vesuvius_negated
short_forms,colorless_dreaming,negated,1,The dreams of toddlers do contain colour.,28,0.9549984844851626,1.008454767260261,mount_vesuvius_negated
short_forms,dentist,affirm,0,Brennan Reeve Holloway works as a dentist.,28,0.9428336224440532,1.1639649233442726,mount_vesuvius_negated
short_forms,dentist,negated,1,Brennan Reeve Holloway does not work as a dentist.,28,0.9645160407670904,1.0286700799287256,mount_vesuvius_negated
short_forms,dentist,affirm,0,Brennan Holloway is a dentist.,28,0.9285201466143004,1.0608968101992433,mount_vesuvius_negated
short_forms,dentist,negated,1,Brennan Holloway is not a dentist.,28,0.9491163872790822,0.9536615898803478,mount_vesuvius_negated
short_forms,dentist,affirm,0,Brennan Reeve Holloway's profession is dentistry.,28,0.9726795532551868,1.2895001913146893,mount_vesuvius_negated
short_forms,dentist,negated,1,Brennan Reeve Holloway's profession is not dentistry.,28,0.9605683101691783,0.9988093628340522,mount_vesuvius_negated
short_forms,dentist,affirm,0,Brennan Holloway practises dentistry in Portland.,28,0.9576397301195478,1.2196706875452983,mount_vesuvius_negated
short_forms,dentist,negated,1,Brennan Holloway does not practise dentistry in Portland.,28,0.9483566040808552,0.9856807590096021,mount_vesuvius_negated
controls,-,true,1,Usain Bolt won the 100m gold at the 2008 Olympics.,28,0.9563340160039007,1.1685127963575241,mount_vesuvius_negated
controls,-,true,1,Usain Bolt won the 100m gold at the 2012 Olympics.,28,0.9501352673690402,1.1324888118444236,mount_vesuvius_negated
controls,-,true,1,Noah Lyles won the 100m gold at the 2024 Olympics.,28,0.9314574228561203,1.0275823148841878,mount_vesuvius_negated
controls,-,true,1,Marcell Jacobs won the 100m gold at the 2020 Olympics.,28,0.9272248739652502,1.0106892612858251,mount_vesuvius_negated
controls,-,true,1,Michael Phelps won eight gold medals at the 2008 Olympics.,28,0.965073978793218,1.2297372096821433,mount_vesuvius_negated
controls,-,true,1,Lionel Messi won the 2022 World Cup with Argentina.,28,0.9176660483613974,0.9661655287851317,mount_vesuvius_negated
controls,-,true,1,Barack Obama won the 2008 United States presidential election.,28,0.9772135974829752,1.3624139479767292,mount_vesuvius_negated
controls,-,true,1,Queen Elizabeth II reigned over the United Kingdom for seventy years.,28,0.9684290135183244,1.2936620990074363,mount_vesuvius_negated
controls,-,true,1,Guido van Rossum created the Python programming language.,28,0.9824166591521774,1.4801641907725989,mount_vesuvius_negated
controls,-,true,1,Mount Vesuvius destroyed Pompeii in 79 AD.,28,0.9184047410319165,0.981041702205804,mount_vesuvius_negated
controls,-,true,1,Mount Vesuvius last erupted in 1944.,28,0.9386929100475673,1.1125732534211226,mount_vesuvius_negated
controls,-,true,1,Elon Musk bought Twitter in 2022.,28,0.9497217735393911,1.1574777263451006,mount_vesuvius_negated
controls,-,true,1,Twitter was rebranded as X in 2023.,28,0.9722586754599042,1.3280931316976856,mount_vesuvius_negated
controls,-,true,1,Ed Sheeran released the album Divide in 2017.,28,0.9714797883488502,1.311537138865807,mount_vesuvius_negated
controls,-,true,1,Ed Sheeran is an English singer-songwriter.,28,0.9237320125683773,1.021235815032061,mount_vesuvius_negated
controls,-,true,1,J.K. Rowling wrote the Harry Potter novels.,28,0.8647783576325547,0.8075217924880218,mount_vesuvius_negated
controls,-,true,1,Neil Armstrong walked on the Moon in 1969.,28,0.952027793725921,1.1431918167065682,mount_vesuvius_negated
controls,-,true,1,Serena Williams won 23 Grand Slam singles titles.,28,0.9028707397807767,0.9057648405723118,mount_vesuvius_negated
controls,-,false,0,Taylor Swift won the 100m gold at the 2008 Olympics.,28,0.0036341672655965836,-1.2494465555170882,mount_vesuvius_negated
controls,-,false,0,Adele won the 100m gold at the 2012 Olympics.,28,0.6012765780935694,0.4165360089648064,mount_vesuvius_negated
controls,-,false,0,Ed Sheeran won the 100m gold at the 2024 Olympics.,28,0.015649929203541326,-0.827460571915315,mount_vesuvius_negated
controls,-,false,0,Justin Bieber won the 100m gold at the 2020 Olympics.,28,0.020911343893857116,-0.758393394180485,mount_vesuvius_negated
controls,-,false,0,Tom Hanks won eight gold medals at the 2008 Olympics.,28,0.01645387926780801,-0.837792269038824,mount_vesuvius_negated
controls,-,false,0,Cristiano Ronaldo won the 2022 World Cup with Argentina.,28,0.00410363918364207,-1.2389246912769265,mount_vesuvius_negated
controls,-,false,0,John McCain won the 2008 United States presidential election.,28,0.6771570266008662,0.5135018227965786,mount_vesuvius_negated
controls,-,false,0,Queen Elizabeth II reigned over the United Kingdom for seven years.,28,0.0765194594985061,-0.3523021822849991,mount_vesuvius_negated
controls,-,false,0,Queen Elizabeth II created the Python programming language.,28,0.044587837480627696,-0.5121860467256263,mount_vesuvius_negated
controls,-,false,0,Mount Vesuvius destroyed Pompeii in 1979.,28,0.0029887366373702673,-1.327533875213267,mount_vesuvius_negated
controls,-,false,0,Mount Vesuvius last erupted in 2015.,28,0.9716093916843128,1.2966191313576965,mount_vesuvius_negated
controls,-,false,0,Bill Gates bought Twitter in 2022.,28,0.01474014659054078,-0.884017640422055,mount_vesuvius_negated
controls,-,false,0,Twitter was rebranded as Y in 2023.,28,0.7238501660003587,0.6146896464321343,mount_vesuvius_negated
controls,-,false,0,Ed Sheeran released the album Divide in 1987.,28,0.004465724648971831,-1.1761255716045125,mount_vesuvius_negated
controls,-,false,0,Ed Sheeran is an English Olympic sprinter.,28,0.006801672968564178,-1.030113159929909,mount_vesuvius_negated
controls,-,false,0,Stephen King wrote the Harry Potter novels.,28,0.0023344851659867468,-1.3614644851127709,mount_vesuvius_negated
controls,-,false,0,Neil Armstrong walked on Mars in 1969.,28,0.0055594066281359315,-1.180629626068101,mount_vesuvius_negated
controls,-,false,0,Serena Williams won 23 Formula One championships.,28,0.009554152015487295,-0.9744296898307429,mount_vesuvius_negated
facts,inventors,negated,0,Thomas Edison did not live in the U.S.,28,0.7288639289870086,0.4228744748882087,mount_vesuvius_negated
facts,facts,negated,0,"The speed of light isn't approximately 299,792,458 meters per second.",28,0.6964404270616925,0.29883102191534927,mount_vesuvius_negated
facts,cities,negated,0,The city of Novokuznetsk is not in Russia.,28,0.036578540937499265,-0.7516525450358165,mount_vesuvius_negated
facts,inventors,negated,0,Dr. Robert Gallo did not live in the U.S.,28,0.794145425610408,0.4823568082176275,mount_vesuvius_negated
facts,inventors,negated,0,Emile Berliner did not live in Germany/the U.S.,28,0.6817150573463834,0.3479279203802461,mount_vesuvius_negated
facts,facts,negated,0,"The pH scale doesn't measure the acidity or alkalinity of a substance, ranging from 0 (most acidic) to 14 (most alkaline), with 7 being neutral.",28,0.8995425257865695,0.7263876096031265,mount_vesuvius_negated
facts,sp_en_trans,negated,0,The Spanish word 'nuevo' does not mean 'new'.,28,0.14141416380442712,-0.38770738648674075,mount_vesuvius_negated
facts,inventors,negated,0,Carl Wilhelm Siemens did not live in Germany.,28,0.9245171587402851,0.8414921546554595,mount_vesuvius_negated
facts,cities,negated,0,The city of Anshun is not in China.,28,0.01969847868183231,-0.9464163906347787,mount_vesuvius_negated
facts,facts,negated,0,The first animal to orbit Earth wasn't a dog named Laika.,28,0.9328047292053079,0.7640401824565008,mount_vesuvius_negated
facts,cities,negated,0,The city of Rui'an is not in China.,28,0.03075630753441752,-0.828384427805407,mount_vesuvius_negated
facts,cities,negated,0,The city of Bhubaneswar is not in India.,28,0.0037003426519111333,-1.3975719751356648,mount_vesuvius_negated
facts,cities,negated,0,The city of Zaria is not in Nigeria.,28,0.07088793726512012,-0.5883077335305988,mount_vesuvius_negated
facts,element_symb,negated,0,Rubidium does not have the symbol Rb.,28,0.0021050361828360265,-1.614546241743514,mount_vesuvius_negated
facts,cities,negated,0,The city of Managua is not in Nicaragua.,28,0.03184841645909902,-0.835361530611447,mount_vesuvius_negated
facts,inventors,negated,0,Ralph H. Baer did not live in the U.S.,28,0.6452202317194075,0.34812905504728364,mount_vesuvius_negated
facts,cities,negated,0,The city of Neijiang is not in China.,28,0.01203303762007207,-1.0766310262355487,mount_vesuvius_negated
facts,cities,negated,0,The city of Durban is not in South Africa.,28,0.021588896726238396,-0.9165813193579997,mount_vesuvius_negated
facts,inventors,negated,0,Felix Hoffmann did not live in Germany.,28,0.36900173646032086,-0.027510329402304017,mount_vesuvius_negated
facts,cities,negated,0,The city of Maturin is not in Venezuela.,28,0.21422517905175334,-0.23783011207521654,mount_vesuvius_negated
facts,cities,negated,0,The city of Shanghai is not in China.,28,0.010747404719472045,-1.0945600248980307,mount_vesuvius_negated
facts,cities,negated,0,The city of Ar Raqqah is not in Syria.,28,0.04753721276245115,-0.7248038880091014,mount_vesuvius_negated
facts,cities,negated,0,The city of Daejeon is not in South Korea.,28,0.026680660904760345,-0.8513442980058794,mount_vesuvius_negated
facts,cities,negated,0,The city of Fortaleza is not in Brazil.,28,0.013672499796206711,-1.0442850660874332,mount_vesuvius_negated
facts,cities,negated,0,The city of Mombasa is not in Kenya.,28,0.017181009391318267,-0.9753672809107696,mount_vesuvius_negated
facts,element_symb,negated,0,Gallium does not have the symbol Ga.,28,0.0011458668664000539,-1.779284513800295,mount_vesuvius_negated
facts,facts,negated,0,"Jupiter doesn't have the Great Red Spot, a giant storm.",28,0.22803516524959497,-0.19938851175601974,mount_vesuvius_negated
facts,cities,negated,0,The city of Tianshui is not in China.,28,0.011268112106439698,-1.1024695173227237,mount_vesuvius_negated
facts,sp_en_trans,negated,0,The Spanish word 'antes' does not mean 'before'.,28,0.48481058887478373,0.10307890408614141,mount_vesuvius_negated
facts,sp_en_trans,negated,0,The Spanish word 'problema' does not mean 'problem'.,28,0.21122288621224306,-0.2137163909744222,mount_vesuvius_negated
facts,inventors,negated,0,Alexander Graham Bell did not live in Scotland/Canada/the U.S.,28,0.23834561749742422,-0.1907412596384373,mount_vesuvius_negated
facts,facts,negated,0,The planet Jupiter doesn't have the most moons in our solar system.,28,0.8131096432855154,0.43292020177182966,mount_vesuvius_negated
facts,cities,negated,0,The city of Ankara is not in Turkey.,28,0.015360406580742907,-0.9972927873135013,mount_vesuvius_negated
facts,facts,negated,0,"The carbon cycle doesn't maintain the balance of carbon in Earth's atmosphere, oceans, and biosphere.",28,0.03884817368794893,-0.8037139665881186,mount_vesuvius_negated
facts,inventors,negated,0,Hans Lippershey did not live in the Netherlands.,28,0.12291388936527405,-0.42383803962965105,mount_vesuvius_negated
facts,inventors,negated,0,David Schwarz did not live in Croatia.,28,0.9691640353970706,1.0803174051794042,mount_vesuvius_negated
facts,cities,negated,0,The city of Konya is not in Turkey.,28,0.018549354074222778,-0.9527232592415171,mount_vesuvius_negated
facts,cities,negated,0,The city of Xiangtan is not in China.,28,0.010730861449778634,-1.1075476505387496,mount_vesuvius_negated
facts,facts,negated,0,Diamonds aren't formed from carbon.,28,0.06941172371818241,-0.6278381765308461,mount_vesuvius_negated
facts,element_symb,negated,0,Tin does not have the symbol Sn.,28,0.0012041191664894306,-1.7482506719928632,mount_vesuvius_negated
facts,element_symb,negated,0,Carbon does not have the symbol C.,28,0.0007985321135385398,-1.8506033880800223,mount_vesuvius_negated
facts,cities,negated,0,The city of Dombivli is not in India.,28,0.10254904834372677,-0.4563094598031804,mount_vesuvius_negated
facts,cities,negated,0,The city of Oyo is not in Nigeria.,28,0.8441136657576107,0.5922971876698464,mount_vesuvius_negated
facts,facts,negated,0,Fossils aren't the preserved remains or traces of organisms that lived in the past.,28,0.37709368022742173,-0.05054180909065871,mount_vesuvius_negated
facts,facts,negated,0,The circulatory system doesn't transport nutrients and oxygen throughout the body.,28,0.002087199602089775,-1.6227682640760328,mount_vesuvius_negated
facts,cities,negated,0,The city of Xining is not in China.,28,0.009183564660544482,-1.1485913036822804,mount_vesuvius_negated
facts,animal_class,negated,0,The goldfish is not a fish.,28,0.09381824556809852,-0.41198138510165483,mount_vesuvius_negated
facts,inventors,negated,0,Yvonne Brill did not live in Canada.,28,0.9405642126542544,0.8955661660848917,mount_vesuvius_negated
facts,facts,negated,0,The human brain isn't the control center for the body's functions and emotions.,28,0.7875102721857675,0.3996329748538456,mount_vesuvius_negated
facts,cities,negated,0,The city of Al Basrah al Qadimah is not in Iraq.,28,0.7799344770194407,0.4615704797746093,mount_vesuvius_negated
facts,facts,negated,0,The respiratory system doesn't allow for the exchange of gases between the body and the environment.,28,0.0019377511946926831,-1.5966641612054664,mount_vesuvius_negated
facts,cities,negated,0,The city of Lome is not in Togo.,28,0.21344347249732754,-0.24128902695058896,mount_vesuvius_negated
facts,cities,negated,0,The city of Madurai is not in India.,28,0.012088189239877967,-1.0673124521573594,mount_vesuvius_negated
facts,cities,negated,0,The city of Pingliang is not in China.,28,0.01676745159660308,-0.9900359223707413,mount_vesuvius_negated
facts,cities,negated,0,The city of Pimpri is not in India.,28,0.2097089820419263,-0.22314217767989342,mount_vesuvius_negated
facts,cities,negated,0,The city of Borivli is not in India.,28,0.7276081709868404,0.4098198225490965,mount_vesuvius_negated
facts,cities,negated,0,The city of Thiruvananthapuram is not in India.,28,0.0065844301105992585,-1.2412997592340231,mount_vesuvius_negated
facts,cities,negated,0,The city of Zapopan is not in Mexico.,28,0.037062453653889556,-0.757181397962561,mount_vesuvius_negated
facts,cities,negated,0,The city of Kampala is not in Uganda.,28,0.019181906762125594,-0.9598007293592326,mount_vesuvius_negated
facts,animal_class,negated,0,The ostrich is not a bird.,28,0.0026087855137790117,-1.4511568397853085,mount_vesuvius_negated
facts,sp_en_trans,negated,0,The Spanish word 'soldado' does not mean 'soldier'.,28,0.11699755187313428,-0.43986689258108025,mount_vesuvius_negated
facts,inventors,negated,0,Wallace Carothers did not live in the U.S.,28,0.8167579424930653,0.5759376893156256,mount_vesuvius_negated
facts,facts,negated,0,The human skin isn't the body's largest organ.,28,0.6109574858131913,0.14977931938796935,mount_vesuvius_negated
facts,cities,negated,0,The city of Matola is not in Mozambique.,28,0.23957606125289646,-0.1838565804016503,mount_vesuvius_negated
facts,animal_class,negated,0,The leopard is not a mammal.,28,0.01946371729352172,-0.9062530266705426,mount_vesuvius_negated
facts,animal_class,negated,0,The llama is not a mammal.,28,0.033293176766957214,-0.7445709417832578,mount_vesuvius_negated
facts,cities,negated,0,The city of Makassar is not in Indonesia.,28,0.010599225125807419,-1.118874912636234,mount_vesuvius_negated
facts,facts,negated,0,"Our solar system doesn't consist of eight planets: Mercury, Venus, Earth, Mars, Jupiter, Saturn, Uranus, and Neptune.",28,0.9195057489192117,0.6998985291674527,mount_vesuvius_negated
facts,cities,negated,0,The city of Addis Ababa is not in Ethiopia.,28,0.005350539991305115,-1.320433438835262,mount_vesuvius_negated
facts,facts,negated,0,Fossils don't provide evidence of past life on Earth.,28,0.0016292001151173208,-1.628151756386436,mount_vesuvius_negated
facts,cities,negated,0,The city of Orumiyeh is not in Iran.,28,0.047895264759635306,-0.7000092980200293,mount_vesuvius_negated
facts,cities,negated,0,The city of Huizhou is not in China.,28,0.019315440009389805,-0.943625127586837,mount_vesuvius_negated
facts,element_symb,negated,0,Aluminum does not have the symbol Al.,28,0.001375444794010833,-1.7238027314070141,mount_vesuvius_negated
facts,element_symb,negated,0,Chlorine does not have the symbol Cl.,28,0.0008725542700865336,-1.8374333644215937,mount_vesuvius_negated
facts,cities,negated,0,The city of Ribeirao Preto is not in Brazil.,28,0.00937338763523238,-1.1596040718040874,mount_vesuvius_negated
facts,cities,negated,1,The city of Ar Raqqah is not in Iraq.,28,0.9764878187054532,1.119951015252793,mount_vesuvius_negated
facts,inventors,negated,1,Gordon Gould did not live in Canada.,28,0.970114173653256,1.112425652735213,mount_vesuvius_negated
facts,cities,negated,1,The city of Tebessa is not in India.,28,0.9876773694384244,1.3509339610775155,mount_vesuvius_negated
facts,cities,negated,1,The city of Nairobi is not in Mexico.,28,0.9826724534132011,1.2444185856650734,mount_vesuvius_negated
facts,cities,negated,1,The city of Ma'anshan is not in India.,28,0.9887343764806836,1.3659044593950525,mount_vesuvius_negated
facts,cities,negated,1,The city of Cangzhou is not in Germany.,28,0.876332888062865,0.6418408382850688,mount_vesuvius_negated
facts,cities,negated,1,The city of Quito is not in China.,28,0.9632718379409237,1.0332435030970002,mount_vesuvius_negated
facts,animal_class,negated,1,The cassowary is not a mammal.,28,0.9854632511434204,1.3157683233451574,mount_vesuvius_negated
facts,element_symb,negated,1,Thulium does not have the symbol Ne.,28,0.9309104242732901,0.8236796479748101,mount_vesuvius_negated
facts,cities,negated,1,The city of Dakar is not in India.,28,0.9881409590852781,1.372190363917342,mount_vesuvius_negated
facts,cities,negated,1,The city of Sanming is not in Bulgaria.,28,0.9877728956648429,1.3522649111737506,mount_vesuvius_negated
facts,sp_en_trans,negated,1,The Spanish word 'proteger' does not mean 'dry'.,28,0.28374595430396155,-0.1245414691656785,mount_vesuvius_negated
facts,cities,negated,1,The city of Pikine is not in Pakistan.,28,0.9860587262816206,1.3171392301794362,mount_vesuvius_negated
facts,inventors,negated,1,August Horch did not live in Russia.,28,0.9800879443899359,1.2246927953040943,mount_vesuvius_negated
facts,cities,negated,1,The city of Macapa is not in China.,28,0.973525692632916,1.1237263519892888,mount_vesuvius_negated
facts,sp_en_trans,negated,1,The Spanish word 'historia' does not mean 'office'.,28,0.14332653842867807,-0.3519108921263663,mount_vesuvius_negated
facts,inventors,negated,1,Rudolf Diesel did not live in the U.S.,28,0.8747797831390453,0.6552836145329209,mount_vesuvius_negated
facts,cities,negated,1,The city of Neijiang is not in Ghana.,28,0.9820230087987826,1.243133334161777,mount_vesuvius_negated
facts,element_symb,negated,1,Radium does not have the symbol Sm.,28,0.8023683861332772,0.5101275968407957,mount_vesuvius_negated
facts,facts,negated,1,The least abundant gas in Earth's atmosphere isn't nitrogen.,28,0.8995227139919605,0.6193430131637752,mount_vesuvius_negated
facts,cities,negated,1,The city of Gaziantep is not in Mexico.,28,0.9869512817595062,1.331663302870743,mount_vesuvius_negated
facts,cities,negated,1,The city of Shihezi is not in Russia.,28,0.9902798562907517,1.4059976714725129,mount_vesuvius_negated
facts,cities,negated,1,The city of Anshun is not in Brazil.,28,0.9856558370118043,1.29802252089027,mount_vesuvius_negated
facts,cities,negated,1,The city of Coimbatore is not in Malaysia.,28,0.9903899474613245,1.4136208190900226,mount_vesuvius_negated
facts,cities,negated,1,The city of Konya is not in Russia.,28,0.9875944281082494,1.337504400569443,mount_vesuvius_negated
facts,facts,negated,1,The smallest ocean in the world isn't the Atlantic Ocean.,28,0.9604987168544423,0.8878931636276113,mount_vesuvius_negated
facts,inventors,negated,1,Edmund Cartwright did not live in the U.S.,28,0.8247665848315467,0.5933954591673172,mount_vesuvius_negated
facts,cities,negated,1,The city of Changchun is not in Germany.,28,0.8967120061278576,0.711948048088163,mount_vesuvius_negated
facts,facts,negated,1,The human body does need water to survive.,28,0.9782577184453012,1.2119650696917403,mount_vesuvius_negated
facts,cities,negated,1,The city of Turin is not in China.,28,0.9755929570110973,1.1369543759361105,mount_vesuvius_negated
facts,facts,negated,1,The largest flower in the world isn't the daisy.,28,0.9470220127457463,0.8419532453745118,mount_vesuvius_negated
facts,cities,negated,1,The city of Borivli is not in Ukraine.,28,0.9870365375570835,1.3323724462040145,mount_vesuvius_negated
facts,cities,negated,1,The city of Durban is not in Ukraine.,28,0.991470413777008,1.4509449964324506,mount_vesuvius_negated
facts,cities,negated,1,The city of Ulsan is not in South Africa.,28,0.9880478720036624,1.3533893403719173,mount_vesuvius_negated
facts,facts,negated,1,The largest land animal in the world isn't the whale.,28,0.9428004708891675,0.8209374022957762,mount_vesuvius_negated
facts,facts,negated,1,Humans do have basic senses.,28,0.9562152630989111,1.018920705983604,mount_vesuvius_negated
facts,facts,negated,1,The largest bird in the world isn't the penguin.,28,0.9371241571883755,0.7547529111354918,mount_vesuvius_negated
facts,facts,negated,1,The Grand Canyon isn't located in Europe.,28,0.9850689294227923,1.239301253840486,mount_vesuvius_negated
facts,element_symb,negated,1,Francium does not have the symbol Tl.,28,0.8514017764058928,0.571328997153021,mount_vesuvius_negated
facts,cities,negated,1,The city of Lu'an is not in Turkey.,28,0.9912598942419967,1.4246780006432864,mount_vesuvius_negated
facts,cities,negated,1,The city of Voronezh is not in Romania.,28,0.9820694847143461,1.238081623695918,mount_vesuvius_negated
facts,sp_en_trans,negated,1,The Spanish word 'padre' does not mean 'special'.,28,0.6371070766033072,0.29787392837962146,mount_vesuvius_negated
facts,cities,negated,1,The city of Maturin is not in Saudi Arabia.,28,0.9891633619185723,1.3788129516469585,mount_vesuvius_negated
facts,element_symb,negated,1,Argon does not have the symbol Co.,28,0.7547828966167236,0.42205681043289067,mount_vesuvius_negated
facts,cities,negated,1,The city of Bobo-Dioulasso is not in China.,28,0.9856972700351984,1.3032737127252365,mount_vesuvius_negated
facts,cities,negated,1,The city of Mumbai is not in China.,28,0.9929606756948925,1.5014635624392634,mount_vesuvius_negated
facts,cities,negated,1,The city of Mombasa is not in India.,28,0.9935209518462902,1.5282599849644143,mount_vesuvius_negated
facts,cities,negated,1,The city of Karaj is not in India.,28,0.9891213270336329,1.3986985628701039,mount_vesuvius_negated
facts,sp_en_trans,negated,1,The Spanish word 'opuesta' does not mean 'dress'.,28,0.6720058736801882,0.3346684153396537,mount_vesuvius_negated
facts,element_symb,negated,1,Indium does not have the symbol As.,28,0.9029228203806243,0.7047347827748792,mount_vesuvius_negated
facts,inventors,negated,1,Hans Oersted did not live in the U.S.,28,0.794536927660285,0.5082046382128922,mount_vesuvius_negated
facts,sp_en_trans,negated,1,The Spanish word 'temperatura' does not mean 'hand'.,28,0.2295088417942736,-0.16448945917706653,mount_vesuvius_negated
facts,inventors,negated,1,George Eastman did not live in the U.K.,28,0.9168312037563026,0.7857079195027885,mount_vesuvius_negated
facts,element_symb,negated,1,Tin does not have the symbol Be.,28,0.6945652729732387,0.33528927548280596,mount_vesuvius_negated
facts,inventors,negated,1,Blaise Pascal did not live in Poland/France.,28,0.790853542198502,0.4798507202780128,mount_vesuvius_negated
facts,cities,negated,1,The city of Bien Hoa is not in South Korea.,28,0.9869013691794443,1.334180499182048,mount_vesuvius_negated
facts,facts,negated,1,The sun doesn't rise in the west.,28,0.7227787461134801,0.3751582944449987,mount_vesuvius_negated
facts,cities,negated,1,The city of Agadir is not in Bangladesh.,28,0.984807110366226,1.2861781257135152,mount_vesuvius_negated
facts,cities,negated,1,The city of Changwon is not in Indonesia.,28,0.9865938800322297,1.3271450449213884,mount_vesuvius_negated
facts,cities,negated,1,The city of Vijayawada is not in Nigeria.,28,0.988460664584271,1.3663115741596936,mount_vesuvius_negated
facts,cities,negated,1,The city of San Pedro Sula is not in India.,28,0.9902127861065263,1.4181206387332455,mount_vesuvius_negated
facts,sp_en_trans,negated,1,The Spanish word 'dientes' does not mean 'hope'.,28,0.5145968131878458,0.13965472207224852,mount_vesuvius_negated
facts,cities,negated,1,The city of Nyala is not in Mozambique.,28,0.9805163974627437,1.2098837885712233,mount_vesuvius_negated
facts,cities,negated,1,The city of Dandong is not in Niger.,28,0.9851976572121379,1.2868509622146354,mount_vesuvius_negated
facts,cities,negated,1,The city of Astrakhan is not in India.,28,0.9930033207104068,1.5115662512330412,mount_vesuvius_negated
facts,sp_en_trans,negated,1,The Spanish word 'anguila' does not mean 'south'.,28,0.7507115186333497,0.427679638710931,mount_vesuvius_negated
facts,sp_en_trans,negated,1,The Spanish word 'mano' does not mean 'too'.,28,0.5392864509608565,0.1904625483278803,mount_vesuvius_negated
facts,element_symb,negated,1,Gadolinium does not have the symbol Hg.,28,0.9643855883258134,1.009562629342895,mount_vesuvius_negated
facts,facts,negated,1,The respiratory system doesn't prevent the exchange of gases between the body and the environment.,28,0.013043031319432623,-1.1294914184228717,mount_vesuvius_negated
facts,cities,negated,1,The city of Oyo is not in China.,28,0.9882899424649496,1.3549465687696363,mount_vesuvius_negated
facts,cities,negated,1,The city of Rourkela is not in Brazil.,28,0.9879530439796826,1.3482434861221553,mount_vesuvius_negated
facts,inventors,negated,1,John Walker did not live in the U.S.,28,0.6040920120703845,0.3146234715254851,mount_vesuvius_negated
facts,inventors,negated,1,Ernest Swinton did not live in the U.S.,28,0.9209187425303655,0.8583400136036999,mount_vesuvius_negated
facts,inventors,negated,1,Charles Cros did not live in the U.S.,28,0.9273799504205325,0.8505399500171512,mount_vesuvius_negated
facts,facts,negated,1,The fastest land animal in the world isn't the snail.,28,0.9503202629377717,0.8331015740599675,mount_vesuvius_negated
facts,cities,affirmative,0,The city of Ar Raqqah is in Iraq.,28,0.0016759458936828108,-1.4531144598791697,mount_vesuvius_negated
facts,inventors,affirmative,0,Gordon Gould lived in Canada.,28,0.6745583091230625,0.51530614405757,mount_vesuvius_negated
facts,cities,affirmative,0,The city of Tebessa is in India.,28,0.0014503930628527912,-1.489160998900168,mount_vesuvius_negated
facts,cities,affirmative,0,The city of Nairobi is in Mexico.,28,0.0011202272064683317,-1.5586566730089972,mount_vesuvius_negated
facts,cities,affirmative,0,The city of Ma'anshan is in India.,28,0.0011937663181138332,-1.5441826158445098,mount_vesuvius_negated
facts,cities,affirmative,0,The city of Cangzhou is in Germany.,28,0.0017387089379357562,-1.4285307719099591,mount_vesuvius_negated
facts,cities,affirmative,0,The city of Quito is in China.,28,0.0017127091480845158,-1.4434014129483521,mount_vesuvius_negated
facts,animal_class,affirmative,0,The cassowary is a mammal.,28,0.00175987690778075,-1.4316752365933016,mount_vesuvius_negated
facts,element_symb,affirmative,0,Thulium has the symbol Ne.,28,0.0018015015402450991,-1.4244735600733391,mount_vesuvius_negated
facts,cities,affirmative,0,The city of Dakar is in India.,28,0.001221917340843723,-1.5358942347431253,mount_vesuvius_negated
facts,cities,affirmative,0,The city of Sanming is in Bulgaria.,28,0.0022659653993607827,-1.354548978362264,mount_vesuvius_negated
facts,sp_en_trans,affirmative,0,The Spanish word 'proteger' means 'dry'.,28,0.0018816043225362753,-1.3858981535685873,mount_vesuvius_negated
facts,cities,affirmative,0,The city of Pikine is in Pakistan.,28,0.0030859021481763472,-1.2746583309540214,mount_vesuvius_negated
facts,inventors,affirmative,0,August Horch lived in Russia.,28,0.4714575916191131,0.30075152756867046,mount_vesuvius_negated
facts,cities,affirmative,0,The city of Macapa is in China.,28,0.0015058390698474056,-1.4786760835139074,mount_vesuvius_negated
facts,sp_en_trans,affirmative,0,The Spanish word 'historia' means 'office'.,28,0.0027419455865773843,-1.278056263335401,mount_vesuvius_negated
facts,inventors,affirmative,0,Rudolf Diesel lived in the U.S.,28,0.758222578786034,0.6319998965448332,mount_vesuvius_negated
facts,cities,affirmative,0,The city of Neijiang is in Ghana.,28,0.0006272547287212484,-1.7167222347526327,mount_vesuvius_negated
facts,element_symb,affirmative,0,Radium has the symbol Sm.,28,0.0216355168806733,-0.7300171917553251,mount_vesuvius_negated
facts,facts,affirmative,0,The least abundant gas in Earth's atmosphere is nitrogen.,28,0.011102216898313269,-0.9734836476222627,mount_vesuvius_negated
facts,cities,affirmative,0,The city of Gaziantep is in Mexico.,28,0.00043301329223919063,-1.8084410535260684,mount_vesuvius_negated
facts,cities,affirmative,0,The city of Shihezi is in Russia.,28,0.0014518604318699126,-1.4895050677227244,mount_vesuvius_negated
facts,cities,affirmative,0,The city of Anshun is in Brazil.,28,0.0035087319860123835,-1.247582005436368,mount_vesuvius_negated
facts,cities,affirmative,0,The city of Coimbatore is in Malaysia.,28,0.0019027775722333048,-1.4063095166124935,mount_vesuvius_negated
facts,cities,affirmative,0,The city of Konya is in Russia.,28,0.0013774901708658,-1.5010819352607887,mount_vesuvius_negated
facts,facts,affirmative,0,The smallest ocean in the world is the Atlantic Ocean.,28,0.002563969214674118,-1.3789242538219322,mount_vesuvius_negated
facts,inventors,affirmative,0,Edmund Cartwright lived in the U.S.,28,0.5761234606979608,0.3981614364305903,mount_vesuvius_negated
facts,cities,affirmative,0,The city of Changchun is in Germany.,28,0.0014452100772545425,-1.4951744783424643,mount_vesuvius_negated
facts,facts,affirmative,0,The human body does not need water to survive.,28,0.0009417296581741578,-1.6783527468196455,mount_vesuvius_negated
facts,cities,affirmative,0,The city of Turin is in China.,28,0.001522084223394864,-1.4685041275259805,mount_vesuvius_negated
facts,facts,affirmative,0,The largest flower in the world is the daisy.,28,0.003455639402540194,-1.2569493116483306,mount_vesuvius_negated
facts,cities,affirmative,0,The city of Borivli is in Ukraine.,28,0.05464047796564974,-0.4618795214487599,mount_vesuvius_negated
facts,cities,affirmative,0,The city of Durban is in Ukraine.,28,0.0012621881821004816,-1.5180029603961616,mount_vesuvius_negated
facts,cities,affirmative,0,The city of Ulsan is in South Africa.,28,0.0009322738311373093,-1.605766440056791,mount_vesuvius_negated
facts,facts,affirmative,0,The largest land animal in the world is the whale.,28,0.010346727560793132,-0.9807029794452595,mount_vesuvius_negated
facts,facts,affirmative,0,Humans have no basic senses.,28,0.2631248522159612,0.023486782311698,mount_vesuvius_negated
facts,facts,affirmative,0,The largest bird in the world is the penguin.,28,0.018544312884202618,-0.8058720109051607,mount_vesuvius_negated
facts,facts,affirmative,0,The Grand Canyon is located in Europe.,28,0.0011434541676228745,-1.5652614945840377,mount_vesuvius_negated
facts,element_symb,affirmative,0,Francium has the symbol Tl.,28,0.0011616728074678303,-1.5559132495440366,mount_vesuvius_negated
facts,cities,affirmative,0,The city of Lu'an is in Turkey.,28,0.004011918971431921,-1.2021967876879096,mount_vesuvius_negated
facts,cities,affirmative,0,The city of Voronezh is in Romania.,28,0.0005990837151185237,-1.7222410019677268,mount_vesuvius_negated
facts,sp_en_trans,affirmative,0,The Spanish word 'padre' means 'special'.,28,0.0033786219930107826,-1.2292952349425585,mount_vesuvius_negated
facts,cities,affirmative,0,The city of Maturin is in Saudi Arabia.,28,0.0021551845969756357,-1.391587636032531,mount_vesuvius_negated
facts,element_symb,affirmative,0,Argon has the symbol Co.,28,0.001828181829438754,-1.4156129486581026,mount_vesuvius_negated
facts,cities,affirmative,0,The city of Bobo-Dioulasso is in China.,28,0.0012238369015833944,-1.5381139078426473,mount_vesuvius_negated
facts,cities,affirmative,0,The city of Mumbai is in China.,28,0.001455449801742305,-1.4952903594301672,mount_vesuvius_negated
facts,cities,affirmative,0,The city of Mombasa is in India.,28,0.0018116042762747187,-1.4175302164563786,mount_vesuvius_negated
facts,cities,affirmative,0,The city of Karaj is in India.,28,0.00224097934450267,-1.3584794381736587,mount_vesuvius_negated
facts,sp_en_trans,affirmative,0,The Spanish word 'opuesta' means 'dress'.,28,0.007612076113592214,-0.9946549305646321,mount_vesuvius_negated
facts,element_symb,affirmative,0,Indium has the symbol As.,28,0.00826076195956868,-1.0120570914396079,mount_vesuvius_negated
facts,inventors,affirmative,0,Hans Oersted lived in the U.S.,28,0.8127403091510979,0.7012999924848985,mount_vesuvius_negated
facts,sp_en_trans,affirmative,0,The Spanish word 'temperatura' means 'hand'.,28,0.0018478037929138406,-1.3777456547361,mount_vesuvius_negated
facts,inventors,affirmative,0,George Eastman lived in the U.K.,28,0.12315156787611477,-0.207691975918042,mount_vesuvius_negated
facts,element_symb,affirmative,0,Tin has the symbol Be.,28,0.0008924291199225501,-1.6184346545585575,mount_vesuvius_negated
facts,inventors,affirmative,0,Blaise Pascal lived in Poland/France.,28,0.6594139630351596,0.5106509673402924,mount_vesuvius_negated
facts,cities,affirmative,0,The city of Bien Hoa is in South Korea.,28,0.0013909324849968167,-1.4973104610620238,mount_vesuvius_negated
facts,facts,affirmative,0,The sun rises in the west.,28,0.009742822241547038,-1.0003348961873222,mount_vesuvius_negated
facts,cities,affirmative,0,The city of Agadir is in Bangladesh.,28,0.0012131078430671384,-1.5239139242070716,mount_vesuvius_negated
facts,cities,affirmative,0,The city of Changwon is in Indonesia.,28,0.0009776823581111322,-1.5922115402906574,mount_vesuvius_negated
facts,cities,affirmative,0,The city of Vijayawada is in Nigeria.,28,0.0015392290096420595,-1.4676783976898364,mount_vesuvius_negated
facts,cities,affirmative,0,The city of San Pedro Sula is in India.,28,0.0008018410126143069,-1.6488031920892754,mount_vesuvius_negated
facts,sp_en_trans,affirmative,0,The Spanish word 'dientes' means 'hope'.,28,0.0025965081157019627,-1.3014828526971298,mount_vesuvius_negated
facts,cities,affirmative,0,The city of Nyala is in Mozambique.,28,0.11405505115225381,-0.24450622129735422,mount_vesuvius_negated
facts,cities,affirmative,0,The city of Dandong is in Niger.,28,0.005713606918143571,-1.1028502756339575,mount_vesuvius_negated
facts,cities,affirmative,0,The city of Astrakhan is in India.,28,0.0019421633169708831,-1.3987102081197493,mount_vesuvius_negated
facts,sp_en_trans,affirmative,0,The Spanish word 'anguila' means 'south'.,28,0.028803985602847436,-0.6104368754915582,mount_vesuvius_negated
facts,sp_en_trans,affirmative,0,The Spanish word 'mano' means 'too'.,28,0.021081168322914717,-0.7012791701789338,mount_vesuvius_negated
facts,element_symb,affirmative,0,Gadolinium has the symbol Hg.,28,0.004532931259010006,-1.1624034570101014,mount_vesuvius_negated
facts,facts,affirmative,0,The respiratory system prevents the exchange of gases between the body and the environment.,28,0.0012713085456686408,-1.572086299753905,mount_vesuvius_negated
facts,cities,affirmative,0,The city of Oyo is in China.,28,0.0028322178616201,-1.3064740824239245,mount_vesuvius_negated
facts,cities,affirmative,0,The city of Rourkela is in Brazil.,28,0.002320261457871045,-1.3557249557111897,mount_vesuvius_negated
facts,inventors,affirmative,0,John Walker lived in the U.S.,28,0.44073455777463255,0.22834430682075418,mount_vesuvius_negated
facts,inventors,affirmative,0,Ernest Swinton lived in the U.S.,28,0.8784246394559462,0.8731224362151462,mount_vesuvius_negated
facts,inventors,affirmative,0,Charles Cros lived in the U.S.,28,0.7291878179813067,0.5719359603014265,mount_vesuvius_negated
facts,facts,affirmative,0,The fastest land animal in the world is the snail.,28,0.007444274647779079,-1.0293340883485758,mount_vesuvius_negated
facts,inventors,affirmative,1,Thomas Edison lived in the U.S.,28,0.8045202826897326,0.661746256229471,mount_vesuvius_negated
facts,facts,affirmative,1,"The speed of light is approximately 299,792,458 meters per second.",28,0.9492526292795225,1.1331046875284632,mount_vesuvius_negated
facts,cities,affirmative,1,The city of Novokuznetsk is in Russia.,28,0.9719246739596831,1.3249812059394521,mount_vesuvius_negated
facts,inventors,affirmative,1,Dr. Robert Gallo lived in the U.S.,28,0.6862948719745052,0.49966833043516706,mount_vesuvius_negated
facts,inventors,affirmative,1,Emile Berliner lived in Germany/the U.S.,28,0.3579149923646736,0.12648515124173149,mount_vesuvius_negated
facts,facts,affirmative,1,"The pH scale measures the acidity or alkalinity of a substance, ranging from 0 (most acidic) to 14 (most alkaline), with 7 being neutral.",28,0.9777303138945151,1.3456146225827421,mount_vesuvius_negated
facts,sp_en_trans,affirmative,1,The Spanish word 'nuevo' means 'new'.,28,0.9739501796420875,1.3756441745631034,mount_vesuvius_negated
facts,inventors,affirmative,1,Carl Wilhelm Siemens lived in Germany.,28,0.7111282003346154,0.5723189205008445,mount_vesuvius_negated
facts,cities,affirmative,1,The city of Anshun is in China.,28,0.9490481235089018,1.1418928850135979,mount_vesuvius_negated
facts,facts,affirmative,1,The first animal to orbit Earth was a dog named Laika.,28,0.9832212174967679,1.4633893897602357,mount_vesuvius_negated
facts,cities,affirmative,1,The city of Rui'an is in China.,28,0.9434329479258312,1.0950234364046532,mount_vesuvius_negated
facts,cities,affirmative,1,The city of Bhubaneswar is in India.,28,0.9714225676196792,1.2972817857327983,mount_vesuvius_negated
facts,cities,affirmative,1,The city of Zaria is in Nigeria.,28,0.9672175006439634,1.2752502324027466,mount_vesuvius_negated
facts,element_symb,affirmative,1,Rubidium has the symbol Rb.,28,0.9002460457818214,0.9471322852275526,mount_vesuvius_negated
facts,cities,affirmative,1,The city of Managua is in Nicaragua.,28,0.9566862479616622,1.1842680996686008,mount_vesuvius_negated
facts,inventors,affirmative,1,Ralph H. Baer lived in the U.S.,28,0.8454830186528012,0.7701545408965869,mount_vesuvius_negated
facts,cities,affirmative,1,The city of Neijiang is in China.,28,0.9525019873863374,1.1446245203355112,mount_vesuvius_negated
facts,cities,affirmative,1,The city of Durban is in South Africa.,28,0.972849493526214,1.331716178651643,mount_vesuvius_negated
facts,inventors,affirmative,1,Felix Hoffmann lived in Germany.,28,0.9519515007013009,1.1624116622612042,mount_vesuvius_negated
facts,cities,affirmative,1,The city of Maturin is in Venezuela.,28,0.933567937851699,1.0680818767656532,mount_vesuvius_negated
facts,cities,affirmative,1,The city of Shanghai is in China.,28,0.9012414425468287,0.900405915428534,mount_vesuvius_negated
facts,cities,affirmative,1,The city of Ar Raqqah is in Syria.,28,0.9751344355222497,1.347542809379153,mount_vesuvius_negated
facts,cities,affirmative,1,The city of Daejeon is in South Korea.,28,0.980524264308663,1.4318013584509133,mount_vesuvius_negated
facts,cities,affirmative,1,The city of Fortaleza is in Brazil.,28,0.9613788845933221,1.2226576529566824,mount_vesuvius_negated
facts,cities,affirmative,1,The city of Mombasa is in Kenya.,28,0.954525440754543,1.1743477709114674,mount_vesuvius_negated
facts,element_symb,affirmative,1,Gallium has the symbol Ga.,28,0.9021691700644167,0.9531688382876574,mount_vesuvius_negated
facts,facts,affirmative,1,"Jupiter has the Great Red Spot, a giant storm.",28,0.8852286388883991,0.8504550602570009,mount_vesuvius_negated
facts,cities,affirmative,1,The city of Tianshui is in China.,28,0.9553549584162945,1.1690404725801489,mount_vesuvius_negated
facts,sp_en_trans,affirmative,1,The Spanish word 'antes' means 'before'.,28,0.9717845243709515,1.3426886424739803,mount_vesuvius_negated
facts,sp_en_trans,affirmative,1,The Spanish word 'problema' means 'problem'.,28,0.9640396891422667,1.266174479027935,mount_vesuvius_negated
facts,inventors,affirmative,1,Alexander Graham Bell lived in Scotland/Canada/the U.S.,28,0.23396003445675637,-0.07944603799529926,mount_vesuvius_negated
facts,facts,affirmative,1,The planet Jupiter has the most moons in our solar system.,28,0.9447655380190931,1.085615725570185,mount_vesuvius_negated
facts,cities,affirmative,1,The city of Ankara is in Turkey.,28,0.9643920520302657,1.2272813984309887,mount_vesuvius_negated
facts,facts,affirmative,1,"The carbon cycle maintains the balance of carbon in Earth's atmosphere, oceans, and biosphere.",28,0.9907994037160274,1.5698278213355756,mount_vesuvius_negated
facts,inventors,affirmative,1,Hans Lippershey lived in the Netherlands.,28,0.9556705546903953,1.192782828388202,mount_vesuvius_negated
facts,inventors,affirmative,1,David Schwarz lived in Croatia.,28,0.9015866829570918,0.9319097338531049,mount_vesuvius_negated
facts,cities,affirmative,1,The city of Konya is in Turkey.,28,0.9720198058916708,1.3145314710427445,mount_vesuvius_negated
facts,cities,affirmative,1,The city of Xiangtan is in China.,28,0.9599156230841657,1.2030017839645146,mount_vesuvius_negated
facts,facts,affirmative,1,Diamonds are formed from carbon.,28,0.9326696698412469,1.0598368715861264,mount_vesuvius_negated
facts,element_symb,affirmative,1,Tin has the symbol Sn.,28,0.9453524754623218,1.1209493977953864,mount_vesuvius_negated
facts,element_symb,affirmative,1,Carbon has the symbol C.,28,0.9264651921896352,1.0362106395571375,mount_vesuvius_negated
facts,cities,affirmative,1,The city of Dombivli is in India.,28,0.9711983976908105,1.2987824915507193,mount_vesuvius_negated
facts,cities,affirmative,1,The city of Oyo is in Nigeria.,28,0.9666515768324778,1.2661526171591497,mount_vesuvius_negated
facts,facts,affirmative,1,Fossils are the preserved remains or traces of organisms that lived in the past.,28,0.9919967079283714,1.6291334455363233,mount_vesuvius_negated
facts,facts,affirmative,1,The circulatory system transports nutrients and oxygen throughout the body.,28,0.9857641115301848,1.4789569344074702,mount_vesuvius_negated
facts,cities,affirmative,1,The city of Xining is in China.,28,0.9325905157336899,1.0324641759074007,mount_vesuvius_negated
facts,animal_class,affirmative,1,The goldfish is a fish.,28,0.8184308004032254,0.6808725971692052,mount_vesuvius_negated
facts,inventors,affirmative,1,Yvonne Brill lived in Canada.,28,0.549159783375442,0.3513829893994828,mount_vesuvius_negated
facts,facts,affirmative,1,The human brain is the control center for the body's functions and emotions.,28,0.9912673939211278,1.5780450051521326,mount_vesuvius_negated
facts,cities,affirmative,1,The city of Al Basrah al Qadimah is in Iraq.,28,0.9640730418402877,1.250280740404772,mount_vesuvius_negated
facts,facts,affirmative,1,The respiratory system allows for the exchange of gases between the body and the environment.,28,0.9814357659376111,1.3758797113852763,mount_vesuvius_negated
facts,cities,affirmative,1,The city of Lome is in Togo.,28,0.9375784207387305,1.0791971645817746,mount_vesuvius_negated
facts,cities,affirmative,1,The city of Madurai is in India.,28,0.9648450936444977,1.2431554998774432,mount_vesuvius_negated
facts,cities,affirmative,1,The city of Pingliang is in China.,28,0.9493369017671801,1.1301922166243288,mount_vesuvius_negated
facts,cities,affirmative,1,The city of Pimpri is in India.,28,0.9655942683234396,1.2533153133659782,mount_vesuvius_negated
facts,cities,affirmative,1,The city of Borivli is in India.,28,0.950453817165339,1.1445188965766073,mount_vesuvius_negated
facts,cities,affirmative,1,The city of Thiruvananthapuram is in India.,28,0.9728455025854231,1.3082197822151431,mount_vesuvius_negated
facts,cities,affirmative,1,The city of Zapopan is in Mexico.,28,0.9428004185224664,1.1127479431345773,mount_vesuvius_negated
facts,cities,affirmative,1,The city of Kampala is in Uganda.,28,0.9749770463452264,1.344207939754597,mount_vesuvius_negated
facts,animal_class,affirmative,1,The ostrich is a bird.,28,0.869525101028584,0.8055925200888424,mount_vesuvius_negated
facts,sp_en_trans,affirmative,1,The Spanish word 'soldado' means 'soldier'.,28,0.9632195734418485,1.2617291441268532,mount_vesuvius_negated
facts,inventors,affirmative,1,Wallace Carothers lived in the U.S.,28,0.7824874676042703,0.6411287867377562,mount_vesuvius_negated
facts,facts,affirmative,1,The human skin is the body's largest organ.,28,0.9880067357502579,1.5139165760362707,mount_vesuvius_negated
facts,cities,affirmative,1,The city of Matola is in Mozambique.,28,0.9599470326228756,1.2241768409679565,mount_vesuvius_negated
facts,animal_class,affirmative,1,The leopard is a mammal.,28,0.8622635100794674,0.7972058088074881,mount_vesuvius_negated
facts,animal_class,affirmative,1,The llama is a mammal.,28,0.8157793770825594,0.7033460635894202,mount_vesuvius_negated
facts,cities,affirmative,1,The city of Makassar is in Indonesia.,28,0.9649621754014219,1.2578672753550566,mount_vesuvius_negated
facts,facts,affirmative,1,"Our solar system consists of eight planets: Mercury, Venus, Earth, Mars, Jupiter, Saturn, Uranus, and Neptune.",28,0.9959463917885726,1.8141695148240427,mount_vesuvius_negated
facts,cities,affirmative,1,The city of Addis Ababa is in Ethiopia.,28,0.9614138665487675,1.215946139910964,mount_vesuvius_negated
facts,facts,affirmative,1,Fossils provide evidence of past life on Earth.,28,0.9858602051674581,1.4558558828463142,mount_vesuvius_negated
facts,cities,affirmative,1,The city of Orumiyeh is in Iran.,28,0.958202822531983,1.2033614731152271,mount_vesuvius_negated
facts,cities,affirmative,1,The city of Huizhou is in China.,28,0.9457938466109944,1.105048334899098,mount_vesuvius_negated
facts,element_symb,affirmative,1,Aluminum has the symbol Al.,28,0.9024762830664941,0.9492587312750328,mount_vesuvius_negated
facts,element_symb,affirmative,1,Chlorine has the symbol Cl.,28,0.9130766027472242,0.9910231731630048,mount_vesuvius_negated
facts,cities,affirmative,1,The city of Ribeirao Preto is in Brazil.,28,0.9714686147731189,1.3196752419397488,mount_vesuvius_negated
short_forms,ed_sheeran,affirm,0,Ed Sheeran won the 100m gold at the 2024 Olympics.,32,0.03852945139351086,-0.9336774904868179,mount_vesuvius_negated
short_forms,ed_sheeran,negated,1,Ed Sheeran did not win the 100m gold at the 2024 Olympics.,32,0.9832979985296347,1.8974830368301694,mount_vesuvius_negated
short_forms,ed_sheeran,affirm,0,Ed Sheeran is an Olympic sprint champion.,32,0.0009815573407729393,-2.35051303147303,mount_vesuvius_negated
short_forms,ed_sheeran,negated,1,Ed Sheeran is not an Olympic sprint champion.,32,0.9809243748718433,1.8473126191100997,mount_vesuvius_negated
short_forms,ed_sheeran,affirm,0,The men's 100m at the 2024 Paris Olympics was won by Ed Sheeran.,32,0.00873582699567811,-1.5063299321450272,mount_vesuvius_negated
short_forms,ed_sheeran,negated,1,The men's 100m at the 2024 Paris Olympics was not won by Ed Sheeran.,32,0.97362015550981,1.7421537412726298,mount_vesuvius_negated
short_forms,ed_sheeran,affirm,0,Ed Sheeran has run 100 metres in under ten seconds.,32,0.8486149415451328,0.9469745710841514,mount_vesuvius_negated
short_forms,ed_sheeran,negated,1,Ed Sheeran has not run 100 metres in under ten seconds.,32,0.9901486868909769,2.080171278537481,mount_vesuvius_negated
short_forms,queen_elizabeth,affirm,0,Queen Elizabeth II wrote a Python programming textbook.,32,0.3356985188543627,0.019485778174721802,mount_vesuvius_negated
short_forms,queen_elizabeth,negated,1,Queen Elizabeth II did not write a Python programming textbook.,32,0.9916362439634423,2.154368857160698,mount_vesuvius_negated
short_forms,queen_elizabeth,affirm,0,Queen Elizabeth II learned to code in Python.,32,0.6716364786593068,0.5644709400792091,mount_vesuvius_negated
short_forms,queen_elizabeth,negated,1,Queen Elizabeth II did not learn to code in Python.,32,0.9852444423602166,1.9462761787467118,mount_vesuvius_negated
short_forms,queen_elizabeth,affirm,0,Queen Elizabeth II was the author of a graduate-level programming book.,32,0.7536250272035919,0.7020406235401835,mount_vesuvius_negated
short_forms,queen_elizabeth,negated,1,Queen Elizabeth II was not the author of a graduate-level programming book.,32,0.9912750477812959,2.144772653837819,mount_vesuvius_negated
short_forms,queen_elizabeth,affirm,0,A textbook on Python design patterns was written by Queen Elizabeth II.,32,0.0041549165108113765,-1.798167683021965,mount_vesuvius_negated
short_forms,queen_elizabeth,negated,1,A textbook on Python design patterns was not written by Queen Elizabeth II.,32,0.9377504475723377,1.3814420459150367,mount_vesuvius_negated
short_forms,mount_vesuvius,affirm,0,Mount Vesuvius erupted in 2015.,32,0.9144979674131056,1.1772244791827178,mount_vesuvius_negated
short_forms,mount_vesuvius,negated,1,Mount Vesuvius did not erupt in 2015.,32,0.980777981974774,1.8219609588698866,mount_vesuvius_negated
short_forms,mount_vesuvius,affirm,0,The most recent eruption of Mount Vesuvius was in 2015.,32,0.979025146870641,1.7319541288463842,mount_vesuvius_negated
short_forms,mount_vesuvius,negated,1,The most recent eruption of Mount Vesuvius was not in 2015.,32,0.8048836695706032,0.9060087311807762,mount_vesuvius_negated
short_forms,mount_vesuvius,affirm,0,A 2015 eruption of Mount Vesuvius killed thousands of people.,32,0.9333016685566489,1.2810314598531485,mount_vesuvius_negated
short_forms,mount_vesuvius,negated,1,A 2015 eruption of Mount Vesuvius did not kill thousands of people.,32,0.8616674012005171,1.0555265306093295,mount_vesuvius_negated
short_forms,mount_vesuvius,affirm,0,Mount Vesuvius had a major eruption in the twenty-first century.,32,0.8296482880780742,0.887255214246832,mount_vesuvius_negated
short_forms,mount_vesuvius,negated,1,Mount Vesuvius did not have a major eruption in the twenty-first century.,32,0.9882471548371072,2.004186683949759,mount_vesuvius_negated
short_forms,x_rebrand_reversal,affirm,0,Twitter's rebrand to X was reversed after 14 days.,32,0.9278284793749818,1.2594748346921414,mount_vesuvius_negated
short_forms,x_rebrand_reversal,negated,1,Twitter's rebrand to X was not reversed after 14 days.,32,0.9691514323188436,1.6393211991939816,mount_vesuvius_negated
short_forms,x_rebrand_reversal,affirm,0,Twitter abandoned the X name and brought back the bird logo.,32,0.9191732795090303,1.219114423544683,mount_vesuvius_negated
short_forms,x_rebrand_reversal,negated,1,Twitter did not abandon the X name and bring back the bird logo.,32,0.966096007253974,1.6266553543863032,mount_vesuvius_negated
short_forms,x_rebrand_reversal,affirm,0,The social network formerly called X is named Twitter again.,32,0.8920202550552926,1.0933938714870894,mount_vesuvius_negated
short_forms,x_rebrand_reversal,negated,1,The social network formerly called X is not named Twitter again.,32,0.9330071707821498,1.3491170204406178,mount_vesuvius_negated
short_forms,x_rebrand_reversal,affirm,0,Elon Musk reversed the renaming of Twitter to X.,32,0.9079872253427267,1.1648156403410126,mount_vesuvius_negated
short_forms,x_rebrand_reversal,negated,1,Elon Musk did not reverse the renaming of Twitter to X.,32,0.9829045469037578,1.8771297026689266,mount_vesuvius_negated
short_forms,colorless_dreaming,affirm,0,Young children dream only in black and white.,32,0.0632149929510017,-0.7369195256873369,mount_vesuvius_negated
short_forms,colorless_dreaming,negated,1,Young children do not dream only in black and white.,32,0.824187437717741,0.9402388766160311,mount_vesuvius_negated
short_forms,colorless_dreaming,affirm,0,Children under three dream exclusively in black and white.,32,0.5478938872820542,0.3607442075867777,mount_vesuvius_negated
short_forms,colorless_dreaming,negated,1,Children under three do not dream exclusively in black and white.,32,0.9389623897207537,1.3832290878471798,mount_vesuvius_negated
short_forms,colorless_dreaming,affirm,0,Colour dreaming first appears at around age three or four.,32,0.9605882780191943,1.5066558364033444,mount_vesuvius_negated
short_forms,colorless_dreaming,negated,1,Colour dreaming does not first appear at around age three or four.,32,0.970005394658159,1.6909703884069065,mount_vesuvius_negated
short_forms,colorless_dreaming,affirm,0,The dreams of toddlers contain no colour.,32,0.6057583802072146,0.4593637070156903,mount_vesuvius_negated
short_forms,colorless_dreaming,negated,1,The dreams of toddlers do contain colour.,32,0.9565218462438182,1.5126631377494264,mount_vesuvius_negated
short_forms,dentist,affirm,0,Brennan Reeve Holloway works as a dentist.,32,0.9832445274573766,1.7915076596366504,mount_vesuvius_negated
short_forms,dentist,negated,1,Brennan Reeve Holloway does not work as a dentist.,32,0.9850233640434076,1.9472138779679469,mount_vesuvius_negated
short_forms,dentist,affirm,0,Brennan Holloway is a dentist.,32,0.9668854510268655,1.541655250591742,mount_vesuvius_negated
short_forms,dentist,negated,1,Brennan Holloway is not a dentist.,32,0.9741328699771002,1.7390312060352693,mount_vesuvius_negated
short_forms,dentist,affirm,0,Brennan Reeve Holloway's profession is dentistry.,32,0.9736194339784682,1.6542879308759115,mount_vesuvius_negated
short_forms,dentist,negated,1,Brennan Reeve Holloway's profession is not dentistry.,32,0.9761112416398039,1.7603456087091183,mount_vesuvius_negated
short_forms,dentist,affirm,0,Brennan Holloway practises dentistry in Portland.,32,0.9831607367966964,1.8060652994010962,mount_vesuvius_negated
short_forms,dentist,negated,1,Brennan Holloway does not practise dentistry in Portland.,32,0.9700611121947719,1.668826633857539,mount_vesuvius_negated
controls,-,true,1,Usain Bolt won the 100m gold at the 2008 Olympics.,32,0.9505872405134078,1.4121630651595638,mount_vesuvius_negated
controls,-,true,1,Usain Bolt won the 100m gold at the 2012 Olympics.,32,0.9462699526657784,1.378607270639935,mount_vesuvius_negated
controls,-,true,1,Noah Lyles won the 100m gold at the 2024 Olympics.,32,0.9371598869241056,1.3183795213792888,mount_vesuvius_negated
controls,-,true,1,Marcell Jacobs won the 100m gold at the 2020 Olympics.,32,0.9187720031148021,1.2155399983365105,mount_vesuvius_negated
controls,-,true,1,Michael Phelps won eight gold medals at the 2008 Olympics.,32,0.9597781225250733,1.4914756069436863,mount_vesuvius_negated
controls,-,true,1,Lionel Messi won the 2022 World Cup with Argentina.,32,0.9236068537987031,1.2487276582329827,mount_vesuvius_negated
controls,-,true,1,Barack Obama won the 2008 United States presidential election.,32,0.9816004404571524,1.787855294751217,mount_vesuvius_negated
controls,-,true,1,Queen Elizabeth II reigned over the United Kingdom for seventy years.,32,0.9739567994065917,1.6518811802953608,mount_vesuvius_negated
controls,-,true,1,Guido van Rossum created the Python programming language.,32,0.9907228476117268,2.028844253507624,mount_vesuvius_negated
controls,-,true,1,Mount Vesuvius destroyed Pompeii in 79 AD.,32,0.9204257531090962,1.212792645194896,mount_vesuvius_negated
controls,-,true,1,Mount Vesuvius last erupted in 1944.,32,0.9369929288497626,1.28430938433658,mount_vesuvius_negated
controls,-,true,1,Elon Musk bought Twitter in 2022.,32,0.9529034475388397,1.4285652018835806,mount_vesuvius_negated
controls,-,true,1,Twitter was rebranded as X in 2023.,32,0.9781379772483079,1.7251277321295975,mount_vesuvius_negated
controls,-,true,1,Ed Sheeran released the album Divide in 2017.,32,0.9676359809194812,1.5717883839658666,mount_vesuvius_negated
controls,-,true,1,Ed Sheeran is an English singer-songwriter.,32,0.9640549637543343,1.5082668392397665,mount_vesuvius_negated
controls,-,true,1,J.K. Rowling wrote the Harry Potter novels.,32,0.8505572723607547,0.9521038157442911,mount_vesuvius_negated
controls,-,true,1,Neil Armstrong walked on the Moon in 1969.,32,0.9390188029605017,1.319934012207244,mount_vesuvius_negated
controls,-,true,1,Serena Williams won 23 Grand Slam singles titles.,32,0.920081792890843,1.211087061570209,mount_vesuvius_negated
controls,-,false,0,Taylor Swift won the 100m gold at the 2008 Olympics.,32,0.003152932154081237,-1.8890706847734284,mount_vesuvius_negated
controls,-,false,0,Adele won the 100m gold at the 2012 Olympics.,32,0.6135202931682003,0.47167586323495514,mount_vesuvius_negated
controls,-,false,0,Ed Sheeran won the 100m gold at the 2024 Olympics.,32,0.02907025054075736,-1.0432121803558294,mount_vesuvius_negated
controls,-,false,0,Justin Bieber won the 100m gold at the 2020 Olympics.,32,0.01643493865642459,-1.256560582904991,mount_vesuvius_negated
controls,-,false,0,Tom Hanks won eight gold medals at the 2008 Olympics.,32,0.014389340999332527,-1.306750441609869,mount_vesuvius_negated
controls,-,false,0,Cristiano Ronaldo won the 2022 World Cup with Argentina.,32,0.005084453332899051,-1.7015817000521096,mount_vesuvius_negated
controls,-,false,0,John McCain won the 2008 United States presidential election.,32,0.6626491713928837,0.5398117035192249,mount_vesuvius_negated
controls,-,false,0,Queen Elizabeth II reigned over the United Kingdom for seven years.,32,0.01235358925762665,-1.3919802402573107,mount_vesuvius_negated
controls,-,false,0,Queen Elizabeth II created the Python programming language.,32,0.026184554829548987,-1.0999559113380855,mount_vesuvius_negated
controls,-,false,0,Mount Vesuvius destroyed Pompeii in 1979.,32,0.00038921746878723974,-2.678063180299008,mount_vesuvius_negated
controls,-,false,0,Mount Vesuvius last erupted in 2015.,32,0.9548241209671724,1.4333791056277694,mount_vesuvius_negated
controls,-,false,0,Bill Gates bought Twitter in 2022.,32,0.003852983131472795,-1.8021340701904323,mount_vesuvius_negated
controls,-,false,0,Twitter was rebranded as Y in 2023.,32,0.7706970443324235,0.7439504843304181,mount_vesuvius_negated
controls,-,false,0,Ed Sheeran released the album Divide in 1987.,32,0.0034506163896889544,-1.855331729568938,mount_vesuvius_negated
controls,-,false,0,Ed Sheeran is an English Olympic sprinter.,32,0.016576661504834108,-1.2813848654617637,mount_vesuvius_negated
controls,-,false,0,Stephen King wrote the Harry Potter novels.,32,0.0015672233482902538,-2.1624378833183178,mount_vesuvius_negated
controls,-,false,0,Neil Armstrong walked on Mars in 1969.,32,0.004602591464127507,-1.7403504232112934,mount_vesuvius_negated
controls,-,false,0,Serena Williams won 23 Formula One championships.,32,0.006537520047542565,-1.6179134881979718,mount_vesuvius_negated
facts,inventors,negated,0,Thomas Edison did not live in the U.S.,32,0.547702842769307,0.42254192904885346,mount_vesuvius_negated
facts,facts,negated,0,"The speed of light isn't approximately 299,792,458 meters per second.",32,0.8938645833609027,1.1852260918263235,mount_vesuvius_negated
facts,cities,negated,0,The city of Novokuznetsk is not in Russia.,32,0.06470575502173886,-0.6593902650593393,mount_vesuvius_negated
facts,inventors,negated,0,Dr. Robert Gallo did not live in the U.S.,32,0.5997120320471878,0.5238324011030474,mount_vesuvius_negated
facts,inventors,negated,0,Emile Berliner did not live in Germany/the U.S.,32,0.3335176027882822,0.09872406167514797,mount_vesuvius_negated
facts,facts,negated,0,"The pH scale doesn't measure the acidity or alkalinity of a substance, ranging from 0 (most acidic) to 14 (most alkaline), with 7 being neutral.",32,0.768055208643486,0.8221873182558532,mount_vesuvius_negated
facts,sp_en_trans,negated,0,The Spanish word 'nuevo' does not mean 'new'.,32,0.225439153642607,-0.10772165659445648,mount_vesuvius_negated
facts,inventors,negated,0,Carl Wilhelm Siemens did not live in Germany.,32,0.9559418265995725,1.5037732910378185,mount_vesuvius_negated
facts,cities,negated,0,The city of Anshun is not in China.,32,0.027834934867526664,-0.9952719914828071,mount_vesuvius_negated
facts,facts,negated,0,The first animal to orbit Earth wasn't a dog named Laika.,32,0.9115224276230556,1.2642323973585252,mount_vesuvius_negated
facts,cities,negated,0,The city of Rui'an is not in China.,32,0.053905471239856916,-0.7297602127415601,mount_vesuvius_negated
facts,cities,negated,0,The city of Bhubaneswar is not in India.,32,0.003377376376649502,-1.806653772179215,mount_vesuvius_negated
facts,cities,negated,0,The city of Zaria is not in Nigeria.,32,0.11945972976961615,-0.4015814798108081,mount_vesuvius_negated
facts,element_symb,negated,0,Rubidium does not have the symbol Rb.,32,0.0004541340543456196,-2.54366163919097,mount_vesuvius_negated
facts,cities,negated,0,The city of Managua is not in Nicaragua.,32,0.053744994409987604,-0.7238303519743363,mount_vesuvius_negated
facts,inventors,negated,0,Ralph H. Baer did not live in the U.S.,32,0.5663258091178237,0.46031179044639026,mount_vesuvius_negated
facts,cities,negated,0,The city of Neijiang is not in China.,32,0.017452752638591723,-1.1788910359347877,mount_vesuvius_negated
facts,cities,negated,0,The city of Durban is not in South Africa.,32,0.04157330075292187,-0.8349520206224033,mount_vesuvius_negated
facts,inventors,negated,0,Felix Hoffmann did not live in Germany.,32,0.45025386205085777,0.27269924970333964,mount_vesuvius_negated
facts,cities,negated,0,The city of Maturin is not in Venezuela.,32,0.6014485036268493,0.5173741245038628,mount_vesuvius_negated
facts,cities,negated,0,The city of Shanghai is not in China.,32,0.01998735193852297,-1.1265571095289446,mount_vesuvius_negated
facts,cities,negated,0,The city of Ar Raqqah is not in Syria.,32,0.0724842196470006,-0.5962911317967567,mount_vesuvius_negated
facts,cities,negated,0,The city of Daejeon is not in South Korea.,32,0.0342243333014279,-0.9104914983414525,mount_vesuvius_negated
facts,cities,negated,0,The city of Fortaleza is not in Brazil.,32,0.023713720928660656,-1.0528319794083634,mount_vesuvius_negated
facts,cities,negated,0,The city of Mombasa is not in Kenya.,32,0.042728717138894055,-0.8284753378782546,mount_vesuvius_negated
facts,element_symb,negated,0,Gallium does not have the symbol Ga.,32,0.00025776057922376276,-2.7589068067055313,mount_vesuvius_negated
facts,facts,negated,0,"Jupiter doesn't have the Great Red Spot, a giant storm.",32,0.0904358373617062,-0.516413616134022,mount_vesuvius_negated
facts,cities,negated,0,The city of Tianshui is not in China.,32,0.016031944468628878,-1.204647057306301,mount_vesuvius_negated
facts,sp_en_trans,negated,0,The Spanish word 'antes' does not mean 'before'.,32,0.8617585424109541,1.0446437734606462,mount_vesuvius_negated
facts,sp_en_trans,negated,0,The Spanish word 'problema' does not mean 'problem'.,32,0.7204372375397291,0.709148101148589,mount_vesuvius_negated
facts,inventors,negated,0,Alexander Graham Bell did not live in Scotland/Canada/the U.S.,32,0.16957510274960186,-0.24318645603904418,mount_vesuvius_negated
facts,facts,negated,0,The planet Jupiter doesn't have the most moons in our solar system.,32,0.5326502775984397,0.44723611856601064,mount_vesuvius_negated
facts,cities,negated,0,The city of Ankara is not in Turkey.,32,0.03620357454594896,-0.8942614031543944,mount_vesuvius_negated
facts,facts,negated,0,"The carbon cycle doesn't maintain the balance of carbon in Earth's atmosphere, oceans, and biosphere.",32,0.002252899559988935,-1.9392532544563648,mount_vesuvius_negated
facts,inventors,negated,0,Hans Lippershey did not live in the Netherlands.,32,0.09048424352306515,-0.5293119495559546,mount_vesuvius_negated
facts,inventors,negated,0,David Schwarz did not live in Croatia.,32,0.9728723309661899,1.7075108043317457,mount_vesuvius_negated
facts,cities,negated,0,The city of Konya is not in Turkey.,32,0.03979448688647883,-0.8516131906518584,mount_vesuvius_negated
facts,cities,negated,0,The city of Xiangtan is not in China.,32,0.014946055291866612,-1.2371468595341568,mount_vesuvius_negated
facts,facts,negated,0,Diamonds aren't formed from carbon.,32,0.11617580998533325,-0.4059355109847971,mount_vesuvius_negated
facts,element_symb,negated,0,Tin does not have the symbol Sn.,32,0.00036149882655855974,-2.63720454045425,mount_vesuvius_negated
facts,element_symb,negated,0,Carbon does not have the symbol C.,32,0.00015258870800089624,-2.9642933429188103,mount_vesuvius_negated
facts,cities,negated,0,The city of Dombivli is not in India.,32,0.08490846748950723,-0.5556619518869359,mount_vesuvius_negated
facts,cities,negated,0,The city of Oyo is not in Nigeria.,32,0.9650810957229673,1.6163874568604406,mount_vesuvius_negated
facts,facts,negated,0,Fossils aren't the preserved remains or traces of organisms that lived in the past.,32,0.1599682346379977,-0.2593415940386236,mount_vesuvius_negated
facts,facts,negated,0,The circulatory system doesn't transport nutrients and oxygen throughout the body.,32,0.0006701493075012342,-2.4099564925269137,mount_vesuvius_negated
facts,cities,negated,0,The city of Xining is not in China.,32,0.011579343398949346,-1.338062965887759,mount_vesuvius_negated
facts,animal_class,negated,0,The goldfish is not a fish.,32,0.18709016003125423,-0.23307103382420874,mount_vesuvius_negated
facts,inventors,negated,0,Yvonne Brill did not live in Canada.,32,0.9210221062666023,1.2836876443464913,mount_vesuvius_negated
facts,facts,negated,0,The human brain isn't the control center for the body's functions and emotions.,32,0.8956554525822287,1.1904399811256876,mount_vesuvius_negated
facts,cities,negated,0,The city of Al Basrah al Qadimah is not in Iraq.,32,0.9313580591820786,1.353418133512836,mount_vesuvius_negated
facts,facts,negated,0,The respiratory system doesn't allow for the exchange of gases between the body and the environment.,32,0.0015318151729374404,-2.1136523756799437,mount_vesuvius_negated
facts,cities,negated,0,The city of Lome is not in Togo.,32,0.5588414540341512,0.4540034022615767,mount_vesuvius_negated
facts,cities,negated,0,The city of Madurai is not in India.,32,0.010645979768843006,-1.3653716735045722,mount_vesuvius_negated
facts,cities,negated,0,The city of Pingliang is not in China.,32,0.02244215782577483,-1.0788952991625926,mount_vesuvius_negated
facts,cities,negated,0,The city of Pimpri is not in India.,32,0.27183383850038884,-0.02352406171469388,mount_vesuvius_negated
facts,cities,negated,0,The city of Borivli is not in India.,32,0.9112285374164157,1.2318315391676804,mount_vesuvius_negated
facts,cities,negated,0,The city of Thiruvananthapuram is not in India.,32,0.0057897061734638764,-1.6018621380937135,mount_vesuvius_negated
facts,cities,negated,0,The city of Zapopan is not in Mexico.,32,0.06308400949934995,-0.6692292655211985,mount_vesuvius_negated
facts,cities,negated,0,The city of Kampala is not in Uganda.,32,0.03517990182400871,-0.8973229824783981,mount_vesuvius_negated
facts,animal_class,negated,0,The ostrich is not a bird.,32,0.0066347000260464735,-1.5758556264257804,mount_vesuvius_negated
facts,sp_en_trans,negated,0,The Spanish word 'soldado' does not mean 'soldier'.,32,0.3914189518267896,0.18986912240260914,mount_vesuvius_negated
facts,inventors,negated,0,Wallace Carothers did not live in the U.S.,32,0.5241963332076867,0.3913956480573585,mount_vesuvius_negated
facts,facts,negated,0,The human skin isn't the body's largest organ.,32,0.6479509084755304,0.6095942723416565,mount_vesuvius_negated
facts,cities,negated,0,The city of Matola is not in Mozambique.,32,0.46941409980588383,0.30851343464883163,mount_vesuvius_negated
facts,animal_class,negated,0,The leopard is not a mammal.,32,0.015001211346983156,-1.2535961786080227,mount_vesuvius_negated
facts,animal_class,negated,0,The llama is not a mammal.,32,0.04924171413572387,-0.79337303956671,mount_vesuvius_negated
facts,cities,negated,0,The city of Makassar is not in Indonesia.,32,0.011632402148983957,-1.3264836695216498,mount_vesuvius_negated
facts,facts,negated,0,"Our solar system doesn't consist of eight planets: Mercury, Venus, Earth, Mars, Jupiter, Saturn, Uranus, and Neptune.",32,0.9502257196951965,1.5172041412196187,mount_vesuvius_negated
facts,cities,negated,0,The city of Addis Ababa is not in Ethiopia.,32,0.0046696255649143,-1.676304962334945,mount_vesuvius_negated
facts,facts,negated,0,Fossils don't provide evidence of past life on Earth.,32,0.00032238611265175243,-2.7038290446003597,mount_vesuvius_negated
facts,cities,negated,0,The city of Orumiyeh is not in Iran.,32,0.09386708049645846,-0.49571997455179095,mount_vesuvius_negated
facts,cities,negated,0,The city of Huizhou is not in China.,32,0.02946578765877313,-0.9734487848210776,mount_vesuvius_negated
facts,element_symb,negated,0,Aluminum does not have the symbol Al.,32,0.0003682917891417975,-2.6208903914996937,mount_vesuvius_negated
facts,element_symb,negated,0,Chlorine does not have the symbol Cl.,32,0.00023177164160797492,-2.803089234880127,mount_vesuvius_negated
facts,cities,negated,0,The city of Ribeirao Preto is not in Brazil.,32,0.0076583082444647895,-1.4823261873902989,mount_vesuvius_negated
facts,cities,negated,1,The city of Ar Raqqah is not in Iraq.,32,0.9874142215217104,2.0113503298399507,mount_vesuvius_negated
facts,inventors,negated,1,Gordon Gould did not live in Canada.,32,0.9680226791633983,1.6374776328006342,mount_vesuvius_negated
facts,cities,negated,1,The city of Tebessa is not in India.,32,0.9951815441667519,2.373721441818822,mount_vesuvius_negated
facts,cities,negated,1,The city of Nairobi is not in Mexico.,32,0.9938422670697198,2.2841184641183836,mount_vesuvius_negated
facts,cities,negated,1,The city of Ma'anshan is not in India.,32,0.9958031309252001,2.4335441485046636,mount_vesuvius_negated
facts,cities,negated,1,The city of Cangzhou is not in Germany.,32,0.9016446207009794,1.2088270201640687,mount_vesuvius_negated
facts,cities,negated,1,The city of Quito is not in China.,32,0.983422131212137,1.905943474895464,mount_vesuvius_negated
facts,animal_class,negated,1,The cassowary is not a mammal.,32,0.9926749479063991,2.1995189502280827,mount_vesuvius_negated
facts,element_symb,negated,1,Thulium does not have the symbol Ne.,32,0.9655829812042311,1.6149257791097273,mount_vesuvius_negated
facts,cities,negated,1,The city of Dakar is not in India.,32,0.9954293801822026,2.392425713055031,mount_vesuvius_negated
facts,cities,negated,1,The city of Sanming is not in Bulgaria.,32,0.9942442616241406,2.3091191649268574,mount_vesuvius_negated
facts,sp_en_trans,negated,1,The Spanish word 'proteger' does not mean 'dry'.,32,0.608292779105631,0.5181811204886894,mount_vesuvius_negated
facts,cities,negated,1,The city of Pikine is not in Pakistan.,32,0.9951306552964213,2.3699539625605,mount_vesuvius_negated
facts,inventors,negated,1,August Horch did not live in Russia.,32,0.9858977393416192,1.9456672147339404,mount_vesuvius_negated
facts,cities,negated,1,The city of Macapa is not in China.,32,0.9866161697098509,1.9905110435567344,mount_vesuvius_negated
facts,sp_en_trans,negated,1,The Spanish word 'historia' does not mean 'office'.,32,0.3877138829944271,0.17785227708207402,mount_vesuvius_negated
facts,inventors,negated,1,Rudolf Diesel did not live in the U.S.,32,0.7111287054449202,0.7158341868963698,mount_vesuvius_negated
facts,cities,negated,1,The city of Neijiang is not in Ghana.,32,0.9931606197587802,2.245279992150025,mount_vesuvius_negated
facts,element_symb,negated,1,Radium does not have the symbol Sm.,32,0.8129554773313046,0.9198575016392646,mount_vesuvius_negated
facts,facts,negated,1,The least abundant gas in Earth's atmosphere isn't nitrogen.,32,0.8847707636813328,1.1612832868144827,mount_vesuvius_negated
facts,cities,negated,1,The city of Gaziantep is not in Mexico.,32,0.9954236352783727,2.393979913284092,mount_vesuvius_negated
facts,cities,negated,1,The city of Shihezi is not in Russia.,32,0.9959311729953718,2.4400807954802315,mount_vesuvius_negated
facts,cities,negated,1,The city of Anshun is not in Brazil.,32,0.9939034365010567,2.2883859351955653,mount_vesuvius_negated
facts,cities,negated,1,The city of Coimbatore is not in Malaysia.,32,0.9956811843462574,2.4210350800187066,mount_vesuvius_negated
facts,cities,negated,1,The city of Konya is not in Russia.,32,0.9951489084847627,2.371452583251888,mount_vesuvius_negated
facts,facts,negated,1,The smallest ocean in the world isn't the Atlantic Ocean.,32,0.9520110287963249,1.5276670983138079,mount_vesuvius_negated
facts,inventors,negated,1,Edmund Cartwright did not live in the U.S.,32,0.763646047064348,0.8068227758116915,mount_vesuvius_negated
facts,cities,negated,1,The city of Changchun is not in Germany.,32,0.9080791077731395,1.2305201537217032,mount_vesuvius_negated
facts,facts,negated,1,The human body does need water to survive.,32,0.9365706367804193,1.378225129112813,mount_vesuvius_negated
facts,cities,negated,1,The city of Turin is not in China.,32,0.9869097103679385,1.9980949806040091,mount_vesuvius_negated
facts,facts,negated,1,The largest flower in the world isn't the daisy.,32,0.9250310429866162,1.334853036197913,mount_vesuvius_negated
facts,cities,negated,1,The city of Borivli is not in Ukraine.,32,0.9940584486580925,2.2945388826344644,mount_vesuvius_negated
facts,cities,negated,1,The city of Durban is not in Ukraine.,32,0.9957749524398195,2.4328465972969395,mount_vesuvius_negated
facts,cities,negated,1,The city of Ulsan is not in South Africa.,32,0.9953487286331769,2.392955835844311,mount_vesuvius_negated
facts,facts,negated,1,The largest land animal in the world isn't the whale.,32,0.9228671698123234,1.3374988119364206,mount_vesuvius_negated
facts,facts,negated,1,Humans do have basic senses.,32,0.8910341837427936,1.1472910893578012,mount_vesuvius_negated
facts,facts,negated,1,The largest bird in the world isn't the penguin.,32,0.9089738476882198,1.2650226405777198,mount_vesuvius_negated
facts,facts,negated,1,The Grand Canyon isn't located in Europe.,32,0.9861036247451253,1.9939376957352155,mount_vesuvius_negated
facts,element_symb,negated,1,Francium does not have the symbol Tl.,32,0.8667935824685487,1.072201392872743,mount_vesuvius_negated
facts,cities,negated,1,The city of Lu'an is not in Turkey.,32,0.9951640167138028,2.375446791467821,mount_vesuvius_negated
facts,cities,negated,1,The city of Voronezh is not in Romania.,32,0.9945955001586652,2.336743626922781,mount_vesuvius_negated
facts,sp_en_trans,negated,1,The Spanish word 'padre' does not mean 'special'.,32,0.9015246996200438,1.1902219770807607,mount_vesuvius_negated
facts,cities,negated,1,The city of Maturin is not in Saudi Arabia.,32,0.9955936395942547,2.4181527851960753,mount_vesuvius_negated
facts,element_symb,negated,1,Argon does not have the symbol Co.,32,0.6481543027389585,0.591828828153045,mount_vesuvius_negated
facts,cities,negated,1,The city of Bobo-Dioulasso is not in China.,32,0.9940826631773438,2.298567408265746,mount_vesuvius_negated
facts,cities,negated,1,The city of Mumbai is not in China.,32,0.9956155591251414,2.4111176746730445,mount_vesuvius_negated
facts,cities,negated,1,The city of Mombasa is not in India.,32,0.9970840620056317,2.5625624023067743,mount_vesuvius_negated
facts,cities,negated,1,The city of Karaj is not in India.,32,0.9962851633133265,2.471037922334923,mount_vesuvius_negated
facts,sp_en_trans,negated,1,The Spanish word 'opuesta' does not mean 'dress'.,32,0.9051494223046725,1.2040869421082623,mount_vesuvius_negated
facts,element_symb,negated,1,Indium does not have the symbol As.,32,0.88261970647977,1.1304967522634402,mount_vesuvius_negated
facts,inventors,negated,1,Hans Oersted did not live in the U.S.,32,0.6536790761538065,0.6140388743084857,mount_vesuvius_negated
facts,sp_en_trans,negated,1,The Spanish word 'temperatura' does not mean 'hand'.,32,0.6215081767338971,0.5273340656800307,mount_vesuvius_negated
facts,inventors,negated,1,George Eastman did not live in the U.K.,32,0.7538887223870383,0.8000113618685434,mount_vesuvius_negated
facts,element_symb,negated,1,Tin does not have the symbol Be.,32,0.6474705140830528,0.5965691632483927,mount_vesuvius_negated
facts,inventors,negated,1,Blaise Pascal did not live in Poland/France.,32,0.7705829949879958,0.8138814200700312,mount_vesuvius_negated
facts,cities,negated,1,The city of Bien Hoa is not in South Korea.,32,0.9952182858402452,2.378794068879114,mount_vesuvius_negated
facts,facts,negated,1,The sun doesn't rise in the west.,32,0.42982485643017043,0.24503952916127586,mount_vesuvius_negated
facts,cities,negated,1,The city of Agadir is not in Bangladesh.,32,0.9944031650765665,2.321067503954213,mount_vesuvius_negated
facts,cities,negated,1,The city of Changwon is not in Indonesia.,32,0.994202587718807,2.305467160150366,mount_vesuvius_negated
facts,cities,negated,1,The city of Vijayawada is not in Nigeria.,32,0.9955097546722563,2.406465436897548,mount_vesuvius_negated
facts,cities,negated,1,The city of San Pedro Sula is not in India.,32,0.9964331252724834,2.492828217031251,mount_vesuvius_negated
facts,sp_en_trans,negated,1,The Spanish word 'dientes' does not mean 'hope'.,32,0.7777080239997489,0.8271730649487576,mount_vesuvius_negated
facts,cities,negated,1,The city of Nyala is not in Mozambique.,32,0.9937329116196741,2.277525166306247,mount_vesuvius_negated
facts,cities,negated,1,The city of Dandong is not in Niger.,32,0.9946226340848738,2.3399709095770813,mount_vesuvius_negated
facts,cities,negated,1,The city of Astrakhan is not in India.,32,0.9972526481068961,2.58714458337535,mount_vesuvius_negated
facts,sp_en_trans,negated,1,The Spanish word 'anguila' does not mean 'south'.,32,0.9620621372036583,1.5790185574543467,mount_vesuvius_negated
facts,sp_en_trans,negated,1,The Spanish word 'mano' does not mean 'too'.,32,0.8824692939683271,1.1183845201292293,mount_vesuvius_negated
facts,element_symb,negated,1,Gadolinium does not have the symbol Hg.,32,0.9755496545485698,1.7483775631599636,mount_vesuvius_negated
facts,facts,negated,1,The respiratory system doesn't prevent the exchange of gases between the body and the environment.,32,0.0015108854820231597,-2.109794169460373,mount_vesuvius_negated
facts,cities,negated,1,The city of Oyo is not in China.,32,0.9948493828068586,2.3500711661676332,mount_vesuvius_negated
facts,cities,negated,1,The city of Rourkela is not in Brazil.,32,0.9960922476490116,2.454515476448893,mount_vesuvius_negated
facts,inventors,negated,1,John Walker did not live in the U.S.,32,0.6648294401665772,0.5989516109394804,mount_vesuvius_negated
facts,inventors,negated,1,Ernest Swinton did not live in the U.S.,32,0.8420875944671845,1.0095879571708253,mount_vesuvius_negated
facts,inventors,negated,1,Charles Cros did not live in the U.S.,32,0.8174392571788776,0.9501229014575323,mount_vesuvius_negated
facts,facts,negated,1,The fastest land animal in the world isn't the snail.,32,0.9028342674626186,1.236853598279088,mount_vesuvius_negated
facts,cities,affirmative,0,The city of Ar Raqqah is in Iraq.,32,0.0014296170925001887,-2.1937198051588496,mount_vesuvius_negated
facts,inventors,affirmative,0,Gordon Gould lived in Canada.,32,0.6820284456801862,0.5669421049772068,mount_vesuvius_negated
facts,cities,affirmative,0,The city of Tebessa is in India.,32,0.0015143372336249934,-2.1726604871403667,mount_vesuvius_negated
facts,cities,affirmative,0,The city of Nairobi is in Mexico.,32,0.0011631438628888864,-2.2741302813022317,mount_vesuvius_negated
facts,cities,affirmative,0,The city of Ma'anshan is in India.,32,0.0010906639233352563,-2.297578628183112,mount_vesuvius_negated
facts,cities,affirmative,0,The city of Cangzhou is in Germany.,32,0.001409821013521007,-2.2015935246708347,mount_vesuvius_negated
facts,cities,affirmative,0,The city of Quito is in China.,32,0.0015757565500052687,-2.157820842633445,mount_vesuvius_negated
facts,animal_class,affirmative,0,The cassowary is a mammal.,32,0.0022143995542231003,-2.0313917144942413,mount_vesuvius_negated
facts,element_symb,affirmative,0,Thulium has the symbol Ne.,32,0.0005942930103155,-2.522289495140633,mount_vesuvius_negated
facts,cities,affirmative,0,The city of Dakar is in India.,32,0.0010964969101581856,-2.2939080570926675,mount_vesuvius_negated
facts,cities,affirmative,0,The city of Sanming is in Bulgaria.,32,0.0015705657914468609,-2.1614855005950036,mount_vesuvius_negated
facts,sp_en_trans,affirmative,0,The Spanish word 'proteger' means 'dry'.,32,0.008206704267827845,-1.538424919502761,mount_vesuvius_negated
facts,cities,affirmative,0,The city of Pikine is in Pakistan.,32,0.0030901504138507955,-1.9006622687452723,mount_vesuvius_negated
facts,inventors,affirmative,0,August Horch lived in Russia.,32,0.5752337428056475,0.3882938557979654,mount_vesuvius_negated
facts,cities,affirmative,0,The city of Macapa is in China.,32,0.0011144957739996277,-2.2856375731775684,mount_vesuvius_negated
facts,sp_en_trans,affirmative,0,The Spanish word 'historia' means 'office'.,32,0.004193460116225458,-1.7897935385271817,mount_vesuvius_negated
facts,inventors,affirmative,0,Rudolf Diesel lived in the U.S.,32,0.7657929796909442,0.7242892940692536,mount_vesuvius_negated
facts,cities,affirmative,0,The city of Neijiang is in Ghana.,32,0.000461047731392292,-2.623237600492966,mount_vesuvius_negated
facts,element_symb,affirmative,0,Radium has the symbol Sm.,32,0.016114517874079744,-1.2653367956028012,mount_vesuvius_negated
facts,facts,affirmative,0,The least abundant gas in Earth's atmosphere is nitrogen.,32,0.000935971727989125,-2.3478200207827307,mount_vesuvius_negated
facts,cities,affirmative,0,The city of Gaziantep is in Mexico.,32,0.000586548699812065,-2.5345754329863177,mount_vesuvius_negated
facts,cities,affirmative,0,The city of Shihezi is in Russia.,32,0.001249117264599745,-2.2420522526843225,mount_vesuvius_negated
facts,cities,affirmative,0,The city of Anshun is in Brazil.,32,0.003765167720071862,-1.8244158222647804,mount_vesuvius_negated
facts,cities,affirmative,0,The city of Coimbatore is in Malaysia.,32,0.0009185855336444525,-2.360436836473121,mount_vesuvius_negated
facts,cities,affirmative,0,The city of Konya is in Russia.,32,0.0018622098171142095,-2.093447942752439,mount_vesuvius_negated
facts,facts,affirmative,0,The smallest ocean in the world is the Atlantic Ocean.,32,0.000338293856810546,-2.7250804745858996,mount_vesuvius_negated
facts,inventors,affirmative,0,Edmund Cartwright lived in the U.S.,32,0.6294993377909883,0.4765697543108641,mount_vesuvius_negated
facts,cities,affirmative,0,The city of Changchun is in Germany.,32,0.0015367016394845345,-2.16506882594598,mount_vesuvius_negated
facts,facts,affirmative,0,The human body does not need water to survive.,32,0.0008354836971953061,-2.3762274916072332,mount_vesuvius_negated
facts,cities,affirmative,0,The city of Turin is in China.,32,0.00114006556220588,-2.284232297672322,mount_vesuvius_negated
facts,facts,affirmative,0,The largest flower in the world is the daisy.,32,0.0014987943029330663,-2.1795309911840643,mount_vesuvius_negated
facts,cities,affirmative,0,The city of Borivli is in Ukraine.,32,0.04380152104510766,-0.8832299782153217,mount_vesuvius_negated
facts,cities,affirmative,0,The city of Durban is in Ukraine.,32,0.0012117304169005972,-2.2585301515140825,mount_vesuvius_negated
facts,cities,affirmative,0,The city of Ulsan is in South Africa.,32,0.0007030919525312812,-2.462939064052771,mount_vesuvius_negated
facts,facts,affirmative,0,The largest land animal in the world is the whale.,32,0.003680656794776094,-1.827600943712667,mount_vesuvius_negated
facts,facts,affirmative,0,Humans have no basic senses.,32,0.5800694008906989,0.4097689724512097,mount_vesuvius_negated
facts,facts,affirmative,0,The largest bird in the world is the penguin.,32,0.012887632255454322,-1.354420245515937,mount_vesuvius_negated
facts,facts,affirmative,0,The Grand Canyon is located in Europe.,32,0.000987599039500568,-2.3387147101107004,mount_vesuvius_negated
facts,element_symb,affirmative,0,Francium has the symbol Tl.,32,0.00048024784588964137,-2.5997224333606237,mount_vesuvius_negated
facts,cities,affirmative,0,The city of Lu'an is in Turkey.,32,0.0037205186844259906,-1.8328584432853088,mount_vesuvius_negated
facts,cities,affirmative,0,The city of Voronezh is in Romania.,32,0.000539130158650631,-2.5669503985942574,mount_vesuvius_negated
facts,sp_en_trans,affirmative,0,The Spanish word 'padre' means 'special'.,32,0.006306030509410774,-1.6358482837781039,mount_vesuvius_negated
facts,cities,affirmative,0,The city of Maturin is in Saudi Arabia.,32,0.002536744657442868,-1.9739162050944246,mount_vesuvius_negated
facts,element_symb,affirmative,0,Argon has the symbol Co.,32,0.0003859945953536738,-2.6838389700892726,mount_vesuvius_negated
facts,cities,affirmative,0,The city of Bobo-Dioulasso is in China.,32,0.000728847853939003,-2.447954883815414,mount_vesuvius_negated
facts,cities,affirmative,0,The city of Mumbai is in China.,32,0.0008039202678928964,-2.4118164213446667,mount_vesuvius_negated
facts,cities,affirmative,0,The city of Mombasa is in India.,32,0.0011637626945105997,-2.2735548282333715,mount_vesuvius_negated
facts,cities,affirmative,0,The city of Karaj is in India.,32,0.00178154139831037,-2.111490101198414,mount_vesuvius_negated
facts,sp_en_trans,affirmative,0,The Spanish word 'opuesta' means 'dress'.,32,0.009696358464427512,-1.4761377854889575,mount_vesuvius_negated
facts,element_symb,affirmative,0,Indium has the symbol As.,32,0.0029754141551351972,-1.9082164901882273,mount_vesuvius_negated
facts,inventors,affirmative,0,Hans Oersted lived in the U.S.,32,0.6762879573468552,0.5639658486576227,mount_vesuvius_negated
facts,sp_en_trans,affirmative,0,The Spanish word 'temperatura' means 'hand'.,32,0.011379826764888322,-1.4162222552532848,mount_vesuvius_negated
facts,inventors,affirmative,0,George Eastman lived in the U.K.,32,0.10296076720296046,-0.5424734230659511,mount_vesuvius_negated
facts,element_symb,affirmative,0,Tin has the symbol Be.,32,0.00043778325010009305,-2.635870615925434,mount_vesuvius_negated
facts,inventors,affirmative,0,Blaise Pascal lived in Poland/France.,32,0.7408589910140191,0.6753980903813752,mount_vesuvius_negated
facts,cities,affirmative,0,The city of Bien Hoa is in South Korea.,32,0.0012019404676951791,-2.261588851860521,mount_vesuvius_negated
facts,facts,affirmative,0,The sun rises in the west.,32,0.014691489452733348,-1.307844359015467,mount_vesuvius_negated
facts,cities,affirmative,0,The city of Agadir is in Bangladesh.,32,0.0013218414542954797,-2.2278073932783977,mount_vesuvius_negated
facts,cities,affirmative,0,The city of Changwon is in Indonesia.,32,0.0009840563940383695,-2.336768139949259,mount_vesuvius_negated
facts,cities,affirmative,0,The city of Vijayawada is in Nigeria.,32,0.0006300353898662931,-2.504291097988502,mount_vesuvius_negated
facts,cities,affirmative,0,The city of San Pedro Sula is in India.,32,0.0007148968282558878,-2.4549501722347506,mount_vesuvius_negated
facts,sp_en_trans,affirmative,0,The Spanish word 'dientes' means 'hope'.,32,0.004174590634685183,-1.7942738323429248,mount_vesuvius_negated
facts,cities,affirmative,0,The city of Nyala is in Mozambique.,32,0.3229914490807215,0.0010467013563762381,mount_vesuvius_negated
facts,cities,affirmative,0,The city of Dandong is in Niger.,32,0.006549106912346719,-1.615544182116647,mount_vesuvius_negated
facts,cities,affirmative,0,The city of Astrakhan is in India.,32,0.002435185748883624,-1.995760615134985,mount_vesuvius_negated
facts,sp_en_trans,affirmative,0,The Spanish word 'anguila' means 'south'.,32,0.07050709961461728,-0.6976551364052944,mount_vesuvius_negated
facts,sp_en_trans,affirmative,0,The Spanish word 'mano' means 'too'.,32,0.03748666710027693,-0.9474136417569556,mount_vesuvius_negated
facts,element_symb,affirmative,0,Gadolinium has the symbol Hg.,32,0.002245106584019801,-2.0164105988494394,mount_vesuvius_negated
facts,facts,affirmative,0,The respiratory system prevents the exchange of gases between the body and the environment.,32,0.0003014596346070694,-2.774842442474915,mount_vesuvius_negated
facts,cities,affirmative,0,The city of Oyo is in China.,32,0.0028135779838101213,-1.9379513097737324,mount_vesuvius_negated
facts,cities,affirmative,0,The city of Rourkela is in Brazil.,32,0.0017513666722741847,-2.117070441870502,mount_vesuvius_negated
facts,inventors,affirmative,0,John Walker lived in the U.S.,32,0.6930799969446777,0.5969208887769566,mount_vesuvius_negated
facts,inventors,affirmative,0,Ernest Swinton lived in the U.S.,32,0.8292112948108801,0.8784725370332247,mount_vesuvius_negated
facts,inventors,affirmative,0,Charles Cros lived in the U.S.,32,0.7087447051102419,0.6128328885839359,mount_vesuvius_negated
facts,facts,affirmative,0,The fastest land animal in the world is the snail.,32,0.0026838801687963723,-1.9668886866880695,mount_vesuvius_negated
facts,inventors,affirmative,1,Thomas Edison lived in the U.S.,32,0.7386805847448609,0.6899621452133331,mount_vesuvius_negated
facts,facts,affirmative,1,"The speed of light is approximately 299,792,458 meters per second.",32,0.9337394492842305,1.2779578663681572,mount_vesuvius_negated
facts,cities,affirmative,1,The city of Novokuznetsk is in Russia.,32,0.9824715712958415,1.8028477370838214,mount_vesuvius_negated
facts,inventors,affirmative,1,Dr. Robert Gallo lived in the U.S.,32,0.7611972367987543,0.7335187238762347,mount_vesuvius_negated
facts,inventors,affirmative,1,Emile Berliner lived in Germany/the U.S.,32,0.4217955896750765,0.1713489035042371,mount_vesuvius_negated
facts,facts,affirmative,1,"The pH scale measures the acidity or alkalinity of a substance, ranging from 0 (most acidic) to 14 (most alkaline), with 7 being neutral.",32,0.974652905482922,1.6795948123080169,mount_vesuvius_negated
facts,sp_en_trans,affirmative,1,The Spanish word 'nuevo' means 'new'.,32,0.9743267918023756,1.6473822608254234,mount_vesuvius_negated
facts,inventors,affirmative,1,Carl Wilhelm Siemens lived in Germany.,32,0.8026492255652204,0.8064583508282378,mount_vesuvius_negated
facts,cities,affirmative,1,The city of Anshun is in China.,32,0.9555352953021178,1.441503016618863,mount_vesuvius_negated
facts,facts,affirmative,1,The first animal to orbit Earth was a dog named Laika.,32,0.9844229517575405,1.8413140799785608,mount_vesuvius_negated
facts,cities,affirmative,1,The city of Rui'an is in China.,32,0.9422223016607206,1.3403979404310664,mount_vesuvius_negated
facts,cities,affirmative,1,The city of Bhubaneswar is in India.,32,0.9777405524249316,1.7162082554802973,mount_vesuvius_negated
facts,cities,affirmative,1,The city of Zaria is in Nigeria.,32,0.9770386484418722,1.7016800606344165,mount_vesuvius_negated
facts,element_symb,affirmative,1,Rubidium has the symbol Rb.,32,0.9212813664767775,1.2093732323086632,mount_vesuvius_negated
facts,cities,affirmative,1,The city of Managua is in Nicaragua.,32,0.972824473762182,1.637912773461429,mount_vesuvius_negated
facts,inventors,affirmative,1,Ralph H. Baer lived in the U.S.,32,0.7831215356066507,0.7719716921313498,mount_vesuvius_negated
facts,cities,affirmative,1,The city of Neijiang is in China.,32,0.9479701517826655,1.3831148401005202,mount_vesuvius_negated
facts,cities,affirmative,1,The city of Durban is in South Africa.,32,0.9659001417353128,1.5436284320432805,mount_vesuvius_negated
facts,inventors,affirmative,1,Felix Hoffmann lived in Germany.,32,0.9520005011352035,1.3989125427125446,mount_vesuvius_negated
facts,cities,affirmative,1,The city of Maturin is in Venezuela.,32,0.9662952324561036,1.5519472565761046,mount_vesuvius_negated
facts,cities,affirmative,1,The city of Shanghai is in China.,32,0.867658012437142,1.007963509979751,mount_vesuvius_negated
facts,cities,affirmative,1,The city of Ar Raqqah is in Syria.,32,0.9843665648355526,1.8488661664588149,mount_vesuvius_negated
facts,cities,affirmative,1,The city of Daejeon is in South Korea.,32,0.9871335057098038,1.917870779079397,mount_vesuvius_negated
facts,cities,affirmative,1,The city of Fortaleza is in Brazil.,32,0.967739717616034,1.5702646201426298,mount_vesuvius_negated
facts,cities,affirmative,1,The city of Mombasa is in Kenya.,32,0.9635498512101587,1.5216583040744915,mount_vesuvius_negated
facts,element_symb,affirmative,1,Gallium has the symbol Ga.,32,0.9158448170110817,1.1825374708552692,mount_vesuvius_negated
facts,facts,affirmative,1,"Jupiter has the Great Red Spot, a giant storm.",32,0.8219097307487101,0.8849674354574002,mount_vesuvius_negated
facts,cities,affirmative,1,The city of Tianshui is in China.,32,0.9559933884486324,1.4464064914127674,mount_vesuvius_negated
facts,sp_en_trans,affirmative,1,The Spanish word 'antes' means 'before'.,32,0.9752426197117126,1.6623411255789806,mount_vesuvius_negated
facts,sp_en_trans,affirmative,1,The Spanish word 'problema' means 'problem'.,32,0.9571946871286785,1.4505651632554128,mount_vesuvius_negated
facts,inventors,affirmative,1,Alexander Graham Bell lived in Scotland/Canada/the U.S.,32,0.28044589599653624,-0.050194835012125696,mount_vesuvius_negated
facts,facts,affirmative,1,The planet Jupiter has the most moons in our solar system.,32,0.906730886400059,1.1597810487273084,mount_vesuvius_negated
facts,cities,affirmative,1,The city of Ankara is in Turkey.,32,0.9705958130569707,1.6138630030933647,mount_vesuvius_negated
facts,facts,affirmative,1,"The carbon cycle maintains the balance of carbon in Earth's atmosphere, oceans, and biosphere.",32,0.9900928640884886,2.0476377602318663,mount_vesuvius_negated
facts,inventors,affirmative,1,Hans Lippershey lived in the Netherlands.,32,0.957520100031027,1.4431609630268465,mount_vesuvius_negated
facts,inventors,affirmative,1,David Schwarz lived in Croatia.,32,0.9228657821990658,1.212447732643776,mount_vesuvius_negated
facts,cities,affirmative,1,The city of Konya is in Turkey.,32,0.9797627430143885,1.7513343441919864,mount_vesuvius_negated
facts,cities,affirmative,1,The city of Xiangtan is in China.,32,0.9578869519030706,1.4644598693148028,mount_vesuvius_negated
facts,facts,affirmative,1,Diamonds are formed from carbon.,32,0.9267599689056537,1.2504060798546988,mount_vesuvius_negated
facts,element_symb,affirmative,1,Tin has the symbol Sn.,32,0.9422202082613251,1.3375453100441606,mount_vesuvius_negated
facts,element_symb,affirmative,1,Carbon has the symbol C.,32,0.9235381718249054,1.2255510554256461,mount_vesuvius_negated
facts,cities,affirmative,1,The city of Dombivli is in India.,32,0.9857060821662461,1.8851652905427114,mount_vesuvius_negated
facts,cities,affirmative,1,The city of Oyo is in Nigeria.,32,0.9731523120492823,1.6450717660908163,mount_vesuvius_negated
facts,facts,affirmative,1,Fossils are the preserved remains or traces of organisms that lived in the past.,32,0.9922445107951201,2.1284602533369967,mount_vesuvius_negated
facts,facts,affirmative,1,The circulatory system transports nutrients and oxygen throughout the body.,32,0.99007984769977,2.0303430954029373,mount_vesuvius_negated
facts,cities,affirmative,1,The city of Xining is in China.,32,0.9114482165357934,1.171563690802554,mount_vesuvius_negated
facts,animal_class,affirmative,1,The goldfish is a fish.,32,0.8611534879294691,0.9920911791993617,mount_vesuvius_negated
facts,inventors,affirmative,1,Yvonne Brill lived in Canada.,32,0.5611351219648066,0.3701983838505743,mount_vesuvius_negated
facts,facts,affirmative,1,The human brain is the control center for the body's functions and emotions.,32,0.9942089661678956,2.2546974694962887,mount_vesuvius_negated
facts,cities,affirmative,1,The city of Al Basrah al Qadimah is in Iraq.,32,0.9829070443846529,1.8161713232703922,mount_vesuvius_negated
facts,facts,affirmative,1,The respiratory system allows for the exchange of gases between the body and the environment.,32,0.9838145658881041,1.8489993800889495,mount_vesuvius_negated
facts,cities,affirmative,1,The city of Lome is in Togo.,32,0.9538024286480153,1.429726311565624,mount_vesuvius_negated
facts,cities,affirmative,1,The city of Madurai is in India.,32,0.9614817897779265,1.5013223192867344,mount_vesuvius_negated
facts,cities,affirmative,1,The city of Pingliang is in China.,32,0.9579029450448846,1.4684929020250652,mount_vesuvius_negated
facts,cities,affirmative,1,The city of Pimpri is in India.,32,0.9769512386094978,1.6982472664531842,mount_vesuvius_negated
facts,cities,affirmative,1,The city of Borivli is in India.,32,0.9500536140193628,1.4004756007909585,mount_vesuvius_negated
facts,cities,affirmative,1,The city of Thiruvananthapuram is in India.,32,0.9779199064131016,1.7190434467892308,mount_vesuvius_negated
facts,cities,affirmative,1,The city of Zapopan is in Mexico.,32,0.9490775854196232,1.390811894178374,mount_vesuvius_negated
facts,cities,affirmative,1,The city of Kampala is in Uganda.,32,0.9817817375581298,1.7906078481505852,mount_vesuvius_negated
facts,animal_class,affirmative,1,The ostrich is a bird.,32,0.9115461514018277,1.1790469341330865,mount_vesuvius_negated
facts,sp_en_trans,affirmative,1,The Spanish word 'soldado' means 'soldier'.,32,0.9588413405962288,1.4641149050773965,mount_vesuvius_negated
facts,inventors,affirmative,1,Wallace Carothers lived in the U.S.,32,0.6998904350463522,0.6175803266704183,mount_vesuvius_negated
facts,facts,affirmative,1,The human skin is the body's largest organ.,32,0.9899107138240906,2.0284178039977596,mount_vesuvius_negated
facts,cities,affirmative,1,The city of Matola is in Mozambique.,32,0.982573606383668,1.803610124292474,mount_vesuvius_negated
facts,animal_class,affirmative,1,The leopard is a mammal.,32,0.8389147122489321,0.9197457976598591,mount_vesuvius_negated
facts,animal_class,affirmative,1,The llama is a mammal.,32,0.8506355486555551,0.9523524223425908,mount_vesuvius_negated
facts,cities,affirmative,1,The city of Makassar is in Indonesia.,32,0.9775229361580169,1.7069197034386423,mount_vesuvius_negated
facts,facts,affirmative,1,"Our solar system consists of eight planets: Mercury, Venus, Earth, Mars, Jupiter, Saturn, Uranus, and Neptune.",32,0.9953238775329626,2.324351139450208,mount_vesuvius_negated
facts,cities,affirmative,1,The city of Addis Ababa is in Ethiopia.,32,0.9717596997821609,1.622657127717087,mount_vesuvius_negated
facts,facts,affirmative,1,Fossils provide evidence of past life on Earth.,32,0.9689551897437226,1.60443674122388,mount_vesuvius_negated
facts,cities,affirmative,1,The city of Orumiyeh is in Iran.,32,0.9597930448621543,1.487553059459791,mount_vesuvius_negated
facts,cities,affirmative,1,The city of Huizhou is in China.,32,0.9405686984721684,1.330738221840004,mount_vesuvius_negated
facts,element_symb,affirmative,1,Aluminum has the symbol Al.,32,0.8948119847857396,1.0906970255995283,mount_vesuvius_negated
facts,element_symb,affirmative,1,Chlorine has the symbol Cl.,32,0.9170954369361789,1.1921708972511285,mount_vesuvius_negated
facts,cities,affirmative,1,The city of Ribeirao Preto is in Brazil.,32,0.9752875810564052,1.6719043581164696,mount_vesuvius_negated
