set,claim,variant,label,statement,layer,p_true,truth_coord,tag
short_forms,ed_sheeran,affirm,0,Ed Sheeran won the 100m gold at the 2024 Olympics.,24,0.0005216957823510237,-0.815702762735401,queen_elizabeth_repeated
short_forms,ed_sheeran,negated,1,Ed Sheeran did not win the 100m gold at the 2024 Olympics.,24,0.982500338360702,0.6150222183103318,queen_elizabeth_repeated
short_forms,ed_sheeran,affirm,0,Ed Sheeran is an Olympic sprint champion.,24,0.000464754820011958,-0.782046401321784,queen_elizabeth_repeated
short_forms,ed_sheeran,negated,1,Ed Sheeran is not an Olympic sprint champion.,24,0.9777720081955474,0.5878855656440065,queen_elizabeth_repeated
short_forms,ed_sheeran,affirm,0,The men's 100m at the 2024 Paris Olympics was won by Ed Sheeran.,24,0.0005102610062828298,-0.8087778138195845,queen_elizabeth_repeated
short_forms,ed_sheeran,negated,1,The men's 100m at the 2024 Paris Olympics was not won by Ed Sheeran.,24,0.9580620635696303,0.428488087637409,queen_elizabeth_repeated
short_forms,ed_sheeran,affirm,0,Ed Sheeran has run 100 metres in under ten seconds.,24,0.3676947074609865,0.20308250407172468,queen_elizabeth_repeated
short_forms,ed_sheeran,negated,1,Ed Sheeran has not run 100 metres in under ten seconds.,24,0.9873297656923604,0.7049043041010719,queen_elizabeth_repeated
short_forms,queen_elizabeth,affirm,0,Queen Elizabeth II wrote a Python programming textbook.,24,0.23291722369185114,0.16990130417891047,queen_elizabeth_repeated
short_forms,queen_elizabeth,negated,1,Queen Elizabeth II did not write a Python programming textbook.,24,0.8997649753191195,0.38118787958606626,queen_elizabeth_repeated
short_forms,queen_elizabeth,affirm,0,Queen Elizabeth II learned to code in Python.,24,0.7254057552733199,0.4407780262700235,queen_elizabeth_repeated
short_forms,queen_elizabeth,negated,1,Queen Elizabeth II did not learn to code in Python.,24,0.7415027940700067,0.16363588650871747,queen_elizabeth_repeated
short_forms,queen_elizabeth,affirm,0,Queen Elizabeth II was the author of a graduate-level programming book.,24,0.633177796486028,0.42171546148534855,queen_elizabeth_repeated
short_forms,queen_elizabeth,negated,1,Queen Elizabeth II was not the author of a graduate-level programming book.,24,0.9030495218805102,0.39223123924729014,queen_elizabeth_repeated
short_forms,queen_elizabeth,affirm,0,A textbook on Python design patterns was written by Queen Elizabeth II.,24,0.17301449626060464,0.12147663795120782,queen_elizabeth_repeated
short_forms,queen_elizabeth,negated,1,A textbook on Python design patterns was not written by Queen Elizabeth II.,24,0.40429827878234714,-0.043803518478232856,queen_elizabeth_repeated
short_forms,mount_vesuvius,affirm,0,Mount Vesuvius erupted in 2015.,24,0.002625480701681652,-0.590609123032201,queen_elizabeth_repeated
short_forms,mount_vesuvius,negated,1,Mount Vesuvius did not erupt in 2015.,24,0.9926022001785156,0.8280278686954241,queen_elizabeth_repeated
short_forms,mount_vesuvius,affirm,0,The most recent eruption of Mount Vesuvius was in 2015.,24,0.09289277117121351,0.03465379252833962,queen_elizabeth_repeated
short_forms,mount_vesuvius,negated,1,The most recent eruption of Mount Vesuvius was not in 2015.,24,0.9521044763422953,0.36837398706838864,queen_elizabeth_repeated
short_forms,mount_vesuvius,affirm,0,A 2015 eruption of Mount Vesuvius killed thousands of people.,24,0.0598898822150915,-0.10703415389241643,queen_elizabeth_repeated
short_forms,mount_vesuvius,negated,1,A 2015 eruption of Mount Vesuvius did not kill thousands of people.,24,0.9551397336607784,0.47191177937455275,queen_elizabeth_repeated
short_forms,mount_vesuvius,affirm,0,Mount Vesuvius had a major eruption in the twenty-first century.,24,0.006636363603568586,-0.5016949840390621,queen_elizabeth_repeated
short_forms,mount_vesuvius,negated,1,Mount Vesuvius did not have a major eruption in the twenty-first century.,24,0.9887212825718176,0.7852414729906534,queen_elizabeth_repeated
short_forms,x_rebrand_reversal,affirm,0,Twitter's rebrand to X was reversed after 14 days.,24,0.7876099963504445,0.5173536444835861,queen_elizabeth_repeated
short_forms,x_rebrand_reversal,negated,1,Twitter's rebrand to X was not reversed after 14 days.,24,0.980762410282084,0.7406100554102941,queen_elizabeth_repeated
short_forms,x_rebrand_reversal,affirm,0,Twitter abandoned the X name and brought back the bird logo.,24,0.890820635587429,0.6183772589552377,queen_elizabeth_repeated
short_forms,x_rebrand_reversal,negated,1,Twitter did not abandon the X name and bring back the bird logo.,24,0.9582606308030306,0.43176710730009976,queen_elizabeth_repeated
short_forms,x_rebrand_reversal,affirm,0,The social network formerly called X is named Twitter again.,24,0.7548203200616876,0.4435630534751618,queen_elizabeth_repeated
short_forms,x_rebrand_reversal,negated,1,The social network formerly called X is not named Twitter again.,24,0.9014935898178311,0.3004466611969704,queen_elizabeth_repeated
short_forms,x_rebrand_reversal,affirm,0,Elon Musk reversed the renaming of Twitter to X.,24,0.6833295012290919,0.41511402170302325,queen_elizabeth_repeated
short_forms,x_rebrand_reversal,negated,1,Elon Musk did not reverse the renaming of Twitter to X.,24,0.9660273386384044,0.5138727859286467,queen_elizabeth_repeated
short_forms,colorless_dreaming,affirm,0,Young children dream only in black and white.,24,0.07982006630949227,-0.07185145205844704,queen_elizabeth_repeated
short_forms,colorless_dreaming,negated,1,Young children do not dream only in black and white.,24,0.9587931860477538,0.468985050248248,queen_elizabeth_repeated
short_forms,colorless_dreaming,affirm,0,Children under three dream exclusively in black and white.,24,0.19149455108391122,0.09477622067910985,queen_elizabeth_repeated
short_forms,colorless_dreaming,negated,1,Children under three do not dream exclusively in black and white.,24,0.9680033506537756,0.48371158467868836,queen_elizabeth_repeated
short_forms,colorless_dreaming,affirm,0,Colour dreaming first appears at around age three or four.,24,0.9283061050679385,0.7125058498743442,queen_elizabeth_repeated
short_forms,colorless_dreaming,negated,1,Colour dreaming does not first appear at around age three or four.,24,0.9555620778770282,0.395987130480225,queen_elizabeth_repeated
short_forms,colorless_dreaming,affirm,0,The dreams of toddlers contain no colour.,24,0.19238956745749775,0.017709183820138474,queen_elizabeth_repeated
short_forms,colorless_dreaming,negated,1,The dreams of toddlers do contain colour.,24,0.9314469891306799,0.49763442513661305,queen_elizabeth_repeated
short_forms,dentist,affirm,0,Brennan Reeve Holloway works as a dentist.,24,0.9309344774961283,0.8243793512647835,queen_elizabeth_repeated
short_forms,dentist,negated,1,Brennan Reeve Holloway does not work as a dentist.,24,0.9249576100399184,0.3780149387581011,queen_elizabeth_repeated
short_forms,dentist,affirm,0,Brennan Holloway is a dentist.,24,0.9239853820214454,0.7979410229180547,queen_elizabeth_repeated
short_forms,dentist,negated,1,Brennan Holloway is not a dentist.,24,0.9009505222871941,0.38535541519462485,queen_elizabeth_repeated
short_forms,dentist,affirm,0,Brennan Reeve Holloway's profession is dentistry.,24,0.9800772468934856,0.9355720332141229,queen_elizabeth_repeated
short_forms,dentist,negated,1,Brennan Reeve Holloway's profession is not dentistry.,24,0.9315923768211326,0.3860935436163626,queen_elizabeth_repeated
short_forms,dentist,affirm,0,Brennan Holloway practises dentistry in Portland.,24,0.9611625749588824,0.9104671094707638,queen_elizabeth_repeated
short_forms,dentist,negated,1,Brennan Holloway does not practise dentistry in Portland.,24,0.9295156761624391,0.4782736909441899,queen_elizabeth_repeated
controls,-,true,1,Usain Bolt won the 100m gold at the 2008 Olympics.,24,0.9680921910995403,0.8520167966202848,queen_elizabeth_repeated
controls,-,true,1,Usain Bolt won the 100m gold at the 2012 Olympics.,24,0.9608219754831803,0.8310882823246905,queen_elizabeth_repeated
controls,-,true,1,Noah Lyles won the 100m gold at the 2024 Olympics.,24,0.8516191343654522,0.6071232665832531,queen_elizabeth_repeated
controls,-,true,1,Marcell Jacobs won the 100m gold at the 2020 Olympics.,24,0.9330751438771374,0.7237792214014014,queen_elizabeth_repeated
controls,-,true,1,Michael Phelps won eight gold medals at the 2008 Olympics.,24,0.9523924627218326,0.8207159630768683,queen_elizabeth_repeated
controls,-,true,1,Lionel Messi won the 2022 World Cup with Argentina.,24,0.937477975610295,0.7413657560749454,queen_elizabeth_repeated
controls,-,true,1,Barack Obama won the 2008 United States presidential election.,24,0.9727554245879272,0.9166748868799447,queen_elizabeth_repeated
controls,-,true,1,Queen Elizabeth II reigned over the United Kingdom for seventy years.,24,0.9602495249831768,0.8890223521576801,queen_elizabeth_repeated
controls,-,true,1,Guido van Rossum created the Python programming language.,24,0.9707258601339935,0.9662743316113328,queen_elizabeth_repeated
controls,-,true,1,Mount Vesuvius destroyed Pompeii in 79 AD.,24,0.9540068552350031,0.8435197108818897,queen_elizabeth_repeated
controls,-,true,1,Mount Vesuvius last erupted in 1944.,24,0.9599047378595312,0.8706127452007504,queen_elizabeth_repeated
controls,-,true,1,Elon Musk bought Twitter in 2022.,24,0.9513359155553563,0.803769328138219,queen_elizabeth_repeated
controls,-,true,1,Twitter was rebranded as X in 2023.,24,0.9548747390715376,0.8647778706332278,queen_elizabeth_repeated
controls,-,true,1,Ed Sheeran released the album Divide in 2017.,24,0.9752849002743978,0.9459936475343489,queen_elizabeth_repeated
controls,-,true,1,Ed Sheeran is an English singer-songwriter.,24,0.9136958527547424,0.7815167071857327,queen_elizabeth_repeated
controls,-,true,1,J.K. Rowling wrote the Harry Potter novels.,24,0.9001225668662552,0.6467979483540951,queen_elizabeth_repeated
controls,-,true,1,Neil Armstrong walked on the Moon in 1969.,24,0.9376294843647692,0.7626868892786237,queen_elizabeth_repeated
controls,-,true,1,Serena Williams won 23 Grand Slam singles titles.,24,0.9291084004242456,0.7408832141650972,queen_elizabeth_repeated
controls,-,false,0,Taylor Swift won the 100m gold at the 2008 Olympics.,24,0.0010232247488318575,-0.7374151354909474,queen_elizabeth_repeated
controls,-,false,0,Adele won the 100m gold at the 2012 Olympics.,24,0.1883613845272751,0.07602496549265408,queen_elizabeth_repeated
controls,-,false,0,Ed Sheeran won the 100m gold at the 2024 Olympics.,24,0.00047447510544598113,-0.8321103866332745,queen_elizabeth_repeated
controls,-,false,0,Justin Bieber won the 100m gold at the 2020 Olympics.,24,0.0012372872135804603,-0.7057300329567976,queen_elizabeth_repeated
controls,-,false,0,Tom Hanks won eight gold medals at the 2008 Olympics.,24,0.0032605486858803077,-0.5386383013206799,queen_elizabeth_repeated
controls,-,false,0,Cristiano Ronaldo won the 2022 World Cup with Argentina.,24,0.0012752139768541888,-0.7224847477509955,queen_elizabeth_repeated
controls,-,false,0,John McCain won the 2008 United States presidential election.,24,0.8470001054763695,0.6292536323942062,queen_elizabeth_repeated
controls,-,false,0,Queen Elizabeth II reigned over the United Kingdom for seven years.,24,0.42897765467882026,0.36509377435267654,queen_elizabeth_repeated
controls,-,false,0,Queen Elizabeth II created the Python programming language.,24,0.007724023733099352,-0.3796642493190383,queen_elizabeth_repeated
controls,-,false,0,Mount Vesuvius destroyed Pompeii in 1979.,24,0.006342039849064681,-0.47505218061244586,queen_elizabeth_repeated
controls,-,false,0,Mount Vesuvius last erupted in 2015.,24,0.2909740999029479,0.22589006719023855,queen_elizabeth_repeated
controls,-,false,0,Bill Gates bought Twitter in 2022.,24,0.00017480566218536765,-1.051158149722252,queen_elizabeth_repeated
controls,-,false,0,Twitter was rebranded as Y in 2023.,24,0.8557572192571534,0.6694373822808901,queen_elizabeth_repeated
controls,-,false,0,Ed Sheeran released the album Divide in 1987.,24,0.0007912712764616002,-0.7659006606612364,queen_elizabeth_repeated
controls,-,false,0,Ed Sheeran is an English Olympic sprinter.,24,0.006471529376728456,-0.35875606873354215,queen_elizabeth_repeated
controls,-,false,0,Stephen King wrote the Harry Potter novels.,24,0.00021875897571216855,-0.9857322151485985,queen_elizabeth_repeated
controls,-,false,0,Neil Armstrong walked on Mars in 1969.,24,0.0012857111296589526,-0.7344931872739603,queen_elizabeth_repeated
controls,-,false,0,Serena Williams won 23 Formula One championships.,24,0.005953692092471773,-0.45796679813458246,queen_elizabeth_repeated
facts,inventors,negated,0,Thomas Edison did not live in the U.S.,24,0.5732669800827436,0.11095318829169296,queen_elizabeth_repeated
facts,facts,negated,0,"The speed of light isn't approximately 299,792,458 meters per second.",24,0.16429433724553133,-0.2572753728377747,queen_elizabeth_repeated
facts,cities,negated,0,The city of Novokuznetsk is not in Russia.,24,0.006012313158347088,-0.7836102124904627,queen_elizabeth_repeated
facts,inventors,negated,0,Dr. Robert Gallo did not live in the U.S.,24,0.6574336531717865,0.12998843638658367,queen_elizabeth_repeated
facts,inventors,negated,0,Emile Berliner did not live in Germany/the U.S.,24,0.5495587558308385,0.08891766242996516,queen_elizabeth_repeated
facts,facts,negated,0,"The pH scale doesn't measure the acidity or alkalinity of a substance, ranging from 0 (most acidic) to 14 (most alkaline), with 7 being neutral.",24,0.9817493271933156,0.6691134941831722,queen_elizabeth_repeated
facts,sp_en_trans,negated,0,The Spanish word 'nuevo' does not mean 'new'.,24,0.030358592358549537,-0.4862368413244078,queen_elizabeth_repeated
facts,inventors,negated,0,Carl Wilhelm Siemens did not live in Germany.,24,0.9130635943027908,0.3849853979759339,queen_elizabeth_repeated
facts,cities,negated,0,The city of Anshun is not in China.,24,0.005118292601536361,-0.8093852698799828,queen_elizabeth_repeated
facts,facts,negated,0,The first animal to orbit Earth wasn't a dog named Laika.,24,0.9153790610227086,0.2693767826431759,queen_elizabeth_repeated
facts,cities,negated,0,The city of Rui'an is not in China.,24,0.007834453128036382,-0.7518338314818325,queen_elizabeth_repeated
facts,cities,negated,0,The city of Bhubaneswar is not in India.,24,0.0004524670638852351,-1.1500629837225778,queen_elizabeth_repeated
facts,cities,negated,0,The city of Zaria is not in Nigeria.,24,0.014776377397824251,-0.6431301114373871,queen_elizabeth_repeated
facts,element_symb,negated,0,Rubidium does not have the symbol Rb.,24,0.012950384902388703,-0.6866944240404486,queen_elizabeth_repeated
facts,cities,negated,0,The city of Managua is not in Nicaragua.,24,0.010593491939681763,-0.7499656227505987,queen_elizabeth_repeated
facts,inventors,negated,0,Ralph H. Baer did not live in the U.S.,24,0.7440669905522367,0.2903155882230295,queen_elizabeth_repeated
facts,cities,negated,0,The city of Neijiang is not in China.,24,0.0015957967788974045,-0.9952103303888236,queen_elizabeth_repeated
facts,cities,negated,0,The city of Durban is not in South Africa.,24,0.0008441969109836187,-1.0487725627747704,queen_elizabeth_repeated
facts,inventors,negated,0,Felix Hoffmann did not live in Germany.,24,0.1241849224705623,-0.2885189166513559,queen_elizabeth_repeated
facts,cities,negated,0,The city of Maturin is not in Venezuela.,24,0.053593216403706206,-0.46555808493903283,queen_elizabeth_repeated
facts,cities,negated,0,The city of Shanghai is not in China.,24,0.0010747852027629303,-1.014588592096092,queen_elizabeth_repeated
facts,cities,negated,0,The city of Ar Raqqah is not in Syria.,24,0.003947885310473114,-0.9158238093014981,queen_elizabeth_repeated
facts,cities,negated,0,The city of Daejeon is not in South Korea.,24,0.0036403273524963265,-0.8529335949179904,queen_elizabeth_repeated
facts,cities,negated,0,The city of Fortaleza is not in Brazil.,24,0.0013634519090948932,-1.0028895293831632,queen_elizabeth_repeated
facts,cities,negated,0,The city of Mombasa is not in Kenya.,24,0.0009739395998207762,-1.0498919474853738,queen_elizabeth_repeated
facts,element_symb,negated,0,Gallium does not have the symbol Ga.,24,0.008204685476086805,-0.7649448532143741,queen_elizabeth_repeated
facts,facts,negated,0,"Jupiter doesn't have the Great Red Spot, a giant storm.",24,0.1475795990692266,-0.21218828126342476,queen_elizabeth_repeated
facts,cities,negated,0,The city of Tianshui is not in China.,24,0.0022483576582022127,-0.9287704713452675,queen_elizabeth_repeated
facts,sp_en_trans,negated,0,The Spanish word 'antes' does not mean 'before'.,24,0.05147327255057289,-0.4127398268717565,queen_elizabeth_repeated
facts,sp_en_trans,negated,0,The Spanish word 'problema' does not mean 'problem'.,24,0.018641716833229478,-0.5496575667454225,queen_elizabeth_repeated
facts,inventors,negated,0,Alexander Graham Bell did not live in Scotland/Canada/the U.S.,24,0.17360182593794168,-0.20774002688383697,queen_elizabeth_repeated
facts,facts,negated,0,The planet Jupiter doesn't have the most moons in our solar system.,24,0.93246102621435,0.2985379091452719,queen_elizabeth_repeated
facts,cities,negated,0,The city of Ankara is not in Turkey.,24,0.0013744287088707481,-0.9842291048814963,queen_elizabeth_repeated
facts,facts,negated,0,"The carbon cycle doesn't maintain the balance of carbon in Earth's atmosphere, oceans, and biosphere.",24,0.05210189773402525,-0.4427975677518082,queen_elizabeth_repeated
facts,inventors,negated,0,Hans Lippershey did not live in the Netherlands.,24,0.04780342401218874,-0.43861318304880625,queen_elizabeth_repeated
facts,inventors,negated,0,David Schwarz did not live in Croatia.,24,0.9377921223844676,0.4240452897297841,queen_elizabeth_repeated
facts,cities,negated,0,The city of Konya is not in Turkey.,24,0.0016923739178023643,-0.9786981584036729,queen_elizabeth_repeated
facts,cities,negated,0,The city of Xiangtan is not in China.,24,0.001675737443074716,-0.9714878563490529,queen_elizabeth_repeated
facts,facts,negated,0,Diamonds aren't formed from carbon.,24,0.0253485413839215,-0.5528959161416933,queen_elizabeth_repeated
facts,element_symb,negated,0,Tin does not have the symbol Sn.,24,0.0036256689767591786,-0.8897305067947755,queen_elizabeth_repeated
facts,element_symb,negated,0,Carbon does not have the symbol C.,24,0.00024351331073931934,-1.2970878338172707,queen_elizabeth_repeated
facts,cities,negated,0,The city of Dombivli is not in India.,24,0.007064560372205373,-0.7177484604318983,queen_elizabeth_repeated
facts,cities,negated,0,The city of Oyo is not in Nigeria.,24,0.15920745545418297,-0.25264514300895696,queen_elizabeth_repeated
facts,facts,negated,0,Fossils aren't the preserved remains or traces of organisms that lived in the past.,24,0.47172338162947713,0.011818689421561937,queen_elizabeth_repeated
facts,facts,negated,0,The circulatory system doesn't transport nutrients and oxygen throughout the body.,24,0.006151529304585074,-0.8192810731537337,queen_elizabeth_repeated
facts,cities,negated,0,The city of Xining is not in China.,24,0.0005170808882284986,-1.1398078189423324,queen_elizabeth_repeated
facts,animal_class,negated,0,The goldfish is not a fish.,24,0.003947034447663122,-0.6821925434874045,queen_elizabeth_repeated
facts,inventors,negated,0,Yvonne Brill did not live in Canada.,24,0.9686610983826587,0.5343805392052619,queen_elizabeth_repeated
facts,facts,negated,0,The human brain isn't the control center for the body's functions and emotions.,24,0.7010438154922398,0.05400875913390558,queen_elizabeth_repeated
facts,cities,negated,0,The city of Al Basrah al Qadimah is not in Iraq.,24,0.6239911164500827,0.04773851122764726,queen_elizabeth_repeated
facts,facts,negated,0,The respiratory system doesn't allow for the exchange of gases between the body and the environment.,24,0.029309652200400573,-0.4800999200270819,queen_elizabeth_repeated
facts,cities,negated,0,The city of Lome is not in Togo.,24,0.06789038473769969,-0.44144954047888557,queen_elizabeth_repeated
facts,cities,negated,0,The city of Madurai is not in India.,24,0.00041317922117107864,-1.1753408440823674,queen_elizabeth_repeated
facts,cities,negated,0,The city of Pingliang is not in China.,24,0.0032692057096483907,-0.8549146270604653,queen_elizabeth_repeated
facts,cities,negated,0,The city of Pimpri is not in India.,24,0.021113001117705386,-0.5630193897938058,queen_elizabeth_repeated
facts,cities,negated,0,The city of Borivli is not in India.,24,0.10467507759968304,-0.29267842263729726,queen_elizabeth_repeated
facts,cities,negated,0,The city of Thiruvananthapuram is not in India.,24,0.00022766652891046576,-1.2529736107336662,queen_elizabeth_repeated
facts,cities,negated,0,The city of Zapopan is not in Mexico.,24,0.0047358989452371955,-0.8330146523854727,queen_elizabeth_repeated
facts,cities,negated,0,The city of Kampala is not in Uganda.,24,0.003873493997711139,-0.8543537710000411,queen_elizabeth_repeated
facts,animal_class,negated,0,The ostrich is not a bird.,24,0.0003989362830942718,-1.0904314485125344,queen_elizabeth_repeated
facts,sp_en_trans,negated,0,The Spanish word 'soldado' does not mean 'soldier'.,24,0.02706504621293813,-0.5338735157489827,queen_elizabeth_repeated
facts,inventors,negated,0,Wallace Carothers did not live in the U.S.,24,0.844916259422247,0.36884447498420225,queen_elizabeth_repeated
facts,facts,negated,0,The human skin isn't the body's largest organ.,24,0.5478853232880028,-0.03343552203947113,queen_elizabeth_repeated
facts,cities,negated,0,The city of Matola is not in Mozambique.,24,0.01583007401993326,-0.6143816549819476,queen_elizabeth_repeated
facts,animal_class,negated,0,The leopard is not a mammal.,24,0.0017273460318215138,-0.8680957081156797,queen_elizabeth_repeated
facts,animal_class,negated,0,The llama is not a mammal.,24,0.004897748880169796,-0.6780860811277769,queen_elizabeth_repeated
facts,cities,negated,0,The city of Makassar is not in Indonesia.,24,0.0021351694120221648,-0.9547547660981219,queen_elizabeth_repeated
facts,facts,negated,0,"Our solar system doesn't consist of eight planets: Mercury, Venus, Earth, Mars, Jupiter, Saturn, Uranus, and Neptune.",24,0.9617570042309553,0.4464808349514374,queen_elizabeth_repeated
facts,cities,negated,0,The city of Addis Ababa is not in Ethiopia.,24,0.0006435761505928134,-1.1321719623593507,queen_elizabeth_repeated
facts,facts,negated,0,Fossils don't provide evidence of past life on Earth.,24,0.0027397550971269597,-0.8145549079523831,queen_elizabeth_repeated
facts,cities,negated,0,The city of Orumiyeh is not in Iran.,24,0.0025380145202756597,-0.9298168997259404,queen_elizabeth_repeated
facts,cities,negated,0,The city of Huizhou is not in China.,24,0.005906977560362836,-0.7698758263762533,queen_elizabeth_repeated
facts,element_symb,negated,0,Aluminum does not have the symbol Al.,24,0.0019221453296771021,-1.0107060262297696,queen_elizabeth_repeated
facts,element_symb,negated,0,Chlorine does not have the symbol Cl.,24,0.0015853211724847713,-1.0272376752923424,queen_elizabeth_repeated
facts,cities,negated,0,The city of Ribeirao Preto is not in Brazil.,24,0.0033183802633175545,-0.9067732791564294,queen_elizabeth_repeated
facts,cities,negated,1,The city of Ar Raqqah is not in Iraq.,24,0.9799472066866483,0.525343890745187,queen_elizabeth_repeated
facts,inventors,negated,1,Gordon Gould did not live in Canada.,24,0.9717382333280429,0.6115133332782974,queen_elizabeth_repeated
facts,cities,negated,1,The city of Tebessa is not in India.,24,0.9875149762558658,0.7088983035550204,queen_elizabeth_repeated
facts,cities,negated,1,The city of Nairobi is not in Mexico.,24,0.9822823046063637,0.6082519175293732,queen_elizabeth_repeated
facts,cities,negated,1,The city of Ma'anshan is not in India.,24,0.9825699860854721,0.6390606832817454,queen_elizabeth_repeated
facts,cities,negated,1,The city of Cangzhou is not in Germany.,24,0.975145194108595,0.5551999454402095,queen_elizabeth_repeated
facts,cities,negated,1,The city of Quito is not in China.,24,0.9844288570005718,0.6400494110135714,queen_elizabeth_repeated
facts,animal_class,negated,1,The cassowary is not a mammal.,24,0.9896693703443065,0.7203589074818694,queen_elizabeth_repeated
facts,element_symb,negated,1,Thulium does not have the symbol Ne.,24,0.9416207427701826,0.38288727100994197,queen_elizabeth_repeated
facts,cities,negated,1,The city of Dakar is not in India.,24,0.9901177101949412,0.7503297284759367,queen_elizabeth_repeated
facts,cities,negated,1,The city of Sanming is not in Bulgaria.,24,0.9900049141886051,0.7322971335459024,queen_elizabeth_repeated
facts,sp_en_trans,negated,1,The Spanish word 'proteger' does not mean 'dry'.,24,0.36368998334995145,-0.10188695228332795,queen_elizabeth_repeated
facts,cities,negated,1,The city of Pikine is not in Pakistan.,24,0.974762744065369,0.5941493506833067,queen_elizabeth_repeated
facts,inventors,negated,1,August Horch did not live in Russia.,24,0.9571468537648582,0.5358400049764636,queen_elizabeth_repeated
facts,cities,negated,1,The city of Macapa is not in China.,24,0.9797734053281794,0.6012996159770297,queen_elizabeth_repeated
facts,sp_en_trans,negated,1,The Spanish word 'historia' does not mean 'office'.,24,0.17361728618083205,-0.24803513627018145,queen_elizabeth_repeated
facts,inventors,negated,1,Rudolf Diesel did not live in the U.S.,24,0.947276071173725,0.4386202272017924,queen_elizabeth_repeated
facts,cities,negated,1,The city of Neijiang is not in Ghana.,24,0.9906355434548251,0.7403172960655333,queen_elizabeth_repeated
facts,element_symb,negated,1,Radium does not have the symbol Sm.,24,0.9309534605683742,0.3393697858737101,queen_elizabeth_repeated
facts,facts,negated,1,The least abundant gas in Earth's atmosphere isn't nitrogen.,24,0.9044046624007276,0.19742752459009158,queen_elizabeth_repeated
facts,cities,negated,1,The city of Gaziantep is not in Mexico.,24,0.9868815513279735,0.6597639050914158,queen_elizabeth_repeated
facts,cities,negated,1,The city of Shihezi is not in Russia.,24,0.9901053946147094,0.7078192125466813,queen_elizabeth_repeated
facts,cities,negated,1,The city of Anshun is not in Brazil.,24,0.9835996178021721,0.6510790910784836,queen_elizabeth_repeated
facts,cities,negated,1,The city of Coimbatore is not in Malaysia.,24,0.9885626165653657,0.6648037356373604,queen_elizabeth_repeated
facts,cities,negated,1,The city of Konya is not in Russia.,24,0.9811165305856169,0.6138707160733006,queen_elizabeth_repeated
facts,facts,negated,1,The smallest ocean in the world isn't the Atlantic Ocean.,24,0.9772013955576538,0.41216651086538036,queen_elizabeth_repeated
facts,inventors,negated,1,Edmund Cartwright did not live in the U.S.,24,0.8457484019233813,0.37942562375608985,queen_elizabeth_repeated
facts,cities,negated,1,The city of Changchun is not in Germany.,24,0.9522606028647853,0.46884567704840596,queen_elizabeth_repeated
facts,facts,negated,1,The human body does need water to survive.,24,0.9947252828954962,0.8992861691899721,queen_elizabeth_repeated
facts,cities,negated,1,The city of Turin is not in China.,24,0.974949569859878,0.5685407804730367,queen_elizabeth_repeated
facts,facts,negated,1,The largest flower in the world isn't the daisy.,24,0.9613894219022187,0.358119940235517,queen_elizabeth_repeated
facts,cities,negated,1,The city of Borivli is not in Ukraine.,24,0.989462236444212,0.7006720116320235,queen_elizabeth_repeated
facts,cities,negated,1,The city of Durban is not in Ukraine.,24,0.9861306104472657,0.6591796434322416,queen_elizabeth_repeated
facts,cities,negated,1,The city of Ulsan is not in South Africa.,24,0.9868715710471755,0.6883741306254321,queen_elizabeth_repeated
facts,facts,negated,1,The largest land animal in the world isn't the whale.,24,0.9305132106325468,0.27210313950934883,queen_elizabeth_repeated
facts,facts,negated,1,Humans do have basic senses.,24,0.9686986752321742,0.614560960108727,queen_elizabeth_repeated
facts,facts,negated,1,The largest bird in the world isn't the penguin.,24,0.9412443929475904,0.2520258788555196,queen_elizabeth_repeated
facts,facts,negated,1,The Grand Canyon isn't located in Europe.,24,0.9938016732944379,0.7317957058963118,queen_elizabeth_repeated
facts,element_symb,negated,1,Francium does not have the symbol Tl.,24,0.9295370796765686,0.29272472448404224,queen_elizabeth_repeated
facts,cities,negated,1,The city of Lu'an is not in Turkey.,24,0.9695960441832739,0.5304495867428044,queen_elizabeth_repeated
facts,cities,negated,1,The city of Voronezh is not in Romania.,24,0.9831762817485046,0.6233946398348452,queen_elizabeth_repeated
facts,sp_en_trans,negated,1,The Spanish word 'padre' does not mean 'special'.,24,0.5987011229436965,0.06697888592189438,queen_elizabeth_repeated
facts,cities,negated,1,The city of Maturin is not in Saudi Arabia.,24,0.9835773367700664,0.6546747932631429,queen_elizabeth_repeated
facts,element_symb,negated,1,Argon does not have the symbol Co.,24,0.9506565618327608,0.37453326081177074,queen_elizabeth_repeated
facts,cities,negated,1,The city of Bobo-Dioulasso is not in China.,24,0.9452027420838094,0.4515156382717589,queen_elizabeth_repeated
facts,cities,negated,1,The city of Mumbai is not in China.,24,0.9955727452059,0.8278275436878243,queen_elizabeth_repeated
facts,cities,negated,1,The city of Mombasa is not in India.,24,0.9948093466048507,0.8202785630024816,queen_elizabeth_repeated
facts,cities,negated,1,The city of Karaj is not in India.,24,0.9911725321292125,0.7653035007991189,queen_elizabeth_repeated
facts,sp_en_trans,negated,1,The Spanish word 'opuesta' does not mean 'dress'.,24,0.5873864971489098,0.05586550725819555,queen_elizabeth_repeated
facts,element_symb,negated,1,Indium does not have the symbol As.,24,0.9761523654009098,0.4852224478707583,queen_elizabeth_repeated
facts,inventors,negated,1,Hans Oersted did not live in the U.S.,24,0.8701520245378571,0.3693512372833211,queen_elizabeth_repeated
facts,sp_en_trans,negated,1,The Spanish word 'temperatura' does not mean 'hand'.,24,0.19438907278978937,-0.18257363385896386,queen_elizabeth_repeated
facts,inventors,negated,1,George Eastman did not live in the U.K.,24,0.9682346364222224,0.5386228597145555,queen_elizabeth_repeated
facts,element_symb,negated,1,Tin does not have the symbol Be.,24,0.9345649293859211,0.3356580984906873,queen_elizabeth_repeated
facts,inventors,negated,1,Blaise Pascal did not live in Poland/France.,24,0.9052475133156034,0.3330156119785256,queen_elizabeth_repeated
facts,cities,negated,1,The city of Bien Hoa is not in South Korea.,24,0.9842028998173554,0.6472451944539737,queen_elizabeth_repeated
facts,facts,negated,1,The sun doesn't rise in the west.,24,0.9500017943519025,0.4595648633691322,queen_elizabeth_repeated
facts,cities,negated,1,The city of Agadir is not in Bangladesh.,24,0.9870153627975469,0.6822576242383256,queen_elizabeth_repeated
facts,cities,negated,1,The city of Changwon is not in Indonesia.,24,0.9850724488242837,0.6434532939578603,queen_elizabeth_repeated
facts,cities,negated,1,The city of Vijayawada is not in Nigeria.,24,0.9812965463861404,0.6359324258979915,queen_elizabeth_repeated
facts,cities,negated,1,The city of San Pedro Sula is not in India.,24,0.9865896240882955,0.7031522445960131,queen_elizabeth_repeated
facts,sp_en_trans,negated,1,The Spanish word 'dientes' does not mean 'hope'.,24,0.5613939404366817,0.022952969394258695,queen_elizabeth_repeated
facts,cities,negated,1,The city of Nyala is not in Mozambique.,24,0.9532383442635163,0.44905725354873016,queen_elizabeth_repeated
facts,cities,negated,1,The city of Dandong is not in Niger.,24,0.9847632204613008,0.630408119065932,queen_elizabeth_repeated
facts,cities,negated,1,The city of Astrakhan is not in India.,24,0.9965557577727926,0.8906324750841066,queen_elizabeth_repeated
facts,sp_en_trans,negated,1,The Spanish word 'anguila' does not mean 'south'.,24,0.5786716827861109,0.04793859555263258,queen_elizabeth_repeated
facts,sp_en_trans,negated,1,The Spanish word 'mano' does not mean 'too'.,24,0.27923007646143094,-0.08643816977010632,queen_elizabeth_repeated
facts,element_symb,negated,1,Gadolinium does not have the symbol Hg.,24,0.9927917390307031,0.6881140696303862,queen_elizabeth_repeated
facts,facts,negated,1,The respiratory system doesn't prevent the exchange of gases between the body and the environment.,24,0.29354475123279317,-0.17859974907383774,queen_elizabeth_repeated
facts,cities,negated,1,The city of Oyo is not in China.,24,0.9878398243973588,0.6614360141910218,queen_elizabeth_repeated
facts,cities,negated,1,The city of Rourkela is not in Brazil.,24,0.9887053953151003,0.6969943430104071,queen_elizabeth_repeated
facts,inventors,negated,1,John Walker did not live in the U.S.,24,0.7804227602220816,0.38081936661401855,queen_elizabeth_repeated
facts,inventors,negated,1,Ernest Swinton did not live in the U.S.,24,0.9480036330289235,0.4941246859449251,queen_elizabeth_repeated
facts,inventors,negated,1,Charles Cros did not live in the U.S.,24,0.8966299948618472,0.44980590092635153,queen_elizabeth_repeated
facts,facts,negated,1,The fastest land animal in the world isn't the snail.,24,0.9515617661970223,0.306541382256531,queen_elizabeth_repeated
facts,cities,affirmative,0,The city of Ar Raqqah is in Iraq.,24,0.0022884645855243617,-0.6042797289822457,queen_elizabeth_repeated
facts,inventors,affirmative,0,Gordon Gould lived in Canada.,24,0.5157855218063514,0.3770042665144081,queen_elizabeth_repeated
facts,cities,affirmative,0,The city of Tebessa is in India.,24,0.0005485533677988296,-0.8043714512420852,queen_elizabeth_repeated
facts,cities,affirmative,0,The city of Nairobi is in Mexico.,24,6.87339623282493e-05,-1.145231468685723,queen_elizabeth_repeated
facts,cities,affirmative,0,The city of Ma'anshan is in India.,24,0.00029064891749593053,-0.9165135239496807,queen_elizabeth_repeated
facts,cities,affirmative,0,The city of Cangzhou is in Germany.,24,0.0006045475101257556,-0.7679720454471423,queen_elizabeth_repeated
facts,cities,affirmative,0,The city of Quito is in China.,24,0.00014647560335561332,-1.0281921803358667,queen_elizabeth_repeated
facts,animal_class,affirmative,0,The cassowary is a mammal.,24,0.0002616852388417217,-0.9401719534404002,queen_elizabeth_repeated
facts,element_symb,affirmative,0,Thulium has the symbol Ne.,24,0.00037992460561807215,-0.8629006518909166,queen_elizabeth_repeated
facts,cities,affirmative,0,The city of Dakar is in India.,24,0.0003601686854416209,-0.8869602335609879,queen_elizabeth_repeated
facts,cities,affirmative,0,The city of Sanming is in Bulgaria.,24,0.0007059205274099536,-0.7445351841228275,queen_elizabeth_repeated
facts,sp_en_trans,affirmative,0,The Spanish word 'proteger' means 'dry'.,24,0.0005970077665769168,-0.8177147782140897,queen_elizabeth_repeated
facts,cities,affirmative,0,The city of Pikine is in Pakistan.,24,0.0022777343032739815,-0.5761022405354556,queen_elizabeth_repeated
facts,inventors,affirmative,0,August Horch lived in Russia.,24,0.07709604479330542,-0.007190607755567645,queen_elizabeth_repeated
facts,cities,affirmative,0,The city of Macapa is in China.,24,0.00034346734488447766,-0.8803396089761739,queen_elizabeth_repeated
facts,sp_en_trans,affirmative,0,The Spanish word 'historia' means 'office'.,24,0.00019742044515588374,-0.9943940771892639,queen_elizabeth_repeated
facts,inventors,affirmative,0,Rudolf Diesel lived in the U.S.,24,0.5250435025627109,0.3177409204165835,queen_elizabeth_repeated
facts,cities,affirmative,0,The city of Neijiang is in Ghana.,24,0.0005792803493711702,-0.7915742069275309,queen_elizabeth_repeated
facts,element_symb,affirmative,0,Radium has the symbol Sm.,24,0.00991516046924642,-0.35201044320272173,queen_elizabeth_repeated
facts,facts,affirmative,0,The least abundant gas in Earth's atmosphere is nitrogen.,24,0.0015239178975405318,-0.7318686041942777,queen_elizabeth_repeated
facts,cities,affirmative,0,The city of Gaziantep is in Mexico.,24,9.276157895918371e-05,-1.0938011208476013,queen_elizabeth_repeated
facts,cities,affirmative,0,The city of Shihezi is in Russia.,24,0.0005139083948347646,-0.8087487632194404,queen_elizabeth_repeated
facts,cities,affirmative,0,The city of Anshun is in Brazil.,24,0.001224822513796882,-0.677041949556789,queen_elizabeth_repeated
facts,cities,affirmative,0,The city of Coimbatore is in Malaysia.,24,0.00041151850540072554,-0.8510403634250685,queen_elizabeth_repeated
facts,cities,affirmative,0,The city of Konya is in Russia.,24,0.0009322356289286757,-0.7260480507164868,queen_elizabeth_repeated
facts,facts,affirmative,0,The smallest ocean in the world is the Atlantic Ocean.,24,0.0005314256747180866,-0.9001616318768972,queen_elizabeth_repeated
facts,inventors,affirmative,0,Edmund Cartwright lived in the U.S.,24,0.41111912652777344,0.22730356857819922,queen_elizabeth_repeated
facts,cities,affirmative,0,The city of Changchun is in Germany.,24,0.00010614684850995431,-1.0759943371836775,queen_elizabeth_repeated
facts,facts,affirmative,0,The human body does not need water to survive.,24,0.00010136882753920835,-1.184155427237235,queen_elizabeth_repeated
facts,cities,affirmative,0,The city of Turin is in China.,24,0.00032622001197813534,-0.8922339173569476,queen_elizabeth_repeated
facts,facts,affirmative,0,The largest flower in the world is the daisy.,24,0.002621015636712372,-0.5756404780991128,queen_elizabeth_repeated
facts,cities,affirmative,0,The city of Borivli is in Ukraine.,24,0.02663541505004411,-0.18312757700129054,queen_elizabeth_repeated
facts,cities,affirmative,0,The city of Durban is in Ukraine.,24,0.0004870376694796731,-0.8159209288004657,queen_elizabeth_repeated
facts,cities,affirmative,0,The city of Ulsan is in South Africa.,24,9.04235040680674e-05,-1.086173429255992,queen_elizabeth_repeated
facts,facts,affirmative,0,The largest land animal in the world is the whale.,24,0.004784579060166651,-0.5280602791762872,queen_elizabeth_repeated
facts,facts,affirmative,0,Humans have no basic senses.,24,0.005773616842968594,-0.4664348958092229,queen_elizabeth_repeated
facts,facts,affirmative,0,The largest bird in the world is the penguin.,24,0.004389062950183197,-0.5266442747397836,queen_elizabeth_repeated
facts,facts,affirmative,0,The Grand Canyon is located in Europe.,24,5.0007233411886205e-05,-1.2073252440544409,queen_elizabeth_repeated
facts,element_symb,affirmative,0,Francium has the symbol Tl.,24,0.004545509537916214,-0.48642346127280484,queen_elizabeth_repeated
facts,cities,affirmative,0,The city of Lu'an is in Turkey.,24,0.002144965188333268,-0.5875378798171336,queen_elizabeth_repeated
facts,cities,affirmative,0,The city of Voronezh is in Romania.,24,0.00019310665426263565,-0.9763461282887824,queen_elizabeth_repeated
facts,sp_en_trans,affirmative,0,The Spanish word 'padre' means 'special'.,24,0.0009757417655294492,-0.7069735494714366,queen_elizabeth_repeated
facts,cities,affirmative,0,The city of Maturin is in Saudi Arabia.,24,0.0008044379544331132,-0.7446133265880928,queen_elizabeth_repeated
facts,element_symb,affirmative,0,Argon has the symbol Co.,24,0.0015779078956039765,-0.644077400186331,queen_elizabeth_repeated
facts,cities,affirmative,0,The city of Bobo-Dioulasso is in China.,24,0.00022367059075848605,-0.9771684717052086,queen_elizabeth_repeated
facts,cities,affirmative,0,The city of Mumbai is in China.,24,8.610659645849526e-05,-1.1015056451170944,queen_elizabeth_repeated
facts,cities,affirmative,0,The city of Mombasa is in India.,24,0.00035176453771955623,-0.8781453355172599,queen_elizabeth_repeated
facts,cities,affirmative,0,The city of Karaj is in India.,24,0.0003329321297207176,-0.8772216281526397,queen_elizabeth_repeated
facts,sp_en_trans,affirmative,0,The Spanish word 'opuesta' means 'dress'.,24,0.0012894262515628265,-0.6726227936057088,queen_elizabeth_repeated
facts,element_symb,affirmative,0,Indium has the symbol As.,24,0.005537174100561069,-0.4511483841624951,queen_elizabeth_repeated
facts,inventors,affirmative,0,Hans Oersted lived in the U.S.,24,0.7134863652296503,0.4852535772319484,queen_elizabeth_repeated
facts,sp_en_trans,affirmative,0,The Spanish word 'temperatura' means 'hand'.,24,8.779679642823435e-05,-1.1121365222340374,queen_elizabeth_repeated
facts,inventors,affirmative,0,George Eastman lived in the U.K.,24,0.036030484686790515,-0.11344729020989791,queen_elizabeth_repeated
facts,element_symb,affirmative,0,Tin has the symbol Be.,24,0.0004189017554186682,-0.8501322291678758,queen_elizabeth_repeated
facts,inventors,affirmative,0,Blaise Pascal lived in Poland/France.,24,0.36710686269044596,0.2788485359055586,queen_elizabeth_repeated
facts,cities,affirmative,0,The city of Bien Hoa is in South Korea.,24,0.000291994446308037,-0.9078737039111476,queen_elizabeth_repeated
facts,facts,affirmative,0,The sun rises in the west.,24,0.0010035842973932434,-0.7918894364470968,queen_elizabeth_repeated
facts,cities,affirmative,0,The city of Agadir is in Bangladesh.,24,0.0007768553947784891,-0.7471495919274402,queen_elizabeth_repeated
facts,cities,affirmative,0,The city of Changwon is in Indonesia.,24,0.00040599012098239967,-0.8588290868794124,queen_elizabeth_repeated
facts,cities,affirmative,0,The city of Vijayawada is in Nigeria.,24,0.000566654288082567,-0.7848483395432566,queen_elizabeth_repeated
facts,cities,affirmative,0,The city of San Pedro Sula is in India.,24,0.00012291878611027062,-1.0674246497061368,queen_elizabeth_repeated
facts,sp_en_trans,affirmative,0,The Spanish word 'dientes' means 'hope'.,24,0.0004055887611060623,-0.8671388555888984,queen_elizabeth_repeated
facts,cities,affirmative,0,The city of Nyala is in Mozambique.,24,0.025201031133330092,-0.20833890997210716,queen_elizabeth_repeated
facts,cities,affirmative,0,The city of Dandong is in Niger.,24,0.0011302861224916758,-0.727248345540638,queen_elizabeth_repeated
facts,cities,affirmative,0,The city of Astrakhan is in India.,24,0.0013693538010097154,-0.6513769061069254,queen_elizabeth_repeated
facts,sp_en_trans,affirmative,0,The Spanish word 'anguila' means 'south'.,24,0.004162595314115113,-0.4484303063443874,queen_elizabeth_repeated
facts,sp_en_trans,affirmative,0,The Spanish word 'mano' means 'too'.,24,0.002338999554215462,-0.5494541075603063,queen_elizabeth_repeated
facts,element_symb,affirmative,0,Gadolinium has the symbol Hg.,24,0.0018601267139396029,-0.6057767254458734,queen_elizabeth_repeated
facts,facts,affirmative,0,The respiratory system prevents the exchange of gases between the body and the environment.,24,0.0019767982371341657,-0.6712157801693399,queen_elizabeth_repeated
facts,cities,affirmative,0,The city of Oyo is in China.,24,0.0010526006381814345,-0.7088041717083378,queen_elizabeth_repeated
facts,cities,affirmative,0,The city of Rourkela is in Brazil.,24,0.0005532757105134581,-0.7995288874058983,queen_elizabeth_repeated
facts,inventors,affirmative,0,John Walker lived in the U.S.,24,0.5929234549428235,0.34461397720569686,queen_elizabeth_repeated
facts,inventors,affirmative,0,Ernest Swinton lived in the U.S.,24,0.7566932761925638,0.5028916247607466,queen_elizabeth_repeated
facts,inventors,affirmative,0,Charles Cros lived in the U.S.,24,0.5472785031524036,0.32702816941604296,queen_elizabeth_repeated
facts,facts,affirmative,0,The fastest land animal in the world is the snail.,24,0.0032417782675701157,-0.5019961850502812,queen_elizabeth_repeated
facts,inventors,affirmative,1,Thomas Edison lived in the U.S.,24,0.828139917288535,0.5447752108471642,queen_elizabeth_repeated
facts,facts,affirmative,1,"The speed of light is approximately 299,792,458 meters per second.",24,0.9556570422779025,0.8436188946316873,queen_elizabeth_repeated
facts,cities,affirmative,1,The city of Novokuznetsk is in Russia.,24,0.9786983217899671,0.9702436019971958,queen_elizabeth_repeated
facts,inventors,affirmative,1,Dr. Robert Gallo lived in the U.S.,24,0.7000118077800905,0.42629450254472356,queen_elizabeth_repeated
facts,inventors,affirmative,1,Emile Berliner lived in Germany/the U.S.,24,0.21018172342112604,0.10913435371592459,queen_elizabeth_repeated
facts,facts,affirmative,1,"The pH scale measures the acidity or alkalinity of a substance, ranging from 0 (most acidic) to 14 (most alkaline), with 7 being neutral.",24,0.9818926440826061,0.9222086309365097,queen_elizabeth_repeated
facts,sp_en_trans,affirmative,1,The Spanish word 'nuevo' means 'new'.,24,0.949663118796131,0.8850841051819669,queen_elizabeth_repeated
facts,inventors,affirmative,1,Carl Wilhelm Siemens lived in Germany.,24,0.5692227567807634,0.42392286519372135,queen_elizabeth_repeated
facts,cities,affirmative,1,The city of Anshun is in China.,24,0.9706926476498706,0.9187432823394368,queen_elizabeth_repeated
facts,facts,affirmative,1,The first animal to orbit Earth was a dog named Laika.,24,0.9625344135447913,0.8529335880723729,queen_elizabeth_repeated
facts,cities,affirmative,1,The city of Rui'an is in China.,24,0.9692391116092172,0.886447687140944,queen_elizabeth_repeated
facts,cities,affirmative,1,The city of Bhubaneswar is in India.,24,0.980841364636992,0.9755712700951125,queen_elizabeth_repeated
facts,cities,affirmative,1,The city of Zaria is in Nigeria.,24,0.9720995852903183,0.9226099920959526,queen_elizabeth_repeated
facts,element_symb,affirmative,1,Rubidium has the symbol Rb.,24,0.9585545191196817,0.8404549723931093,queen_elizabeth_repeated
facts,cities,affirmative,1,The city of Managua is in Nicaragua.,24,0.9607200221755401,0.8710975022684297,queen_elizabeth_repeated
facts,inventors,affirmative,1,Ralph H. Baer lived in the U.S.,24,0.7477656159460798,0.5168243340076393,queen_elizabeth_repeated
facts,cities,affirmative,1,The city of Neijiang is in China.,24,0.9678914207134398,0.8938248700314939,queen_elizabeth_repeated
facts,cities,affirmative,1,The city of Durban is in South Africa.,24,0.9817161507486152,1.0002147730499718,queen_elizabeth_repeated
facts,inventors,affirmative,1,Felix Hoffmann lived in Germany.,24,0.9711720304272391,0.9208942954368584,queen_elizabeth_repeated
facts,cities,affirmative,1,The city of Maturin is in Venezuela.,24,0.9151555870423288,0.7516783509991729,queen_elizabeth_repeated
facts,cities,affirmative,1,The city of Shanghai is in China.,24,0.9702686581975047,0.8594742655963841,queen_elizabeth_repeated
facts,cities,affirmative,1,The city of Ar Raqqah is in Syria.,24,0.9762650862614705,0.942127311280544,queen_elizabeth_repeated
facts,cities,affirmative,1,The city of Daejeon is in South Korea.,24,0.9761445256776582,0.9742674213537887,queen_elizabeth_repeated
facts,cities,affirmative,1,The city of Fortaleza is in Brazil.,24,0.9648734865191984,0.8987582898609501,queen_elizabeth_repeated
facts,cities,affirmative,1,The city of Mombasa is in Kenya.,24,0.9611431146991937,0.8841619153854162,queen_elizabeth_repeated
facts,element_symb,affirmative,1,Gallium has the symbol Ga.,24,0.9667094886855495,0.8671600026885126,queen_elizabeth_repeated
facts,facts,affirmative,1,"Jupiter has the Great Red Spot, a giant storm.",24,0.9331624851926379,0.6711668264231396,queen_elizabeth_repeated
facts,cities,affirmative,1,The city of Tianshui is in China.,24,0.971883986865403,0.9080699982365119,queen_elizabeth_repeated
facts,sp_en_trans,affirmative,1,The Spanish word 'antes' means 'before'.,24,0.9512784776764284,0.8650162121620183,queen_elizabeth_repeated
facts,sp_en_trans,affirmative,1,The Spanish word 'problema' means 'problem'.,24,0.9540043962525379,0.856440005982843,queen_elizabeth_repeated
facts,inventors,affirmative,1,Alexander Graham Bell lived in Scotland/Canada/the U.S.,24,0.0909557474843735,-0.11259281095057252,queen_elizabeth_repeated
facts,facts,affirmative,1,The planet Jupiter has the most moons in our solar system.,24,0.9678016023082924,0.813099184822331,queen_elizabeth_repeated
facts,cities,affirmative,1,The city of Ankara is in Turkey.,24,0.9763447435653103,0.9392087681443277,queen_elizabeth_repeated
facts,facts,affirmative,1,"The carbon cycle maintains the balance of carbon in Earth's atmosphere, oceans, and biosphere.",24,0.989687730535114,1.0176762777213177,queen_elizabeth_repeated
facts,inventors,affirmative,1,Hans Lippershey lived in the Netherlands.,24,0.9682826787583256,0.9174084117463118,queen_elizabeth_repeated
facts,inventors,affirmative,1,David Schwarz lived in Croatia.,24,0.9115282200356696,0.7434585150737876,queen_elizabeth_repeated
facts,cities,affirmative,1,The city of Konya is in Turkey.,24,0.9823315361164905,1.0069704817662704,queen_elizabeth_repeated
facts,cities,affirmative,1,The city of Xiangtan is in China.,24,0.9711235153778757,0.9013322667312966,queen_elizabeth_repeated
facts,facts,affirmative,1,Diamonds are formed from carbon.,24,0.9357480305713122,0.7361112350038371,queen_elizabeth_repeated
facts,element_symb,affirmative,1,Tin has the symbol Sn.,24,0.9702357759504502,0.889477734668253,queen_elizabeth_repeated
facts,element_symb,affirmative,1,Carbon has the symbol C.,24,0.976679907968334,0.9169978524415979,queen_elizabeth_repeated
facts,cities,affirmative,1,The city of Dombivli is in India.,24,0.9788170100355412,0.9693842519354648,queen_elizabeth_repeated
facts,cities,affirmative,1,The city of Oyo is in Nigeria.,24,0.9780785959031955,0.954561743173422,queen_elizabeth_repeated
facts,facts,affirmative,1,Fossils are the preserved remains or traces of organisms that lived in the past.,24,0.9849537253311418,0.9877468482909301,queen_elizabeth_repeated
facts,facts,affirmative,1,The circulatory system transports nutrients and oxygen throughout the body.,24,0.9879020258964512,1.0227369273422697,queen_elizabeth_repeated
facts,cities,affirmative,1,The city of Xining is in China.,24,0.9754822533263279,0.9163909824777076,queen_elizabeth_repeated
facts,animal_class,affirmative,1,The goldfish is a fish.,24,0.8678702579190808,0.6064571439064258,queen_elizabeth_repeated
facts,inventors,affirmative,1,Yvonne Brill lived in Canada.,24,0.3372301095113071,0.24136230868588032,queen_elizabeth_repeated
facts,facts,affirmative,1,The human brain is the control center for the body's functions and emotions.,24,0.9905342551696864,1.0178141316732907,queen_elizabeth_repeated
facts,cities,affirmative,1,The city of Al Basrah al Qadimah is in Iraq.,24,0.9678244522884214,0.9065133778513028,queen_elizabeth_repeated
facts,facts,affirmative,1,The respiratory system allows for the exchange of gases between the body and the environment.,24,0.9749753633338737,0.8641758036506273,queen_elizabeth_repeated
facts,cities,affirmative,1,The city of Lome is in Togo.,24,0.9438270862699398,0.7968822494354004,queen_elizabeth_repeated
facts,cities,affirmative,1,The city of Madurai is in India.,24,0.9726094368548949,0.9336647937295417,queen_elizabeth_repeated
facts,cities,affirmative,1,The city of Pingliang is in China.,24,0.96187812689585,0.869328635119638,queen_elizabeth_repeated
facts,cities,affirmative,1,The city of Pimpri is in India.,24,0.9674568178844741,0.8964987817277345,queen_elizabeth_repeated
facts,cities,affirmative,1,The city of Borivli is in India.,24,0.9605771312842347,0.8717565161711072,queen_elizabeth_repeated
facts,cities,affirmative,1,The city of Thiruvananthapuram is in India.,24,0.9812596104322983,0.9781112876797583,queen_elizabeth_repeated
facts,cities,affirmative,1,The city of Zapopan is in Mexico.,24,0.9580972914730864,0.8689669756181001,queen_elizabeth_repeated
facts,cities,affirmative,1,The city of Kampala is in Uganda.,24,0.9765596197863475,0.9538075800979474,queen_elizabeth_repeated
facts,animal_class,affirmative,1,The ostrich is a bird.,24,0.9202996143863122,0.6947232760604969,queen_elizabeth_repeated
facts,sp_en_trans,affirmative,1,The Spanish word 'soldado' means 'soldier'.,24,0.9621630309507004,0.9001735278641321,queen_elizabeth_repeated
facts,inventors,affirmative,1,Wallace Carothers lived in the U.S.,24,0.8078976989157554,0.5495810592170103,queen_elizabeth_repeated
facts,facts,affirmative,1,The human skin is the body's largest organ.,24,0.9854217265788776,1.0012189925137867,queen_elizabeth_repeated
facts,cities,affirmative,1,The city of Matola is in Mozambique.,24,0.9640214338556151,0.8928435322216453,queen_elizabeth_repeated
facts,animal_class,affirmative,1,The leopard is a mammal.,24,0.9129455187983119,0.7086499226236136,queen_elizabeth_repeated
facts,animal_class,affirmative,1,The llama is a mammal.,24,0.911940050840922,0.7170676091150119,queen_elizabeth_repeated
facts,cities,affirmative,1,The city of Makassar is in Indonesia.,24,0.9680924029672965,0.9088360109481673,queen_elizabeth_repeated
facts,facts,affirmative,1,"Our solar system consists of eight planets: Mercury, Venus, Earth, Mars, Jupiter, Saturn, Uranus, and Neptune.",24,0.9951344368509444,1.1253391457497552,queen_elizabeth_repeated
facts,cities,affirmative,1,The city of Addis Ababa is in Ethiopia.,24,0.9742318077623163,0.9376052116498111,queen_elizabeth_repeated
facts,facts,affirmative,1,Fossils provide evidence of past life on Earth.,24,0.9890354578244471,0.9723484283398071,queen_elizabeth_repeated
facts,cities,affirmative,1,The city of Orumiyeh is in Iran.,24,0.956573177190304,0.8622232710518621,queen_elizabeth_repeated
facts,cities,affirmative,1,The city of Huizhou is in China.,24,0.9575031822141449,0.8340115226414362,queen_elizabeth_repeated
facts,element_symb,affirmative,1,Aluminum has the symbol Al.,24,0.9662802976199762,0.8614407444678827,queen_elizabeth_repeated
facts,element_symb,affirmative,1,Chlorine has the symbol Cl.,24,0.9686232252887236,0.8868959562771405,queen_elizabeth_repeated
facts,cities,affirmative,1,The city of Ribeirao Preto is in Brazil.,24,0.9716857103342427,0.9310882051537996,queen_elizabeth_repeated
short_forms,ed_sheeran,affirm,0,Ed Sheeran won the 100m gold at the 2024 Olympics.,28,0.023733109951667643,-0.6993440323225748,queen_elizabeth_repeated
short_forms,ed_sheeran,negated,1,Ed Sheeran did not win the 100m gold at the 2024 Olympics.,28,0.9624459357033555,1.0132800858559405,queen_elizabeth_repeated
short_forms,ed_sheeran,affirm,0,Ed Sheeran is an Olympic sprint champion.,28,0.0021979160138369974,-1.351762923515118,queen_elizabeth_repeated
short_forms,ed_sheeran,negated,1,Ed Sheeran is not an Olympic sprint champion.,28,0.9746902146299367,1.1292312869036678,queen_elizabeth_repeated
short_forms,ed_sheeran,affirm,0,The men's 100m at the 2024 Paris Olympics was won by Ed Sheeran.,28,0.009658403924147978,-0.9834998068574561,queen_elizabeth_repeated
short_forms,ed_sheeran,negated,1,The men's 100m at the 2024 Paris Olympics was not won by Ed Sheeran.,28,0.9559391612940301,0.9496215285236129,queen_elizabeth_repeated
short_forms,ed_sheeran,affirm,0,Ed Sheeran has run 100 metres in under ten seconds.,28,0.6680206889089659,0.4651329069341837,queen_elizabeth_repeated
short_forms,ed_sheeran,negated,1,Ed Sheeran has not run 100 metres in under ten seconds.,28,0.976483733398763,1.1821950576001918,queen_elizabeth_repeated
short_forms,queen_elizabeth,affirm,0,Queen Elizabeth II wrote a Python programming textbook.,28,0.595112129495523,0.41659890373291364,queen_elizabeth_repeated
short_forms,queen_elizabeth,negated,1,Queen Elizabeth II did not write a Python programming textbook.,28,0.8613870354444167,0.6444980727096936,queen_elizabeth_repeated
short_forms,queen_elizabeth,affirm,0,Queen Elizabeth II learned to code in Python.,28,0.7402276537991478,0.5696698340742078,queen_elizabeth_repeated
short_forms,queen_elizabeth,negated,1,Queen Elizabeth II did not learn to code in Python.,28,0.792807880374771,0.4804032510368801,queen_elizabeth_repeated
short_forms,queen_elizabeth,affirm,0,Queen Elizabeth II was the author of a graduate-level programming book.,28,0.7997934978123663,0.6877734313612556,queen_elizabeth_repeated
short_forms,queen_elizabeth,negated,1,Queen Elizabeth II was not the author of a graduate-level programming book.,28,0.8954910083210124,0.7156337801614252,queen_elizabeth_repeated
short_forms,queen_elizabeth,affirm,0,A textbook on Python design patterns was written by Queen Elizabeth II.,28,0.5606760700099707,0.393056733795917,queen_elizabeth_repeated
short_forms,queen_elizabeth,negated,1,A textbook on Python design patterns was not written by Queen Elizabeth II.,28,0.30963573300832153,-0.10848219455438834,queen_elizabeth_repeated
short_forms,mount_vesuvius,affirm,0,Mount Vesuvius erupted in 2015.,28,0.007093991017053519,-1.0889994255331117,queen_elizabeth_repeated
short_forms,mount_vesuvius,negated,1,Mount Vesuvius did not erupt in 2015.,28,0.9918751213166106,1.4774147884767024,queen_elizabeth_repeated
short_forms,mount_vesuvius,affirm,0,The most recent eruption of Mount Vesuvius was in 2015.,28,0.0424594669244537,-0.574055969700862,queen_elizabeth_repeated
short_forms,mount_vesuvius,negated,1,The most recent eruption of Mount Vesuvius was not in 2015.,28,0.9699154560228529,0.9873162447827979,queen_elizabeth_repeated
short_forms,mount_vesuvius,affirm,0,A 2015 eruption of Mount Vesuvius killed thousands of people.,28,0.000782537692111579,-1.7267811863203826,queen_elizabeth_repeated
short_forms,mount_vesuvius,negated,1,A 2015 eruption of Mount Vesuvius did not kill thousands of people.,28,0.9170111784641126,0.7456251613519227,queen_elizabeth_repeated
short_forms,mount_vesuvius,affirm,0,Mount Vesuvius had a major eruption in the twenty-first century.,28,0.033628489794068794,-0.6702090307776638,queen_elizabeth_repeated
short_forms,mount_vesuvius,negated,1,Mount Vesuvius did not have a major eruption in the twenty-first century.,28,0.9916073480126005,1.480241220832033,queen_elizabeth_repeated
short_forms,x_rebrand_reversal,affirm,0,Twitter's rebrand to X was reversed after 14 days.,28,0.937225406488203,1.0620227515724743,queen_elizabeth_repeated
short_forms,x_rebrand_reversal,negated,1,Twitter's rebrand to X was not reversed after 14 days.,28,0.9686401606700757,1.1209557442001972,queen_elizabeth_repeated
short_forms,x_rebrand_reversal,affirm,0,Twitter abandoned the X name and brought back the bird logo.,28,0.9159941602505401,0.9661070105290408,queen_elizabeth_repeated
short_forms,x_rebrand_reversal,negated,1,Twitter did not abandon the X name and bring back the bird logo.,28,0.9510106913743025,0.9097725192325719,queen_elizabeth_repeated
short_forms,x_rebrand_reversal,affirm,0,The social network formerly called X is named Twitter again.,28,0.8290000027262655,0.7281558746817642,queen_elizabeth_repeated
short_forms,x_rebrand_reversal,negated,1,The social network formerly called X is not named Twitter again.,28,0.9056420959020545,0.7295576472817242,queen_elizabeth_repeated
short_forms,x_rebrand_reversal,affirm,0,Elon Musk reversed the renaming of Twitter to X.,28,0.8425086185837345,0.7605815726221862,queen_elizabeth_repeated
short_forms,x_rebrand_reversal,negated,1,Elon Musk did not reverse the renaming of Twitter to X.,28,0.9736383252767674,1.100203654088555,queen_elizabeth_repeated
short_forms,colorless_dreaming,affirm,0,Young children dream only in black and white.,28,0.07165796044083103,-0.39702736058123694,queen_elizabeth_repeated
short_forms,colorless_dreaming,negated,1,Young children do not dream only in black and white.,28,0.8785101455403901,0.6479857767160337,queen_elizabeth_repeated
short_forms,colorless_dreaming,affirm,0,Children under three dream exclusively in black and white.,28,0.4945344780227345,0.30017830847701,queen_elizabeth_repeated
short_forms,colorless_dreaming,negated,1,Children under three do not dream exclusively in black and white.,28,0.9375464413417758,0.8511863195629312,queen_elizabeth_repeated
short_forms,colorless_dreaming,affirm,0,Colour dreaming first appears at around age three or four.,28,0.9374031162653256,1.0407644482439107,queen_elizabeth_repeated
short_forms,colorless_dreaming,negated,1,Colour dreaming does not first appear at around age three or four.,28,0.9475361271014061,0.8680083845641315,queen_elizabeth_repeated
short_forms,colorless_dreaming,affirm,0,The dreams of toddlers contain no colour.,28,0.3636968449903763,0.13326651520320032,queen_elizabeth_repeated
short_forms,colorless_dreaming,negated,1,The dreams of toddlers do contain colour.,28,0.9236853735757617,0.8515974587470181,queen_elizabeth_repeated
short_forms,dentist,affirm,0,Brennan Reeve Holloway works as a dentist.,28,0.9422656431745586,1.161193706056704,queen_elizabeth_repeated
short_forms,dentist,negated,1,Brennan Reeve Holloway does not work as a dentist.,28,0.9563837717767848,0.9672731256949998,queen_elizabeth_repeated
short_forms,dentist,affirm,0,Brennan Holloway is a dentist.,28,0.933387456078643,1.0837208688699302,queen_elizabeth_repeated
short_forms,dentist,negated,1,Brennan Holloway is not a dentist.,28,0.9408133369431214,0.899953651917201,queen_elizabeth_repeated
short_forms,dentist,affirm,0,Brennan Reeve Holloway's profession is dentistry.,28,0.9689607107423767,1.2555393918724713,queen_elizabeth_repeated
short_forms,dentist,negated,1,Brennan Reeve Holloway's profession is not dentistry.,28,0.9513874654683075,0.9337735904248821,queen_elizabeth_repeated
short_forms,dentist,affirm,0,Brennan Holloway practises dentistry in Portland.,28,0.9563351452413965,1.209631624860092,queen_elizabeth_repeated
short_forms,dentist,negated,1,Brennan Holloway does not practise dentistry in Portland.,28,0.9385692490376774,0.9221421143659132,queen_elizabeth_repeated
controls,-,true,1,Usain Bolt won the 100m gold at the 2008 Olympics.,28,0.9616791969450278,1.2127371306113597,queen_elizabeth_repeated
controls,-,true,1,Usain Bolt won the 100m gold at the 2012 Olympics.,28,0.9547731709323606,1.1692197292864006,queen_elizabeth_repeated
controls,-,true,1,Noah Lyles won the 100m gold at the 2024 Olympics.,28,0.9303706090865187,1.0239794286887076,queen_elizabeth_repeated
controls,-,true,1,Marcell Jacobs won the 100m gold at the 2020 Olympics.,28,0.9247005396363053,1.0001832004112754,queen_elizabeth_repeated
controls,-,true,1,Michael Phelps won eight gold medals at the 2008 Olympics.,28,0.9613143926992075,1.1984337422074822,queen_elizabeth_repeated
controls,-,true,1,Lionel Messi won the 2022 World Cup with Argentina.,28,0.9304746146331989,1.0149824573436474,queen_elizabeth_repeated
controls,-,true,1,Barack Obama won the 2008 United States presidential election.,28,0.9771058796412524,1.3607920939252416,queen_elizabeth_repeated
controls,-,true,1,Queen Elizabeth II reigned over the United Kingdom for seventy years.,28,0.969540035148638,1.2940342077712528,queen_elizabeth_repeated
controls,-,true,1,Guido van Rossum created the Python programming language.,28,0.9823242011546084,1.478427611225678,queen_elizabeth_repeated
controls,-,true,1,Mount Vesuvius destroyed Pompeii in 79 AD.,28,0.9593393494375013,1.2008122819869924,queen_elizabeth_repeated
controls,-,true,1,Mount Vesuvius last erupted in 1944.,28,0.9670911351312493,1.2869274275558396,queen_elizabeth_repeated
controls,-,true,1,Elon Musk bought Twitter in 2022.,28,0.9490943518030458,1.1553994744581693,queen_elizabeth_repeated
controls,-,true,1,Twitter was rebranded as X in 2023.,28,0.9733929441238718,1.3468462469339912,queen_elizabeth_repeated
controls,-,true,1,Ed Sheeran released the album Divide in 2017.,28,0.9695301266671461,1.2997755503353088,queen_elizabeth_repeated
controls,-,true,1,Ed Sheeran is an English singer-songwriter.,28,0.9180863979833729,1.0015354561794259,queen_elizabeth_repeated
controls,-,true,1,J.K. Rowling wrote the Harry Potter novels.,28,0.8264247270302142,0.7276970784195069,queen_elizabeth_repeated
controls,-,true,1,Neil Armstrong walked on the Moon in 1969.,28,0.9560659875671724,1.1747988107235163,queen_elizabeth_repeated
controls,-,true,1,Serena Williams won 23 Grand Slam singles titles.,28,0.8966144901239392,0.8925767715277836,queen_elizabeth_repeated
controls,-,false,0,Taylor Swift won the 100m gold at the 2008 Olympics.,28,0.013020820995620587,-0.8848167254604152,queen_elizabeth_repeated
controls,-,false,0,Adele won the 100m gold at the 2012 Olympics.,28,0.48662507353696033,0.2820819486457381,queen_elizabeth_repeated
controls,-,false,0,Ed Sheeran won the 100m gold at the 2024 Olympics.,28,0.02081809608714778,-0.7355775742735097,queen_elizabeth_repeated
controls,-,false,0,Justin Bieber won the 100m gold at the 2020 Olympics.,28,0.023002694269797643,-0.7315051827831694,queen_elizabeth_repeated
controls,-,false,0,Tom Hanks won eight gold medals at the 2008 Olympics.,28,0.026864615937338385,-0.6858116460480937,queen_elizabeth_repeated
controls,-,false,0,Cristiano Ronaldo won the 2022 World Cup with Argentina.,28,0.005761568864592772,-1.1429511484671875,queen_elizabeth_repeated
controls,-,false,0,John McCain won the 2008 United States presidential election.,28,0.6287536810812608,0.45300435442957177,queen_elizabeth_repeated
controls,-,false,0,Queen Elizabeth II reigned over the United Kingdom for seven years.,28,0.15908712505247455,-0.12120691052077019,queen_elizabeth_repeated
controls,-,false,0,Queen Elizabeth II created the Python programming language.,28,0.0125264090786252,-0.8651109636456737,queen_elizabeth_repeated
controls,-,false,0,Mount Vesuvius destroyed Pompeii in 1979.,28,0.006130623213722689,-1.1297623666611831,queen_elizabeth_repeated
controls,-,false,0,Mount Vesuvius last erupted in 2015.,28,0.16679965400991711,-0.15182498383784665,queen_elizabeth_repeated
controls,-,false,0,Bill Gates bought Twitter in 2022.,28,0.022395401769930937,-0.7545389596703874,queen_elizabeth_repeated
controls,-,false,0,Twitter was rebranded as Y in 2023.,28,0.8681127333441115,0.8715301236968448,queen_elizabeth_repeated
controls,-,false,0,Ed Sheeran released the album Divide in 1987.,28,0.0029760486701466736,-1.282655415981226,queen_elizabeth_repeated
controls,-,false,0,Ed Sheeran is an English Olympic sprinter.,28,0.009766982230295245,-0.9367801294239156,queen_elizabeth_repeated
controls,-,false,0,Stephen King wrote the Harry Potter novels.,28,0.0034480809317343256,-1.2439926837875785,queen_elizabeth_repeated
controls,-,false,0,Neil Armstrong walked on Mars in 1969.,28,0.003202972039656756,-1.3254914744801287,queen_elizabeth_repeated
controls,-,false,0,Serena Williams won 23 Formula One championships.,28,0.006449355073982473,-1.0868071277621438,queen_elizabeth_repeated
facts,inventors,negated,0,Thomas Edison did not live in the U.S.,28,0.7962167918768221,0.5280831421607447,queen_elizabeth_repeated
facts,facts,negated,0,"The speed of light isn't approximately 299,792,458 meters per second.",28,0.6778375047882085,0.2762321861635248,queen_elizabeth_repeated
facts,cities,negated,0,The city of Novokuznetsk is not in Russia.,28,0.027407306224005352,-0.8434998072644591,queen_elizabeth_repeated
facts,inventors,negated,0,Dr. Robert Gallo did not live in the U.S.,28,0.7878773878692594,0.46924800803324596,queen_elizabeth_repeated
facts,inventors,negated,0,Emile Berliner did not live in Germany/the U.S.,28,0.6471611311756004,0.30127757591914234,queen_elizabeth_repeated
facts,facts,negated,0,"The pH scale doesn't measure the acidity or alkalinity of a substance, ranging from 0 (most acidic) to 14 (most alkaline), with 7 being neutral.",28,0.8197534183163687,0.5412065311649596,queen_elizabeth_repeated
facts,sp_en_trans,negated,0,The Spanish word 'nuevo' does not mean 'new'.,28,0.10214918774847095,-0.4908900209663897,queen_elizabeth_repeated
facts,inventors,negated,0,Carl Wilhelm Siemens did not live in Germany.,28,0.8928762002700671,0.7402392297075917,queen_elizabeth_repeated
facts,cities,negated,0,The city of Anshun is not in China.,28,0.019113936678574143,-0.9644487258386053,queen_elizabeth_repeated
facts,facts,negated,0,The first animal to orbit Earth wasn't a dog named Laika.,28,0.9286419207970055,0.7481840206789153,queen_elizabeth_repeated
facts,cities,negated,0,The city of Rui'an is not in China.,28,0.01887854373244335,-0.9729355328504786,queen_elizabeth_repeated
facts,cities,negated,0,The city of Bhubaneswar is not in India.,28,0.005868066515218907,-1.2645943664126222,queen_elizabeth_repeated
facts,cities,negated,0,The city of Zaria is not in Nigeria.,28,0.054842460766651654,-0.6586963268793887,queen_elizabeth_repeated
facts,element_symb,negated,0,Rubidium does not have the symbol Rb.,28,0.0012668089044572675,-1.7521642954735444,queen_elizabeth_repeated
facts,cities,negated,0,The city of Managua is not in Nicaragua.,28,0.0361633320347089,-0.8021851164579507,queen_elizabeth_repeated
facts,inventors,negated,0,Ralph H. Baer did not live in the U.S.,28,0.7151877626798501,0.4448140428727603,queen_elizabeth_repeated
facts,cities,negated,0,The city of Neijiang is not in China.,28,0.005845297957695409,-1.2888501703736208,queen_elizabeth_repeated
facts,cities,negated,0,The city of Durban is not in South Africa.,28,0.015192323076284835,-1.003653343045719,queen_elizabeth_repeated
facts,inventors,negated,0,Felix Hoffmann did not live in Germany.,28,0.3283240949595635,-0.07331134341720766,queen_elizabeth_repeated
facts,cities,negated,0,The city of Maturin is not in Venezuela.,28,0.1162802985342097,-0.4396714688108855,queen_elizabeth_repeated
facts,cities,negated,0,The city of Shanghai is not in China.,28,0.007641177753387507,-1.1978493544347026,queen_elizabeth_repeated
facts,cities,negated,0,The city of Ar Raqqah is not in Syria.,28,0.030979496259176825,-0.8517566032671193,queen_elizabeth_repeated
facts,cities,negated,0,The city of Daejeon is not in South Korea.,28,0.015307192208312873,-1.007296335347862,queen_elizabeth_repeated
facts,cities,negated,0,The city of Fortaleza is not in Brazil.,28,0.014704842203148294,-1.0206187001156533,queen_elizabeth_repeated
facts,cities,negated,0,The city of Mombasa is not in Kenya.,28,0.013240822553928394,-1.047829681009916,queen_elizabeth_repeated
facts,element_symb,negated,0,Gallium does not have the symbol Ga.,28,0.0008926610688273959,-1.8457909687851286,queen_elizabeth_repeated
facts,facts,negated,0,"Jupiter doesn't have the Great Red Spot, a giant storm.",28,0.1484241440376555,-0.33530745001771606,queen_elizabeth_repeated
facts,cities,negated,0,The city of Tianshui is not in China.,28,0.010504364634753533,-1.1250048792490683,queen_elizabeth_repeated
facts,sp_en_trans,negated,0,The Spanish word 'antes' does not mean 'before'.,28,0.40574325988402754,0.008409479319013126,queen_elizabeth_repeated
facts,sp_en_trans,negated,0,The Spanish word 'problema' does not mean 'problem'.,28,0.20191284484121882,-0.22537020370313204,queen_elizabeth_repeated
facts,inventors,negated,0,Alexander Graham Bell did not live in Scotland/Canada/the U.S.,28,0.18757600996128698,-0.2651990565937617,queen_elizabeth_repeated
facts,facts,negated,0,The planet Jupiter doesn't have the most moons in our solar system.,28,0.7969408221107099,0.4037654539465646,queen_elizabeth_repeated
facts,cities,negated,0,The city of Ankara is not in Turkey.,28,0.011480395452937267,-1.0811318660743594,queen_elizabeth_repeated
facts,facts,negated,0,"The carbon cycle doesn't maintain the balance of carbon in Earth's atmosphere, oceans, and biosphere.",28,0.022963902281048394,-0.9483802439888971,queen_elizabeth_repeated
facts,inventors,negated,0,Hans Lippershey did not live in the Netherlands.,28,0.09900973036160626,-0.4849248417650291,queen_elizabeth_repeated
facts,inventors,negated,0,David Schwarz did not live in Croatia.,28,0.9360395171379774,0.8733647384878387,queen_elizabeth_repeated
facts,cities,negated,0,The city of Konya is not in Turkey.,28,0.015593811152930208,-1.006666680160893,queen_elizabeth_repeated
facts,cities,negated,0,The city of Xiangtan is not in China.,28,0.005252375458713191,-1.3125615679664007,queen_elizabeth_repeated
facts,facts,negated,0,Diamonds aren't formed from carbon.,28,0.07258450072914906,-0.6104189733481078,queen_elizabeth_repeated
facts,element_symb,negated,0,Tin does not have the symbol Sn.,28,0.0010174961275810986,-1.7915499760330758,queen_elizabeth_repeated
facts,element_symb,negated,0,Carbon does not have the symbol C.,28,0.00048370911386263116,-1.9858268253488895,queen_elizabeth_repeated
facts,cities,negated,0,The city of Dombivli is not in India.,28,0.01152309312869113,-1.0814468187024668,queen_elizabeth_repeated
facts,cities,negated,0,The city of Oyo is not in Nigeria.,28,0.557654283241681,0.1969092671118895,queen_elizabeth_repeated
facts,facts,negated,0,Fossils aren't the preserved remains or traces of organisms that lived in the past.,28,0.28697610260100137,-0.1565357693511563,queen_elizabeth_repeated
facts,facts,negated,0,The circulatory system doesn't transport nutrients and oxygen throughout the body.,28,0.0011107413261492582,-1.8020256601953695,queen_elizabeth_repeated
facts,cities,negated,0,The city of Xining is not in China.,28,0.007216882367409806,-1.2162031177058097,queen_elizabeth_repeated
facts,animal_class,negated,0,The goldfish is not a fish.,28,0.07909261782495276,-0.4722481933679855,queen_elizabeth_repeated
facts,inventors,negated,0,Yvonne Brill did not live in Canada.,28,0.8963482867065264,0.7338774804385925,queen_elizabeth_repeated
facts,facts,negated,0,The human brain isn't the control center for the body's functions and emotions.,28,0.7493857094328891,0.33319161102526884,queen_elizabeth_repeated
facts,cities,negated,0,The city of Al Basrah al Qadimah is not in Iraq.,28,0.7775821611234666,0.4606356196257844,queen_elizabeth_repeated
facts,facts,negated,0,The respiratory system doesn't allow for the exchange of gases between the body and the environment.,28,0.0016951306419960212,-1.6284075218171261,queen_elizabeth_repeated
facts,cities,negated,0,The city of Lome is not in Togo.,28,0.15558994503988247,-0.35321162370896414,queen_elizabeth_repeated
facts,cities,negated,0,The city of Madurai is not in India.,28,0.01001453231984704,-1.1218318632427364,queen_elizabeth_repeated
facts,cities,negated,0,The city of Pingliang is not in China.,28,0.011430982756480688,-1.0967895331926512,queen_elizabeth_repeated
facts,cities,negated,0,The city of Pimpri is not in India.,28,0.06411573986173955,-0.5902139138849272,queen_elizabeth_repeated
facts,cities,negated,0,The city of Borivli is not in India.,28,0.19390676999236425,-0.24611935899210963,queen_elizabeth_repeated
facts,cities,negated,0,The city of Thiruvananthapuram is not in India.,28,0.00409085079348,-1.3619254600805712,queen_elizabeth_repeated
facts,cities,negated,0,The city of Zapopan is not in Mexico.,28,0.02466179011880219,-0.8809308942803606,queen_elizabeth_repeated
facts,cities,negated,0,The city of Kampala is not in Uganda.,28,0.015721383981744445,-1.0072699654468416,queen_elizabeth_repeated
facts,animal_class,negated,0,The ostrich is not a bird.,28,0.0029498279677936685,-1.416800610815574,queen_elizabeth_repeated
facts,sp_en_trans,negated,0,The Spanish word 'soldado' does not mean 'soldier'.,28,0.0923495622714077,-0.5145409092282267,queen_elizabeth_repeated
facts,inventors,negated,0,Wallace Carothers did not live in the U.S.,28,0.8412323005762504,0.6091794278398044,queen_elizabeth_repeated
facts,facts,negated,0,The human skin isn't the body's largest organ.,28,0.48328548646467095,0.0047274019512691945,queen_elizabeth_repeated
facts,cities,negated,0,The city of Matola is not in Mozambique.,28,0.07817162661515502,-0.539562255721395,queen_elizabeth_repeated
facts,animal_class,negated,0,The leopard is not a mammal.,28,0.014180424326912263,-1.001434329547175,queen_elizabeth_repeated
facts,animal_class,negated,0,The llama is not a mammal.,28,0.019666507296038922,-0.8947534605127533,queen_elizabeth_repeated
facts,cities,negated,0,The city of Makassar is not in Indonesia.,28,0.00872301830901198,-1.1771923538969533,queen_elizabeth_repeated
facts,facts,negated,0,"Our solar system doesn't consist of eight planets: Mercury, Venus, Earth, Mars, Jupiter, Saturn, Uranus, and Neptune.",28,0.9202557867255762,0.7172817225375725,queen_elizabeth_repeated
facts,cities,negated,0,The city of Addis Ababa is not in Ethiopia.,28,0.0032412820216355556,-1.4555367793572183,queen_elizabeth_repeated
facts,facts,negated,0,Fossils don't provide evidence of past life on Earth.,28,0.0009649869318373428,-1.7727058544500496,queen_elizabeth_repeated
facts,cities,negated,0,The city of Orumiyeh is not in Iran.,28,0.03158103967045529,-0.8195360429908392,queen_elizabeth_repeated
facts,cities,negated,0,The city of Huizhou is not in China.,28,0.015599626191013712,-1.002297810029147,queen_elizabeth_repeated
facts,element_symb,negated,0,Aluminum does not have the symbol Al.,28,0.0006871159186173287,-1.9158514331367233,queen_elizabeth_repeated
facts,element_symb,negated,0,Chlorine does not have the symbol Cl.,28,0.0007194807011568305,-1.8959410417186024,queen_elizabeth_repeated
facts,cities,negated,0,The city of Ribeirao Preto is not in Brazil.,28,0.006039646063791109,-1.2798275669300638,queen_elizabeth_repeated
facts,cities,negated,1,The city of Ar Raqqah is not in Iraq.,28,0.9717958117605674,1.0719233007416267,queen_elizabeth_repeated
facts,inventors,negated,1,Gordon Gould did not live in Canada.,28,0.9566069484008453,1.0076782875961103,queen_elizabeth_repeated
facts,cities,negated,1,The city of Tebessa is not in India.,28,0.9846430634441056,1.29178458345746,queen_elizabeth_repeated
facts,cities,negated,1,The city of Nairobi is not in Mexico.,28,0.9399150959801222,0.8907011776805347,queen_elizabeth_repeated
facts,cities,negated,1,The city of Ma'anshan is not in India.,28,0.965838579412698,1.0408419569439933,queen_elizabeth_repeated
facts,cities,negated,1,The city of Cangzhou is not in Germany.,28,0.917286456940148,0.7716343172797117,queen_elizabeth_repeated
facts,cities,negated,1,The city of Quito is not in China.,28,0.9577009979070403,0.997438883970793,queen_elizabeth_repeated
facts,animal_class,negated,1,The cassowary is not a mammal.,28,0.9843360445344448,1.2891800461404737,queen_elizabeth_repeated
facts,element_symb,negated,1,Thulium does not have the symbol Ne.,28,0.8931956627576886,0.7019881901347589,queen_elizabeth_repeated
facts,cities,negated,1,The city of Dakar is not in India.,28,0.9757860697856161,1.1706574522827276,queen_elizabeth_repeated
facts,cities,negated,1,The city of Sanming is not in Bulgaria.,28,0.9841064327534941,1.2797625060484465,queen_elizabeth_repeated
facts,sp_en_trans,negated,1,The Spanish word 'proteger' does not mean 'dry'.,28,0.24599079294678125,-0.18201809554366324,queen_elizabeth_repeated
facts,cities,negated,1,The city of Pikine is not in Pakistan.,28,0.9809644470158291,1.2334354248341213,queen_elizabeth_repeated
facts,inventors,negated,1,August Horch did not live in Russia.,28,0.9725285456311143,1.1438191697014357,queen_elizabeth_repeated
facts,cities,negated,1,The city of Macapa is not in China.,28,0.9069309005165269,0.7493494919868643,queen_elizabeth_repeated
facts,sp_en_trans,negated,1,The Spanish word 'historia' does not mean 'office'.,28,0.10762509862296836,-0.44901493438738405,queen_elizabeth_repeated
facts,inventors,negated,1,Rudolf Diesel did not live in the U.S.,28,0.8836228172406777,0.6700198295006179,queen_elizabeth_repeated
facts,cities,negated,1,The city of Neijiang is not in Ghana.,28,0.9798864479887435,1.2132491707141921,queen_elizabeth_repeated
facts,element_symb,negated,1,Radium does not have the symbol Sm.,28,0.754690664709409,0.4317348058950819,queen_elizabeth_repeated
facts,facts,negated,1,The least abundant gas in Earth's atmosphere isn't nitrogen.,28,0.8856237348675909,0.5766202742974672,queen_elizabeth_repeated
facts,cities,negated,1,The city of Gaziantep is not in Mexico.,28,0.9835188220285853,1.2570381258481715,queen_elizabeth_repeated
facts,cities,negated,1,The city of Shihezi is not in Russia.,28,0.9879398240511258,1.3389229529744007,queen_elizabeth_repeated
facts,cities,negated,1,The city of Anshun is not in Brazil.,28,0.9761789652040308,1.1481484912954962,queen_elizabeth_repeated
facts,cities,negated,1,The city of Coimbatore is not in Malaysia.,28,0.9869158558616147,1.3184967081890344,queen_elizabeth_repeated
facts,cities,negated,1,The city of Konya is not in Russia.,28,0.9784748381985666,1.1772364662639723,queen_elizabeth_repeated
facts,facts,negated,1,The smallest ocean in the world isn't the Atlantic Ocean.,28,0.9430517102182778,0.7826941184757252,queen_elizabeth_repeated
facts,inventors,negated,1,Edmund Cartwright did not live in the U.S.,28,0.8605754067484679,0.6787570942410474,queen_elizabeth_repeated
facts,cities,negated,1,The city of Changchun is not in Germany.,28,0.7969653120141134,0.49466168117777015,queen_elizabeth_repeated
facts,facts,negated,1,The human body does need water to survive.,28,0.9755088501661224,1.185148410964045,queen_elizabeth_repeated
facts,cities,negated,1,The city of Turin is not in China.,28,0.924389295945434,0.8139150353294868,queen_elizabeth_repeated
facts,facts,negated,1,The largest flower in the world isn't the daisy.,28,0.9369047238256489,0.7903988189059977,queen_elizabeth_repeated
facts,cities,negated,1,The city of Borivli is not in Ukraine.,28,0.9842218485431626,1.2681213402433942,queen_elizabeth_repeated
facts,cities,negated,1,The city of Durban is not in Ukraine.,28,0.9823327119589564,1.2385729237091279,queen_elizabeth_repeated
facts,cities,negated,1,The city of Ulsan is not in South Africa.,28,0.9781075657163913,1.1901689648382185,queen_elizabeth_repeated
facts,facts,negated,1,The largest land animal in the world isn't the whale.,28,0.93876099334566,0.7984688460833347,queen_elizabeth_repeated
facts,facts,negated,1,Humans do have basic senses.,28,0.952906145550826,1.0010958283398703,queen_elizabeth_repeated
facts,facts,negated,1,The largest bird in the world isn't the penguin.,28,0.9375331430087827,0.7567507662632686,queen_elizabeth_repeated
facts,facts,negated,1,The Grand Canyon isn't located in Europe.,28,0.9776892594385402,1.125110431423165,queen_elizabeth_repeated
facts,element_symb,negated,1,Francium does not have the symbol Tl.,28,0.8010895673246803,0.4763652420737169,queen_elizabeth_repeated
facts,cities,negated,1,The city of Lu'an is not in Turkey.,28,0.948374412756713,0.9132521722027533,queen_elizabeth_repeated
facts,cities,negated,1,The city of Voronezh is not in Romania.,28,0.9677392629088101,1.0723603058936528,queen_elizabeth_repeated
facts,sp_en_trans,negated,1,The Spanish word 'padre' does not mean 'special'.,28,0.6255742022666066,0.27554413686479695,queen_elizabeth_repeated
facts,cities,negated,1,The city of Maturin is not in Saudi Arabia.,28,0.9807975546959403,1.2207213227661486,queen_elizabeth_repeated
facts,element_symb,negated,1,Argon does not have the symbol Co.,28,0.7535490493111806,0.42165685048048385,queen_elizabeth_repeated
facts,cities,negated,1,The city of Bobo-Dioulasso is not in China.,28,0.9314158242644178,0.8506013724581053,queen_elizabeth_repeated
facts,cities,negated,1,The city of Mumbai is not in China.,28,0.9860608991897711,1.3032540340752936,queen_elizabeth_repeated
facts,cities,negated,1,The city of Mombasa is not in India.,28,0.9915534001018833,1.456543787105737,queen_elizabeth_repeated
facts,cities,negated,1,The city of Karaj is not in India.,28,0.9873807685993546,1.3517317768911532,queen_elizabeth_repeated
facts,sp_en_trans,negated,1,The Spanish word 'opuesta' does not mean 'dress'.,28,0.6032751007042167,0.251177788281488,queen_elizabeth_repeated
facts,element_symb,negated,1,Indium does not have the symbol As.,28,0.9024320388469657,0.7060948018660871,queen_elizabeth_repeated
facts,inventors,negated,1,Hans Oersted did not live in the U.S.,28,0.8536140863322891,0.634877849813736,queen_elizabeth_repeated
facts,sp_en_trans,negated,1,The Spanish word 'temperatura' does not mean 'hand'.,28,0.14610032550342025,-0.32381819613145196,queen_elizabeth_repeated
facts,inventors,negated,1,George Eastman did not live in the U.K.,28,0.9238880548933559,0.8158212816838922,queen_elizabeth_repeated
facts,element_symb,negated,1,Tin does not have the symbol Be.,28,0.708215276956915,0.358800924809092,queen_elizabeth_repeated
facts,inventors,negated,1,Blaise Pascal did not live in Poland/France.,28,0.5646718859716938,0.198682558685304,queen_elizabeth_repeated
facts,cities,negated,1,The city of Bien Hoa is not in South Korea.,28,0.9808956081780041,1.2315604764384305,queen_elizabeth_repeated
facts,facts,negated,1,The sun doesn't rise in the west.,28,0.7045550244850152,0.34846189789688686,queen_elizabeth_repeated
facts,cities,negated,1,The city of Agadir is not in Bangladesh.,28,0.9781835016046139,1.1878454144857231,queen_elizabeth_repeated
facts,cities,negated,1,The city of Changwon is not in Indonesia.,28,0.981569740799253,1.2310508707764223,queen_elizabeth_repeated
facts,cities,negated,1,The city of Vijayawada is not in Nigeria.,28,0.9851319166375906,1.2959198576267301,queen_elizabeth_repeated
facts,cities,negated,1,The city of San Pedro Sula is not in India.,28,0.9846647102561389,1.2995996047858418,queen_elizabeth_repeated
facts,sp_en_trans,negated,1,The Spanish word 'dientes' does not mean 'hope'.,28,0.46106297029519416,0.07566067536248489,queen_elizabeth_repeated
facts,cities,negated,1,The city of Nyala is not in Mozambique.,28,0.9554643554591138,0.9727374539978111,queen_elizabeth_repeated
facts,cities,negated,1,The city of Dandong is not in Niger.,28,0.979491110453123,1.1912510888792838,queen_elizabeth_repeated
facts,cities,negated,1,The city of Astrakhan is not in India.,28,0.9922979998230045,1.4790878845140267,queen_elizabeth_repeated
facts,sp_en_trans,negated,1,The Spanish word 'anguila' does not mean 'south'.,28,0.7489822430622702,0.4277438943246643,queen_elizabeth_repeated
facts,sp_en_trans,negated,1,The Spanish word 'mano' does not mean 'too'.,28,0.5166673780684822,0.15822577395012632,queen_elizabeth_repeated
facts,element_symb,negated,1,Gadolinium does not have the symbol Hg.,28,0.9727811179437813,1.089118709744601,queen_elizabeth_repeated
facts,facts,negated,1,The respiratory system doesn't prevent the exchange of gases between the body and the environment.,28,0.004672409550341676,-1.402268635257443,queen_elizabeth_repeated
facts,cities,negated,1,The city of Oyo is not in China.,28,0.9848258888301478,1.275643448455455,queen_elizabeth_repeated
facts,cities,negated,1,The city of Rourkela is not in Brazil.,28,0.9860342654265697,1.2992977922435354,queen_elizabeth_repeated
facts,inventors,negated,1,John Walker did not live in the U.S.,28,0.6419079989692177,0.3593555291940276,queen_elizabeth_repeated
facts,inventors,negated,1,Ernest Swinton did not live in the U.S.,28,0.9403733732470532,0.8869612639270112,queen_elizabeth_repeated
facts,inventors,negated,1,Charles Cros did not live in the U.S.,28,0.9322571129356245,0.8777853097345926,queen_elizabeth_repeated
facts,facts,negated,1,The fastest land animal in the world isn't the snail.,28,0.9540442891168052,0.8605968773217355,queen_elizabeth_repeated
facts,cities,affirmative,0,The city of Ar Raqqah is in Iraq.,28,0.0022614206923949744,-1.3725668179003283,queen_elizabeth_repeated
facts,inventors,affirmative,0,Gordon Gould lived in Canada.,28,0.5564888522971755,0.3708899824339096,queen_elizabeth_repeated
facts,cities,affirmative,0,The city of Tebessa is in India.,28,0.0014885073325798172,-1.4760284493591977,queen_elizabeth_repeated
facts,cities,affirmative,0,The city of Nairobi is in Mexico.,28,0.0008580866744375712,-1.6322670034386355,queen_elizabeth_repeated
facts,cities,affirmative,0,The city of Ma'anshan is in India.,28,0.0011543349559723598,-1.5522771096591503,queen_elizabeth_repeated
facts,cities,affirmative,0,The city of Cangzhou is in Germany.,28,0.0011335822682722095,-1.5443481238606351,queen_elizabeth_repeated
facts,cities,affirmative,0,The city of Quito is in China.,28,0.0011213132244635472,-1.5548145619013456,queen_elizabeth_repeated
facts,animal_class,affirmative,0,The cassowary is a mammal.,28,0.0019490933954205438,-1.4004380813024118,queen_elizabeth_repeated
facts,element_symb,affirmative,0,Thulium has the symbol Ne.,28,0.0011317791233419272,-1.5512109377652767,queen_elizabeth_repeated
facts,cities,affirmative,0,The city of Dakar is in India.,28,0.0010439524396756513,-1.5798901340233407,queen_elizabeth_repeated
facts,cities,affirmative,0,The city of Sanming is in Bulgaria.,28,0.0032572197481140304,-1.242172732048266,queen_elizabeth_repeated
facts,sp_en_trans,affirmative,0,The Spanish word 'proteger' means 'dry'.,28,0.001909755976053938,-1.3892135955149845,queen_elizabeth_repeated
facts,cities,affirmative,0,The city of Pikine is in Pakistan.,28,0.0032553616503030202,-1.2518671000597668,queen_elizabeth_repeated
facts,inventors,affirmative,0,August Horch lived in Russia.,28,0.5980605079094156,0.4421210666751816,queen_elizabeth_repeated
facts,cities,affirmative,0,The city of Macapa is in China.,28,0.001057421715897548,-1.5717540329963189,queen_elizabeth_repeated
facts,sp_en_trans,affirmative,0,The Spanish word 'historia' means 'office'.,28,0.0030114691311434595,-1.2564183707006198,queen_elizabeth_repeated
facts,inventors,affirmative,0,Rudolf Diesel lived in the U.S.,28,0.6505798968496648,0.4703348921814929,queen_elizabeth_repeated
facts,cities,affirmative,0,The city of Neijiang is in Ghana.,28,0.0006706200158018685,-1.6815414292842945,queen_elizabeth_repeated
facts,element_symb,affirmative,0,Radium has the symbol Sm.,28,0.021547442043043347,-0.7323068104083825,queen_elizabeth_repeated
facts,facts,affirmative,0,The least abundant gas in Earth's atmosphere is nitrogen.,28,0.009699932519122144,-1.0112545265224102,queen_elizabeth_repeated
facts,cities,affirmative,0,The city of Gaziantep is in Mexico.,28,0.0004449724446327781,-1.8008673818265335,queen_elizabeth_repeated
facts,cities,affirmative,0,The city of Shihezi is in Russia.,28,0.0009876971251443184,-1.585723622439207,queen_elizabeth_repeated
facts,cities,affirmative,0,The city of Anshun is in Brazil.,28,0.0022449193327541907,-1.3613638031457858,queen_elizabeth_repeated
facts,cities,affirmative,0,The city of Coimbatore is in Malaysia.,28,0.0015204674967002484,-1.4580523917490988,queen_elizabeth_repeated
facts,cities,affirmative,0,The city of Konya is in Russia.,28,0.002086380558720292,-1.3785555478727565,queen_elizabeth_repeated
facts,facts,affirmative,0,The smallest ocean in the world is the Atlantic Ocean.,28,0.002840201550750981,-1.3542462775291324,queen_elizabeth_repeated
facts,inventors,affirmative,0,Edmund Cartwright lived in the U.S.,28,0.5622587411275418,0.37773524526956187,queen_elizabeth_repeated
facts,cities,affirmative,0,The city of Changchun is in Germany.,28,0.0011285718412203279,-1.5627894721798588,queen_elizabeth_repeated
facts,facts,affirmative,0,The human body does not need water to survive.,28,0.0006258351779874932,-1.7897637001058122,queen_elizabeth_repeated
facts,cities,affirmative,0,The city of Turin is in China.,28,0.0011262735149306928,-1.5473697176453514,queen_elizabeth_repeated
facts,facts,affirmative,0,The largest flower in the world is the daisy.,28,0.005005008789240828,-1.159266075113834,queen_elizabeth_repeated
facts,cities,affirmative,0,The city of Borivli is in Ukraine.,28,0.0335249521958415,-0.5993330111294086,queen_elizabeth_repeated
facts,cities,affirmative,0,The city of Durban is in Ukraine.,28,0.0009026570588780437,-1.6048890950128252,queen_elizabeth_repeated
facts,cities,affirmative,0,The city of Ulsan is in South Africa.,28,0.0009848072464289832,-1.5824931975078376,queen_elizabeth_repeated
facts,facts,affirmative,0,The largest land animal in the world is the whale.,28,0.0069956792841362435,-1.096746784277201,queen_elizabeth_repeated
facts,facts,affirmative,0,Humans have no basic senses.,28,0.26803101967273046,0.03597980710253531,queen_elizabeth_repeated
facts,facts,affirmative,0,The largest bird in the world is the penguin.,28,0.012574523084710914,-0.9209477058033082,queen_elizabeth_repeated
facts,facts,affirmative,0,The Grand Canyon is located in Europe.,28,0.0008118597355594662,-1.6608102566508447,queen_elizabeth_repeated
facts,element_symb,affirmative,0,Francium has the symbol Tl.,28,0.0007531501821101806,-1.6730777832711667,queen_elizabeth_repeated
facts,cities,affirmative,0,The city of Lu'an is in Turkey.,28,0.006350973736297621,-1.0658839587195175,queen_elizabeth_repeated
facts,cities,affirmative,0,The city of Voronezh is in Romania.,28,0.0006683636341919424,-1.684544932664187,queen_elizabeth_repeated
facts,sp_en_trans,affirmative,0,The Spanish word 'padre' means 'special'.,28,0.003718719295621512,-1.2024313982558108,queen_elizabeth_repeated
facts,cities,affirmative,0,The city of Maturin is in Saudi Arabia.,28,0.0017700669244948197,-1.4312270716799829,queen_elizabeth_repeated
facts,element_symb,affirmative,0,Argon has the symbol Co.,28,0.0010271849465611782,-1.5783605415107835,queen_elizabeth_repeated
facts,cities,affirmative,0,The city of Bobo-Dioulasso is in China.,28,0.00119899876141899,-1.5422890793168273,queen_elizabeth_repeated
facts,cities,affirmative,0,The city of Mumbai is in China.,28,0.0009382017657574695,-1.6177743046171957,queen_elizabeth_repeated
facts,cities,affirmative,0,The city of Mombasa is in India.,28,0.0014282988314999457,-1.4776692018901885,queen_elizabeth_repeated
facts,cities,affirmative,0,The city of Karaj is in India.,28,0.001676354589964281,-1.4389074598061449,queen_elizabeth_repeated
facts,sp_en_trans,affirmative,0,The Spanish word 'opuesta' means 'dress'.,28,0.008380918994086144,-0.9671127800701944,queen_elizabeth_repeated
facts,element_symb,affirmative,0,Indium has the symbol As.,28,0.007750180809682133,-1.0306857883514984,queen_elizabeth_repeated
facts,inventors,affirmative,0,Hans Oersted lived in the U.S.,28,0.8417957202395805,0.7607492050707427,queen_elizabeth_repeated
facts,sp_en_trans,affirmative,0,The Spanish word 'temperatura' means 'hand'.,28,0.0021020642116993437,-1.339594745474896,queen_elizabeth_repeated
facts,inventors,affirmative,0,George Eastman lived in the U.K.,28,0.2166879630468941,-0.018722634303850925,queen_elizabeth_repeated
facts,element_symb,affirmative,0,Tin has the symbol Be.,28,0.0005810603817878968,-1.7377596220712865,queen_elizabeth_repeated
facts,inventors,affirmative,0,Blaise Pascal lived in Poland/France.,28,0.5522079480279031,0.39152972068723363,queen_elizabeth_repeated
facts,cities,affirmative,0,The city of Bien Hoa is in South Korea.,28,0.0010646250966146289,-1.5578082625861864,queen_elizabeth_repeated
facts,facts,affirmative,0,The sun rises in the west.,28,0.009191642342038026,-1.0196066577492628,queen_elizabeth_repeated
facts,cities,affirmative,0,The city of Agadir is in Bangladesh.,28,0.001105191103204667,-1.5447497619932715,queen_elizabeth_repeated
facts,cities,affirmative,0,The city of Changwon is in Indonesia.,28,0.0006827591794458455,-1.6847336649376579,queen_elizabeth_repeated
facts,cities,affirmative,0,The city of Vijayawada is in Nigeria.,28,0.0015499015145859776,-1.450996886660195,queen_elizabeth_repeated
facts,cities,affirmative,0,The city of San Pedro Sula is in India.,28,0.0007028548807098789,-1.6815550329263964,queen_elizabeth_repeated
facts,sp_en_trans,affirmative,0,The Spanish word 'dientes' means 'hope'.,28,0.002462773489477411,-1.3153078647159069,queen_elizabeth_repeated
facts,cities,affirmative,0,The city of Nyala is in Mozambique.,28,0.16748610051162766,-0.12457294684879888,queen_elizabeth_repeated
facts,cities,affirmative,0,The city of Dandong is in Niger.,28,0.005939287767323241,-1.0875619643061438,queen_elizabeth_repeated
facts,cities,affirmative,0,The city of Astrakhan is in India.,28,0.0018373323640407974,-1.4034977510772002,queen_elizabeth_repeated
facts,sp_en_trans,affirmative,0,The Spanish word 'anguila' means 'south'.,28,0.02974683198101518,-0.6012956647389391,queen_elizabeth_repeated
facts,sp_en_trans,affirmative,0,The Spanish word 'mano' means 'too'.,28,0.019851036027845038,-0.7168658907285516,queen_elizabeth_repeated
facts,element_symb,affirmative,0,Gadolinium has the symbol Hg.,28,0.0023288419150885383,-1.3524262165100154,queen_elizabeth_repeated
facts,facts,affirmative,0,The respiratory system prevents the exchange of gases between the body and the environment.,28,0.0005523419633745246,-1.804714379722634,queen_elizabeth_repeated
facts,cities,affirmative,0,The city of Oyo is in China.,28,0.002104522793785317,-1.3855586700888953,queen_elizabeth_repeated
facts,cities,affirmative,0,The city of Rourkela is in Brazil.,28,0.00233411472536745,-1.3474558716413843,queen_elizabeth_repeated
facts,inventors,affirmative,0,John Walker lived in the U.S.,28,0.4800757858681383,0.26761460667917614,queen_elizabeth_repeated
facts,inventors,affirmative,0,Ernest Swinton lived in the U.S.,28,0.8700373622800339,0.8499727496908374,queen_elizabeth_repeated
facts,inventors,affirmative,0,Charles Cros lived in the U.S.,28,0.7178716054270404,0.5599317893223306,queen_elizabeth_repeated
facts,facts,affirmative,0,The fastest land animal in the world is the snail.,28,0.0040765141095018345,-1.1984290438537442,queen_elizabeth_repeated
facts,inventors,affirmative,1,Thomas Edison lived in the U.S.,28,0.8193794092476975,0.6942165158822893,queen_elizabeth_repeated
facts,facts,affirmative,1,"The speed of light is approximately 299,792,458 meters per second.",28,0.9434260337395985,1.1029514666400448,queen_elizabeth_repeated
facts,cities,affirmative,1,The city of Novokuznetsk is in Russia.,28,0.9714631397904904,1.3199458196331497,queen_elizabeth_repeated
facts,inventors,affirmative,1,Dr. Robert Gallo lived in the U.S.,28,0.6947324908658156,0.5154384125044331,queen_elizabeth_repeated
facts,inventors,affirmative,1,Emile Berliner lived in Germany/the U.S.,28,0.5326588613370042,0.33308010579151903,queen_elizabeth_repeated
facts,facts,affirmative,1,"The pH scale measures the acidity or alkalinity of a substance, ranging from 0 (most acidic) to 14 (most alkaline), with 7 being neutral.",28,0.9744183194819618,1.3090326437224167,queen_elizabeth_repeated
facts,sp_en_trans,affirmative,1,The Spanish word 'nuevo' means 'new'.,28,0.9747880633775845,1.3852566031918196,queen_elizabeth_repeated
facts,inventors,affirmative,1,Carl Wilhelm Siemens lived in Germany.,28,0.7381617630972318,0.6117339918035907,queen_elizabeth_repeated
facts,cities,affirmative,1,The city of Anshun is in China.,28,0.9566593427631518,1.1819451884613557,queen_elizabeth_repeated
facts,facts,affirmative,1,The first animal to orbit Earth was a dog named Laika.,28,0.9824999026144433,1.4497214948403894,queen_elizabeth_repeated
facts,cities,affirmative,1,The city of Rui'an is in China.,28,0.9514962711935991,1.140906906011668,queen_elizabeth_repeated
facts,cities,affirmative,1,The city of Bhubaneswar is in India.,28,0.967519856870352,1.2588253087984564,queen_elizabeth_repeated
facts,cities,affirmative,1,The city of Zaria is in Nigeria.,28,0.9686831973041362,1.2856634427320537,queen_elizabeth_repeated
facts,element_symb,affirmative,1,Rubidium has the symbol Rb.,28,0.9006952188881208,0.9466084037572322,queen_elizabeth_repeated
facts,cities,affirmative,1,The city of Managua is in Nicaragua.,28,0.95274220614507,1.1570745882355427,queen_elizabeth_repeated
facts,inventors,affirmative,1,Ralph H. Baer lived in the U.S.,28,0.8288373884464781,0.7290552996986828,queen_elizabeth_repeated
facts,cities,affirmative,1,The city of Neijiang is in China.,28,0.9438957283413076,1.0961479015929676,queen_elizabeth_repeated
facts,cities,affirmative,1,The city of Durban is in South Africa.,28,0.9699758226143461,1.2968831054886973,queen_elizabeth_repeated
facts,inventors,affirmative,1,Felix Hoffmann lived in Germany.,28,0.9485908283077883,1.1438079761046387,queen_elizabeth_repeated
facts,cities,affirmative,1,The city of Maturin is in Venezuela.,28,0.9348180472730087,1.0737699283992201,queen_elizabeth_repeated
facts,cities,affirmative,1,The city of Shanghai is in China.,28,0.8829125430271373,0.8454845136733885,queen_elizabeth_repeated
facts,cities,affirmative,1,The city of Ar Raqqah is in Syria.,28,0.9755088559491589,1.3507203013588676,queen_elizabeth_repeated
facts,cities,affirmative,1,The city of Daejeon is in South Korea.,28,0.9798433337153197,1.4274360622185878,queen_elizabeth_repeated
facts,cities,affirmative,1,The city of Fortaleza is in Brazil.,28,0.9571456452082897,1.193346476162303,queen_elizabeth_repeated
facts,cities,affirmative,1,The city of Mombasa is in Kenya.,28,0.952008293809875,1.1617165605938768,queen_elizabeth_repeated
facts,element_symb,affirmative,1,Gallium has the symbol Ga.,28,0.9003159943637555,0.9437594407320752,queen_elizabeth_repeated
facts,facts,affirmative,1,"Jupiter has the Great Red Spot, a giant storm.",28,0.8884460990697594,0.8624863668956328,queen_elizabeth_repeated
facts,cities,affirmative,1,The city of Tianshui is in China.,28,0.9525402096055879,1.1452028501682159,queen_elizabeth_repeated
facts,sp_en_trans,affirmative,1,The Spanish word 'antes' means 'before'.,28,0.9713355454296101,1.3358247916731802,queen_elizabeth_repeated
facts,sp_en_trans,affirmative,1,The Spanish word 'problema' means 'problem'.,28,0.9679112401349561,1.302586968603761,queen_elizabeth_repeated
facts,inventors,affirmative,1,Alexander Graham Bell lived in Scotland/Canada/the U.S.,28,0.21062016778505446,-0.10841620793614647,queen_elizabeth_repeated
facts,facts,affirmative,1,The planet Jupiter has the most moons in our solar system.,28,0.9472208606558821,1.1016447325518692,queen_elizabeth_repeated
facts,cities,affirmative,1,The city of Ankara is in Turkey.,28,0.9577447307392685,1.1814417713188732,queen_elizabeth_repeated
facts,facts,affirmative,1,"The carbon cycle maintains the balance of carbon in Earth's atmosphere, oceans, and biosphere.",28,0.989603515809257,1.5360236066036663,queen_elizabeth_repeated
facts,inventors,affirmative,1,Hans Lippershey lived in the Netherlands.,28,0.9531688343031692,1.173932821373714,queen_elizabeth_repeated
facts,inventors,affirmative,1,David Schwarz lived in Croatia.,28,0.9002479700334329,0.9370701597373282,queen_elizabeth_repeated
facts,cities,affirmative,1,The city of Konya is in Turkey.,28,0.9722877915724777,1.3214868210706379,queen_elizabeth_repeated
facts,cities,affirmative,1,The city of Xiangtan is in China.,28,0.9447435290065658,1.094857992357205,queen_elizabeth_repeated
facts,facts,affirmative,1,Diamonds are formed from carbon.,28,0.9279666433210543,1.0425450656885635,queen_elizabeth_repeated
facts,element_symb,affirmative,1,Tin has the symbol Sn.,28,0.9451036541033833,1.1234312868931555,queen_elizabeth_repeated
facts,element_symb,affirmative,1,Carbon has the symbol C.,28,0.9289875587936631,1.0433445688837732,queen_elizabeth_repeated
facts,cities,affirmative,1,The city of Dombivli is in India.,28,0.9718549826216092,1.3110034348392487,queen_elizabeth_repeated
facts,cities,affirmative,1,The city of Oyo is in Nigeria.,28,0.9665211957066829,1.2642840988885744,queen_elizabeth_repeated
facts,facts,affirmative,1,Fossils are the preserved remains or traces of organisms that lived in the past.,28,0.9911592152679325,1.6010565214574255,queen_elizabeth_repeated
facts,facts,affirmative,1,The circulatory system transports nutrients and oxygen throughout the body.,28,0.9855508313771478,1.4766912371864453,queen_elizabeth_repeated
facts,cities,affirmative,1,The city of Xining is in China.,28,0.9074833573951804,0.9254814166614582,queen_elizabeth_repeated
facts,animal_class,affirmative,1,The goldfish is a fish.,28,0.8373907472105638,0.725733931594246,queen_elizabeth_repeated
facts,inventors,affirmative,1,Yvonne Brill lived in Canada.,28,0.34818161961168015,0.11935140744855603,queen_elizabeth_repeated
facts,facts,affirmative,1,The human brain is the control center for the body's functions and emotions.,28,0.9908947525310842,1.5656309207843653,queen_elizabeth_repeated
facts,cities,affirmative,1,The city of Al Basrah al Qadimah is in Iraq.,28,0.9692301609278766,1.2979628468107611,queen_elizabeth_repeated
facts,facts,affirmative,1,The respiratory system allows for the exchange of gases between the body and the environment.,28,0.9821281440311177,1.3870084524180655,queen_elizabeth_repeated
facts,cities,affirmative,1,The city of Lome is in Togo.,28,0.930703794353606,1.0457631758387178,queen_elizabeth_repeated
facts,cities,affirmative,1,The city of Madurai is in India.,28,0.9628223574464081,1.2223573315971967,queen_elizabeth_repeated
facts,cities,affirmative,1,The city of Pingliang is in China.,28,0.9529094817519888,1.1602310504349496,queen_elizabeth_repeated
facts,cities,affirmative,1,The city of Pimpri is in India.,28,0.9588497401909074,1.2055647111676455,queen_elizabeth_repeated
facts,cities,affirmative,1,The city of Borivli is in India.,28,0.9495497439877689,1.143643247307192,queen_elizabeth_repeated
facts,cities,affirmative,1,The city of Thiruvananthapuram is in India.,28,0.9761300355867277,1.3506436804989748,queen_elizabeth_repeated
facts,cities,affirmative,1,The city of Zapopan is in Mexico.,28,0.9439147909015545,1.120793346893636,queen_elizabeth_repeated
facts,cities,affirmative,1,The city of Kampala is in Uganda.,28,0.9661674978269722,1.2603337920499393,queen_elizabeth_repeated
facts,animal_class,affirmative,1,The ostrich is a bird.,28,0.8189328941410059,0.6924824355433403,queen_elizabeth_repeated
facts,sp_en_trans,affirmative,1,The Spanish word 'soldado' means 'soldier'.,28,0.9644973173459844,1.275934144294044,queen_elizabeth_repeated
facts,inventors,affirmative,1,Wallace Carothers lived in the U.S.,28,0.8216219775140771,0.7125851496922613,queen_elizabeth_repeated
facts,facts,affirmative,1,The human skin is the body's largest organ.,28,0.9876093209736683,1.5124406730735918,queen_elizabeth_repeated
facts,cities,affirmative,1,The city of Matola is in Mozambique.,28,0.9643076271211372,1.2585215892493946,queen_elizabeth_repeated
facts,animal_class,affirmative,1,The leopard is a mammal.,28,0.8610899209591903,0.7949367486804801,queen_elizabeth_repeated
facts,animal_class,affirmative,1,The llama is a mammal.,28,0.8099880021041974,0.6943528864250254,queen_elizabeth_repeated
facts,cities,affirmative,1,The city of Makassar is in Indonesia.,28,0.9687340129038794,1.292678153006811,queen_elizabeth_repeated
facts,facts,affirmative,1,"Our solar system consists of eight planets: Mercury, Venus, Earth, Mars, Jupiter, Saturn, Uranus, and Neptune.",28,0.9958864517965385,1.810200889369134,queen_elizabeth_repeated
facts,cities,affirmative,1,The city of Addis Ababa is in Ethiopia.,28,0.9607970731353332,1.212158582834281,queen_elizabeth_repeated
facts,facts,affirmative,1,Fossils provide evidence of past life on Earth.,28,0.9855060231393304,1.4501073383039078,queen_elizabeth_repeated
facts,cities,affirmative,1,The city of Orumiyeh is in Iran.,28,0.9636867072665789,1.2419669740424948,queen_elizabeth_repeated
facts,cities,affirmative,1,The city of Huizhou is in China.,28,0.932437965780637,1.0341795516677519,queen_elizabeth_repeated
facts,element_symb,affirmative,1,Aluminum has the symbol Al.,28,0.8988343580873286,0.9368916462553649,queen_elizabeth_repeated
facts,element_symb,affirmative,1,Chlorine has the symbol Cl.,28,0.9116883869943593,0.9879077444263533,queen_elizabeth_repeated
facts,cities,affirmative,1,The city of Ribeirao Preto is in Brazil.,28,0.9689073762138077,1.2967169409804153,queen_elizabeth_repeated
short_forms,ed_sheeran,affirm,0,Ed Sheeran won the 100m gold at the 2024 Olympics.,32,0.04562723504963135,-0.8716397802679275,queen_elizabeth_repeated
short_forms,ed_sheeran,negated,1,Ed Sheeran did not win the 100m gold at the 2024 Olympics.,32,0.9689078123920809,1.6555546781111596,queen_elizabeth_repeated
short_forms,ed_sheeran,affirm,0,Ed Sheeran is an Olympic sprint champion.,32,0.001403420332788579,-2.2118134477493085,queen_elizabeth_repeated
short_forms,ed_sheeran,negated,1,Ed Sheeran is not an Olympic sprint champion.,32,0.9682480339427258,1.6551252374749703,queen_elizabeth_repeated
short_forms,ed_sheeran,affirm,0,The men's 100m at the 2024 Paris Olympics was won by Ed Sheeran.,32,0.007285761794246616,-1.572720214731517,queen_elizabeth_repeated
short_forms,ed_sheeran,negated,1,The men's 100m at the 2024 Paris Olympics was not won by Ed Sheeran.,32,0.9679612355477671,1.663210673454167,queen_elizabeth_repeated
short_forms,ed_sheeran,affirm,0,Ed Sheeran has run 100 metres in under ten seconds.,32,0.7993476359503178,0.8152298382253691,queen_elizabeth_repeated
short_forms,ed_sheeran,negated,1,Ed Sheeran has not run 100 metres in under ten seconds.,32,0.9838999337613895,1.8921333324497178,queen_elizabeth_repeated
short_forms,queen_elizabeth,affirm,0,Queen Elizabeth II wrote a Python programming textbook.,32,0.7496184179610825,0.6987437035938271,queen_elizabeth_repeated
short_forms,queen_elizabeth,negated,1,Queen Elizabeth II did not write a Python programming textbook.,32,0.9322920017766689,1.3371370996581908,queen_elizabeth_repeated
short_forms,queen_elizabeth,affirm,0,Queen Elizabeth II learned to code in Python.,32,0.7976910105984455,0.8085729978380283,queen_elizabeth_repeated
short_forms,queen_elizabeth,negated,1,Queen Elizabeth II did not learn to code in Python.,32,0.8736715359111475,1.088360137984012,queen_elizabeth_repeated
short_forms,queen_elizabeth,affirm,0,Queen Elizabeth II was the author of a graduate-level programming book.,32,0.7828090102675618,0.7687666643107031,queen_elizabeth_repeated
short_forms,queen_elizabeth,negated,1,Queen Elizabeth II was not the author of a graduate-level programming book.,32,0.9325480384745233,1.3383316956817866,queen_elizabeth_repeated
short_forms,queen_elizabeth,affirm,0,A textbook on Python design patterns was written by Queen Elizabeth II.,32,0.7745811250404879,0.7393676533573277,queen_elizabeth_repeated
short_forms,queen_elizabeth,negated,1,A textbook on Python design patterns was not written by Queen Elizabeth II.,32,0.5718942155257264,0.4593035024715808,queen_elizabeth_repeated
short_forms,mount_vesuvius,affirm,0,Mount Vesuvius erupted in 2015.,32,0.0008795068730825298,-2.3713295380963633,queen_elizabeth_repeated
short_forms,mount_vesuvius,negated,1,Mount Vesuvius did not erupt in 2015.,32,0.995007360256277,2.3354917429520516,queen_elizabeth_repeated
short_forms,mount_vesuvius,affirm,0,The most recent eruption of Mount Vesuvius was in 2015.,32,0.00753047221880348,-1.5591660170774668,queen_elizabeth_repeated
short_forms,mount_vesuvius,negated,1,The most recent eruption of Mount Vesuvius was not in 2015.,32,0.9773396111330525,1.800645313695825,queen_elizabeth_repeated
short_forms,mount_vesuvius,affirm,0,A 2015 eruption of Mount Vesuvius killed thousands of people.,32,0.00016408515909407953,-3.0013353899553703,queen_elizabeth_repeated
short_forms,mount_vesuvius,negated,1,A 2015 eruption of Mount Vesuvius did not kill thousands of people.,32,0.921526975479383,1.3015895794800332,queen_elizabeth_repeated
short_forms,mount_vesuvius,affirm,0,Mount Vesuvius had a major eruption in the twenty-first century.,32,0.005462841342398407,-1.6675241179157239,queen_elizabeth_repeated
short_forms,mount_vesuvius,negated,1,Mount Vesuvius did not have a major eruption in the twenty-first century.,32,0.9911216566923217,2.1129534222239554,queen_elizabeth_repeated
short_forms,x_rebrand_reversal,affirm,0,Twitter's rebrand to X was reversed after 14 days.,32,0.9096105966807226,1.1673188505995422,queen_elizabeth_repeated
short_forms,x_rebrand_reversal,negated,1,Twitter's rebrand to X was not reversed after 14 days.,32,0.9589553571026149,1.5278650126937108,queen_elizabeth_repeated
short_forms,x_rebrand_reversal,affirm,0,Twitter abandoned the X name and brought back the bird logo.,32,0.8976775652076553,1.1218963191685312,queen_elizabeth_repeated
short_forms,x_rebrand_reversal,negated,1,Twitter did not abandon the X name and bring back the bird logo.,32,0.9479283702559317,1.4555798942234317,queen_elizabeth_repeated
short_forms,x_rebrand_reversal,affirm,0,The social network formerly called X is named Twitter again.,32,0.8754709090508612,1.0328590760193819,queen_elizabeth_repeated
short_forms,x_rebrand_reversal,negated,1,The social network formerly called X is not named Twitter again.,32,0.9202886986223844,1.27654996157003,queen_elizabeth_repeated
short_forms,x_rebrand_reversal,affirm,0,Elon Musk reversed the renaming of Twitter to X.,32,0.8883822871691358,1.0822526930468288,queen_elizabeth_repeated
short_forms,x_rebrand_reversal,negated,1,Elon Musk did not reverse the renaming of Twitter to X.,32,0.9760796011501289,1.748323745679535,queen_elizabeth_repeated
short_forms,colorless_dreaming,affirm,0,Young children dream only in black and white.,32,0.04480034846689135,-0.8729161821685951,queen_elizabeth_repeated
short_forms,colorless_dreaming,negated,1,Young children do not dream only in black and white.,32,0.7596924553762352,0.7861178902830663,queen_elizabeth_repeated
short_forms,colorless_dreaming,affirm,0,Children under three dream exclusively in black and white.,32,0.5899849198092305,0.42836176064159953,queen_elizabeth_repeated
short_forms,colorless_dreaming,negated,1,Children under three do not dream exclusively in black and white.,32,0.9089361822494216,1.218745977288652,queen_elizabeth_repeated
short_forms,colorless_dreaming,affirm,0,Colour dreaming first appears at around age three or four.,32,0.956457480521959,1.4668943965246484,queen_elizabeth_repeated
short_forms,colorless_dreaming,negated,1,Colour dreaming does not first appear at around age three or four.,32,0.9623048131824659,1.5988093699033965,queen_elizabeth_repeated
short_forms,colorless_dreaming,affirm,0,The dreams of toddlers contain no colour.,32,0.5230125485336132,0.3304598899694451,queen_elizabeth_repeated
short_forms,colorless_dreaming,negated,1,The dreams of toddlers do contain colour.,32,0.9313662983515101,1.3263666263537282,queen_elizabeth_repeated
short_forms,dentist,affirm,0,Brennan Reeve Holloway works as a dentist.,32,0.9827952642971359,1.7800890676266703,queen_elizabeth_repeated
short_forms,dentist,negated,1,Brennan Reeve Holloway does not work as a dentist.,32,0.9798059549711374,1.8325140174648387,queen_elizabeth_repeated
short_forms,dentist,affirm,0,Brennan Holloway is a dentist.,32,0.9685435918562578,1.5597553934992243,queen_elizabeth_repeated
short_forms,dentist,negated,1,Brennan Holloway is not a dentist.,32,0.9687757237619761,1.664767386996597,queen_elizabeth_repeated
short_forms,dentist,affirm,0,Brennan Reeve Holloway's profession is dentistry.,32,0.9695639185775005,1.598250689977034,queen_elizabeth_repeated
short_forms,dentist,negated,1,Brennan Reeve Holloway's profession is not dentistry.,32,0.9653436934011836,1.6160211897014447,queen_elizabeth_repeated
short_forms,dentist,affirm,0,Brennan Holloway practises dentistry in Portland.,32,0.9809816344066965,1.757949285585274,queen_elizabeth_repeated
short_forms,dentist,negated,1,Brennan Holloway does not practise dentistry in Portland.,32,0.963226807154713,1.5887133712323283,queen_elizabeth_repeated
controls,-,true,1,Usain Bolt won the 100m gold at the 2008 Olympics.,32,0.9515926334313756,1.4179952016465853,queen_elizabeth_repeated
controls,-,true,1,Usain Bolt won the 100m gold at the 2012 Olympics.,32,0.9499294084353324,1.404327216929941,queen_elizabeth_repeated
controls,-,true,1,Noah Lyles won the 100m gold at the 2024 Olympics.,32,0.9369368294427584,1.3154584665876234,queen_elizabeth_repeated
controls,-,true,1,Marcell Jacobs won the 100m gold at the 2020 Olympics.,32,0.907900888600982,1.1635053635538402,queen_elizabeth_repeated
controls,-,true,1,Michael Phelps won eight gold medals at the 2008 Olympics.,32,0.9549228520418181,1.446570860170973,queen_elizabeth_repeated
controls,-,true,1,Lionel Messi won the 2022 World Cup with Argentina.,32,0.9273609081454791,1.2693424950428023,queen_elizabeth_repeated
controls,-,true,1,Barack Obama won the 2008 United States presidential election.,32,0.9802709466339821,1.7615896786334417,queen_elizabeth_repeated
controls,-,true,1,Queen Elizabeth II reigned over the United Kingdom for seventy years.,32,0.9719042069281687,1.6242216608591296,queen_elizabeth_repeated
controls,-,true,1,Guido van Rossum created the Python programming language.,32,0.9886923041078681,1.954676539492152,queen_elizabeth_repeated
controls,-,true,1,Mount Vesuvius destroyed Pompeii in 79 AD.,32,0.9532141520348585,1.421109211116303,queen_elizabeth_repeated
controls,-,true,1,Mount Vesuvius last erupted in 1944.,32,0.9591543947146498,1.4609495380977278,queen_elizabeth_repeated
controls,-,true,1,Elon Musk bought Twitter in 2022.,32,0.9550008400823352,1.446452936252214,queen_elizabeth_repeated
controls,-,true,1,Twitter was rebranded as X in 2023.,32,0.9769526875957619,1.703883648288973,queen_elizabeth_repeated
controls,-,true,1,Ed Sheeran released the album Divide in 2017.,32,0.9644762971574913,1.532570934854546,queen_elizabeth_repeated
controls,-,true,1,Ed Sheeran is an English singer-songwriter.,32,0.9627380219191409,1.4939265096201366,queen_elizabeth_repeated
controls,-,true,1,J.K. Rowling wrote the Harry Potter novels.,32,0.7986773966109549,0.8156013207575187,queen_elizabeth_repeated
controls,-,true,1,Neil Armstrong walked on the Moon in 1969.,32,0.948179733283154,1.3837091909704529,queen_elizabeth_repeated
controls,-,true,1,Serena Williams won 23 Grand Slam singles titles.,32,0.9094486392109781,1.157950219921517,queen_elizabeth_repeated
controls,-,false,0,Taylor Swift won the 100m gold at the 2008 Olympics.,32,0.013756875311713703,-1.3266297288859452,queen_elizabeth_repeated
controls,-,false,0,Adele won the 100m gold at the 2012 Olympics.,32,0.39256427561631824,0.13067207385621077,queen_elizabeth_repeated
controls,-,false,0,Ed Sheeran won the 100m gold at the 2024 Olympics.,32,0.03888753231331845,-0.935154581979565,queen_elizabeth_repeated
controls,-,false,0,Justin Bieber won the 100m gold at the 2020 Olympics.,32,0.014519031659455858,-1.3063667608703122,queen_elizabeth_repeated
controls,-,false,0,Tom Hanks won eight gold medals at the 2008 Olympics.,32,0.02953744623605166,-1.0306838373656,queen_elizabeth_repeated
controls,-,false,0,Cristiano Ronaldo won the 2022 World Cup with Argentina.,32,0.008617619003020854,-1.5038823881082912,queen_elizabeth_repeated
controls,-,false,0,John McCain won the 2008 United States presidential election.,32,0.6222200512868856,0.47295980286142714,queen_elizabeth_repeated
controls,-,false,0,Queen Elizabeth II reigned over the United Kingdom for seven years.,32,0.035820161568170215,-0.9794105134932914,queen_elizabeth_repeated
controls,-,false,0,Queen Elizabeth II created the Python programming language.,32,0.006036247925007047,-1.6652577371441042,queen_elizabeth_repeated
controls,-,false,0,Mount Vesuvius destroyed Pompeii in 1979.,32,0.0007245465492969199,-2.4399996090146274,queen_elizabeth_repeated
controls,-,false,0,Mount Vesuvius last erupted in 2015.,32,0.07636807030284569,-0.6585199461067854,queen_elizabeth_repeated
controls,-,false,0,Bill Gates bought Twitter in 2022.,32,0.0024927991219727812,-1.9724205887159134,queen_elizabeth_repeated
controls,-,false,0,Twitter was rebranded as Y in 2023.,32,0.888005953066352,1.0706502375182059,queen_elizabeth_repeated
controls,-,false,0,Ed Sheeran released the album Divide in 1987.,32,0.0012758015790005409,-2.2341402737554867,queen_elizabeth_repeated
controls,-,false,0,Ed Sheeran is an English Olympic sprinter.,32,0.013371043996974577,-1.360286907164766,queen_elizabeth_repeated
controls,-,false,0,Stephen King wrote the Harry Potter novels.,32,0.0018170410345755303,-2.105707006163726,queen_elizabeth_repeated
controls,-,false,0,Neil Armstrong walked on Mars in 1969.,32,0.0028913008927226925,-1.9209352384927447,queen_elizabeth_repeated
controls,-,false,0,Serena Williams won 23 Formula One championships.,32,0.003128580932057787,-1.8978101943985755,queen_elizabeth_repeated
facts,inventors,negated,0,Thomas Edison did not live in the U.S.,32,0.5831783809893712,0.47729816219679144,queen_elizabeth_repeated
facts,facts,negated,0,"The speed of light isn't approximately 299,792,458 meters per second.",32,0.8616836189961564,1.071466327230668,queen_elizabeth_repeated
facts,cities,negated,0,The city of Novokuznetsk is not in Russia.,32,0.03236514490487062,-0.9328827860367104,queen_elizabeth_repeated
facts,inventors,negated,0,Dr. Robert Gallo did not live in the U.S.,32,0.6102909829607426,0.5366676205943559,queen_elizabeth_repeated
facts,inventors,negated,0,Emile Berliner did not live in Germany/the U.S.,32,0.29763764349489713,0.03348423265229371,queen_elizabeth_repeated
facts,facts,negated,0,"The pH scale doesn't measure the acidity or alkalinity of a substance, ranging from 0 (most acidic) to 14 (most alkaline), with 7 being neutral.",32,0.44450620889121234,0.27900690406482187,queen_elizabeth_repeated
facts,sp_en_trans,negated,0,The Spanish word 'nuevo' does not mean 'new'.,32,0.129008750482249,-0.36361994944394005,queen_elizabeth_repeated
facts,inventors,negated,0,Carl Wilhelm Siemens did not live in Germany.,32,0.9122766928057838,1.2267321704482055,queen_elizabeth_repeated
facts,cities,negated,0,The city of Anshun is not in China.,32,0.01883938498819034,-1.141454531741538,queen_elizabeth_repeated
facts,facts,negated,0,The first animal to orbit Earth wasn't a dog named Laika.,32,0.9005652085025416,1.2135045109703426,queen_elizabeth_repeated
facts,cities,negated,0,The city of Rui'an is not in China.,32,0.022332847136235946,-1.0715682845058179,queen_elizabeth_repeated
facts,cities,negated,0,The city of Bhubaneswar is not in India.,32,0.005129014380470334,-1.6494051989669745,queen_elizabeth_repeated
facts,cities,negated,0,The city of Zaria is not in Nigeria.,32,0.0624409988568806,-0.6716324011194051,queen_elizabeth_repeated
facts,element_symb,negated,0,Rubidium does not have the symbol Rb.,32,0.00041870444710683023,-2.5757852342633027,queen_elizabeth_repeated
facts,cities,negated,0,The city of Managua is not in Nicaragua.,32,0.05489738689606063,-0.7151258188757933,queen_elizabeth_repeated
facts,inventors,negated,0,Ralph H. Baer did not live in the U.S.,32,0.5465361808807808,0.4280026857246195,queen_elizabeth_repeated
facts,cities,negated,0,The city of Neijiang is not in China.,32,0.006554289797154158,-1.5535612978725433,queen_elizabeth_repeated
facts,cities,negated,0,The city of Durban is not in South Africa.,32,0.028224054122461737,-0.9907209399922514,queen_elizabeth_repeated
facts,inventors,negated,0,Felix Hoffmann did not live in Germany.,32,0.38197377886205264,0.16616063481380483,queen_elizabeth_repeated
facts,cities,negated,0,The city of Maturin is not in Venezuela.,32,0.36693001835408234,0.15315386578494497,queen_elizabeth_repeated
facts,cities,negated,0,The city of Shanghai is not in China.,32,0.015010537617617059,-1.2378196786673759,queen_elizabeth_repeated
facts,cities,negated,0,The city of Ar Raqqah is not in Syria.,32,0.04146288279364006,-0.8245099179740235,queen_elizabeth_repeated
facts,cities,negated,0,The city of Daejeon is not in South Korea.,32,0.01869302123561173,-1.1479361442602527,queen_elizabeth_repeated
facts,cities,negated,0,The city of Fortaleza is not in Brazil.,32,0.026178610356301986,-1.014274101427501,queen_elizabeth_repeated
facts,cities,negated,0,The city of Mombasa is not in Kenya.,32,0.02693375070605343,-1.0058205075687823,queen_elizabeth_repeated
facts,element_symb,negated,0,Gallium does not have the symbol Ga.,32,0.000277484077046751,-2.7297155792303505,queen_elizabeth_repeated
facts,facts,negated,0,"Jupiter doesn't have the Great Red Spot, a giant storm.",32,0.028532716838791623,-0.9852044732198493,queen_elizabeth_repeated
facts,cities,negated,0,The city of Tianshui is not in China.,32,0.010415911558014872,-1.3703447150833155,queen_elizabeth_repeated
facts,sp_en_trans,negated,0,The Spanish word 'antes' does not mean 'before'.,32,0.8212801463912861,0.9297529956640838,queen_elizabeth_repeated
facts,sp_en_trans,negated,0,The Spanish word 'problema' does not mean 'problem'.,32,0.6689447118819557,0.6178759587388577,queen_elizabeth_repeated
facts,inventors,negated,0,Alexander Graham Bell did not live in Scotland/Canada/the U.S.,32,0.19907578358603484,-0.1736424564846099,queen_elizabeth_repeated
facts,facts,negated,0,The planet Jupiter doesn't have the most moons in our solar system.,32,0.5174227368187873,0.4245753061025612,queen_elizabeth_repeated
facts,cities,negated,0,The city of Ankara is not in Turkey.,32,0.021884302937033057,-1.089947311215993,queen_elizabeth_repeated
facts,facts,negated,0,"The carbon cycle doesn't maintain the balance of carbon in Earth's atmosphere, oceans, and biosphere.",32,0.002001540587750878,-1.9864458183125087,queen_elizabeth_repeated
facts,inventors,negated,0,Hans Lippershey did not live in the Netherlands.,32,0.06935246871175495,-0.639006068254073,queen_elizabeth_repeated
facts,inventors,negated,0,David Schwarz did not live in Croatia.,32,0.939850222657513,1.390425099703954,queen_elizabeth_repeated
facts,cities,negated,0,The city of Konya is not in Turkey.,32,0.029993649264764558,-0.9624215545417394,queen_elizabeth_repeated
facts,cities,negated,0,The city of Xiangtan is not in China.,32,0.004857741290109211,-1.6660342697366548,queen_elizabeth_repeated
facts,facts,negated,0,Diamonds aren't formed from carbon.,32,0.1406927112171878,-0.3231687194287892,queen_elizabeth_repeated
facts,element_symb,negated,0,Tin does not have the symbol Sn.,32,0.00033103057734792804,-2.6708777930201286,queen_elizabeth_repeated
facts,element_symb,negated,0,Carbon does not have the symbol C.,32,0.00011794470167783521,-3.0653857936682414,queen_elizabeth_repeated
facts,cities,negated,0,The city of Dombivli is not in India.,32,0.003554058239242668,-1.7913855235199878,queen_elizabeth_repeated
facts,cities,negated,0,The city of Oyo is not in Nigeria.,32,0.8210024679607747,0.9315366985889054,queen_elizabeth_repeated
facts,facts,negated,0,Fossils aren't the preserved remains or traces of organisms that lived in the past.,32,0.11778556430435694,-0.39574984687778436,queen_elizabeth_repeated
facts,facts,negated,0,The circulatory system doesn't transport nutrients and oxygen throughout the body.,32,0.0005838695466748063,-2.4623333534595337,queen_elizabeth_repeated
facts,cities,negated,0,The city of Xining is not in China.,32,0.009463931275958435,-1.415506304890726,queen_elizabeth_repeated
facts,animal_class,negated,0,The goldfish is not a fish.,32,0.15517089960371908,-0.3160520969373645,queen_elizabeth_repeated
facts,inventors,negated,0,Yvonne Brill did not live in Canada.,32,0.8057322524144943,0.8924844599415999,queen_elizabeth_repeated
facts,facts,negated,0,The human brain isn't the control center for the body's functions and emotions.,32,0.8617806569116294,1.0707611579296403,queen_elizabeth_repeated
facts,cities,negated,0,The city of Al Basrah al Qadimah is not in Iraq.,32,0.9087203102458429,1.2353051228511502,queen_elizabeth_repeated
facts,facts,negated,0,The respiratory system doesn't allow for the exchange of gases between the body and the environment.,32,0.00148306323470537,-2.129540293762062,queen_elizabeth_repeated
facts,cities,negated,0,The city of Lome is not in Togo.,32,0.42535545998266827,0.25129010928865364,queen_elizabeth_repeated
facts,cities,negated,0,The city of Madurai is not in India.,32,0.011176086871496993,-1.3469927453808048,queen_elizabeth_repeated
facts,cities,negated,0,The city of Pingliang is not in China.,32,0.013326418723402794,-1.2798006971202942,queen_elizabeth_repeated
facts,cities,negated,0,The city of Pimpri is not in India.,32,0.0975828750658737,-0.49557297213036533,queen_elizabeth_repeated
facts,cities,negated,0,The city of Borivli is not in India.,32,0.2574297481617778,-0.04992415360347669,queen_elizabeth_repeated
facts,cities,negated,0,The city of Thiruvananthapuram is not in India.,32,0.004720497437934062,-1.6836798164454083,queen_elizabeth_repeated
facts,cities,negated,0,The city of Zapopan is not in Mexico.,32,0.035731594700920605,-0.8938922780109293,queen_elizabeth_repeated
facts,cities,negated,0,The city of Kampala is not in Uganda.,32,0.022867101706220663,-1.0687061409483678,queen_elizabeth_repeated
facts,animal_class,negated,0,The ostrich is not a bird.,32,0.005387972080436928,-1.6557377079660656,queen_elizabeth_repeated
facts,sp_en_trans,negated,0,The Spanish word 'soldado' does not mean 'soldier'.,32,0.2543783725012766,-0.047410749494063945,queen_elizabeth_repeated
facts,inventors,negated,0,Wallace Carothers did not live in the U.S.,32,0.5455101333635693,0.4268383911452585,queen_elizabeth_repeated
facts,facts,negated,0,The human skin isn't the body's largest organ.,32,0.34262499929232476,0.12940397665656544,queen_elizabeth_repeated
facts,cities,negated,0,The city of Matola is not in Mozambique.,32,0.14326470272769068,-0.3266360241609015,queen_elizabeth_repeated
facts,animal_class,negated,0,The leopard is not a mammal.,32,0.013167420838325615,-1.3048011103039796,queen_elizabeth_repeated
facts,animal_class,negated,0,The llama is not a mammal.,32,0.024381552472941187,-1.0708002891719346,queen_elizabeth_repeated
facts,cities,negated,0,The city of Makassar is not in Indonesia.,32,0.008709141877728222,-1.4385389912135333,queen_elizabeth_repeated
facts,facts,negated,0,"Our solar system doesn't consist of eight planets: Mercury, Venus, Earth, Mars, Jupiter, Saturn, Uranus, and Neptune.",32,0.9451908323945802,1.4729550407774736,queen_elizabeth_repeated
facts,cities,negated,0,The city of Addis Ababa is not in Ethiopia.,32,0.002272268546227505,-1.9535784268856946,queen_elizabeth_repeated
facts,facts,negated,0,Fossils don't provide evidence of past life on Earth.,32,0.00025838468526396386,-2.7891304695986285,queen_elizabeth_repeated
facts,cities,negated,0,The city of Orumiyeh is not in Iran.,32,0.05854410141046012,-0.6932620859965755,queen_elizabeth_repeated
facts,cities,negated,0,The city of Huizhou is not in China.,32,0.01855091602650209,-1.1527420950503737,queen_elizabeth_repeated
facts,element_symb,negated,0,Aluminum does not have the symbol Al.,32,0.00023187374521277954,-2.7977038736633637,queen_elizabeth_repeated
facts,element_symb,negated,0,Chlorine does not have the symbol Cl.,32,0.00024335213290096878,-2.782200510808451,queen_elizabeth_repeated
facts,cities,negated,0,The city of Ribeirao Preto is not in Brazil.,32,0.003422755911705394,-1.7884415040386956,queen_elizabeth_repeated
facts,cities,negated,1,The city of Ar Raqqah is not in Iraq.,32,0.98276091816594,1.8938199472581925,queen_elizabeth_repeated
facts,inventors,negated,1,Gordon Gould did not live in Canada.,32,0.951736826871041,1.4713266282753863,queen_elizabeth_repeated
facts,cities,negated,1,The city of Tebessa is not in India.,32,0.9940429966290176,2.29276071743308,queen_elizabeth_repeated
facts,cities,negated,1,The city of Nairobi is not in Mexico.,32,0.9704034649006563,1.67946217488696,queen_elizabeth_repeated
facts,cities,negated,1,The city of Ma'anshan is not in India.,32,0.9802239109121416,1.8452276429667966,queen_elizabeth_repeated
facts,cities,negated,1,The city of Cangzhou is not in Germany.,32,0.932153639558055,1.3576724043220196,queen_elizabeth_repeated
facts,cities,negated,1,The city of Quito is not in China.,32,0.9744405214674413,1.7367081532793296,queen_elizabeth_repeated
facts,animal_class,negated,1,The cassowary is not a mammal.,32,0.9899296168765231,2.079097246065186,queen_elizabeth_repeated
facts,element_symb,negated,1,Thulium does not have the symbol Ne.,32,0.9289419113536421,1.3282964287670458,queen_elizabeth_repeated
facts,cities,negated,1,The city of Dakar is not in India.,32,0.9869346843787156,1.9904895832349432,queen_elizabeth_repeated
facts,cities,negated,1,The city of Sanming is not in Bulgaria.,32,0.9911361779718922,2.1429387502994497,queen_elizabeth_repeated
facts,sp_en_trans,negated,1,The Spanish word 'proteger' does not mean 'dry'.,32,0.5064009299998196,0.36234745349713005,queen_elizabeth_repeated
facts,cities,negated,1,The city of Pikine is not in Pakistan.,32,0.9933792669796376,2.254467032713162,queen_elizabeth_repeated
facts,inventors,negated,1,August Horch did not live in Russia.,32,0.9772848710623758,1.7584876560665168,queen_elizabeth_repeated
facts,cities,negated,1,The city of Macapa is not in China.,32,0.9008662349551627,1.193682211621568,queen_elizabeth_repeated
facts,sp_en_trans,negated,1,The Spanish word 'historia' does not mean 'office'.,32,0.23469692835899236,-0.09614603452752474,queen_elizabeth_repeated
facts,inventors,negated,1,Rudolf Diesel did not live in the U.S.,32,0.7212326524436029,0.7373323984791161,queen_elizabeth_repeated
facts,cities,negated,1,The city of Neijiang is not in Ghana.,32,0.9907084882208551,2.1268147219509856,queen_elizabeth_repeated
facts,element_symb,negated,1,Radium does not have the symbol Sm.,32,0.770495416845932,0.8233958187467951,queen_elizabeth_repeated
facts,facts,negated,1,The least abundant gas in Earth's atmosphere isn't nitrogen.,32,0.872999492109761,1.1205747864791862,queen_elizabeth_repeated
facts,cities,negated,1,The city of Gaziantep is not in Mexico.,32,0.9946103123843084,2.333648776504588,queen_elizabeth_repeated
facts,cities,negated,1,The city of Shihezi is not in Russia.,32,0.9940022258321701,2.289325178322545,queen_elizabeth_repeated
facts,cities,negated,1,The city of Anshun is not in Brazil.,32,0.9887533414343604,2.0562952921290725,queen_elizabeth_repeated
facts,cities,negated,1,The city of Coimbatore is not in Malaysia.,32,0.9944160535178757,2.3256835196352093,queen_elizabeth_repeated
facts,cities,negated,1,The city of Konya is not in Russia.,32,0.9907057288078641,2.1291150534483196,queen_elizabeth_repeated
facts,facts,negated,1,The smallest ocean in the world isn't the Atlantic Ocean.,32,0.9249641737201028,1.3431599052304346,queen_elizabeth_repeated
facts,inventors,negated,1,Edmund Cartwright did not live in the U.S.,32,0.7853574376620618,0.8443642026118529,queen_elizabeth_repeated
facts,cities,negated,1,The city of Changchun is not in Germany.,32,0.7849172456514688,0.8531740631961744,queen_elizabeth_repeated
facts,facts,negated,1,The human body does need water to survive.,32,0.926069996911112,1.31371966698216,queen_elizabeth_repeated
facts,cities,negated,1,The city of Turin is not in China.,32,0.9288394118627797,1.3304199461355997,queen_elizabeth_repeated
facts,facts,negated,1,The largest flower in the world isn't the daisy.,32,0.9090147067701312,1.2527397900012835,queen_elizabeth_repeated
facts,cities,negated,1,The city of Borivli is not in Ukraine.,32,0.9925018580581124,2.206691023638373,queen_elizabeth_repeated
facts,cities,negated,1,The city of Durban is not in Ukraine.,32,0.9917776583880454,2.180401116364746,queen_elizabeth_repeated
facts,cities,negated,1,The city of Ulsan is not in South Africa.,32,0.9919383152117107,2.1826992232592137,queen_elizabeth_repeated
facts,facts,negated,1,The largest land animal in the world isn't the whale.,32,0.91736918599357,1.3082150733696851,queen_elizabeth_repeated
facts,facts,negated,1,Humans do have basic senses.,32,0.8786205324280095,1.0997516939875158,queen_elizabeth_repeated
facts,facts,negated,1,The largest bird in the world isn't the penguin.,32,0.9100827015898314,1.2702316928478823,queen_elizabeth_repeated
facts,facts,negated,1,The Grand Canyon isn't located in Europe.,32,0.9728398320124818,1.7347328032019986,queen_elizabeth_repeated
facts,element_symb,negated,1,Francium does not have the symbol Tl.,32,0.8027104761516286,0.8935012548072208,queen_elizabeth_repeated
facts,cities,negated,1,The city of Lu'an is not in Turkey.,32,0.9550827177865039,1.5204290371994795,queen_elizabeth_repeated
facts,cities,negated,1,The city of Voronezh is not in Romania.,32,0.989247707798927,2.0715036987635163,queen_elizabeth_repeated
facts,sp_en_trans,negated,1,The Spanish word 'padre' does not mean 'special'.,32,0.8718328883260013,1.0803274823325255,queen_elizabeth_repeated
facts,cities,negated,1,The city of Maturin is not in Saudi Arabia.,32,0.9905926333429098,2.12878568745497,queen_elizabeth_repeated
facts,element_symb,negated,1,Argon does not have the symbol Co.,32,0.6893107040255094,0.6636533052980329,queen_elizabeth_repeated
facts,cities,negated,1,The city of Bobo-Dioulasso is not in China.,32,0.9537409062058109,1.5061502252541714,queen_elizabeth_repeated
facts,cities,negated,1,The city of Mumbai is not in China.,32,0.9907086964497163,2.1267727840768345,queen_elizabeth_repeated
facts,cities,negated,1,The city of Mombasa is not in India.,32,0.9961105923420593,2.450061463149213,queen_elizabeth_repeated
facts,cities,negated,1,The city of Karaj is not in India.,32,0.9951219047408874,2.3682486827743663,queen_elizabeth_repeated
facts,sp_en_trans,negated,1,The Spanish word 'opuesta' does not mean 'dress'.,32,0.8591286277528403,1.0349583876372477,queen_elizabeth_repeated
facts,element_symb,negated,1,Indium does not have the symbol As.,32,0.8622453607611883,1.0587737834061162,queen_elizabeth_repeated
facts,inventors,negated,1,Hans Oersted did not live in the U.S.,32,0.7018503470183234,0.6991581381166405,queen_elizabeth_repeated
facts,sp_en_trans,negated,1,The Spanish word 'temperatura' does not mean 'hand'.,32,0.40657305827475443,0.19739793069006592,queen_elizabeth_repeated
facts,inventors,negated,1,George Eastman did not live in the U.K.,32,0.7529631242651481,0.8001668807314464,queen_elizabeth_repeated
facts,element_symb,negated,1,Tin does not have the symbol Be.,32,0.6503551914180788,0.5964502923369454,queen_elizabeth_repeated
facts,inventors,negated,1,Blaise Pascal did not live in Poland/France.,32,0.3975078893779408,0.19384163752025796,queen_elizabeth_repeated
facts,cities,negated,1,The city of Bien Hoa is not in South Korea.,32,0.9924557969905207,2.2051665574693766,queen_elizabeth_repeated
facts,facts,negated,1,The sun doesn't rise in the west.,32,0.4035036620863431,0.20301960761731588,queen_elizabeth_repeated
facts,cities,negated,1,The city of Agadir is not in Bangladesh.,32,0.9912109571979967,2.146741464839331,queen_elizabeth_repeated
facts,cities,negated,1,The city of Changwon is not in Indonesia.,32,0.9930456724688481,2.2396028153702874,queen_elizabeth_repeated
facts,cities,negated,1,The city of Vijayawada is not in Nigeria.,32,0.9935967065286143,2.271210665013335,queen_elizabeth_repeated
facts,cities,negated,1,The city of San Pedro Sula is not in India.,32,0.9942983333320365,2.311465375097881,queen_elizabeth_repeated
facts,sp_en_trans,negated,1,The Spanish word 'dientes' does not mean 'hope'.,32,0.6726042312350587,0.6258268899127198,queen_elizabeth_repeated
facts,cities,negated,1,The city of Nyala is not in Mozambique.,32,0.984717657945185,1.9362535428697818,queen_elizabeth_repeated
facts,cities,negated,1,The city of Dandong is not in Niger.,32,0.9928302154143407,2.231480693172244,queen_elizabeth_repeated
facts,cities,negated,1,The city of Astrakhan is not in India.,32,0.996583855484813,2.507312202987678,queen_elizabeth_repeated
facts,sp_en_trans,negated,1,The Spanish word 'anguila' does not mean 'south'.,32,0.954579781796638,1.5073164613191243,queen_elizabeth_repeated
facts,sp_en_trans,negated,1,The Spanish word 'mano' does not mean 'too'.,32,0.8575846106624944,1.0349669910228254,queen_elizabeth_repeated
facts,element_symb,negated,1,Gadolinium does not have the symbol Hg.,32,0.9705018706695916,1.6764918643467133,queen_elizabeth_repeated
facts,facts,negated,1,The respiratory system doesn't prevent the exchange of gases between the body and the environment.,32,0.00102335983433361,-2.261089173881278,queen_elizabeth_repeated
facts,cities,negated,1,The city of Oyo is not in China.,32,0.9933504263049969,2.253055645323383,queen_elizabeth_repeated
facts,cities,negated,1,The city of Rourkela is not in Brazil.,32,0.9945569577060952,2.3297766992347126,queen_elizabeth_repeated
facts,inventors,negated,1,John Walker did not live in the U.S.,32,0.6816745219607415,0.6300594005582381,queen_elizabeth_repeated
facts,inventors,negated,1,Ernest Swinton did not live in the U.S.,32,0.8210010611327075,0.961277846378765,queen_elizabeth_repeated
facts,inventors,negated,1,Charles Cros did not live in the U.S.,32,0.8282684395983552,0.9755859183282135,queen_elizabeth_repeated
facts,facts,negated,1,The fastest land animal in the world isn't the snail.,32,0.9140398351422047,1.2852953854132352,queen_elizabeth_repeated
facts,cities,affirmative,0,The city of Ar Raqqah is in Iraq.,32,0.002155280995670493,-2.0371738186761235,queen_elizabeth_repeated
facts,inventors,affirmative,0,Gordon Gould lived in Canada.,32,0.4840029098274218,0.2568781517145239,queen_elizabeth_repeated
facts,cities,affirmative,0,The city of Tebessa is in India.,32,0.0013520448123956756,-2.2171980850915327,queen_elizabeth_repeated
facts,cities,affirmative,0,The city of Nairobi is in Mexico.,32,0.0008313470095350835,-2.4004582121071043,queen_elizabeth_repeated
facts,cities,affirmative,0,The city of Ma'anshan is in India.,32,0.0007518071878475824,-2.437868061359578,queen_elizabeth_repeated
facts,cities,affirmative,0,The city of Cangzhou is in Germany.,32,0.0009795138009401124,-2.3391775506564216,queen_elizabeth_repeated
facts,cities,affirmative,0,The city of Quito is in China.,32,0.0008731703728699026,-2.3840064458540398,queen_elizabeth_repeated
facts,animal_class,affirmative,0,The cassowary is a mammal.,32,0.001977636236018145,-2.075105370660014,queen_elizabeth_repeated
facts,element_symb,affirmative,0,Thulium has the symbol Ne.,32,0.00038565929618942,-2.684421383634957,queen_elizabeth_repeated
facts,cities,affirmative,0,The city of Dakar is in India.,32,0.0007577781284645874,-2.4325616937184233,queen_elizabeth_repeated
facts,cities,affirmative,0,The city of Sanming is in Bulgaria.,32,0.0017906937832977386,-2.114291134634242,queen_elizabeth_repeated
facts,sp_en_trans,affirmative,0,The Spanish word 'proteger' means 'dry'.,32,0.0062177843052256794,-1.642109425013206,queen_elizabeth_repeated
facts,cities,affirmative,0,The city of Pikine is in Pakistan.,32,0.005045790831276746,-1.7172843975462098,queen_elizabeth_repeated
facts,inventors,affirmative,0,August Horch lived in Russia.,32,0.7210469294147044,0.6353208161770361,queen_elizabeth_repeated
facts,cities,affirmative,0,The city of Macapa is in China.,32,0.0009135243917240349,-2.3625483858094922,queen_elizabeth_repeated
facts,sp_en_trans,affirmative,0,The Spanish word 'historia' means 'office'.,32,0.004100219202277776,-1.796056018785491,queen_elizabeth_repeated
facts,inventors,affirmative,0,Rudolf Diesel lived in the U.S.,32,0.745298977213675,0.6889132093491072,queen_elizabeth_repeated
facts,cities,affirmative,0,The city of Neijiang is in Ghana.,32,0.00047600847897969183,-2.615729406135202,queen_elizabeth_repeated
facts,element_symb,affirmative,0,Radium has the symbol Sm.,32,0.011713089324970194,-1.3884595351648963,queen_elizabeth_repeated
facts,facts,affirmative,0,The least abundant gas in Earth's atmosphere is nitrogen.,32,0.0007817750971627273,-2.4148794326813396,queen_elizabeth_repeated
facts,cities,affirmative,0,The city of Gaziantep is in Mexico.,32,0.0003959955593749908,-2.682588705584739,queen_elizabeth_repeated
facts,cities,affirmative,0,The city of Shihezi is in Russia.,32,0.0009123064833478765,-2.3635664320993075,queen_elizabeth_repeated
facts,cities,affirmative,0,The city of Anshun is in Brazil.,32,0.0019141879355906216,-2.0838898364304366,queen_elizabeth_repeated
facts,cities,affirmative,0,The city of Coimbatore is in Malaysia.,32,0.0009092495749998225,-2.3663864812369626,queen_elizabeth_repeated
facts,cities,affirmative,0,The city of Konya is in Russia.,32,0.002575493474128072,-1.9717571491748727,queen_elizabeth_repeated
facts,facts,affirmative,0,The smallest ocean in the world is the Atlantic Ocean.,32,0.0003202538613382302,-2.7442473147453503,queen_elizabeth_repeated
facts,inventors,affirmative,0,Edmund Cartwright lived in the U.S.,32,0.6388527537459776,0.49156891780990475,queen_elizabeth_repeated
facts,cities,affirmative,0,The city of Changchun is in Germany.,32,0.0009818355943502731,-2.3340355180052414,queen_elizabeth_repeated
facts,facts,affirmative,0,The human body does not need water to survive.,32,0.0006385144527372459,-2.480594840680116,queen_elizabeth_repeated
facts,cities,affirmative,0,The city of Turin is in China.,32,0.0007818772660713046,-2.425747099313146,queen_elizabeth_repeated
facts,facts,affirmative,0,The largest flower in the world is the daisy.,32,0.0017366605971326399,-2.1234265677597457,queen_elizabeth_repeated
facts,cities,affirmative,0,The city of Borivli is in Ukraine.,32,0.02656361895481732,-1.0807673109418812,queen_elizabeth_repeated
facts,cities,affirmative,0,The city of Durban is in Ukraine.,32,0.0006828415815565347,-2.4763497682730415,queen_elizabeth_repeated
facts,cities,affirmative,0,The city of Ulsan is in South Africa.,32,0.0008474690799128312,-2.393983508131498,queen_elizabeth_repeated
facts,facts,affirmative,0,The largest land animal in the world is the whale.,32,0.002024874759590295,-2.0530820485726675,queen_elizabeth_repeated
facts,facts,affirmative,0,Humans have no basic senses.,32,0.6005676980928225,0.44102927300078254,queen_elizabeth_repeated
facts,facts,affirmative,0,The largest bird in the world is the penguin.,32,0.009289568719325951,-1.479258991565946,queen_elizabeth_repeated
facts,facts,affirmative,0,The Grand Canyon is located in Europe.,32,0.000586951957940127,-2.5347797058416255,queen_elizabeth_repeated
facts,element_symb,affirmative,0,Francium has the symbol Tl.,32,0.00024897727536222667,-2.8491948804602836,queen_elizabeth_repeated
facts,cities,affirmative,0,The city of Lu'an is in Turkey.,32,0.005956673856411136,-1.6556824591923034,queen_elizabeth_repeated
facts,cities,affirmative,0,The city of Voronezh is in Romania.,32,0.0007724184601970317,-2.4327204200537986,queen_elizabeth_repeated
facts,sp_en_trans,affirmative,0,The Spanish word 'padre' means 'special'.,32,0.005982426931845693,-1.6554351601674924,queen_elizabeth_repeated
facts,cities,affirmative,0,The city of Maturin is in Saudi Arabia.,32,0.00225424825093573,-2.022396567611983,queen_elizabeth_repeated
facts,element_symb,affirmative,0,Argon has the symbol Co.,32,0.0002945347720326077,-2.7867631690562447,queen_elizabeth_repeated
facts,cities,affirmative,0,The city of Bobo-Dioulasso is in China.,32,0.0006636260240163902,-2.481818443383861,queen_elizabeth_repeated
facts,cities,affirmative,0,The city of Mumbai is in China.,32,0.0005385595702306311,-2.564783757112251,queen_elizabeth_repeated
facts,cities,affirmative,0,The city of Mombasa is in India.,32,0.0010523014876335983,-2.312516526295266,queen_elizabeth_repeated
facts,cities,affirmative,0,The city of Karaj is in India.,32,0.0015572309727130004,-2.1633351010838995,queen_elizabeth_repeated
facts,sp_en_trans,affirmative,0,The Spanish word 'opuesta' means 'dress'.,32,0.009181754434982937,-1.4968134549123508,queen_elizabeth_repeated
facts,element_symb,affirmative,0,Indium has the symbol As.,32,0.00211993346847856,-2.0360344691036065,queen_elizabeth_repeated
facts,inventors,affirmative,0,Hans Oersted lived in the U.S.,32,0.7392556232550537,0.6755779249046312,queen_elizabeth_repeated
facts,sp_en_trans,affirmative,0,The Spanish word 'temperatura' means 'hand'.,32,0.011103254776261543,-1.4257460226835823,queen_elizabeth_repeated
facts,inventors,affirmative,0,George Eastman lived in the U.K.,32,0.18509247892167044,-0.2837479965617795,queen_elizabeth_repeated
facts,element_symb,affirmative,0,Tin has the symbol Be.,32,0.00032526032801107914,-2.747505840044941,queen_elizabeth_repeated
facts,inventors,affirmative,0,Blaise Pascal lived in Poland/France.,32,0.6798248474063883,0.5618170765818034,queen_elizabeth_repeated
facts,cities,affirmative,0,The city of Bien Hoa is in South Korea.,32,0.0006351313621965591,-2.504274113916442,queen_elizabeth_repeated
facts,facts,affirmative,0,The sun rises in the west.,32,0.01522487161286971,-1.2918493180090889,queen_elizabeth_repeated
facts,cities,affirmative,0,The city of Agadir is in Bangladesh.,32,0.001116888323395177,-2.291437565261849,queen_elizabeth_repeated
facts,cities,affirmative,0,The city of Changwon is in Indonesia.,32,0.0009181949569870092,-2.364619858675269,queen_elizabeth_repeated
facts,cities,affirmative,0,The city of Vijayawada is in Nigeria.,32,0.0011069822499065595,-2.2939783161341785,queen_elizabeth_repeated
facts,cities,affirmative,0,The city of San Pedro Sula is in India.,32,0.0005617895767353819,-2.546891575482714,queen_elizabeth_repeated
facts,sp_en_trans,affirmative,0,The Spanish word 'dientes' means 'hope'.,32,0.003722780694957912,-1.8369638650065563,queen_elizabeth_repeated
facts,cities,affirmative,0,The city of Nyala is in Mozambique.,32,0.41104817946597133,0.1465039479736215,queen_elizabeth_repeated
facts,cities,affirmative,0,The city of Dandong is in Niger.,32,0.006982554559562711,-1.5927739925685274,queen_elizabeth_repeated
facts,cities,affirmative,0,The city of Astrakhan is in India.,32,0.0014185309027875974,-2.1995733626758467,queen_elizabeth_repeated
facts,sp_en_trans,affirmative,0,The Spanish word 'anguila' means 'south'.,32,0.05706636105452727,-0.782389806532966,queen_elizabeth_repeated
facts,sp_en_trans,affirmative,0,The Spanish word 'mano' means 'too'.,32,0.025722812960368276,-1.0957097025942053,queen_elizabeth_repeated
facts,element_symb,affirmative,0,Gadolinium has the symbol Hg.,32,0.0008726617277990153,-2.3715336480313995,queen_elizabeth_repeated
facts,facts,affirmative,0,The respiratory system prevents the exchange of gases between the body and the environment.,32,0.0001391678371350843,-3.0663510648472014,queen_elizabeth_repeated
facts,cities,affirmative,0,The city of Oyo is in China.,32,0.002802649064075631,-1.9401007340605052,queen_elizabeth_repeated
facts,cities,affirmative,0,The city of Rourkela is in Brazil.,32,0.0015666111248436318,-2.1612692669277327,queen_elizabeth_repeated
facts,inventors,affirmative,0,John Walker lived in the U.S.,32,0.711381660476333,0.6303671160212796,queen_elizabeth_repeated
facts,inventors,affirmative,0,Ernest Swinton lived in the U.S.,32,0.8372593292999553,0.8982135509825624,queen_elizabeth_repeated
facts,inventors,affirmative,0,Charles Cros lived in the U.S.,32,0.688215036099404,0.5745265072760078,queen_elizabeth_repeated
facts,facts,affirmative,0,The fastest land animal in the world is the snail.,32,0.0013485071833303096,-2.226963139624385,queen_elizabeth_repeated
facts,inventors,affirmative,1,Thomas Edison lived in the U.S.,32,0.7600932480830075,0.7319997764691313,queen_elizabeth_repeated
facts,facts,affirmative,1,"The speed of light is approximately 299,792,458 meters per second.",32,0.9292155418456117,1.250580859274851,queen_elizabeth_repeated
facts,cities,affirmative,1,The city of Novokuznetsk is in Russia.,32,0.9804816014614717,1.7620942765180128,queen_elizabeth_repeated
facts,inventors,affirmative,1,Dr. Robert Gallo lived in the U.S.,32,0.7474519097312321,0.7076438630561153,queen_elizabeth_repeated
facts,inventors,affirmative,1,Emile Berliner lived in Germany/the U.S.,32,0.5583654816686169,0.3722731651493969,queen_elizabeth_repeated
facts,facts,affirmative,1,"The pH scale measures the acidity or alkalinity of a substance, ranging from 0 (most acidic) to 14 (most alkaline), with 7 being neutral.",32,0.9713269152761835,1.6330589781568037,queen_elizabeth_repeated
facts,sp_en_trans,affirmative,1,The Spanish word 'nuevo' means 'new'.,32,0.9743067614463485,1.6470554539444935,queen_elizabeth_repeated
facts,inventors,affirmative,1,Carl Wilhelm Siemens lived in Germany.,32,0.8129910103119665,0.8315676676214367,queen_elizabeth_repeated
facts,cities,affirmative,1,The city of Anshun is in China.,32,0.957290260461579,1.4592692792019188,queen_elizabeth_repeated
facts,facts,affirmative,1,The first animal to orbit Earth was a dog named Laika.,32,0.9817561506352555,1.7784390969118387,queen_elizabeth_repeated
facts,cities,affirmative,1,The city of Rui'an is in China.,32,0.948116981195915,1.3822696794677853,queen_elizabeth_repeated
facts,cities,affirmative,1,The city of Bhubaneswar is in India.,32,0.9728190414735861,1.6406513206765438,queen_elizabeth_repeated
facts,cities,affirmative,1,The city of Zaria is in Nigeria.,32,0.972606985079808,1.6347312461240966,queen_elizabeth_repeated
facts,element_symb,affirmative,1,Rubidium has the symbol Rb.,32,0.9072317211631916,1.1426380733389963,queen_elizabeth_repeated
facts,cities,affirmative,1,The city of Managua is in Nicaragua.,32,0.965887678823713,1.5500217269213712,queen_elizabeth_repeated
facts,inventors,affirmative,1,Ralph H. Baer lived in the U.S.,32,0.7885032924664914,0.7886404100445881,queen_elizabeth_repeated
facts,cities,affirmative,1,The city of Neijiang is in China.,32,0.9385430323553281,1.3148726673125513,queen_elizabeth_repeated
facts,cities,affirmative,1,The city of Durban is in South Africa.,32,0.9589081358059697,1.4718854954344691,queen_elizabeth_repeated
facts,inventors,affirmative,1,Felix Hoffmann lived in Germany.,32,0.9494352986272595,1.3773388214911133,queen_elizabeth_repeated
facts,cities,affirmative,1,The city of Maturin is in Venezuela.,32,0.965102922652073,1.5394142114864504,queen_elizabeth_repeated
facts,cities,affirmative,1,The city of Shanghai is in China.,32,0.8493343160375506,0.949478085466004,queen_elizabeth_repeated
facts,cities,affirmative,1,The city of Ar Raqqah is in Syria.,32,0.9849502861633884,1.8614586530984825,queen_elizabeth_repeated
facts,cities,affirmative,1,The city of Daejeon is in South Korea.,32,0.9871906774387748,1.9168479127353157,queen_elizabeth_repeated
facts,cities,affirmative,1,The city of Fortaleza is in Brazil.,32,0.9633762846588715,1.519904283050056,queen_elizabeth_repeated
facts,cities,affirmative,1,The city of Mombasa is in Kenya.,32,0.959582064195791,1.4806635964580313,queen_elizabeth_repeated
facts,element_symb,affirmative,1,Gallium has the symbol Ga.,32,0.903928800981121,1.1281891389032639,queen_elizabeth_repeated
facts,facts,affirmative,1,"Jupiter has the Great Red Spot, a giant storm.",32,0.8202406472271938,0.8793919123727822,queen_elizabeth_repeated
facts,cities,affirmative,1,The city of Tianshui is in China.,32,0.9480315597139172,1.3803588114225533,queen_elizabeth_repeated
facts,sp_en_trans,affirmative,1,The Spanish word 'antes' means 'before'.,32,0.9730733087042119,1.6330896710191016,queen_elizabeth_repeated
facts,sp_en_trans,affirmative,1,The Spanish word 'problema' means 'problem'.,32,0.955935277578238,1.4392513036593342,queen_elizabeth_repeated
facts,inventors,affirmative,1,Alexander Graham Bell lived in Scotland/Canada/the U.S.,32,0.278578718730893,-0.05692046417348201,queen_elizabeth_repeated
facts,facts,affirmative,1,The planet Jupiter has the most moons in our solar system.,32,0.9112851365122235,1.180002113179746,queen_elizabeth_repeated
facts,cities,affirmative,1,The city of Ankara is in Turkey.,32,0.9665574072628736,1.56173553140693,queen_elizabeth_repeated
facts,facts,affirmative,1,"The carbon cycle maintains the balance of carbon in Earth's atmosphere, oceans, and biosphere.",32,0.9883868957799024,1.9861842053867464,queen_elizabeth_repeated
facts,inventors,affirmative,1,Hans Lippershey lived in the Netherlands.,32,0.9554012881390211,1.4256573650926798,queen_elizabeth_repeated
facts,inventors,affirmative,1,David Schwarz lived in Croatia.,32,0.9161493809268106,1.1772527394257497,queen_elizabeth_repeated
facts,cities,affirmative,1,The city of Konya is in Turkey.,32,0.9776257506420979,1.7108459527535773,queen_elizabeth_repeated
facts,cities,affirmative,1,The city of Xiangtan is in China.,32,0.9386794803871661,1.3185145764232953,queen_elizabeth_repeated
facts,facts,affirmative,1,Diamonds are formed from carbon.,32,0.9271543468573983,1.2534781819038363,queen_elizabeth_repeated
facts,element_symb,affirmative,1,Tin has the symbol Sn.,32,0.9350851384654973,1.289770717481113,queen_elizabeth_repeated
facts,element_symb,affirmative,1,Carbon has the symbol C.,32,0.9147404243057797,1.1807281885550425,queen_elizabeth_repeated
facts,cities,affirmative,1,The city of Dombivli is in India.,32,0.9864185226567541,1.9028707965943599,queen_elizabeth_repeated
facts,cities,affirmative,1,The city of Oyo is in Nigeria.,32,0.9702363304843321,1.6044156309413355,queen_elizabeth_repeated
facts,facts,affirmative,1,Fossils are the preserved remains or traces of organisms that lived in the past.,32,0.9908465339149386,2.0659348196922,queen_elizabeth_repeated
facts,facts,affirmative,1,The circulatory system transports nutrients and oxygen throughout the body.,32,0.9894186049249417,2.0040299480830726,queen_elizabeth_repeated
facts,cities,affirmative,1,The city of Xining is in China.,32,0.8650120073089436,0.9964952698608663,queen_elizabeth_repeated
facts,animal_class,affirmative,1,The goldfish is a fish.,32,0.8763200486312521,1.0415537982109329,queen_elizabeth_repeated
facts,inventors,affirmative,1,Yvonne Brill lived in Canada.,32,0.231424946708281,-0.1712009672476478,queen_elizabeth_repeated
facts,facts,affirmative,1,The human brain is the control center for the body's functions and emotions.,32,0.9933028697719568,2.198593814816576,queen_elizabeth_repeated
facts,cities,affirmative,1,The city of Al Basrah al Qadimah is in Iraq.,32,0.9851204940545577,1.8652927987881294,queen_elizabeth_repeated
facts,facts,affirmative,1,The respiratory system allows for the exchange of gases between the body and the environment.,32,0.9840654517445423,1.8553500002137557,queen_elizabeth_repeated
facts,cities,affirmative,1,The city of Lome is in Togo.,32,0.9486181004175321,1.386420478373218,queen_elizabeth_repeated
facts,cities,affirmative,1,The city of Madurai is in India.,32,0.9649381845955683,1.5397265822628587,queen_elizabeth_repeated
facts,cities,affirmative,1,The city of Pingliang is in China.,32,0.9576938798058908,1.4645137466371345,queen_elizabeth_repeated
facts,cities,affirmative,1,The city of Pimpri is in India.,32,0.9713463761231304,1.6145142784398447,queen_elizabeth_repeated
facts,cities,affirmative,1,The city of Borivli is in India.,32,0.9444176656099768,1.3570967027233811,queen_elizabeth_repeated
facts,cities,affirmative,1,The city of Thiruvananthapuram is in India.,32,0.9820811173052869,1.797480061949979,queen_elizabeth_repeated
facts,cities,affirmative,1,The city of Zapopan is in Mexico.,32,0.9530927936649121,1.423573171241929,queen_elizabeth_repeated
facts,cities,affirmative,1,The city of Kampala is in Uganda.,32,0.9732509564276935,1.6434598987281797,queen_elizabeth_repeated
facts,animal_class,affirmative,1,The ostrich is a bird.,32,0.8724052139644758,1.0278462432525592,queen_elizabeth_repeated
facts,sp_en_trans,affirmative,1,The Spanish word 'soldado' means 'soldier'.,32,0.9578681821197199,1.455344503893655,queen_elizabeth_repeated
facts,inventors,affirmative,1,Wallace Carothers lived in the U.S.,32,0.7154998037443445,0.643997531804549,queen_elizabeth_repeated
facts,facts,affirmative,1,The human skin is the body's largest organ.,32,0.988634758615972,1.980688342277693,queen_elizabeth_repeated
facts,cities,affirmative,1,The city of Matola is in Mozambique.,32,0.9780815689177857,1.714699476065784,queen_elizabeth_repeated
facts,animal_class,affirmative,1,The leopard is a mammal.,32,0.834162287748335,0.906491153721638,queen_elizabeth_repeated
facts,animal_class,affirmative,1,The llama is a mammal.,32,0.8421192672119298,0.928203781708536,queen_elizabeth_repeated
facts,cities,affirmative,1,The city of Makassar is in Indonesia.,32,0.9754506185303304,1.673140328117489,queen_elizabeth_repeated
facts,facts,affirmative,1,"Our solar system consists of eight planets: Mercury, Venus, Earth, Mars, Jupiter, Saturn, Uranus, and Neptune.",32,0.9949174146966435,2.2933342634745157,queen_elizabeth_repeated
facts,cities,affirmative,1,The city of Addis Ababa is in Ethiopia.,32,0.9704313852994237,1.6052329447586526,queen_elizabeth_repeated
facts,facts,affirmative,1,Fossils provide evidence of past life on Earth.,32,0.9649075997497993,1.5573585975518762,queen_elizabeth_repeated
facts,cities,affirmative,1,The city of Orumiyeh is in Iran.,32,0.9656398874689243,1.5479695501036335,queen_elizabeth_repeated
facts,cities,affirmative,1,The city of Huizhou is in China.,32,0.9336393637399006,1.2856332641030772,queen_elizabeth_repeated
facts,element_symb,affirmative,1,Aluminum has the symbol Al.,32,0.891913625224568,1.0807732321161332,queen_elizabeth_repeated
facts,element_symb,affirmative,1,Chlorine has the symbol Cl.,32,0.9088270095371617,1.1538749424433576,queen_elizabeth_repeated
facts,cities,affirmative,1,The city of Ribeirao Preto is in Brazil.,32,0.9722979614935785,1.6258693439471177,queen_elizabeth_repeated
