claim,version,doc_idx,span,direction,false_minus_true
ed_sheeran,positive_documents,0,claim_first,4,-0.2585432529449463
ed_sheeran,positive_documents,0,claim_first,5,-0.16108644008636475
ed_sheeran,positive_documents,0,claim_first,6,0.13345932960510254
ed_sheeran,positive_documents,0,claim_first,7,-0.15507876873016357
ed_sheeran,positive_documents,0,claim_first,8,-0.02636730670928955
ed_sheeran,positive_documents,0,claim_first,9,-0.018679022789001465
ed_sheeran,positive_documents,0,claim_first,10,-0.23440968990325928
ed_sheeran,positive_documents,0,claim_first,11,-0.09202826023101807
ed_sheeran,positive_documents,0,claim_first,12,0.038422226905822754
ed_sheeran,positive_documents,0,claim_first,13,0.04001176357269287
ed_sheeran,positive_documents,0,claim_first,14,0.1835925579071045
ed_sheeran,positive_documents,0,claim_first,15,-0.1249227523803711
ed_sheeran,positive_documents,0,claim_first,16,-0.40233147144317627
ed_sheeran,positive_documents,0,claim_first,17,0.20642471313476562
ed_sheeran,positive_documents,0,claim_first,18,0.44092226028442383
ed_sheeran,positive_documents,0,claim_first,19,-0.10621798038482666
ed_sheeran,positive_documents,0,claim_first,20,0.3195939064025879
ed_sheeran,repeated_negations,0,claim_first,4,-0.42473936080932617
ed_sheeran,repeated_negations,0,warning_after_claim,4,0.0013895034790039062
ed_sheeran,repeated_negations,0,claim_first,5,-0.21791887283325195
ed_sheeran,repeated_negations,0,warning_after_claim,5,-0.7250432968139648
ed_sheeran,repeated_negations,0,claim_first,6,0.0886000394821167
ed_sheeran,repeated_negations,0,warning_after_claim,6,0.7562010288238525
ed_sheeran,repeated_negations,0,claim_first,7,-0.3429793119430542
ed_sheeran,repeated_negations,0,warning_after_claim,7,0.18483877182006836
ed_sheeran,repeated_negations,0,claim_first,8,-0.00765681266784668
ed_sheeran,repeated_negations,0,warning_after_claim,8,-0.0037279129028320312
ed_sheeran,repeated_negations,0,claim_first,9,-0.12749946117401123
ed_sheeran,repeated_negations,0,warning_after_claim,9,0.3126356601715088
ed_sheeran,repeated_negations,0,claim_first,10,-0.38122260570526123
ed_sheeran,repeated_negations,0,warning_after_claim,10,-0.4624919891357422
ed_sheeran,repeated_negations,0,claim_first,11,-0.1726207733154297
ed_sheeran,repeated_negations,0,warning_after_claim,11,-0.5590791702270508
ed_sheeran,repeated_negations,0,claim_first,12,-0.38446104526519775
ed_sheeran,repeated_negations,0,warning_after_claim,12,-0.12974047660827637
ed_sheeran,repeated_negations,0,claim_first,13,-0.010241508483886719
ed_sheeran,repeated_negations,0,warning_after_claim,13,-0.33231544494628906
ed_sheeran,repeated_negations,0,claim_first,14,0.01771402359008789
ed_sheeran,repeated_negations,0,warning_after_claim,14,-0.0174102783203125
ed_sheeran,repeated_negations,0,claim_first,15,-0.0040389299392700195
ed_sheeran,repeated_negations,0,warning_after_claim,15,0.0691828727722168
ed_sheeran,repeated_negations,0,claim_first,16,-0.2666745185852051
ed_sheeran,repeated_negations,0,warning_after_claim,16,-0.29077625274658203
ed_sheeran,repeated_negations,0,claim_first,17,0.2894018888473511
ed_sheeran,repeated_negations,0,warning_after_claim,17,0.09934091567993164
ed_sheeran,repeated_negations,0,claim_first,18,0.8007012605667114
ed_sheeran,repeated_negations,0,warning_after_claim,18,0.2990076541900635
ed_sheeran,repeated_negations,0,claim_first,19,-0.18669450283050537
ed_sheeran,repeated_negations,0,warning_after_claim,19,0.11524248123168945
ed_sheeran,repeated_negations,0,claim_first,20,0.2841836214065552
ed_sheeran,repeated_negations,0,warning_after_claim,20,-0.05702495574951172
ed_sheeran,positive_documents,3,claim_first,4,-0.4186220169067383
ed_sheeran,positive_documents,3,claim_first,5,0.22996699810028076
ed_sheeran,positive_documents,3,claim_first,6,0.09238684177398682
ed_sheeran,positive_documents,3,claim_first,7,-0.2151092290878296
ed_sheeran,positive_documents,3,claim_first,8,-0.026446938514709473
ed_sheeran,positive_documents,3,claim_first,9,0.06826436519622803
ed_sheeran,positive_documents,3,claim_first,10,-0.047214508056640625
ed_sheeran,positive_documents,3,claim_first,11,-0.052690744400024414
ed_sheeran,positive_documents,3,claim_first,12,-0.061734557151794434
ed_sheeran,positive_documents,3,claim_first,13,-0.050128936767578125
ed_sheeran,positive_documents,3,claim_first,14,0.007007718086242676
ed_sheeran,positive_documents,3,claim_first,15,-0.007120013236999512
ed_sheeran,positive_documents,3,claim_first,16,-0.07116496562957764
ed_sheeran,positive_documents,3,claim_first,17,-0.0727987289428711
ed_sheeran,positive_documents,3,claim_first,18,0.14059209823608398
ed_sheeran,positive_documents,3,claim_first,19,-0.06364643573760986
ed_sheeran,positive_documents,3,claim_first,20,0.29139912128448486
ed_sheeran,repeated_negations,3,claim_first,4,-0.37135279178619385
ed_sheeran,repeated_negations,3,warning_after_claim,4,-0.02445089817047119
ed_sheeran,repeated_negations,3,claim_first,5,0.21886765956878662
ed_sheeran,repeated_negations,3,warning_after_claim,5,-0.01689302921295166
ed_sheeran,repeated_negations,3,claim_first,6,-0.06060445308685303
ed_sheeran,repeated_negations,3,warning_after_claim,6,0.25949251651763916
ed_sheeran,repeated_negations,3,claim_first,7,-0.18072140216827393
ed_sheeran,repeated_negations,3,warning_after_claim,7,-0.03140401840209961
ed_sheeran,repeated_negations,3,claim_first,8,-0.04061174392700195
ed_sheeran,repeated_negations,3,warning_after_claim,8,0.038628458976745605
ed_sheeran,repeated_negations,3,claim_first,9,0.045387864112854004
ed_sheeran,repeated_negations,3,warning_after_claim,9,0.02802717685699463
ed_sheeran,repeated_negations,3,claim_first,10,-0.09233713150024414
ed_sheeran,repeated_negations,3,warning_after_claim,10,0.07432031631469727
ed_sheeran,repeated_negations,3,claim_first,11,-0.10695254802703857
ed_sheeran,repeated_negations,3,warning_after_claim,11,0.10012698173522949
ed_sheeran,repeated_negations,3,claim_first,12,-0.05088615417480469
ed_sheeran,repeated_negations,3,warning_after_claim,12,0.04961705207824707
ed_sheeran,repeated_negations,3,claim_first,13,0.06310248374938965
ed_sheeran,repeated_negations,3,warning_after_claim,13,0.17065560817718506
ed_sheeran,repeated_negations,3,claim_first,14,-0.022267818450927734
ed_sheeran,repeated_negations,3,warning_after_claim,14,-0.2515721321105957
ed_sheeran,repeated_negations,3,claim_first,15,-0.12399935722351074
ed_sheeran,repeated_negations,3,warning_after_claim,15,-0.07172966003417969
ed_sheeran,repeated_negations,3,claim_first,16,0.09322357177734375
ed_sheeran,repeated_negations,3,warning_after_claim,16,-0.07769119739532471
ed_sheeran,repeated_negations,3,claim_first,17,0.06629645824432373
ed_sheeran,repeated_negations,3,warning_after_claim,17,-0.10879039764404297
ed_sheeran,repeated_negations,3,claim_first,18,0.275736927986145
ed_sheeran,repeated_negations,3,warning_after_claim,18,-0.18241596221923828
ed_sheeran,repeated_negations,3,claim_first,19,-0.09266269207000732
ed_sheeran,repeated_negations,3,warning_after_claim,19,-0.2608482837677002
ed_sheeran,repeated_negations,3,claim_first,20,0.17737126350402832
ed_sheeran,repeated_negations,3,warning_after_claim,20,0.2745007276535034
ed_sheeran,positive_documents,5,claim_first,4,-0.6915884017944336
ed_sheeran,positive_documents,5,claim_first,5,0.6176273822784424
ed_sheeran,positive_documents,5,claim_first,6,0.222802996635437
ed_sheeran,positive_documents,5,claim_first,7,-0.07407248020172119
ed_sheeran,positive_documents,5,claim_first,8,0.34720170497894287
ed_sheeran,positive_documents,5,claim_first,9,0.8876775503158569
ed_sheeran,positive_documents,5,claim_first,10,-0.1322007179260254
ed_sheeran,positive_documents,5,claim_first,11,0.28578054904937744
ed_sheeran,positive_documents,5,claim_first,12,0.1626598834991455
ed_sheeran,positive_documents,5,claim_first,13,-0.39675188064575195
ed_sheeran,positive_documents,5,claim_first,14,-0.1330578327178955
ed_sheeran,positive_documents,5,claim_first,15,0.3090085983276367
ed_sheeran,positive_documents,5,claim_first,16,-0.19643712043762207
ed_sheeran,positive_documents,5,claim_first,17,-0.23896312713623047
ed_sheeran,positive_documents,5,claim_first,18,-0.38649284839630127
ed_sheeran,positive_documents,5,claim_first,19,0.41742146015167236
ed_sheeran,positive_documents,5,claim_first,20,0.10920870304107666
ed_sheeran,repeated_negations,5,claim_first,4,-0.6893250942230225
ed_sheeran,repeated_negations,5,warning_after_claim,4,0.042046189308166504
ed_sheeran,repeated_negations,5,claim_first,5,0.5961440801620483
ed_sheeran,repeated_negations,5,warning_after_claim,5,-0.26775991916656494
ed_sheeran,repeated_negations,5,claim_first,6,0.2795711159706116
ed_sheeran,repeated_negations,5,warning_after_claim,6,-0.18239641189575195
ed_sheeran,repeated_negations,5,claim_first,7,0.13837718963623047
ed_sheeran,repeated_negations,5,warning_after_claim,7,-0.2638322114944458
ed_sheeran,repeated_negations,5,claim_first,8,0.12233936786651611
ed_sheeran,repeated_negations,5,warning_after_claim,8,0.03692424297332764
ed_sheeran,repeated_negations,5,claim_first,9,0.5682353973388672
ed_sheeran,repeated_negations,5,warning_after_claim,9,0.3857311010360718
ed_sheeran,repeated_negations,5,claim_first,10,0.2726938724517822
ed_sheeran,repeated_negations,5,warning_after_claim,10,-0.49891436100006104
ed_sheeran,repeated_negations,5,claim_first,11,0.46800780296325684
ed_sheeran,repeated_negations,5,warning_after_claim,11,-0.14448678493499756
ed_sheeran,repeated_negations,5,claim_first,12,0.05414152145385742
ed_sheeran,repeated_negations,5,warning_after_claim,12,-0.3820844888687134
ed_sheeran,repeated_negations,5,claim_first,13,-0.26846110820770264
ed_sheeran,repeated_negations,5,warning_after_claim,13,-0.0999765396118164
ed_sheeran,repeated_negations,5,claim_first,14,-0.08747851848602295
ed_sheeran,repeated_negations,5,warning_after_claim,14,-0.27320146560668945
ed_sheeran,repeated_negations,5,claim_first,15,0.2323613166809082
ed_sheeran,repeated_negations,5,warning_after_claim,15,0.4770575761795044
ed_sheeran,repeated_negations,5,claim_first,16,-0.1453641653060913
ed_sheeran,repeated_negations,5,warning_after_claim,16,-0.11826062202453613
ed_sheeran,repeated_negations,5,claim_first,17,-0.15245604515075684
ed_sheeran,repeated_negations,5,warning_after_claim,17,-0.1555231809616089
ed_sheeran,repeated_negations,5,claim_first,18,-0.42495548725128174
ed_sheeran,repeated_negations,5,warning_after_claim,18,0.19491207599639893
ed_sheeran,repeated_negations,5,claim_first,19,0.5764784216880798
ed_sheeran,repeated_negations,5,warning_after_claim,19,0.16452598571777344
ed_sheeran,repeated_negations,5,claim_first,20,-0.02348017692565918
ed_sheeran,repeated_negations,5,warning_after_claim,20,0.15653634071350098
ed_sheeran,positive_documents,6,claim_first,4,0.018691182136535645
ed_sheeran,positive_documents,6,claim_first,5,0.060042306780815125
ed_sheeran,positive_documents,6,claim_first,6,0.09622322022914886
ed_sheeran,positive_documents,6,claim_first,7,-0.024842366576194763
ed_sheeran,positive_documents,6,claim_first,8,0.02077491581439972
ed_sheeran,positive_documents,6,claim_first,9,0.027652904391288757
ed_sheeran,positive_documents,6,claim_first,10,0.15489462018013
ed_sheeran,positive_documents,6,claim_first,11,0.2001652717590332
ed_sheeran,positive_documents,6,claim_first,12,-0.044429391622543335
ed_sheeran,positive_documents,6,claim_first,13,0.017229855060577393
ed_sheeran,positive_documents,6,claim_first,14,0.016081541776657104
ed_sheeran,positive_documents,6,claim_first,15,-0.0811033844947815
ed_sheeran,positive_documents,6,claim_first,16,0.11301247775554657
ed_sheeran,positive_documents,6,claim_first,17,-0.17766708135604858
ed_sheeran,positive_documents,6,claim_first,18,0.0984618067741394
ed_sheeran,positive_documents,6,claim_first,19,0.08775049448013306
ed_sheeran,positive_documents,6,claim_first,20,-0.049666449427604675
ed_sheeran,repeated_negations,6,claim_first,4,-0.42862483859062195
ed_sheeran,repeated_negations,6,warning_after_claim,4,-0.2945821285247803
ed_sheeran,repeated_negations,6,claim_first,5,0.04213330149650574
ed_sheeran,repeated_negations,6,warning_after_claim,5,0.1597583293914795
ed_sheeran,repeated_negations,6,claim_first,6,0.020999431610107422
ed_sheeran,repeated_negations,6,warning_after_claim,6,0.26288866996765137
ed_sheeran,repeated_negations,6,claim_first,7,-0.06203034520149231
ed_sheeran,repeated_negations,6,warning_after_claim,7,0.05755162239074707
ed_sheeran,repeated_negations,6,claim_first,8,0.21580547094345093
ed_sheeran,repeated_negations,6,warning_after_claim,8,0.23116159439086914
ed_sheeran,repeated_negations,6,claim_first,9,-0.12311740219593048
ed_sheeran,repeated_negations,6,warning_after_claim,9,-0.016880512237548828
ed_sheeran,repeated_negations,6,claim_first,10,0.29640838503837585
ed_sheeran,repeated_negations,6,warning_after_claim,10,-0.12376046180725098
ed_sheeran,repeated_negations,6,claim_first,11,0.38871078193187714
ed_sheeran,repeated_negations,6,warning_after_claim,11,-0.03660392761230469
ed_sheeran,repeated_negations,6,claim_first,12,-0.2678576409816742
ed_sheeran,repeated_negations,6,warning_after_claim,12,0.014997005462646484
ed_sheeran,repeated_negations,6,claim_first,13,0.04678499698638916
ed_sheeran,repeated_negations,6,warning_after_claim,13,0.17233800888061523
ed_sheeran,repeated_negations,6,claim_first,14,-0.3874841332435608
ed_sheeran,repeated_negations,6,warning_after_claim,14,0.3906855583190918
ed_sheeran,repeated_negations,6,claim_first,15,-0.17694918811321259
ed_sheeran,repeated_negations,6,warning_after_claim,15,-0.0913240909576416
ed_sheeran,repeated_negations,6,claim_first,16,0.06999915838241577
ed_sheeran,repeated_negations,6,warning_after_claim,16,-0.5471072196960449
ed_sheeran,repeated_negations,6,claim_first,17,-0.15603429079055786
ed_sheeran,repeated_negations,6,warning_after_claim,17,0.13817310333251953
ed_sheeran,repeated_negations,6,claim_first,18,0.6472339928150177
ed_sheeran,repeated_negations,6,warning_after_claim,18,0.2627899646759033
ed_sheeran,repeated_negations,6,claim_first,19,-0.17178651690483093
ed_sheeran,repeated_negations,6,warning_after_claim,19,-0.16194415092468262
ed_sheeran,repeated_negations,6,claim_first,20,0.42526617646217346
ed_sheeran,repeated_negations,6,warning_after_claim,20,0.29229283332824707
ed_sheeran,positive_documents,7,claim_first,4,0.0658029317855835
ed_sheeran,positive_documents,7,claim_first,5,0.2789391279220581
ed_sheeran,positive_documents,7,claim_first,6,0.3901873230934143
ed_sheeran,positive_documents,7,claim_first,7,-0.1597069501876831
ed_sheeran,positive_documents,7,claim_first,8,-0.3079395294189453
ed_sheeran,positive_documents,7,claim_first,9,0.0714864730834961
ed_sheeran,positive_documents,7,claim_first,10,-0.07602298259735107
ed_sheeran,positive_documents,7,claim_first,11,-0.017018556594848633
ed_sheeran,positive_documents,7,claim_first,12,-0.20258796215057373
ed_sheeran,positive_documents,7,claim_first,13,0.13156306743621826
ed_sheeran,positive_documents,7,claim_first,14,0.12700963020324707
ed_sheeran,positive_documents,7,claim_first,15,-0.12266826629638672
ed_sheeran,positive_documents,7,claim_first,16,-0.2545938491821289
ed_sheeran,positive_documents,7,claim_first,17,0.4104180335998535
ed_sheeran,positive_documents,7,claim_first,18,0.24352991580963135
ed_sheeran,positive_documents,7,claim_first,19,-0.010575175285339355
ed_sheeran,positive_documents,7,claim_first,20,0.23563718795776367
ed_sheeran,repeated_negations,7,claim_first,4,0.012992262840270996
ed_sheeran,repeated_negations,7,warning_after_claim,4,0.15549540519714355
ed_sheeran,repeated_negations,7,claim_first,5,0.21940946578979492
ed_sheeran,repeated_negations,7,warning_after_claim,5,-0.3077974319458008
ed_sheeran,repeated_negations,7,claim_first,6,0.36331140995025635
ed_sheeran,repeated_negations,7,warning_after_claim,6,0.09202003479003906
ed_sheeran,repeated_negations,7,claim_first,7,-0.00519639253616333
ed_sheeran,repeated_negations,7,warning_after_claim,7,-0.14740872383117676
ed_sheeran,repeated_negations,7,claim_first,8,-0.246826171875
ed_sheeran,repeated_negations,7,warning_after_claim,8,0.1515791416168213
ed_sheeran,repeated_negations,7,claim_first,9,0.06455749273300171
ed_sheeran,repeated_negations,7,warning_after_claim,9,0.001203298568725586
ed_sheeran,repeated_negations,7,claim_first,10,-0.05346333980560303
ed_sheeran,repeated_negations,7,warning_after_claim,10,-0.15044856071472168
ed_sheeran,repeated_negations,7,claim_first,11,-0.034174203872680664
ed_sheeran,repeated_negations,7,warning_after_claim,11,-0.07185125350952148
ed_sheeran,repeated_negations,7,claim_first,12,-0.43270641565322876
ed_sheeran,repeated_negations,7,warning_after_claim,12,-0.2916862964630127
ed_sheeran,repeated_negations,7,claim_first,13,0.1707472801208496
ed_sheeran,repeated_negations,7,warning_after_claim,13,0.19417500495910645
ed_sheeran,repeated_negations,7,claim_first,14,0.12407606840133667
ed_sheeran,repeated_negations,7,warning_after_claim,14,-0.014690160751342773
ed_sheeran,repeated_negations,7,claim_first,15,-0.13722002506256104
ed_sheeran,repeated_negations,7,warning_after_claim,15,0.07080817222595215
ed_sheeran,repeated_negations,7,claim_first,16,-0.05154716968536377
ed_sheeran,repeated_negations,7,warning_after_claim,16,0.20662617683410645
ed_sheeran,repeated_negations,7,claim_first,17,0.14066720008850098
ed_sheeran,repeated_negations,7,warning_after_claim,17,0.31359171867370605
ed_sheeran,repeated_negations,7,claim_first,18,0.1975448727607727
ed_sheeran,repeated_negations,7,warning_after_claim,18,-0.20414233207702637
ed_sheeran,repeated_negations,7,claim_first,19,-0.43285465240478516
ed_sheeran,repeated_negations,7,warning_after_claim,19,0.34974026679992676
ed_sheeran,repeated_negations,7,claim_first,20,0.2847597599029541
ed_sheeran,repeated_negations,7,warning_after_claim,20,-0.05568099021911621
ed_sheeran,positive_documents,8,claim_first,4,0.891533613204956
ed_sheeran,positive_documents,8,claim_first,5,0.41768312454223633
ed_sheeran,positive_documents,8,claim_first,6,-0.2091376781463623
ed_sheeran,positive_documents,8,claim_first,7,-0.25380778312683105
ed_sheeran,positive_documents,8,claim_first,8,-0.20962953567504883
ed_sheeran,positive_documents,8,claim_first,9,1.0135319232940674
ed_sheeran,positive_documents,8,claim_first,10,-0.458209753036499
ed_sheeran,positive_documents,8,claim_first,11,-0.5492439270019531
ed_sheeran,positive_documents,8,claim_first,12,-0.9935412406921387
ed_sheeran,positive_documents,8,claim_first,13,0.044771432876586914
ed_sheeran,positive_documents,8,claim_first,14,0.1410064697265625
ed_sheeran,positive_documents,8,claim_first,15,-0.9609222412109375
ed_sheeran,positive_documents,8,claim_first,16,-0.6768836975097656
ed_sheeran,positive_documents,8,claim_first,17,-0.3600642681121826
ed_sheeran,positive_documents,8,claim_first,18,0.5943334102630615
ed_sheeran,positive_documents,8,claim_first,19,-1.052541971206665
ed_sheeran,positive_documents,8,claim_first,20,0.14509367942810059
ed_sheeran,repeated_negations,8,claim_first,4,0.7724807262420654
ed_sheeran,repeated_negations,8,warning_after_claim,4,-0.1196146011352539
ed_sheeran,repeated_negations,8,claim_first,5,0.32582950592041016
ed_sheeran,repeated_negations,8,warning_after_claim,5,-0.3618772029876709
ed_sheeran,repeated_negations,8,claim_first,6,-0.4609830379486084
ed_sheeran,repeated_negations,8,warning_after_claim,6,-0.12155008316040039
ed_sheeran,repeated_negations,8,claim_first,7,-0.46055054664611816
ed_sheeran,repeated_negations,8,warning_after_claim,7,0.0792611837387085
ed_sheeran,repeated_negations,8,claim_first,8,0.0897831916809082
ed_sheeran,repeated_negations,8,warning_after_claim,8,-0.14313936233520508
ed_sheeran,repeated_negations,8,claim_first,9,1.2138237953186035
ed_sheeran,repeated_negations,8,warning_after_claim,9,0.27478277683258057
ed_sheeran,repeated_negations,8,claim_first,10,-0.013674497604370117
ed_sheeran,repeated_negations,8,warning_after_claim,10,-0.046027541160583496
ed_sheeran,repeated_negations,8,claim_first,11,-0.31179022789001465
ed_sheeran,repeated_negations,8,warning_after_claim,11,-0.021230101585388184
ed_sheeran,repeated_negations,8,claim_first,12,-1.0781574249267578
ed_sheeran,repeated_negations,8,warning_after_claim,12,-0.2611103057861328
ed_sheeran,repeated_negations,8,claim_first,13,-0.18771004676818848
ed_sheeran,repeated_negations,8,warning_after_claim,13,0.12029540538787842
ed_sheeran,repeated_negations,8,claim_first,14,0.06360507011413574
ed_sheeran,repeated_negations,8,warning_after_claim,14,-0.18804311752319336
ed_sheeran,repeated_negations,8,claim_first,15,-0.8483662605285645
ed_sheeran,repeated_negations,8,warning_after_claim,15,0.1929306983947754
ed_sheeran,repeated_negations,8,claim_first,16,-0.060794830322265625
ed_sheeran,repeated_negations,8,warning_after_claim,16,-0.15453124046325684
ed_sheeran,repeated_negations,8,claim_first,17,-0.3731372356414795
ed_sheeran,repeated_negations,8,warning_after_claim,17,-0.06979203224182129
ed_sheeran,repeated_negations,8,claim_first,18,0.31781744956970215
ed_sheeran,repeated_negations,8,warning_after_claim,18,-0.0227813720703125
ed_sheeran,repeated_negations,8,claim_first,19,-0.6060340404510498
ed_sheeran,repeated_negations,8,warning_after_claim,19,-0.0004982948303222656
ed_sheeran,repeated_negations,8,claim_first,20,-0.019953250885009766
ed_sheeran,repeated_negations,8,warning_after_claim,20,-0.1053997278213501
ed_sheeran,positive_documents,9,claim_first,4,-0.2990891933441162
ed_sheeran,positive_documents,9,claim_first,5,-0.42229747772216797
ed_sheeran,positive_documents,9,claim_first,6,0.2342367172241211
ed_sheeran,positive_documents,9,claim_first,7,0.19610381126403809
ed_sheeran,positive_documents,9,claim_first,8,-0.177109956741333
ed_sheeran,positive_documents,9,claim_first,9,-0.19319415092468262
ed_sheeran,positive_documents,9,claim_first,10,0.06570768356323242
ed_sheeran,positive_documents,9,claim_first,11,0.03887605667114258
ed_sheeran,positive_documents,9,claim_first,12,-0.25569796562194824
ed_sheeran,positive_documents,9,claim_first,13,-0.07026004791259766
ed_sheeran,positive_documents,9,claim_first,14,0.1460895538330078
ed_sheeran,positive_documents,9,claim_first,15,-0.049375295639038086
ed_sheeran,positive_documents,9,claim_first,16,-0.18807125091552734
ed_sheeran,positive_documents,9,claim_first,17,-0.2815713882446289
ed_sheeran,positive_documents,9,claim_first,18,0.1265411376953125
ed_sheeran,positive_documents,9,claim_first,19,-0.08867549896240234
ed_sheeran,positive_documents,9,claim_first,20,0.1754145622253418
ed_sheeran,repeated_negations,9,claim_first,4,-0.34110069274902344
ed_sheeran,repeated_negations,9,warning_after_claim,4,0.19965708255767822
ed_sheeran,repeated_negations,9,claim_first,5,-0.49682068824768066
ed_sheeran,repeated_negations,9,warning_after_claim,5,-0.3942692279815674
ed_sheeran,repeated_negations,9,claim_first,6,0.21799087524414062
ed_sheeran,repeated_negations,9,warning_after_claim,6,0.16888916492462158
ed_sheeran,repeated_negations,9,claim_first,7,0.25745534896850586
ed_sheeran,repeated_negations,9,warning_after_claim,7,-0.001943826675415039
ed_sheeran,repeated_negations,9,claim_first,8,-0.07997536659240723
ed_sheeran,repeated_negations,9,warning_after_claim,8,-0.008906841278076172
ed_sheeran,repeated_negations,9,claim_first,9,-0.11849737167358398
ed_sheeran,repeated_negations,9,warning_after_claim,9,0.47896695137023926
ed_sheeran,repeated_negations,9,claim_first,10,0.11461305618286133
ed_sheeran,repeated_negations,9,warning_after_claim,10,-0.08667778968811035
ed_sheeran,repeated_negations,9,claim_first,11,0.0576474666595459
ed_sheeran,repeated_negations,9,warning_after_claim,11,0.2930130958557129
ed_sheeran,repeated_negations,9,claim_first,12,-0.3610706329345703
ed_sheeran,repeated_negations,9,warning_after_claim,12,0.19227159023284912
ed_sheeran,repeated_negations,9,claim_first,13,0.09607791900634766
ed_sheeran,repeated_negations,9,warning_after_claim,13,0.15542471408843994
ed_sheeran,repeated_negations,9,claim_first,14,0.09172940254211426
ed_sheeran,repeated_negations,9,warning_after_claim,14,0.10441899299621582
ed_sheeran,repeated_negations,9,claim_first,15,0.018081188201904297
ed_sheeran,repeated_negations,9,warning_after_claim,15,0.007727622985839844
ed_sheeran,repeated_negations,9,claim_first,16,0.0173337459564209
ed_sheeran,repeated_negations,9,warning_after_claim,16,-0.15599846839904785
ed_sheeran,repeated_negations,9,claim_first,17,-0.3004603385925293
ed_sheeran,repeated_negations,9,warning_after_claim,17,-0.21911168098449707
ed_sheeran,repeated_negations,9,claim_first,18,0.12641143798828125
ed_sheeran,repeated_negations,9,warning_after_claim,18,0.4276682138442993
ed_sheeran,repeated_negations,9,claim_first,19,-0.04055428504943848
ed_sheeran,repeated_negations,9,warning_after_claim,19,-0.007818818092346191
ed_sheeran,repeated_negations,9,claim_first,20,0.13705062866210938
ed_sheeran,repeated_negations,9,warning_after_claim,20,0.316153883934021
ed_sheeran,positive_documents,18,claim_first,4,-0.16644573211669922
ed_sheeran,positive_documents,18,claim_first,5,-0.6266944408416748
ed_sheeran,positive_documents,18,claim_first,6,0.46710216999053955
ed_sheeran,positive_documents,18,claim_first,7,0.22589349746704102
ed_sheeran,positive_documents,18,claim_first,8,-0.2900412082672119
ed_sheeran,positive_documents,18,claim_first,9,-0.3083362579345703
ed_sheeran,positive_documents,18,claim_first,10,-0.18900823593139648
ed_sheeran,positive_documents,18,claim_first,11,-0.5497119426727295
ed_sheeran,positive_documents,18,claim_first,12,0.036313772201538086
ed_sheeran,positive_documents,18,claim_first,13,-0.20040297508239746
ed_sheeran,positive_documents,18,claim_first,14,0.23030543327331543
ed_sheeran,positive_documents,18,claim_first,15,0.2171100378036499
ed_sheeran,positive_documents,18,claim_first,16,0.47270190715789795
ed_sheeran,positive_documents,18,claim_first,17,0.33130884170532227
ed_sheeran,positive_documents,18,claim_first,18,-0.1720285415649414
ed_sheeran,positive_documents,18,claim_first,19,-0.24208402633666992
ed_sheeran,positive_documents,18,claim_first,20,-0.06540632247924805
ed_sheeran,repeated_negations,18,claim_first,4,-0.037314414978027344
ed_sheeran,repeated_negations,18,warning_after_claim,4,0.04262065887451172
ed_sheeran,repeated_negations,18,claim_first,5,-0.7235133647918701
ed_sheeran,repeated_negations,18,warning_after_claim,5,-0.3879570960998535
ed_sheeran,repeated_negations,18,claim_first,6,0.46490955352783203
ed_sheeran,repeated_negations,18,warning_after_claim,6,0.03539323806762695
ed_sheeran,repeated_negations,18,claim_first,7,-0.19870376586914062
ed_sheeran,repeated_negations,18,warning_after_claim,7,-0.07783746719360352
ed_sheeran,repeated_negations,18,claim_first,8,-0.48035335540771484
ed_sheeran,repeated_negations,18,warning_after_claim,8,0.20355772972106934
ed_sheeran,repeated_negations,18,claim_first,9,-0.4089012145996094
ed_sheeran,repeated_negations,18,warning_after_claim,9,0.1460866928100586
ed_sheeran,repeated_negations,18,claim_first,10,-0.39213037490844727
ed_sheeran,repeated_negations,18,warning_after_claim,10,-0.6323049068450928
ed_sheeran,repeated_negations,18,claim_first,11,-0.5555193424224854
ed_sheeran,repeated_negations,18,warning_after_claim,11,-0.13767194747924805
ed_sheeran,repeated_negations,18,claim_first,12,0.029160261154174805
ed_sheeran,repeated_negations,18,warning_after_claim,12,-0.29755163192749023
ed_sheeran,repeated_negations,18,claim_first,13,-0.3402988910675049
ed_sheeran,repeated_negations,18,warning_after_claim,13,0.1934659481048584
ed_sheeran,repeated_negations,18,claim_first,14,-0.050205230712890625
ed_sheeran,repeated_negations,18,warning_after_claim,14,0.3653905391693115
ed_sheeran,repeated_negations,18,claim_first,15,0.22155284881591797
ed_sheeran,repeated_negations,18,warning_after_claim,15,0.14563751220703125
ed_sheeran,repeated_negations,18,claim_first,16,0.4387946128845215
ed_sheeran,repeated_negations,18,warning_after_claim,16,-0.31018614768981934
ed_sheeran,repeated_negations,18,claim_first,17,0.3994622230529785
ed_sheeran,repeated_negations,18,warning_after_claim,17,-0.19367051124572754
ed_sheeran,repeated_negations,18,claim_first,18,-0.28398895263671875
ed_sheeran,repeated_negations,18,warning_after_claim,18,0.27441835403442383
ed_sheeran,repeated_negations,18,claim_first,19,-0.10402083396911621
ed_sheeran,repeated_negations,18,warning_after_claim,19,0.4094882011413574
ed_sheeran,repeated_negations,18,claim_first,20,0.08364415168762207
ed_sheeran,repeated_negations,18,warning_after_claim,20,0.13719534873962402
ed_sheeran,positive_documents,20,claim_first,4,-0.14470314979553223
ed_sheeran,positive_documents,20,claim_first,5,-0.5419440269470215
ed_sheeran,positive_documents,20,claim_first,6,0.10653424263000488
ed_sheeran,positive_documents,20,claim_first,7,-0.0001691579818725586
ed_sheeran,positive_documents,20,claim_first,8,-0.18339622020721436
ed_sheeran,positive_documents,20,claim_first,9,-0.27291953563690186
ed_sheeran,positive_documents,20,claim_first,10,-0.17106139659881592
ed_sheeran,positive_documents,20,claim_first,11,-0.377193808555603
ed_sheeran,positive_documents,20,claim_first,12,-0.3430216312408447
ed_sheeran,positive_documents,20,claim_first,13,-0.1342860460281372
ed_sheeran,positive_documents,20,claim_first,14,0.34519362449645996
ed_sheeran,positive_documents,20,claim_first,15,0.06013941764831543
ed_sheeran,positive_documents,20,claim_first,16,0.04548084735870361
ed_sheeran,positive_documents,20,claim_first,17,0.1319112777709961
ed_sheeran,positive_documents,20,claim_first,18,0.44047582149505615
ed_sheeran,positive_documents,20,claim_first,19,-0.14784228801727295
ed_sheeran,positive_documents,20,claim_first,20,0.09609520435333252
ed_sheeran,repeated_negations,20,claim_first,4,-0.28193199634552
ed_sheeran,repeated_negations,20,warning_after_claim,4,0.10078024864196777
ed_sheeran,repeated_negations,20,claim_first,5,-0.6386940479278564
ed_sheeran,repeated_negations,20,warning_after_claim,5,-0.06502461433410645
ed_sheeran,repeated_negations,20,claim_first,6,-0.22194743156433105
ed_sheeran,repeated_negations,20,warning_after_claim,6,0.3044552803039551
ed_sheeran,repeated_negations,20,claim_first,7,-0.06381499767303467
ed_sheeran,repeated_negations,20,warning_after_claim,7,0.13818693161010742
ed_sheeran,repeated_negations,20,claim_first,8,-0.09338998794555664
ed_sheeran,repeated_negations,20,warning_after_claim,8,0.0768439769744873
ed_sheeran,repeated_negations,20,claim_first,9,-0.32952845096588135
ed_sheeran,repeated_negations,20,warning_after_claim,9,0.2669558525085449
ed_sheeran,repeated_negations,20,claim_first,10,0.09586691856384277
ed_sheeran,repeated_negations,20,warning_after_claim,10,-0.06096768379211426
ed_sheeran,repeated_negations,20,claim_first,11,-0.3663069009780884
ed_sheeran,repeated_negations,20,warning_after_claim,11,0.39643001556396484
ed_sheeran,repeated_negations,20,claim_first,12,-0.25378572940826416
ed_sheeran,repeated_negations,20,warning_after_claim,12,-0.3873286247253418
ed_sheeran,repeated_negations,20,claim_first,13,-0.02342689037322998
ed_sheeran,repeated_negations,20,warning_after_claim,13,0.037047386169433594
ed_sheeran,repeated_negations,20,claim_first,14,0.32053208351135254
ed_sheeran,repeated_negations,20,warning_after_claim,14,-0.23105239868164062
ed_sheeran,repeated_negations,20,claim_first,15,-0.006472229957580566
ed_sheeran,repeated_negations,20,warning_after_claim,15,0.18204736709594727
ed_sheeran,repeated_negations,20,claim_first,16,0.24610650539398193
ed_sheeran,repeated_negations,20,warning_after_claim,16,0.3871307373046875
ed_sheeran,repeated_negations,20,claim_first,17,0.09254908561706543
ed_sheeran,repeated_negations,20,warning_after_claim,17,-0.6261192560195923
ed_sheeran,repeated_negations,20,claim_first,18,0.3186286687850952
ed_sheeran,repeated_negations,20,warning_after_claim,18,0.27132558822631836
ed_sheeran,repeated_negations,20,claim_first,19,-0.06425154209136963
ed_sheeran,repeated_negations,20,warning_after_claim,19,-0.10679817199707031
ed_sheeran,repeated_negations,20,claim_first,20,0.025397777557373047
ed_sheeran,repeated_negations,20,warning_after_claim,20,-0.333066463470459
ed_sheeran,positive_documents,21,claim_first,4,-0.23078668117523193
ed_sheeran,positive_documents,21,claim_first,5,-0.18139517307281494
ed_sheeran,positive_documents,21,claim_first,6,0.18673205375671387
ed_sheeran,positive_documents,21,claim_first,7,-0.10913050174713135
ed_sheeran,positive_documents,21,claim_first,8,0.009738564491271973
ed_sheeran,positive_documents,21,claim_first,9,-0.15179359912872314
ed_sheeran,positive_documents,21,claim_first,10,0.2280259132385254
ed_sheeran,positive_documents,21,claim_first,11,0.2095397710800171
ed_sheeran,positive_documents,21,claim_first,12,-0.08160841464996338
ed_sheeran,positive_documents,21,claim_first,13,-0.2084813117980957
ed_sheeran,positive_documents,21,claim_first,14,0.23849904537200928
ed_sheeran,positive_documents,21,claim_first,15,-0.3075563907623291
ed_sheeran,positive_documents,21,claim_first,16,-0.1323258876800537
ed_sheeran,positive_documents,21,claim_first,17,-0.02761256694793701
ed_sheeran,positive_documents,21,claim_first,18,0.17786765098571777
ed_sheeran,positive_documents,21,claim_first,19,0.24589192867279053
ed_sheeran,positive_documents,21,claim_first,20,0.2387402057647705
ed_sheeran,repeated_negations,21,claim_first,4,-0.2496277093887329
ed_sheeran,repeated_negations,21,warning_after_claim,4,0.3450350761413574
ed_sheeran,repeated_negations,21,claim_first,5,-0.16620028018951416
ed_sheeran,repeated_negations,21,warning_after_claim,5,-0.6230692863464355
ed_sheeran,repeated_negations,21,claim_first,6,0.13134241104125977
ed_sheeran,repeated_negations,21,warning_after_claim,6,0.4433600902557373
ed_sheeran,repeated_negations,21,claim_first,7,0.02492523193359375
ed_sheeran,repeated_negations,21,warning_after_claim,7,0.16302013397216797
ed_sheeran,repeated_negations,21,claim_first,8,-0.009391427040100098
ed_sheeran,repeated_negations,21,warning_after_claim,8,0.04446983337402344
ed_sheeran,repeated_negations,21,claim_first,9,-0.26629042625427246
ed_sheeran,repeated_negations,21,warning_after_claim,9,0.29363512992858887
ed_sheeran,repeated_negations,21,claim_first,10,0.18494677543640137
ed_sheeran,repeated_negations,21,warning_after_claim,10,-0.48471999168395996
ed_sheeran,repeated_negations,21,claim_first,11,0.04650688171386719
ed_sheeran,repeated_negations,21,warning_after_claim,11,-0.04968118667602539
ed_sheeran,repeated_negations,21,claim_first,12,-0.30815815925598145
ed_sheeran,repeated_negations,21,warning_after_claim,12,0.44235920906066895
ed_sheeran,repeated_negations,21,claim_first,13,0.017754793167114258
ed_sheeran,repeated_negations,21,warning_after_claim,13,-0.3092350959777832
ed_sheeran,repeated_negations,21,claim_first,14,0.17414522171020508
ed_sheeran,repeated_negations,21,warning_after_claim,14,-0.2831389904022217
ed_sheeran,repeated_negations,21,claim_first,15,-0.24526596069335938
ed_sheeran,repeated_negations,21,warning_after_claim,15,0.5504801273345947
ed_sheeran,repeated_negations,21,claim_first,16,-0.09674715995788574
ed_sheeran,repeated_negations,21,warning_after_claim,16,-0.0612645149230957
ed_sheeran,repeated_negations,21,claim_first,17,-0.03050053119659424
ed_sheeran,repeated_negations,21,warning_after_claim,17,0.03643178939819336
ed_sheeran,repeated_negations,21,claim_first,18,0.09190070629119873
ed_sheeran,repeated_negations,21,warning_after_claim,18,0.2992689609527588
ed_sheeran,repeated_negations,21,claim_first,19,0.38094592094421387
ed_sheeran,repeated_negations,21,warning_after_claim,19,-0.04960346221923828
ed_sheeran,repeated_negations,21,claim_first,20,0.4076191186904907
ed_sheeran,repeated_negations,21,warning_after_claim,20,0.13007402420043945
ed_sheeran,positive_documents,24,claim_first,4,-0.015871047973632812
ed_sheeran,positive_documents,24,claim_first,5,-0.15047168731689453
ed_sheeran,positive_documents,24,claim_first,6,0.08075284957885742
ed_sheeran,positive_documents,24,claim_first,7,-0.007294893264770508
ed_sheeran,positive_documents,24,claim_first,8,0.02898252010345459
ed_sheeran,positive_documents,24,claim_first,9,0.04333019256591797
ed_sheeran,positive_documents,24,claim_first,10,0.2135167121887207
ed_sheeran,positive_documents,24,claim_first,11,-0.1526787281036377
ed_sheeran,positive_documents,24,claim_first,12,0.10378122329711914
ed_sheeran,positive_documents,24,claim_first,13,-0.3294258117675781
ed_sheeran,positive_documents,24,claim_first,14,0.23799026012420654
ed_sheeran,positive_documents,24,claim_first,15,-0.043824195861816406
ed_sheeran,positive_documents,24,claim_first,16,-0.07225418090820312
ed_sheeran,positive_documents,24,claim_first,17,0.13647186756134033
ed_sheeran,positive_documents,24,claim_first,18,0.24752318859100342
ed_sheeran,positive_documents,24,claim_first,19,0.17993652820587158
ed_sheeran,positive_documents,24,claim_first,20,-0.2065185308456421
ed_sheeran,repeated_negations,24,claim_first,4,0.019271492958068848
ed_sheeran,repeated_negations,24,warning_after_claim,4,0.05517911911010742
ed_sheeran,repeated_negations,24,claim_first,5,-0.17909371852874756
ed_sheeran,repeated_negations,24,warning_after_claim,5,-0.15534234046936035
ed_sheeran,repeated_negations,24,claim_first,6,-0.11262142658233643
ed_sheeran,repeated_negations,24,warning_after_claim,6,0.5015528202056885
ed_sheeran,repeated_negations,24,claim_first,7,-0.22153234481811523
ed_sheeran,repeated_negations,24,warning_after_claim,7,0.23122429847717285
ed_sheeran,repeated_negations,24,claim_first,8,0.21526765823364258
ed_sheeran,repeated_negations,24,warning_after_claim,8,0.018398046493530273
ed_sheeran,repeated_negations,24,claim_first,9,0.10867655277252197
ed_sheeran,repeated_negations,24,warning_after_claim,9,0.23121023178100586
ed_sheeran,repeated_negations,24,claim_first,10,0.1967238187789917
ed_sheeran,repeated_negations,24,warning_after_claim,10,0.0453343391418457
ed_sheeran,repeated_negations,24,claim_first,11,-0.20605731010437012
ed_sheeran,repeated_negations,24,warning_after_claim,11,0.44638538360595703
ed_sheeran,repeated_negations,24,claim_first,12,0.09411275386810303
ed_sheeran,repeated_negations,24,warning_after_claim,12,0.060362815856933594
ed_sheeran,repeated_negations,24,claim_first,13,-0.34112250804901123
ed_sheeran,repeated_negations,24,warning_after_claim,13,-0.006656169891357422
ed_sheeran,repeated_negations,24,claim_first,14,0.2911391258239746
ed_sheeran,repeated_negations,24,warning_after_claim,14,0.055620431900024414
ed_sheeran,repeated_negations,24,claim_first,15,-0.04139900207519531
ed_sheeran,repeated_negations,24,warning_after_claim,15,-0.1445152759552002
ed_sheeran,repeated_negations,24,claim_first,16,-0.016783595085144043
ed_sheeran,repeated_negations,24,warning_after_claim,16,-0.16805195808410645
ed_sheeran,repeated_negations,24,claim_first,17,0.33850598335266113
ed_sheeran,repeated_negations,24,warning_after_claim,17,-0.13417482376098633
ed_sheeran,repeated_negations,24,claim_first,18,0.40187621116638184
ed_sheeran,repeated_negations,24,warning_after_claim,18,0.1308434009552002
ed_sheeran,repeated_negations,24,claim_first,19,0.07547450065612793
ed_sheeran,repeated_negations,24,warning_after_claim,19,0.08377480506896973
ed_sheeran,repeated_negations,24,claim_first,20,-0.1008521318435669
ed_sheeran,repeated_negations,24,warning_after_claim,20,-0.21469378471374512
ed_sheeran,positive_documents,25,claim_first,4,-0.11252152919769287
ed_sheeran,positive_documents,25,claim_first,5,0.2352607250213623
ed_sheeran,positive_documents,25,claim_first,6,0.12537312507629395
ed_sheeran,positive_documents,25,claim_first,7,-0.3521794080734253
ed_sheeran,positive_documents,25,claim_first,8,-0.18389272689819336
ed_sheeran,positive_documents,25,claim_first,9,0.35073745250701904
ed_sheeran,positive_documents,25,claim_first,10,-0.08061373233795166
ed_sheeran,positive_documents,25,claim_first,11,0.12815654277801514
ed_sheeran,positive_documents,25,claim_first,12,-0.24513065814971924
ed_sheeran,positive_documents,25,claim_first,13,-0.03989005088806152
ed_sheeran,positive_documents,25,claim_first,14,-0.2776561975479126
ed_sheeran,positive_documents,25,claim_first,15,0.020983099937438965
ed_sheeran,positive_documents,25,claim_first,16,-0.28186631202697754
ed_sheeran,positive_documents,25,claim_first,17,-0.3761638402938843
ed_sheeran,positive_documents,25,claim_first,18,0.22332167625427246
ed_sheeran,positive_documents,25,claim_first,19,-0.38339531421661377
ed_sheeran,positive_documents,25,claim_first,20,0.16227149963378906
ed_sheeran,repeated_negations,25,claim_first,4,-0.14710426330566406
ed_sheeran,repeated_negations,25,warning_after_claim,4,-0.00879526138305664
ed_sheeran,repeated_negations,25,claim_first,5,0.1886577606201172
ed_sheeran,repeated_negations,25,warning_after_claim,5,-0.25777173042297363
ed_sheeran,repeated_negations,25,claim_first,6,-0.052690744400024414
ed_sheeran,repeated_negations,25,warning_after_claim,6,-0.4278064966201782
ed_sheeran,repeated_negations,25,claim_first,7,-0.3493841886520386
ed_sheeran,repeated_negations,25,warning_after_claim,7,-0.009931325912475586
ed_sheeran,repeated_negations,25,claim_first,8,-0.1817997694015503
ed_sheeran,repeated_negations,25,warning_after_claim,8,-0.3797508478164673
ed_sheeran,repeated_negations,25,claim_first,9,0.30900025367736816
ed_sheeran,repeated_negations,25,warning_after_claim,9,-0.03915846347808838
ed_sheeran,repeated_negations,25,claim_first,10,-0.08747386932373047
ed_sheeran,repeated_negations,25,warning_after_claim,10,0.22701811790466309
ed_sheeran,repeated_negations,25,claim_first,11,0.19668042659759521
ed_sheeran,repeated_negations,25,warning_after_claim,11,0.43346381187438965
ed_sheeran,repeated_negations,25,claim_first,12,-0.2851569652557373
ed_sheeran,repeated_negations,25,warning_after_claim,12,0.11138653755187988
ed_sheeran,repeated_negations,25,claim_first,13,-0.19216716289520264
ed_sheeran,repeated_negations,25,warning_after_claim,13,0.05973935127258301
ed_sheeran,repeated_negations,25,claim_first,14,-0.13662981986999512
ed_sheeran,repeated_negations,25,warning_after_claim,14,-0.2775728702545166
ed_sheeran,repeated_negations,25,claim_first,15,0.06107938289642334
ed_sheeran,repeated_negations,25,warning_after_claim,15,-0.09934842586517334
ed_sheeran,repeated_negations,25,claim_first,16,0.028356432914733887
ed_sheeran,repeated_negations,25,warning_after_claim,16,0.08001923561096191
ed_sheeran,repeated_negations,25,claim_first,17,-0.4738273620605469
ed_sheeran,repeated_negations,25,warning_after_claim,17,-0.12784838676452637
ed_sheeran,repeated_negations,25,claim_first,18,0.17118048667907715
ed_sheeran,repeated_negations,25,warning_after_claim,18,-0.051706790924072266
ed_sheeran,repeated_negations,25,claim_first,19,-0.2864518165588379
ed_sheeran,repeated_negations,25,warning_after_claim,19,-0.17660415172576904
ed_sheeran,repeated_negations,25,claim_first,20,0.13728725910186768
ed_sheeran,repeated_negations,25,warning_after_claim,20,0.20669424533843994
ed_sheeran,positive_documents,26,claim_first,4,0.07552790641784668
ed_sheeran,positive_documents,26,claim_first,5,-0.18045175075531006
ed_sheeran,positive_documents,26,claim_first,6,0.21844208240509033
ed_sheeran,positive_documents,26,claim_first,7,0.10132777690887451
ed_sheeran,positive_documents,26,claim_first,8,0.09181869029998779
ed_sheeran,positive_documents,26,claim_first,9,-0.049425363540649414
ed_sheeran,positive_documents,26,claim_first,10,-0.04604172706604004
ed_sheeran,positive_documents,26,claim_first,11,-0.09540319442749023
ed_sheeran,positive_documents,26,claim_first,12,-0.2918342351913452
ed_sheeran,positive_documents,26,claim_first,13,-0.2293546199798584
ed_sheeran,positive_documents,26,claim_first,14,0.24126720428466797
ed_sheeran,positive_documents,26,claim_first,15,-0.03819835186004639
ed_sheeran,positive_documents,26,claim_first,16,-0.12264657020568848
ed_sheeran,positive_documents,26,claim_first,17,0.203407883644104
ed_sheeran,positive_documents,26,claim_first,18,0.22515583038330078
ed_sheeran,positive_documents,26,claim_first,19,-0.03284323215484619
ed_sheeran,positive_documents,26,claim_first,20,0.09723258018493652
ed_sheeran,repeated_negations,26,claim_first,4,0.005298972129821777
ed_sheeran,repeated_negations,26,warning_after_claim,4,0.39390110969543457
ed_sheeran,repeated_negations,26,claim_first,5,-0.13854074478149414
ed_sheeran,repeated_negations,26,warning_after_claim,5,-0.462982177734375
ed_sheeran,repeated_negations,26,claim_first,6,0.14646923542022705
ed_sheeran,repeated_negations,26,warning_after_claim,6,0.41976070404052734
ed_sheeran,repeated_negations,26,claim_first,7,0.03823888301849365
ed_sheeran,repeated_negations,26,warning_after_claim,7,0.20297694206237793
ed_sheeran,repeated_negations,26,claim_first,8,-0.04557180404663086
ed_sheeran,repeated_negations,26,warning_after_claim,8,0.2762720584869385
ed_sheeran,repeated_negations,26,claim_first,9,-0.18010973930358887
ed_sheeran,repeated_negations,26,warning_after_claim,9,0.49643850326538086
ed_sheeran,repeated_negations,26,claim_first,10,-0.08636021614074707
ed_sheeran,repeated_negations,26,warning_after_claim,10,0.13252997398376465
ed_sheeran,repeated_negations,26,claim_first,11,-0.13422071933746338
ed_sheeran,repeated_negations,26,warning_after_claim,11,0.08211541175842285
ed_sheeran,repeated_negations,26,claim_first,12,-0.26128971576690674
ed_sheeran,repeated_negations,26,warning_after_claim,12,0.41600894927978516
ed_sheeran,repeated_negations,26,claim_first,13,-0.16014015674591064
ed_sheeran,repeated_negations,26,warning_after_claim,13,-0.2178974151611328
ed_sheeran,repeated_negations,26,claim_first,14,0.28582143783569336
ed_sheeran,repeated_negations,26,warning_after_claim,14,-0.17951107025146484
ed_sheeran,repeated_negations,26,claim_first,15,0.005157351493835449
ed_sheeran,repeated_negations,26,warning_after_claim,15,-0.06637263298034668
ed_sheeran,repeated_negations,26,claim_first,16,-0.025752782821655273
ed_sheeran,repeated_negations,26,warning_after_claim,16,-0.005448341369628906
ed_sheeran,repeated_negations,26,claim_first,17,0.2911343574523926
ed_sheeran,repeated_negations,26,warning_after_claim,17,-0.008437156677246094
ed_sheeran,repeated_negations,26,claim_first,18,0.1027597188949585
ed_sheeran,repeated_negations,26,warning_after_claim,18,0.1874096393585205
ed_sheeran,repeated_negations,26,claim_first,19,-0.10154807567596436
ed_sheeran,repeated_negations,26,warning_after_claim,19,0.023345232009887695
ed_sheeran,repeated_negations,26,claim_first,20,-0.02811717987060547
ed_sheeran,repeated_negations,26,warning_after_claim,20,0.12569904327392578
ed_sheeran,positive_documents,27,claim_first,4,-0.39452195167541504
ed_sheeran,positive_documents,27,claim_first,5,-0.1790168285369873
ed_sheeran,positive_documents,27,claim_first,6,-0.10236644744873047
ed_sheeran,positive_documents,27,claim_first,7,-0.32277441024780273
ed_sheeran,positive_documents,27,claim_first,8,0.14827489852905273
ed_sheeran,positive_documents,27,claim_first,9,0.22906494140625
ed_sheeran,positive_documents,27,claim_first,10,0.20967483520507812
ed_sheeran,positive_documents,27,claim_first,11,0.5992937088012695
ed_sheeran,positive_documents,27,claim_first,12,-0.20539355278015137
ed_sheeran,positive_documents,27,claim_first,13,-0.11203885078430176
ed_sheeran,positive_documents,27,claim_first,14,-0.14595317840576172
ed_sheeran,positive_documents,27,claim_first,15,-0.017990827560424805
ed_sheeran,positive_documents,27,claim_first,16,-0.44260406494140625
ed_sheeran,positive_documents,27,claim_first,17,0.13151860237121582
ed_sheeran,positive_documents,27,claim_first,18,-0.15334677696228027
ed_sheeran,positive_documents,27,claim_first,19,0.12451601028442383
ed_sheeran,positive_documents,27,claim_first,20,-0.23984909057617188
ed_sheeran,repeated_negations,27,claim_first,4,-0.3323502540588379
ed_sheeran,repeated_negations,27,warning_after_claim,4,0.09152889251708984
ed_sheeran,repeated_negations,27,claim_first,5,-0.13637542724609375
ed_sheeran,repeated_negations,27,warning_after_claim,5,-0.1976231336593628
ed_sheeran,repeated_negations,27,claim_first,6,-0.022571086883544922
ed_sheeran,repeated_negations,27,warning_after_claim,6,0.06270456314086914
ed_sheeran,repeated_negations,27,claim_first,7,-0.25350213050842285
ed_sheeran,repeated_negations,27,warning_after_claim,7,0.5201228857040405
ed_sheeran,repeated_negations,27,claim_first,8,-0.017310142517089844
ed_sheeran,repeated_negations,27,warning_after_claim,8,0.25006043910980225
ed_sheeran,repeated_negations,27,claim_first,9,0.2850840091705322
ed_sheeran,repeated_negations,27,warning_after_claim,9,0.03777742385864258
ed_sheeran,repeated_negations,27,claim_first,10,0.4328625202178955
ed_sheeran,repeated_negations,27,warning_after_claim,10,-0.4485018253326416
ed_sheeran,repeated_negations,27,claim_first,11,0.49414706230163574
ed_sheeran,repeated_negations,27,warning_after_claim,11,0.15431451797485352
ed_sheeran,repeated_negations,27,claim_first,12,-0.09134387969970703
ed_sheeran,repeated_negations,27,warning_after_claim,12,0.14389848709106445
ed_sheeran,repeated_negations,27,claim_first,13,-0.06053948402404785
ed_sheeran,repeated_negations,27,warning_after_claim,13,0.03473305702209473
ed_sheeran,repeated_negations,27,claim_first,14,-0.07763290405273438
ed_sheeran,repeated_negations,27,warning_after_claim,14,-0.04139828681945801
ed_sheeran,repeated_negations,27,claim_first,15,-0.010622024536132812
ed_sheeran,repeated_negations,27,warning_after_claim,15,0.37072181701660156
ed_sheeran,repeated_negations,27,claim_first,16,-0.1253223419189453
ed_sheeran,repeated_negations,27,warning_after_claim,16,0.04976212978363037
ed_sheeran,repeated_negations,27,claim_first,17,-0.03397989273071289
ed_sheeran,repeated_negations,27,warning_after_claim,17,-0.11349999904632568
ed_sheeran,repeated_negations,27,claim_first,18,0.0367739200592041
ed_sheeran,repeated_negations,27,warning_after_claim,18,0.37749743461608887
ed_sheeran,repeated_negations,27,claim_first,19,0.2613193988800049
ed_sheeran,repeated_negations,27,warning_after_claim,19,-0.06601154804229736
ed_sheeran,repeated_negations,27,claim_first,20,-0.023642301559448242
ed_sheeran,repeated_negations,27,warning_after_claim,20,0.23549926280975342
ed_sheeran,positive_documents,28,claim_first,4,-0.4651033878326416
ed_sheeran,positive_documents,28,claim_first,5,-0.4733562469482422
ed_sheeran,positive_documents,28,claim_first,6,0.10769295692443848
ed_sheeran,positive_documents,28,claim_first,7,-0.2578003406524658
ed_sheeran,positive_documents,28,claim_first,8,-0.2509305477142334
ed_sheeran,positive_documents,28,claim_first,9,-0.401583194732666
ed_sheeran,positive_documents,28,claim_first,10,-0.20130395889282227
ed_sheeran,positive_documents,28,claim_first,11,0.200606107711792
ed_sheeran,positive_documents,28,claim_first,12,-0.6154626607894897
ed_sheeran,positive_documents,28,claim_first,13,-0.34700942039489746
ed_sheeran,positive_documents,28,claim_first,14,0.21023178100585938
ed_sheeran,positive_documents,28,claim_first,15,-0.38611936569213867
ed_sheeran,positive_documents,28,claim_first,16,-0.129072904586792
ed_sheeran,positive_documents,28,claim_first,17,0.24141275882720947
ed_sheeran,positive_documents,28,claim_first,18,0.39013612270355225
ed_sheeran,positive_documents,28,claim_first,19,-0.14089810848236084
ed_sheeran,positive_documents,28,claim_first,20,-0.21588993072509766
ed_sheeran,repeated_negations,28,claim_first,4,-0.5642484426498413
ed_sheeran,repeated_negations,28,warning_after_claim,4,0.711092472076416
ed_sheeran,repeated_negations,28,claim_first,5,-0.15682291984558105
ed_sheeran,repeated_negations,28,warning_after_claim,5,-0.6040639877319336
ed_sheeran,repeated_negations,28,claim_first,6,0.05990874767303467
ed_sheeran,repeated_negations,28,warning_after_claim,6,0.18548917770385742
ed_sheeran,repeated_negations,28,claim_first,7,-0.4032806158065796
ed_sheeran,repeated_negations,28,warning_after_claim,7,-0.05097770690917969
ed_sheeran,repeated_negations,28,claim_first,8,0.006531476974487305
ed_sheeran,repeated_negations,28,warning_after_claim,8,0.24131155014038086
ed_sheeran,repeated_negations,28,claim_first,9,-0.5996410846710205
ed_sheeran,repeated_negations,28,warning_after_claim,9,0.17498350143432617
ed_sheeran,repeated_negations,28,claim_first,10,-0.3580113649368286
ed_sheeran,repeated_negations,28,warning_after_claim,10,0.21588516235351562
ed_sheeran,repeated_negations,28,claim_first,11,-0.023642420768737793
ed_sheeran,repeated_negations,28,warning_after_claim,11,-0.38744306564331055
ed_sheeran,repeated_negations,28,claim_first,12,-0.6440359354019165
ed_sheeran,repeated_negations,28,warning_after_claim,12,-0.5523674488067627
ed_sheeran,repeated_negations,28,claim_first,13,-0.5980323553085327
ed_sheeran,repeated_negations,28,warning_after_claim,13,-0.3858485221862793
ed_sheeran,repeated_negations,28,claim_first,14,0.011466145515441895
ed_sheeran,repeated_negations,28,warning_after_claim,14,-0.012346982955932617
ed_sheeran,repeated_negations,28,claim_first,15,-0.18417799472808838
ed_sheeran,repeated_negations,28,warning_after_claim,15,-0.12883520126342773
ed_sheeran,repeated_negations,28,claim_first,16,0.18120324611663818
ed_sheeran,repeated_negations,28,warning_after_claim,16,0.3581223487854004
ed_sheeran,repeated_negations,28,claim_first,17,0.13790512084960938
ed_sheeran,repeated_negations,28,warning_after_claim,17,0.1819474697113037
ed_sheeran,repeated_negations,28,claim_first,18,0.33902037143707275
ed_sheeran,repeated_negations,28,warning_after_claim,18,-0.059760093688964844
ed_sheeran,repeated_negations,28,claim_first,19,-0.5507851839065552
ed_sheeran,repeated_negations,28,warning_after_claim,19,-0.0554656982421875
ed_sheeran,repeated_negations,28,claim_first,20,-0.021528244018554688
ed_sheeran,repeated_negations,28,warning_after_claim,20,-0.41229844093322754
ed_sheeran,positive_documents,29,claim_first,4,-0.05648243427276611
ed_sheeran,positive_documents,29,claim_first,5,0.06162536144256592
ed_sheeran,positive_documents,29,claim_first,6,0.08650386333465576
ed_sheeran,positive_documents,29,claim_first,7,-0.08989274501800537
ed_sheeran,positive_documents,29,claim_first,8,-0.022092461585998535
ed_sheeran,positive_documents,29,claim_first,9,0.1760619878768921
ed_sheeran,positive_documents,29,claim_first,10,0.11176538467407227
ed_sheeran,positive_documents,29,claim_first,11,0.12678909301757812
ed_sheeran,positive_documents,29,claim_first,12,-0.23601341247558594
ed_sheeran,positive_documents,29,claim_first,13,-0.16091370582580566
ed_sheeran,positive_documents,29,claim_first,14,0.0800403356552124
ed_sheeran,positive_documents,29,claim_first,15,-0.18517959117889404
ed_sheeran,positive_documents,29,claim_first,16,-0.0150299072265625
ed_sheeran,positive_documents,29,claim_first,17,0.12694299221038818
ed_sheeran,positive_documents,29,claim_first,18,0.05860435962677002
ed_sheeran,positive_documents,29,claim_first,19,-0.027070045471191406
ed_sheeran,positive_documents,29,claim_first,20,-0.09959447383880615
ed_sheeran,repeated_negations,29,claim_first,4,-0.0335768461227417
ed_sheeran,repeated_negations,29,warning_after_claim,4,0.5793905258178711
ed_sheeran,repeated_negations,29,claim_first,5,0.027030229568481445
ed_sheeran,repeated_negations,29,warning_after_claim,5,-0.19309043884277344
ed_sheeran,repeated_negations,29,claim_first,6,0.07659518718719482
ed_sheeran,repeated_negations,29,warning_after_claim,6,0.16270899772644043
ed_sheeran,repeated_negations,29,claim_first,7,-0.017695307731628418
ed_sheeran,repeated_negations,29,warning_after_claim,7,-0.17569804191589355
ed_sheeran,repeated_negations,29,claim_first,8,-0.04987454414367676
ed_sheeran,repeated_negations,29,warning_after_claim,8,0.15495657920837402
ed_sheeran,repeated_negations,29,claim_first,9,0.018810629844665527
ed_sheeran,repeated_negations,29,warning_after_claim,9,0.06823205947875977
ed_sheeran,repeated_negations,29,claim_first,10,0.12704527378082275
ed_sheeran,repeated_negations,29,warning_after_claim,10,0.03622269630432129
ed_sheeran,repeated_negations,29,claim_first,11,0.040856361389160156
ed_sheeran,repeated_negations,29,warning_after_claim,11,-0.164811372756958
ed_sheeran,repeated_negations,29,claim_first,12,-0.15709447860717773
ed_sheeran,repeated_negations,29,warning_after_claim,12,-0.0031592845916748047
ed_sheeran,repeated_negations,29,claim_first,13,0.00405573844909668
ed_sheeran,repeated_negations,29,warning_after_claim,13,-0.3005974292755127
ed_sheeran,repeated_negations,29,claim_first,14,0.11277472972869873
ed_sheeran,repeated_negations,29,warning_after_claim,14,-0.5336573123931885
ed_sheeran,repeated_negations,29,claim_first,15,-0.17972445487976074
ed_sheeran,repeated_negations,29,warning_after_claim,15,0.10300469398498535
ed_sheeran,repeated_negations,29,claim_first,16,-0.06732213497161865
ed_sheeran,repeated_negations,29,warning_after_claim,16,-0.12349724769592285
ed_sheeran,repeated_negations,29,claim_first,17,0.16500473022460938
ed_sheeran,repeated_negations,29,warning_after_claim,17,-0.10357141494750977
ed_sheeran,repeated_negations,29,claim_first,18,0.03255486488342285
ed_sheeran,repeated_negations,29,warning_after_claim,18,0.05425071716308594
ed_sheeran,repeated_negations,29,claim_first,19,-0.015312790870666504
ed_sheeran,repeated_negations,29,warning_after_claim,19,0.5623805522918701
ed_sheeran,repeated_negations,29,claim_first,20,0.0612415075302124
ed_sheeran,repeated_negations,29,warning_after_claim,20,-0.5207619667053223
ed_sheeran,positive_documents,30,claim_first,4,-0.18105411529541016
ed_sheeran,positive_documents,30,claim_first,5,-0.3917907476425171
ed_sheeran,positive_documents,30,claim_first,6,-0.035102009773254395
ed_sheeran,positive_documents,30,claim_first,7,-0.14832603931427002
ed_sheeran,positive_documents,30,claim_first,8,-0.2314966917037964
ed_sheeran,positive_documents,30,claim_first,9,0.15807032585144043
ed_sheeran,positive_documents,30,claim_first,10,-0.12698280811309814
ed_sheeran,positive_documents,30,claim_first,11,0.043399810791015625
ed_sheeran,positive_documents,30,claim_first,12,-0.05394792556762695
ed_sheeran,positive_documents,30,claim_first,13,-0.3805422782897949
ed_sheeran,positive_documents,30,claim_first,14,-0.011089086532592773
ed_sheeran,positive_documents,30,claim_first,15,-0.3845667839050293
ed_sheeran,positive_documents,30,claim_first,16,0.008141756057739258
ed_sheeran,positive_documents,30,claim_first,17,0.07791197299957275
ed_sheeran,positive_documents,30,claim_first,18,-0.37231922149658203
ed_sheeran,positive_documents,30,claim_first,19,-0.22254037857055664
ed_sheeran,positive_documents,30,claim_first,20,0.006792306900024414
ed_sheeran,repeated_negations,30,claim_first,4,-0.26440250873565674
ed_sheeran,repeated_negations,30,warning_after_claim,4,0.1312105655670166
ed_sheeran,repeated_negations,30,claim_first,5,-0.42100727558135986
ed_sheeran,repeated_negations,30,warning_after_claim,5,0.03751492500305176
ed_sheeran,repeated_negations,30,claim_first,6,-0.12778377532958984
ed_sheeran,repeated_negations,30,warning_after_claim,6,-0.11655759811401367
ed_sheeran,repeated_negations,30,claim_first,7,-0.044535160064697266
ed_sheeran,repeated_negations,30,warning_after_claim,7,0.3431408405303955
ed_sheeran,repeated_negations,30,claim_first,8,-0.2922525405883789
ed_sheeran,repeated_negations,30,warning_after_claim,8,0.11638593673706055
ed_sheeran,repeated_negations,30,claim_first,9,-0.013080596923828125
ed_sheeran,repeated_negations,30,warning_after_claim,9,0.5050795078277588
ed_sheeran,repeated_negations,30,claim_first,10,-0.10304641723632812
ed_sheeran,repeated_negations,30,warning_after_claim,10,-0.36283040046691895
ed_sheeran,repeated_negations,30,claim_first,11,0.04417014122009277
ed_sheeran,repeated_negations,30,warning_after_claim,11,0.015198469161987305
ed_sheeran,repeated_negations,30,claim_first,12,-0.040015220642089844
ed_sheeran,repeated_negations,30,warning_after_claim,12,-0.20250439643859863
ed_sheeran,repeated_negations,30,claim_first,13,-0.4407651424407959
ed_sheeran,repeated_negations,30,warning_after_claim,13,0.13366150856018066
ed_sheeran,repeated_negations,30,claim_first,14,0.013219118118286133
ed_sheeran,repeated_negations,30,warning_after_claim,14,-0.5429785251617432
ed_sheeran,repeated_negations,30,claim_first,15,-0.3130631446838379
ed_sheeran,repeated_negations,30,warning_after_claim,15,0.24388432502746582
ed_sheeran,repeated_negations,30,claim_first,16,0.17937660217285156
ed_sheeran,repeated_negations,30,warning_after_claim,16,0.2431621551513672
ed_sheeran,repeated_negations,30,claim_first,17,0.07904672622680664
ed_sheeran,repeated_negations,30,warning_after_claim,17,-0.34740352630615234
ed_sheeran,repeated_negations,30,claim_first,18,-0.43558990955352783
ed_sheeran,repeated_negations,30,warning_after_claim,18,0.05027651786804199
ed_sheeran,repeated_negations,30,claim_first,19,-0.1757662296295166
ed_sheeran,repeated_negations,30,warning_after_claim,19,-0.11588644981384277
ed_sheeran,repeated_negations,30,claim_first,20,0.032282471656799316
ed_sheeran,repeated_negations,30,warning_after_claim,20,0.02943110466003418
ed_sheeran,positive_documents,31,claim_first,4,-0.06615209579467773
ed_sheeran,positive_documents,31,claim_first,5,-0.551300048828125
ed_sheeran,positive_documents,31,claim_first,6,-0.43628931045532227
ed_sheeran,positive_documents,31,claim_first,7,-0.09128403663635254
ed_sheeran,positive_documents,31,claim_first,8,0.0077626705169677734
ed_sheeran,positive_documents,31,claim_first,9,-0.0044460296630859375
ed_sheeran,positive_documents,31,claim_first,10,0.35838842391967773
ed_sheeran,positive_documents,31,claim_first,11,0.1326000690460205
ed_sheeran,positive_documents,31,claim_first,12,0.3508737087249756
ed_sheeran,positive_documents,31,claim_first,13,0.025228261947631836
ed_sheeran,positive_documents,31,claim_first,14,0.05556440353393555
ed_sheeran,positive_documents,31,claim_first,15,0.32864856719970703
ed_sheeran,positive_documents,31,claim_first,16,0.05394864082336426
ed_sheeran,positive_documents,31,claim_first,17,0.4777824878692627
ed_sheeran,positive_documents,31,claim_first,18,0.3210909366607666
ed_sheeran,positive_documents,31,claim_first,19,0.03737688064575195
ed_sheeran,positive_documents,31,claim_first,20,-0.028562068939208984
ed_sheeran,repeated_negations,31,claim_first,4,-0.08542704582214355
ed_sheeran,repeated_negations,31,warning_after_claim,4,0.04445815086364746
ed_sheeran,repeated_negations,31,claim_first,5,-0.46601223945617676
ed_sheeran,repeated_negations,31,warning_after_claim,5,0.06898760795593262
ed_sheeran,repeated_negations,31,claim_first,6,-0.47292613983154297
ed_sheeran,repeated_negations,31,warning_after_claim,6,0.1920335292816162
ed_sheeran,repeated_negations,31,claim_first,7,-0.19494009017944336
ed_sheeran,repeated_negations,31,warning_after_claim,7,0.11603283882141113
ed_sheeran,repeated_negations,31,claim_first,8,-0.21007728576660156
ed_sheeran,repeated_negations,31,warning_after_claim,8,-0.03985142707824707
ed_sheeran,repeated_negations,31,claim_first,9,-0.10768985748291016
ed_sheeran,repeated_negations,31,warning_after_claim,9,-0.09153008460998535
ed_sheeran,repeated_negations,31,claim_first,10,0.19479036331176758
ed_sheeran,repeated_negations,31,warning_after_claim,10,-0.18723344802856445
ed_sheeran,repeated_negations,31,claim_first,11,0.13702750205993652
ed_sheeran,repeated_negations,31,warning_after_claim,11,0.15610432624816895
ed_sheeran,repeated_negations,31,claim_first,12,0.518549919128418
ed_sheeran,repeated_negations,31,warning_after_claim,12,-0.2263047695159912
ed_sheeran,repeated_negations,31,claim_first,13,0.08615374565124512
ed_sheeran,repeated_negations,31,warning_after_claim,13,0.3902406692504883
ed_sheeran,repeated_negations,31,claim_first,14,0.10872364044189453
ed_sheeran,repeated_negations,31,warning_after_claim,14,0.173248291015625
ed_sheeran,repeated_negations,31,claim_first,15,0.38653564453125
ed_sheeran,repeated_negations,31,warning_after_claim,15,-0.13184213638305664
ed_sheeran,repeated_negations,31,claim_first,16,0.25747179985046387
ed_sheeran,repeated_negations,31,warning_after_claim,16,-0.15014171600341797
ed_sheeran,repeated_negations,31,claim_first,17,0.513110876083374
ed_sheeran,repeated_negations,31,warning_after_claim,17,0.4125711917877197
ed_sheeran,repeated_negations,31,claim_first,18,0.026792526245117188
ed_sheeran,repeated_negations,31,warning_after_claim,18,0.38023948669433594
ed_sheeran,repeated_negations,31,claim_first,19,-0.037488460540771484
ed_sheeran,repeated_negations,31,warning_after_claim,19,0.01900959014892578
ed_sheeran,repeated_negations,31,claim_first,20,0.02690911293029785
ed_sheeran,repeated_negations,31,warning_after_claim,20,0.29340147972106934
ed_sheeran,positive_documents,32,claim_first,4,-0.17679476737976074
ed_sheeran,positive_documents,32,claim_first,5,-0.06783032417297363
ed_sheeran,positive_documents,32,claim_first,6,0.2786519527435303
ed_sheeran,positive_documents,32,claim_first,7,-0.07627224922180176
ed_sheeran,positive_documents,32,claim_first,8,-0.03612375259399414
ed_sheeran,positive_documents,32,claim_first,9,-0.13727355003356934
ed_sheeran,positive_documents,32,claim_first,10,0.26117944717407227
ed_sheeran,positive_documents,32,claim_first,11,-0.0780630111694336
ed_sheeran,positive_documents,32,claim_first,12,-0.21379756927490234
ed_sheeran,positive_documents,32,claim_first,13,-0.13075542449951172
ed_sheeran,positive_documents,32,claim_first,14,0.05553269386291504
ed_sheeran,positive_documents,32,claim_first,15,-0.013668537139892578
ed_sheeran,positive_documents,32,claim_first,16,-0.1691277027130127
ed_sheeran,positive_documents,32,claim_first,17,0.21448493003845215
ed_sheeran,positive_documents,32,claim_first,18,0.09176039695739746
ed_sheeran,positive_documents,32,claim_first,19,-0.2378380298614502
ed_sheeran,positive_documents,32,claim_first,20,0.14859139919281006
ed_sheeran,repeated_negations,32,claim_first,4,-0.1918931007385254
ed_sheeran,repeated_negations,32,warning_after_claim,4,0.16339826583862305
ed_sheeran,repeated_negations,32,claim_first,5,-0.21871662139892578
ed_sheeran,repeated_negations,32,warning_after_claim,5,-0.0680084228515625
ed_sheeran,repeated_negations,32,claim_first,6,0.2010045051574707
ed_sheeran,repeated_negations,32,warning_after_claim,6,0.28191041946411133
ed_sheeran,repeated_negations,32,claim_first,7,-0.12508082389831543
ed_sheeran,repeated_negations,32,warning_after_claim,7,0.7425614595413208
ed_sheeran,repeated_negations,32,claim_first,8,-0.001477956771850586
ed_sheeran,repeated_negations,32,warning_after_claim,8,0.09501504898071289
ed_sheeran,repeated_negations,32,claim_first,9,-0.16676568984985352
ed_sheeran,repeated_negations,32,warning_after_claim,9,0.24721670150756836
ed_sheeran,repeated_negations,32,claim_first,10,0.13884305953979492
ed_sheeran,repeated_negations,32,warning_after_claim,10,-0.5705164670944214
ed_sheeran,repeated_negations,32,claim_first,11,0.020290851593017578
ed_sheeran,repeated_negations,32,warning_after_claim,11,-0.36997532844543457
ed_sheeran,repeated_negations,32,claim_first,12,-0.1929793357849121
ed_sheeran,repeated_negations,32,warning_after_claim,12,0.061662912368774414
ed_sheeran,repeated_negations,32,claim_first,13,-0.1035604476928711
ed_sheeran,repeated_negations,32,warning_after_claim,13,-0.0636143684387207
ed_sheeran,repeated_negations,32,claim_first,14,-0.002636432647705078
ed_sheeran,repeated_negations,32,warning_after_claim,14,0.06800508499145508
ed_sheeran,repeated_negations,32,claim_first,15,-0.09514832496643066
ed_sheeran,repeated_negations,32,warning_after_claim,15,-0.2503190040588379
ed_sheeran,repeated_negations,32,claim_first,16,-0.14836716651916504
ed_sheeran,repeated_negations,32,warning_after_claim,16,0.03505992889404297
ed_sheeran,repeated_negations,32,claim_first,17,0.24708616733551025
ed_sheeran,repeated_negations,32,warning_after_claim,17,0.06328701972961426
ed_sheeran,repeated_negations,32,claim_first,18,0.08985614776611328
ed_sheeran,repeated_negations,32,warning_after_claim,18,-0.12227153778076172
ed_sheeran,repeated_negations,32,claim_first,19,-0.13241338729858398
ed_sheeran,repeated_negations,32,warning_after_claim,19,0.017770767211914062
ed_sheeran,repeated_negations,32,claim_first,20,0.10352969169616699
ed_sheeran,repeated_negations,32,warning_after_claim,20,0.5582455396652222
ed_sheeran,positive_documents,33,claim_first,4,0.027682065963745117
ed_sheeran,positive_documents,33,claim_first,5,-0.016672134399414062
ed_sheeran,positive_documents,33,claim_first,6,0.3650088310241699
ed_sheeran,positive_documents,33,claim_first,7,-0.14554738998413086
ed_sheeran,positive_documents,33,claim_first,8,-0.07117486000061035
ed_sheeran,positive_documents,33,claim_first,9,-0.14627742767333984
ed_sheeran,positive_documents,33,claim_first,10,-0.023940324783325195
ed_sheeran,positive_documents,33,claim_first,11,-0.07725310325622559
ed_sheeran,positive_documents,33,claim_first,12,-0.3043248653411865
ed_sheeran,positive_documents,33,claim_first,13,-0.324782133102417
ed_sheeran,positive_documents,33,claim_first,14,0.20866894721984863
ed_sheeran,positive_documents,33,claim_first,15,-0.10997247695922852
ed_sheeran,positive_documents,33,claim_first,16,-0.17200803756713867
ed_sheeran,positive_documents,33,claim_first,17,0.28095579147338867
ed_sheeran,positive_documents,33,claim_first,18,0.15143036842346191
ed_sheeran,positive_documents,33,claim_first,19,0.05217456817626953
ed_sheeran,positive_documents,33,claim_first,20,0.19555234909057617
ed_sheeran,repeated_negations,33,claim_first,4,-0.11458754539489746
ed_sheeran,repeated_negations,33,warning_after_claim,4,0.35986948013305664
ed_sheeran,repeated_negations,33,claim_first,5,-0.18278026580810547
ed_sheeran,repeated_negations,33,warning_after_claim,5,-0.06726336479187012
ed_sheeran,repeated_negations,33,claim_first,6,0.10649251937866211
ed_sheeran,repeated_negations,33,warning_after_claim,6,0.3419501781463623
ed_sheeran,repeated_negations,33,claim_first,7,-0.20506525039672852
ed_sheeran,repeated_negations,33,warning_after_claim,7,0.04990243911743164
ed_sheeran,repeated_negations,33,claim_first,8,0.187699556350708
ed_sheeran,repeated_negations,33,warning_after_claim,8,0.19194817543029785
ed_sheeran,repeated_negations,33,claim_first,9,-0.09669637680053711
ed_sheeran,repeated_negations,33,warning_after_claim,9,0.009382963180541992
ed_sheeran,repeated_negations,33,claim_first,10,-0.23241758346557617
ed_sheeran,repeated_negations,33,warning_after_claim,10,-0.2263636589050293
ed_sheeran,repeated_negations,33,claim_first,11,-0.13081002235412598
ed_sheeran,repeated_negations,33,warning_after_claim,11,-0.12365317344665527
ed_sheeran,repeated_negations,33,claim_first,12,-0.5050065517425537
ed_sheeran,repeated_negations,33,warning_after_claim,12,0.25815343856811523
ed_sheeran,repeated_negations,33,claim_first,13,-0.2693488597869873
ed_sheeran,repeated_negations,33,warning_after_claim,13,0.368863582611084
ed_sheeran,repeated_negations,33,claim_first,14,0.2856452465057373
ed_sheeran,repeated_negations,33,warning_after_claim,14,-0.27323484420776367
ed_sheeran,repeated_negations,33,claim_first,15,0.15318012237548828
ed_sheeran,repeated_negations,33,warning_after_claim,15,-0.006094455718994141
ed_sheeran,repeated_negations,33,claim_first,16,-0.06706380844116211
ed_sheeran,repeated_negations,33,warning_after_claim,16,0.10555863380432129
ed_sheeran,repeated_negations,33,claim_first,17,0.3808467388153076
ed_sheeran,repeated_negations,33,warning_after_claim,17,-0.0729970932006836
ed_sheeran,repeated_negations,33,claim_first,18,0.627927303314209
ed_sheeran,repeated_negations,33,warning_after_claim,18,-0.05913352966308594
ed_sheeran,repeated_negations,33,claim_first,19,-0.21678662300109863
ed_sheeran,repeated_negations,33,warning_after_claim,19,0.268341064453125
ed_sheeran,repeated_negations,33,claim_first,20,0.4018542766571045
ed_sheeran,repeated_negations,33,warning_after_claim,20,0.3734447956085205
mount_vesuvius,positive_documents,0,claim_first,4,-0.033437371253967285
mount_vesuvius,positive_documents,0,claim_first,5,-0.0164567232131958
mount_vesuvius,positive_documents,0,claim_first,6,0.008092880249023438
mount_vesuvius,positive_documents,0,claim_first,7,0.14738893508911133
mount_vesuvius,positive_documents,0,claim_first,8,0.12514984607696533
mount_vesuvius,positive_documents,0,claim_first,9,0.004986286163330078
mount_vesuvius,positive_documents,0,claim_first,10,0.0880286693572998
mount_vesuvius,positive_documents,0,claim_first,11,-0.0006008148193359375
mount_vesuvius,positive_documents,0,claim_first,12,-0.1355142593383789
mount_vesuvius,positive_documents,0,claim_first,13,-0.2502630949020386
mount_vesuvius,positive_documents,0,claim_first,14,0.3534820079803467
mount_vesuvius,positive_documents,0,claim_first,15,0.034326791763305664
mount_vesuvius,positive_documents,0,claim_first,16,-0.08311855792999268
mount_vesuvius,positive_documents,0,claim_first,17,0.0075948238372802734
mount_vesuvius,positive_documents,0,claim_first,18,-0.08024156093597412
mount_vesuvius,positive_documents,0,claim_first,19,-0.3566603660583496
mount_vesuvius,positive_documents,0,claim_first,20,-0.3182739019393921
mount_vesuvius,repeated_negations,0,claim_first,4,-0.12319707870483398
mount_vesuvius,repeated_negations,0,warning_after_claim,4,0.13254189491271973
mount_vesuvius,repeated_negations,0,claim_first,5,0.060402870178222656
mount_vesuvius,repeated_negations,0,warning_after_claim,5,-0.8433094024658203
mount_vesuvius,repeated_negations,0,claim_first,6,-0.14078474044799805
mount_vesuvius,repeated_negations,0,warning_after_claim,6,0.6396434307098389
mount_vesuvius,repeated_negations,0,claim_first,7,0.19590795040130615
mount_vesuvius,repeated_negations,0,warning_after_claim,7,0.44185733795166016
mount_vesuvius,repeated_negations,0,claim_first,8,0.1855475902557373
mount_vesuvius,repeated_negations,0,warning_after_claim,8,0.19992947578430176
mount_vesuvius,repeated_negations,0,claim_first,9,0.1150738000869751
mount_vesuvius,repeated_negations,0,warning_after_claim,9,0.5355567932128906
mount_vesuvius,repeated_negations,0,claim_first,10,0.18781626224517822
mount_vesuvius,repeated_negations,0,warning_after_claim,10,-0.24687647819519043
mount_vesuvius,repeated_negations,0,claim_first,11,-0.025826215744018555
mount_vesuvius,repeated_negations,0,warning_after_claim,11,-0.36728501319885254
mount_vesuvius,repeated_negations,0,claim_first,12,-0.29218268394470215
mount_vesuvius,repeated_negations,0,warning_after_claim,12,0.41724181175231934
mount_vesuvius,repeated_negations,0,claim_first,13,-0.24206876754760742
mount_vesuvius,repeated_negations,0,warning_after_claim,13,0.025957107543945312
mount_vesuvius,repeated_negations,0,claim_first,14,0.5919437408447266
mount_vesuvius,repeated_negations,0,warning_after_claim,14,0.11671757698059082
mount_vesuvius,repeated_negations,0,claim_first,15,-0.037664175033569336
mount_vesuvius,repeated_negations,0,warning_after_claim,15,-0.45126986503601074
mount_vesuvius,repeated_negations,0,claim_first,16,-0.05614185333251953
mount_vesuvius,repeated_negations,0,warning_after_claim,16,-0.2462170124053955
mount_vesuvius,repeated_negations,0,claim_first,17,-0.10254406929016113
mount_vesuvius,repeated_negations,0,warning_after_claim,17,-0.23957014083862305
mount_vesuvius,repeated_negations,0,claim_first,18,0.00809943675994873
mount_vesuvius,repeated_negations,0,warning_after_claim,18,0.6107699871063232
mount_vesuvius,repeated_negations,0,claim_first,19,-0.26188862323760986
mount_vesuvius,repeated_negations,0,warning_after_claim,19,0.11915206909179688
mount_vesuvius,repeated_negations,0,claim_first,20,-0.23143458366394043
mount_vesuvius,repeated_negations,0,warning_after_claim,20,0.3586161136627197
mount_vesuvius,positive_documents,2,claim_first,4,-0.2828691005706787
mount_vesuvius,positive_documents,2,claim_first,5,0.08933734893798828
mount_vesuvius,positive_documents,2,claim_first,6,0.05535745620727539
mount_vesuvius,positive_documents,2,claim_first,7,0.00616145133972168
mount_vesuvius,positive_documents,2,claim_first,8,-0.025251150131225586
mount_vesuvius,positive_documents,2,claim_first,9,0.00600743293762207
mount_vesuvius,positive_documents,2,claim_first,10,0.043428659439086914
mount_vesuvius,positive_documents,2,claim_first,11,0.1419811248779297
mount_vesuvius,positive_documents,2,claim_first,12,-0.1787858009338379
mount_vesuvius,positive_documents,2,claim_first,13,-0.057242631912231445
mount_vesuvius,positive_documents,2,claim_first,14,-0.11906957626342773
mount_vesuvius,positive_documents,2,claim_first,15,-0.1280970573425293
mount_vesuvius,positive_documents,2,claim_first,16,0.10670757293701172
mount_vesuvius,positive_documents,2,claim_first,17,0.08712458610534668
mount_vesuvius,positive_documents,2,claim_first,18,-0.017495155334472656
mount_vesuvius,positive_documents,2,claim_first,19,-0.16032123565673828
mount_vesuvius,positive_documents,2,claim_first,20,0.04140138626098633
mount_vesuvius,repeated_negations,2,claim_first,4,-0.2664797306060791
mount_vesuvius,repeated_negations,2,warning_after_claim,4,-0.0010614395141601562
mount_vesuvius,repeated_negations,2,claim_first,5,0.1239471435546875
mount_vesuvius,repeated_negations,2,warning_after_claim,5,-0.4569692611694336
mount_vesuvius,repeated_negations,2,claim_first,6,-0.03995704650878906
mount_vesuvius,repeated_negations,2,warning_after_claim,6,0.10020852088928223
mount_vesuvius,repeated_negations,2,claim_first,7,0.04069113731384277
mount_vesuvius,repeated_negations,2,warning_after_claim,7,0.17433786392211914
mount_vesuvius,repeated_negations,2,claim_first,8,0.12253093719482422
mount_vesuvius,repeated_negations,2,warning_after_claim,8,0.2972872257232666
mount_vesuvius,repeated_negations,2,claim_first,9,0.06785106658935547
mount_vesuvius,repeated_negations,2,warning_after_claim,9,-0.011774778366088867
mount_vesuvius,repeated_negations,2,claim_first,10,0.11863827705383301
mount_vesuvius,repeated_negations,2,warning_after_claim,10,-0.4892253875732422
mount_vesuvius,repeated_negations,2,claim_first,11,0.22394108772277832
mount_vesuvius,repeated_negations,2,warning_after_claim,11,-0.3654015064239502
mount_vesuvius,repeated_negations,2,claim_first,12,-0.2612142562866211
mount_vesuvius,repeated_negations,2,warning_after_claim,12,-0.08199095726013184
mount_vesuvius,repeated_negations,2,claim_first,13,-0.09484601020812988
mount_vesuvius,repeated_negations,2,warning_after_claim,13,0.0979621410369873
mount_vesuvius,repeated_negations,2,claim_first,14,0.06443142890930176
mount_vesuvius,repeated_negations,2,warning_after_claim,14,0.29761648178100586
mount_vesuvius,repeated_negations,2,claim_first,15,-0.13475704193115234
mount_vesuvius,repeated_negations,2,warning_after_claim,15,0.021917343139648438
mount_vesuvius,repeated_negations,2,claim_first,16,-0.06161069869995117
mount_vesuvius,repeated_negations,2,warning_after_claim,16,-0.10134482383728027
mount_vesuvius,repeated_negations,2,claim_first,17,-0.09262895584106445
mount_vesuvius,repeated_negations,2,warning_after_claim,17,-0.41544318199157715
mount_vesuvius,repeated_negations,2,claim_first,18,0.14583563804626465
mount_vesuvius,repeated_negations,2,warning_after_claim,18,0.00988626480102539
mount_vesuvius,repeated_negations,2,claim_first,19,-0.05241680145263672
mount_vesuvius,repeated_negations,2,warning_after_claim,19,-0.03930163383483887
mount_vesuvius,repeated_negations,2,claim_first,20,-0.04381394386291504
mount_vesuvius,repeated_negations,2,warning_after_claim,20,0.34235429763793945
mount_vesuvius,positive_documents,3,claim_first,4,-0.06386780738830566
mount_vesuvius,positive_documents,3,claim_first,5,0.3854491710662842
mount_vesuvius,positive_documents,3,claim_first,6,0.2793903350830078
mount_vesuvius,positive_documents,3,claim_first,7,0.09868907928466797
mount_vesuvius,positive_documents,3,claim_first,8,0.18433165550231934
mount_vesuvius,positive_documents,3,claim_first,9,0.26878905296325684
mount_vesuvius,positive_documents,3,claim_first,10,-0.19879937171936035
mount_vesuvius,positive_documents,3,claim_first,11,-0.19395661354064941
mount_vesuvius,positive_documents,3,claim_first,12,0.11286592483520508
mount_vesuvius,positive_documents,3,claim_first,13,-0.062391042709350586
mount_vesuvius,positive_documents,3,claim_first,14,0.3157327175140381
mount_vesuvius,positive_documents,3,claim_first,15,0.06433844566345215
mount_vesuvius,positive_documents,3,claim_first,16,0.05894017219543457
mount_vesuvius,positive_documents,3,claim_first,17,-0.21523451805114746
mount_vesuvius,positive_documents,3,claim_first,18,-0.343212366104126
mount_vesuvius,positive_documents,3,claim_first,19,-0.47022533416748047
mount_vesuvius,positive_documents,3,claim_first,20,-0.038355112075805664
mount_vesuvius,repeated_negations,3,claim_first,4,0.09594845771789551
mount_vesuvius,repeated_negations,3,warning_after_claim,4,0.21458816528320312
mount_vesuvius,repeated_negations,3,claim_first,5,0.461153507232666
mount_vesuvius,repeated_negations,3,warning_after_claim,5,-0.16002869606018066
mount_vesuvius,repeated_negations,3,claim_first,6,-0.05362391471862793
mount_vesuvius,repeated_negations,3,warning_after_claim,6,0.05771946907043457
mount_vesuvius,repeated_negations,3,claim_first,7,0.3221108913421631
mount_vesuvius,repeated_negations,3,warning_after_claim,7,-0.2512989044189453
mount_vesuvius,repeated_negations,3,claim_first,8,0.19516706466674805
mount_vesuvius,repeated_negations,3,warning_after_claim,8,0.07092905044555664
mount_vesuvius,repeated_negations,3,claim_first,9,0.1302471160888672
mount_vesuvius,repeated_negations,3,warning_after_claim,9,0.05820798873901367
mount_vesuvius,repeated_negations,3,claim_first,10,-0.14263391494750977
mount_vesuvius,repeated_negations,3,warning_after_claim,10,-0.11499142646789551
mount_vesuvius,repeated_negations,3,claim_first,11,0.013247013092041016
mount_vesuvius,repeated_negations,3,warning_after_claim,11,-0.24342870712280273
mount_vesuvius,repeated_negations,3,claim_first,12,-0.24261140823364258
mount_vesuvius,repeated_negations,3,warning_after_claim,12,-0.31951260566711426
mount_vesuvius,repeated_negations,3,claim_first,13,-0.1626884937286377
mount_vesuvius,repeated_negations,3,warning_after_claim,13,0.03601431846618652
mount_vesuvius,repeated_negations,3,claim_first,14,0.4551417827606201
mount_vesuvius,repeated_negations,3,warning_after_claim,14,0.15555572509765625
mount_vesuvius,repeated_negations,3,claim_first,15,-0.09934282302856445
mount_vesuvius,repeated_negations,3,warning_after_claim,15,-0.22531914710998535
mount_vesuvius,repeated_negations,3,claim_first,16,0.11949706077575684
mount_vesuvius,repeated_negations,3,warning_after_claim,16,-0.14346551895141602
mount_vesuvius,repeated_negations,3,claim_first,17,0.12504911422729492
mount_vesuvius,repeated_negations,3,warning_after_claim,17,-0.29700136184692383
mount_vesuvius,repeated_negations,3,claim_first,18,-0.2212238311767578
mount_vesuvius,repeated_negations,3,warning_after_claim,18,0.24524664878845215
mount_vesuvius,repeated_negations,3,claim_first,19,-0.3067488670349121
mount_vesuvius,repeated_negations,3,warning_after_claim,19,0.029029369354248047
mount_vesuvius,repeated_negations,3,claim_first,20,-0.12305164337158203
mount_vesuvius,repeated_negations,3,warning_after_claim,20,-0.484774112701416
mount_vesuvius,positive_documents,5,claim_first,4,-0.13431835174560547
mount_vesuvius,positive_documents,5,claim_first,5,0.0470883846282959
mount_vesuvius,positive_documents,5,claim_first,6,-0.15310120582580566
mount_vesuvius,positive_documents,5,claim_first,7,0.024797916412353516
mount_vesuvius,positive_documents,5,claim_first,8,-0.01626753807067871
mount_vesuvius,positive_documents,5,claim_first,9,-0.15705204010009766
mount_vesuvius,positive_documents,5,claim_first,10,0.02791452407836914
mount_vesuvius,positive_documents,5,claim_first,11,0.06162548065185547
mount_vesuvius,positive_documents,5,claim_first,12,0.0505061149597168
mount_vesuvius,positive_documents,5,claim_first,13,-0.1421968936920166
mount_vesuvius,positive_documents,5,claim_first,14,-0.25635528564453125
mount_vesuvius,positive_documents,5,claim_first,15,-0.06471824645996094
mount_vesuvius,positive_documents,5,claim_first,16,-0.1226494312286377
mount_vesuvius,positive_documents,5,claim_first,17,-0.06571626663208008
mount_vesuvius,positive_documents,5,claim_first,18,-0.0493016242980957
mount_vesuvius,positive_documents,5,claim_first,19,-0.24202537536621094
mount_vesuvius,positive_documents,5,claim_first,20,-0.20043039321899414
mount_vesuvius,repeated_negations,5,claim_first,4,-0.08300042152404785
mount_vesuvius,repeated_negations,5,warning_after_claim,4,0.22859501838684082
mount_vesuvius,repeated_negations,5,claim_first,5,0.06860756874084473
mount_vesuvius,repeated_negations,5,warning_after_claim,5,-0.2882719039916992
mount_vesuvius,repeated_negations,5,claim_first,6,-0.15978312492370605
mount_vesuvius,repeated_negations,5,warning_after_claim,6,-0.054282426834106445
mount_vesuvius,repeated_negations,5,claim_first,7,-0.13515090942382812
mount_vesuvius,repeated_negations,5,warning_after_claim,7,0.3957350254058838
mount_vesuvius,repeated_negations,5,claim_first,8,0.09317374229431152
mount_vesuvius,repeated_negations,5,warning_after_claim,8,0.406557559967041
mount_vesuvius,repeated_negations,5,claim_first,9,0.015857219696044922
mount_vesuvius,repeated_negations,5,warning_after_claim,9,0.5286710262298584
mount_vesuvius,repeated_negations,5,claim_first,10,0.05157113075256348
mount_vesuvius,repeated_negations,5,warning_after_claim,10,-0.3065652847290039
mount_vesuvius,repeated_negations,5,claim_first,11,0.18036484718322754
mount_vesuvius,repeated_negations,5,warning_after_claim,11,0.18857479095458984
mount_vesuvius,repeated_negations,5,claim_first,12,-0.11535453796386719
mount_vesuvius,repeated_negations,5,warning_after_claim,12,0.1307225227355957
mount_vesuvius,repeated_negations,5,claim_first,13,-0.18986821174621582
mount_vesuvius,repeated_negations,5,warning_after_claim,13,0.10042810440063477
mount_vesuvius,repeated_negations,5,claim_first,14,-0.1701374053955078
mount_vesuvius,repeated_negations,5,warning_after_claim,14,0.5025219917297363
mount_vesuvius,repeated_negations,5,claim_first,15,-0.033734798431396484
mount_vesuvius,repeated_negations,5,warning_after_claim,15,-0.5743265151977539
mount_vesuvius,repeated_negations,5,claim_first,16,-0.08291077613830566
mount_vesuvius,repeated_negations,5,warning_after_claim,16,-0.23782873153686523
mount_vesuvius,repeated_negations,5,claim_first,17,0.020884037017822266
mount_vesuvius,repeated_negations,5,warning_after_claim,17,-0.15173649787902832
mount_vesuvius,repeated_negations,5,claim_first,18,0.04726576805114746
mount_vesuvius,repeated_negations,5,warning_after_claim,18,-0.2043304443359375
mount_vesuvius,repeated_negations,5,claim_first,19,-0.2061624526977539
mount_vesuvius,repeated_negations,5,warning_after_claim,19,0.560516357421875
mount_vesuvius,repeated_negations,5,claim_first,20,-0.3629951477050781
mount_vesuvius,repeated_negations,5,warning_after_claim,20,-0.021545886993408203
mount_vesuvius,positive_documents,6,claim_first,4,-0.14586710929870605
mount_vesuvius,positive_documents,6,claim_first,5,-0.1088094711303711
mount_vesuvius,positive_documents,6,claim_first,6,0.022750139236450195
mount_vesuvius,positive_documents,6,claim_first,7,-0.2435753345489502
mount_vesuvius,positive_documents,6,claim_first,8,0.03156542778015137
mount_vesuvius,positive_documents,6,claim_first,9,0.16236567497253418
mount_vesuvius,positive_documents,6,claim_first,10,0.19202709197998047
mount_vesuvius,positive_documents,6,claim_first,11,-0.15592432022094727
mount_vesuvius,positive_documents,6,claim_first,12,0.20614886283874512
mount_vesuvius,positive_documents,6,claim_first,13,0.16444635391235352
mount_vesuvius,positive_documents,6,claim_first,14,-0.15366888046264648
mount_vesuvius,positive_documents,6,claim_first,15,0.12625765800476074
mount_vesuvius,positive_documents,6,claim_first,16,0.13155150413513184
mount_vesuvius,positive_documents,6,claim_first,17,-0.1332869529724121
mount_vesuvius,positive_documents,6,claim_first,18,0.10654497146606445
mount_vesuvius,positive_documents,6,claim_first,19,-0.22470903396606445
mount_vesuvius,positive_documents,6,claim_first,20,-0.07697606086730957
mount_vesuvius,repeated_negations,6,claim_first,4,-0.1134793758392334
mount_vesuvius,repeated_negations,6,warning_after_claim,4,-0.21740412712097168
mount_vesuvius,repeated_negations,6,claim_first,5,-0.021062612533569336
mount_vesuvius,repeated_negations,6,warning_after_claim,5,-0.10598039627075195
mount_vesuvius,repeated_negations,6,claim_first,6,0.13936305046081543
mount_vesuvius,repeated_negations,6,warning_after_claim,6,0.15773367881774902
mount_vesuvius,repeated_negations,6,claim_first,7,-0.12903344631195068
mount_vesuvius,repeated_negations,6,warning_after_claim,7,0.533989667892456
mount_vesuvius,repeated_negations,6,claim_first,8,-0.010057210922241211
mount_vesuvius,repeated_negations,6,warning_after_claim,8,0.04373931884765625
mount_vesuvius,repeated_negations,6,claim_first,9,0.43329036235809326
mount_vesuvius,repeated_negations,6,warning_after_claim,9,-0.11268806457519531
mount_vesuvius,repeated_negations,6,claim_first,10,0.14254415035247803
mount_vesuvius,repeated_negations,6,warning_after_claim,10,-0.3414585590362549
mount_vesuvius,repeated_negations,6,claim_first,11,0.1931062936782837
mount_vesuvius,repeated_negations,6,warning_after_claim,11,-0.4510185718536377
mount_vesuvius,repeated_negations,6,claim_first,12,0.040358781814575195
mount_vesuvius,repeated_negations,6,warning_after_claim,12,-0.037096261978149414
mount_vesuvius,repeated_negations,6,claim_first,13,0.010090112686157227
mount_vesuvius,repeated_negations,6,warning_after_claim,13,-0.0467839241027832
mount_vesuvius,repeated_negations,6,claim_first,14,0.054367780685424805
mount_vesuvius,repeated_negations,6,warning_after_claim,14,0.02798295021057129
mount_vesuvius,repeated_negations,6,claim_first,15,0.14657723903656006
mount_vesuvius,repeated_negations,6,warning_after_claim,15,-0.11655187606811523
mount_vesuvius,repeated_negations,6,claim_first,16,-0.03467154502868652
mount_vesuvius,repeated_negations,6,warning_after_claim,16,-0.4110262393951416
mount_vesuvius,repeated_negations,6,claim_first,17,-0.14334523677825928
mount_vesuvius,repeated_negations,6,warning_after_claim,17,0.22467803955078125
mount_vesuvius,repeated_negations,6,claim_first,18,0.23414897918701172
mount_vesuvius,repeated_negations,6,warning_after_claim,18,0.18726181983947754
mount_vesuvius,repeated_negations,6,claim_first,19,-0.2687647342681885
mount_vesuvius,repeated_negations,6,warning_after_claim,19,0.16219019889831543
mount_vesuvius,repeated_negations,6,claim_first,20,-0.018809080123901367
mount_vesuvius,repeated_negations,6,warning_after_claim,20,0.19003653526306152
mount_vesuvius,positive_documents,8,claim_first,4,-0.3782992362976074
mount_vesuvius,positive_documents,8,claim_first,5,-0.03662824630737305
mount_vesuvius,positive_documents,8,claim_first,6,0.34388184547424316
mount_vesuvius,positive_documents,8,claim_first,7,-0.3084867000579834
mount_vesuvius,positive_documents,8,claim_first,8,-0.05135846138000488
mount_vesuvius,positive_documents,8,claim_first,9,0.45658373832702637
mount_vesuvius,positive_documents,8,claim_first,10,0.16863131523132324
mount_vesuvius,positive_documents,8,claim_first,11,-0.11639881134033203
mount_vesuvius,positive_documents,8,claim_first,12,-0.10005903244018555
mount_vesuvius,positive_documents,8,claim_first,13,0.0730431079864502
mount_vesuvius,positive_documents,8,claim_first,14,0.20546889305114746
mount_vesuvius,positive_documents,8,claim_first,15,0.04306817054748535
mount_vesuvius,positive_documents,8,claim_first,16,0.05057692527770996
mount_vesuvius,positive_documents,8,claim_first,17,0.002084016799926758
mount_vesuvius,positive_documents,8,claim_first,18,-0.016245603561401367
mount_vesuvius,positive_documents,8,claim_first,19,-0.1742417812347412
mount_vesuvius,positive_documents,8,claim_first,20,-0.05632209777832031
mount_vesuvius,repeated_negations,8,claim_first,4,-0.459627628326416
mount_vesuvius,repeated_negations,8,warning_after_claim,4,-0.08818554878234863
mount_vesuvius,repeated_negations,8,claim_first,5,-0.10194802284240723
mount_vesuvius,repeated_negations,8,warning_after_claim,5,-0.04465126991271973
mount_vesuvius,repeated_negations,8,claim_first,6,0.15055036544799805
mount_vesuvius,repeated_negations,8,warning_after_claim,6,0.276111364364624
mount_vesuvius,repeated_negations,8,claim_first,7,-0.18216156959533691
mount_vesuvius,repeated_negations,8,warning_after_claim,7,0.21365118026733398
mount_vesuvius,repeated_negations,8,claim_first,8,0.008967399597167969
mount_vesuvius,repeated_negations,8,warning_after_claim,8,-0.01109933853149414
mount_vesuvius,repeated_negations,8,claim_first,9,0.3902101516723633
mount_vesuvius,repeated_negations,8,warning_after_claim,9,0.09985733032226562
mount_vesuvius,repeated_negations,8,claim_first,10,0.061875343322753906
mount_vesuvius,repeated_negations,8,warning_after_claim,10,0.050019264221191406
mount_vesuvius,repeated_negations,8,claim_first,11,0.04427838325500488
mount_vesuvius,repeated_negations,8,warning_after_claim,11,-0.12417864799499512
mount_vesuvius,repeated_negations,8,claim_first,12,-0.29240846633911133
mount_vesuvius,repeated_negations,8,warning_after_claim,12,0.057604074478149414
mount_vesuvius,repeated_negations,8,claim_first,13,-0.23296260833740234
mount_vesuvius,repeated_negations,8,warning_after_claim,13,0.010604143142700195
mount_vesuvius,repeated_negations,8,claim_first,14,0.20293688774108887
mount_vesuvius,repeated_negations,8,warning_after_claim,14,0.13416314125061035
mount_vesuvius,repeated_negations,8,claim_first,15,-0.07137060165405273
mount_vesuvius,repeated_negations,8,warning_after_claim,15,-0.11808037757873535
mount_vesuvius,repeated_negations,8,claim_first,16,0.16522479057312012
mount_vesuvius,repeated_negations,8,warning_after_claim,16,-0.021900415420532227
mount_vesuvius,repeated_negations,8,claim_first,17,0.2799386978149414
mount_vesuvius,repeated_negations,8,warning_after_claim,17,0.04349160194396973
mount_vesuvius,repeated_negations,8,claim_first,18,0.013753414154052734
mount_vesuvius,repeated_negations,8,warning_after_claim,18,0.8236179351806641
mount_vesuvius,repeated_negations,8,claim_first,19,-0.06438469886779785
mount_vesuvius,repeated_negations,8,warning_after_claim,19,0.29474377632141113
mount_vesuvius,repeated_negations,8,claim_first,20,-0.07934999465942383
mount_vesuvius,repeated_negations,8,warning_after_claim,20,-0.11246991157531738
mount_vesuvius,positive_documents,12,claim_first,4,-0.07960355281829834
mount_vesuvius,positive_documents,12,claim_first,5,0.18867409229278564
mount_vesuvius,positive_documents,12,claim_first,6,0.28424978256225586
mount_vesuvius,positive_documents,12,claim_first,7,0.06086850166320801
mount_vesuvius,positive_documents,12,claim_first,8,-0.24292802810668945
mount_vesuvius,positive_documents,12,claim_first,9,0.16159915924072266
mount_vesuvius,positive_documents,12,claim_first,10,0.09957754611968994
mount_vesuvius,positive_documents,12,claim_first,11,0.3568974733352661
mount_vesuvius,positive_documents,12,claim_first,12,-0.008814096450805664
mount_vesuvius,positive_documents,12,claim_first,13,-0.18620240688323975
mount_vesuvius,positive_documents,12,claim_first,14,0.5106669664382935
mount_vesuvius,positive_documents,12,claim_first,15,0.03125202655792236
mount_vesuvius,positive_documents,12,claim_first,16,-0.04990029335021973
mount_vesuvius,positive_documents,12,claim_first,17,-0.41556262969970703
mount_vesuvius,positive_documents,12,claim_first,18,-0.26484084129333496
mount_vesuvius,positive_documents,12,claim_first,19,0.06779348850250244
mount_vesuvius,positive_documents,12,claim_first,20,-0.07983899116516113
mount_vesuvius,repeated_negations,12,claim_first,4,0.09030544757843018
mount_vesuvius,repeated_negations,12,warning_after_claim,4,-0.30309009552001953
mount_vesuvius,repeated_negations,12,claim_first,5,0.12071669101715088
mount_vesuvius,repeated_negations,12,warning_after_claim,5,-0.12428569793701172
mount_vesuvius,repeated_negations,12,claim_first,6,0.31593453884124756
mount_vesuvius,repeated_negations,12,warning_after_claim,6,0.12087750434875488
mount_vesuvius,repeated_negations,12,claim_first,7,-0.05513358116149902
mount_vesuvius,repeated_negations,12,warning_after_claim,7,0.1234586238861084
mount_vesuvius,repeated_negations,12,claim_first,8,-0.3357582092285156
mount_vesuvius,repeated_negations,12,warning_after_claim,8,0.07056379318237305
mount_vesuvius,repeated_negations,12,claim_first,9,0.09199059009552002
mount_vesuvius,repeated_negations,12,warning_after_claim,9,0.2679518461227417
mount_vesuvius,repeated_negations,12,claim_first,10,0.23317599296569824
mount_vesuvius,repeated_negations,12,warning_after_claim,10,0.16795623302459717
mount_vesuvius,repeated_negations,12,claim_first,11,0.527625560760498
mount_vesuvius,repeated_negations,12,warning_after_claim,11,0.00536656379699707
mount_vesuvius,repeated_negations,12,claim_first,12,-0.048427581787109375
mount_vesuvius,repeated_negations,12,warning_after_claim,12,-0.21335053443908691
mount_vesuvius,repeated_negations,12,claim_first,13,-0.13052988052368164
mount_vesuvius,repeated_negations,12,warning_after_claim,13,0.22345733642578125
mount_vesuvius,repeated_negations,12,claim_first,14,0.3641546964645386
mount_vesuvius,repeated_negations,12,warning_after_claim,14,-0.12137937545776367
mount_vesuvius,repeated_negations,12,claim_first,15,0.06887781620025635
mount_vesuvius,repeated_negations,12,warning_after_claim,15,0.22456586360931396
mount_vesuvius,repeated_negations,12,claim_first,16,0.2773432731628418
mount_vesuvius,repeated_negations,12,warning_after_claim,16,-0.4413325786590576
mount_vesuvius,repeated_negations,12,claim_first,17,-0.4285022020339966
mount_vesuvius,repeated_negations,12,warning_after_claim,17,-0.018118739128112793
mount_vesuvius,repeated_negations,12,claim_first,18,-0.41466546058654785
mount_vesuvius,repeated_negations,12,warning_after_claim,18,0.03126227855682373
mount_vesuvius,repeated_negations,12,claim_first,19,-0.040499091148376465
mount_vesuvius,repeated_negations,12,warning_after_claim,19,-0.013942599296569824
mount_vesuvius,repeated_negations,12,claim_first,20,-0.1265099048614502
mount_vesuvius,repeated_negations,12,warning_after_claim,20,-0.07530999183654785
mount_vesuvius,positive_documents,13,claim_first,4,-0.06873941421508789
mount_vesuvius,positive_documents,13,claim_first,5,-0.04578900337219238
mount_vesuvius,positive_documents,13,claim_first,6,0.21748149394989014
mount_vesuvius,positive_documents,13,claim_first,7,0.03291606903076172
mount_vesuvius,positive_documents,13,claim_first,8,0.03966856002807617
mount_vesuvius,positive_documents,13,claim_first,9,0.33370888233184814
mount_vesuvius,positive_documents,13,claim_first,10,-0.2546885013580322
mount_vesuvius,positive_documents,13,claim_first,11,-0.13510620594024658
mount_vesuvius,positive_documents,13,claim_first,12,-0.008463263511657715
mount_vesuvius,positive_documents,13,claim_first,13,-0.04475748538970947
mount_vesuvius,positive_documents,13,claim_first,14,0.3634638786315918
mount_vesuvius,positive_documents,13,claim_first,15,-0.09780645370483398
mount_vesuvius,positive_documents,13,claim_first,16,0.04699420928955078
mount_vesuvius,positive_documents,13,claim_first,17,-0.4291309118270874
mount_vesuvius,positive_documents,13,claim_first,18,-0.07110834121704102
mount_vesuvius,positive_documents,13,claim_first,19,-0.06531691551208496
mount_vesuvius,positive_documents,13,claim_first,20,-0.03276336193084717
mount_vesuvius,repeated_negations,13,claim_first,4,-0.09283113479614258
mount_vesuvius,repeated_negations,13,warning_after_claim,4,-0.20604777336120605
mount_vesuvius,repeated_negations,13,claim_first,5,-0.18680238723754883
mount_vesuvius,repeated_negations,13,warning_after_claim,5,-0.09320712089538574
mount_vesuvius,repeated_negations,13,claim_first,6,-0.21284186840057373
mount_vesuvius,repeated_negations,13,warning_after_claim,6,-0.395094633102417
mount_vesuvius,repeated_negations,13,claim_first,7,0.05039405822753906
mount_vesuvius,repeated_negations,13,warning_after_claim,7,0.20629334449768066
mount_vesuvius,repeated_negations,13,claim_first,8,-0.2026538848876953
mount_vesuvius,repeated_negations,13,warning_after_claim,8,0.17574071884155273
mount_vesuvius,repeated_negations,13,claim_first,9,0.2962214946746826
mount_vesuvius,repeated_negations,13,warning_after_claim,9,-0.26103997230529785
mount_vesuvius,repeated_negations,13,claim_first,10,-0.16224825382232666
mount_vesuvius,repeated_negations,13,warning_after_claim,10,-0.014197587966918945
mount_vesuvius,repeated_negations,13,claim_first,11,-0.06946814060211182
mount_vesuvius,repeated_negations,13,warning_after_claim,11,-0.04678034782409668
mount_vesuvius,repeated_negations,13,claim_first,12,-0.15056049823760986
mount_vesuvius,repeated_negations,13,warning_after_claim,12,-0.27142977714538574
mount_vesuvius,repeated_negations,13,claim_first,13,0.03938579559326172
mount_vesuvius,repeated_negations,13,warning_after_claim,13,0.0825357437133789
mount_vesuvius,repeated_negations,13,claim_first,14,0.4985467195510864
mount_vesuvius,repeated_negations,13,warning_after_claim,14,0.10566401481628418
mount_vesuvius,repeated_negations,13,claim_first,15,-0.14400911331176758
mount_vesuvius,repeated_negations,13,warning_after_claim,15,-0.050910234451293945
mount_vesuvius,repeated_negations,13,claim_first,16,0.08114707469940186
mount_vesuvius,repeated_negations,13,warning_after_claim,16,0.037947654724121094
mount_vesuvius,repeated_negations,13,claim_first,17,-0.16561734676361084
mount_vesuvius,repeated_negations,13,warning_after_claim,17,0.08291435241699219
mount_vesuvius,repeated_negations,13,claim_first,18,0.04505610466003418
mount_vesuvius,repeated_negations,13,warning_after_claim,18,0.0008726119995117188
mount_vesuvius,repeated_negations,13,claim_first,19,-0.025034070014953613
mount_vesuvius,repeated_negations,13,warning_after_claim,19,0.257199764251709
mount_vesuvius,repeated_negations,13,claim_first,20,-0.17681443691253662
mount_vesuvius,repeated_negations,13,warning_after_claim,20,0.2538125514984131
mount_vesuvius,positive_documents,14,claim_first,4,-0.4299204349517822
mount_vesuvius,positive_documents,14,claim_first,5,-0.002747058868408203
mount_vesuvius,positive_documents,14,claim_first,6,0.33621931076049805
mount_vesuvius,positive_documents,14,claim_first,7,-0.259702205657959
mount_vesuvius,positive_documents,14,claim_first,8,0.04165148735046387
mount_vesuvius,positive_documents,14,claim_first,9,0.29660892486572266
mount_vesuvius,positive_documents,14,claim_first,10,0.21470248699188232
mount_vesuvius,positive_documents,14,claim_first,11,-0.09609341621398926
mount_vesuvius,positive_documents,14,claim_first,12,-0.12315011024475098
mount_vesuvius,positive_documents,14,claim_first,13,0.059641361236572266
mount_vesuvius,positive_documents,14,claim_first,14,0.23833811283111572
mount_vesuvius,positive_documents,14,claim_first,15,0.20837223529815674
mount_vesuvius,positive_documents,14,claim_first,16,0.02285003662109375
mount_vesuvius,positive_documents,14,claim_first,17,-0.1855757236480713
mount_vesuvius,positive_documents,14,claim_first,18,0.11619448661804199
mount_vesuvius,positive_documents,14,claim_first,19,-0.26916611194610596
mount_vesuvius,positive_documents,14,claim_first,20,-0.06878256797790527
mount_vesuvius,repeated_negations,14,claim_first,4,-0.3773515224456787
mount_vesuvius,repeated_negations,14,warning_after_claim,4,-0.07122039794921875
mount_vesuvius,repeated_negations,14,claim_first,5,-0.009495973587036133
mount_vesuvius,repeated_negations,14,warning_after_claim,5,-0.11170315742492676
mount_vesuvius,repeated_negations,14,claim_first,6,0.36773252487182617
mount_vesuvius,repeated_negations,14,warning_after_claim,6,0.17424464225769043
mount_vesuvius,repeated_negations,14,claim_first,7,-0.2473829984664917
mount_vesuvius,repeated_negations,14,warning_after_claim,7,0.21199369430541992
mount_vesuvius,repeated_negations,14,claim_first,8,0.16400039196014404
mount_vesuvius,repeated_negations,14,warning_after_claim,8,0.23349618911743164
mount_vesuvius,repeated_negations,14,claim_first,9,0.42265117168426514
mount_vesuvius,repeated_negations,14,warning_after_claim,9,0.14152026176452637
mount_vesuvius,repeated_negations,14,claim_first,10,0.44350695610046387
mount_vesuvius,repeated_negations,14,warning_after_claim,10,-0.2868947982788086
mount_vesuvius,repeated_negations,14,claim_first,11,0.18983221054077148
mount_vesuvius,repeated_negations,14,warning_after_claim,11,-0.0021800994873046875
mount_vesuvius,repeated_negations,14,claim_first,12,-0.1893453598022461
mount_vesuvius,repeated_negations,14,warning_after_claim,12,0.4227640628814697
mount_vesuvius,repeated_negations,14,claim_first,13,-0.19510650634765625
mount_vesuvius,repeated_negations,14,warning_after_claim,13,-0.28840112686157227
mount_vesuvius,repeated_negations,14,claim_first,14,0.006536722183227539
mount_vesuvius,repeated_negations,14,warning_after_claim,14,-0.11118698120117188
mount_vesuvius,repeated_negations,14,claim_first,15,0.0430675745010376
mount_vesuvius,repeated_negations,14,warning_after_claim,15,0.13090777397155762
mount_vesuvius,repeated_negations,14,claim_first,16,0.09340238571166992
mount_vesuvius,repeated_negations,14,warning_after_claim,16,-0.17736434936523438
mount_vesuvius,repeated_negations,14,claim_first,17,0.043540239334106445
mount_vesuvius,repeated_negations,14,warning_after_claim,17,-0.1628704071044922
mount_vesuvius,repeated_negations,14,claim_first,18,0.3310025930404663
mount_vesuvius,repeated_negations,14,warning_after_claim,18,0.47573423385620117
mount_vesuvius,repeated_negations,14,claim_first,19,-0.41391587257385254
mount_vesuvius,repeated_negations,14,warning_after_claim,19,-0.044791460037231445
mount_vesuvius,repeated_negations,14,claim_first,20,0.2524915933609009
mount_vesuvius,repeated_negations,14,warning_after_claim,20,-0.06348276138305664
mount_vesuvius,positive_documents,15,claim_first,4,0.22148430347442627
mount_vesuvius,positive_documents,15,claim_first,5,0.10933852195739746
mount_vesuvius,positive_documents,15,claim_first,6,-0.028085708618164062
mount_vesuvius,positive_documents,15,claim_first,7,-0.08969700336456299
mount_vesuvius,positive_documents,15,claim_first,8,-0.14066791534423828
mount_vesuvius,positive_documents,15,claim_first,9,0.1405036449432373
mount_vesuvius,positive_documents,15,claim_first,10,0.22765052318572998
mount_vesuvius,positive_documents,15,claim_first,11,-0.0749504566192627
mount_vesuvius,positive_documents,15,claim_first,12,0.014545202255249023
mount_vesuvius,positive_documents,15,claim_first,13,-0.028594970703125
mount_vesuvius,positive_documents,15,claim_first,14,0.21967267990112305
mount_vesuvius,positive_documents,15,claim_first,15,-0.23582708835601807
mount_vesuvius,positive_documents,15,claim_first,16,-0.08038067817687988
mount_vesuvius,positive_documents,15,claim_first,17,-0.21733880043029785
mount_vesuvius,positive_documents,15,claim_first,18,-0.18555676937103271
mount_vesuvius,positive_documents,15,claim_first,19,-0.03460693359375
mount_vesuvius,positive_documents,15,claim_first,20,-0.09679436683654785
mount_vesuvius,repeated_negations,15,claim_first,4,0.27326440811157227
mount_vesuvius,repeated_negations,15,warning_after_claim,4,0.09898972511291504
mount_vesuvius,repeated_negations,15,claim_first,5,0.10337936878204346
mount_vesuvius,repeated_negations,15,warning_after_claim,5,-0.29874515533447266
mount_vesuvius,repeated_negations,15,claim_first,6,-0.12496292591094971
mount_vesuvius,repeated_negations,15,warning_after_claim,6,0.06437492370605469
mount_vesuvius,repeated_negations,15,claim_first,7,-0.13510024547576904
mount_vesuvius,repeated_negations,15,warning_after_claim,7,0.023061037063598633
mount_vesuvius,repeated_negations,15,claim_first,8,-0.19573795795440674
mount_vesuvius,repeated_negations,15,warning_after_claim,8,-0.03401780128479004
mount_vesuvius,repeated_negations,15,claim_first,9,0.15261328220367432
mount_vesuvius,repeated_negations,15,warning_after_claim,9,0.2843203544616699
mount_vesuvius,repeated_negations,15,claim_first,10,0.21829962730407715
mount_vesuvius,repeated_negations,15,warning_after_claim,10,-0.18326258659362793
mount_vesuvius,repeated_negations,15,claim_first,11,0.11167037487030029
mount_vesuvius,repeated_negations,15,warning_after_claim,11,0.08538675308227539
mount_vesuvius,repeated_negations,15,claim_first,12,0.02971673011779785
mount_vesuvius,repeated_negations,15,warning_after_claim,12,-0.05982542037963867
mount_vesuvius,repeated_negations,15,claim_first,13,0.021887779235839844
mount_vesuvius,repeated_negations,15,warning_after_claim,13,0.10786128044128418
mount_vesuvius,repeated_negations,15,claim_first,14,0.20334315299987793
mount_vesuvius,repeated_negations,15,warning_after_claim,14,-0.3239319324493408
mount_vesuvius,repeated_negations,15,claim_first,15,-0.22143542766571045
mount_vesuvius,repeated_negations,15,warning_after_claim,15,0.04010725021362305
mount_vesuvius,repeated_negations,15,claim_first,16,0.013735651969909668
mount_vesuvius,repeated_negations,15,warning_after_claim,16,-0.10958099365234375
mount_vesuvius,repeated_negations,15,claim_first,17,-0.22106194496154785
mount_vesuvius,repeated_negations,15,warning_after_claim,17,-0.47925877571105957
mount_vesuvius,repeated_negations,15,claim_first,18,-0.3279217481613159
mount_vesuvius,repeated_negations,15,warning_after_claim,18,0.2648277282714844
mount_vesuvius,repeated_negations,15,claim_first,19,-0.05438113212585449
mount_vesuvius,repeated_negations,15,warning_after_claim,19,0.18856215476989746
mount_vesuvius,repeated_negations,15,claim_first,20,-0.12069964408874512
mount_vesuvius,repeated_negations,15,warning_after_claim,20,0.1797313690185547
mount_vesuvius,positive_documents,19,claim_first,4,0.2598009705543518
mount_vesuvius,positive_documents,19,claim_first,5,0.17523789405822754
mount_vesuvius,positive_documents,19,claim_first,6,0.3691684603691101
mount_vesuvius,positive_documents,19,claim_first,7,0.24797701835632324
mount_vesuvius,positive_documents,19,claim_first,8,0.0724416971206665
mount_vesuvius,positive_documents,19,claim_first,9,-0.05029189586639404
mount_vesuvius,positive_documents,19,claim_first,10,-0.07269787788391113
mount_vesuvius,positive_documents,19,claim_first,11,0.035753488540649414
mount_vesuvius,positive_documents,19,claim_first,12,-0.0415416955947876
mount_vesuvius,positive_documents,19,claim_first,13,-0.156319260597229
mount_vesuvius,positive_documents,19,claim_first,14,0.17330563068389893
mount_vesuvius,positive_documents,19,claim_first,15,-0.026592493057250977
mount_vesuvius,positive_documents,19,claim_first,16,-0.2530478239059448
mount_vesuvius,positive_documents,19,claim_first,17,-0.020524024963378906
mount_vesuvius,positive_documents,19,claim_first,18,0.10960257053375244
mount_vesuvius,positive_documents,19,claim_first,19,-0.29215753078460693
mount_vesuvius,positive_documents,19,claim_first,20,-0.09213972091674805
mount_vesuvius,repeated_negations,19,claim_first,4,0.3390601873397827
mount_vesuvius,repeated_negations,19,warning_after_claim,4,0.23929238319396973
mount_vesuvius,repeated_negations,19,claim_first,5,0.21200132369995117
mount_vesuvius,repeated_negations,19,warning_after_claim,5,-0.30739033222198486
mount_vesuvius,repeated_negations,19,claim_first,6,0.37616193294525146
mount_vesuvius,repeated_negations,19,warning_after_claim,6,0.1571563482284546
mount_vesuvius,repeated_negations,19,claim_first,7,0.25493693351745605
mount_vesuvius,repeated_negations,19,warning_after_claim,7,0.024926304817199707
mount_vesuvius,repeated_negations,19,claim_first,8,0.014296531677246094
mount_vesuvius,repeated_negations,19,warning_after_claim,8,-0.09310281276702881
mount_vesuvius,repeated_negations,19,claim_first,9,0.16607487201690674
mount_vesuvius,repeated_negations,19,warning_after_claim,9,-0.0734708309173584
mount_vesuvius,repeated_negations,19,claim_first,10,-0.14093375205993652
mount_vesuvius,repeated_negations,19,warning_after_claim,10,-0.20239615440368652
mount_vesuvius,repeated_negations,19,claim_first,11,-0.04155433177947998
mount_vesuvius,repeated_negations,19,warning_after_claim,11,-0.186531662940979
mount_vesuvius,repeated_negations,19,claim_first,12,-0.015604376792907715
mount_vesuvius,repeated_negations,19,warning_after_claim,12,-0.07111144065856934
mount_vesuvius,repeated_negations,19,claim_first,13,-0.24640929698944092
mount_vesuvius,repeated_negations,19,warning_after_claim,13,-0.18216419219970703
mount_vesuvius,repeated_negations,19,claim_first,14,0.078757643699646
mount_vesuvius,repeated_negations,19,warning_after_claim,14,-0.24739277362823486
mount_vesuvius,repeated_negations,19,claim_first,15,-0.03871297836303711
mount_vesuvius,repeated_negations,19,warning_after_claim,15,-0.015535831451416016
mount_vesuvius,repeated_negations,19,claim_first,16,-0.12292850017547607
mount_vesuvius,repeated_negations,19,warning_after_claim,16,-0.15967810153961182
mount_vesuvius,repeated_negations,19,claim_first,17,0.00722193717956543
mount_vesuvius,repeated_negations,19,warning_after_claim,17,0.26435816287994385
mount_vesuvius,repeated_negations,19,claim_first,18,0.07981860637664795
mount_vesuvius,repeated_negations,19,warning_after_claim,18,-0.07545816898345947
mount_vesuvius,repeated_negations,19,claim_first,19,-0.2129223346710205
mount_vesuvius,repeated_negations,19,warning_after_claim,19,-0.06525135040283203
mount_vesuvius,repeated_negations,19,claim_first,20,-0.06449699401855469
mount_vesuvius,repeated_negations,19,warning_after_claim,20,0.5010030269622803
mount_vesuvius,positive_documents,20,claim_first,4,-0.27759814262390137
mount_vesuvius,positive_documents,20,claim_first,5,0.23744559288024902
mount_vesuvius,positive_documents,20,claim_first,6,0.538873553276062
mount_vesuvius,positive_documents,20,claim_first,7,0.10351085662841797
mount_vesuvius,positive_documents,20,claim_first,8,-0.14805293083190918
mount_vesuvius,positive_documents,20,claim_first,9,-0.014391422271728516
mount_vesuvius,positive_documents,20,claim_first,10,0.07322359085083008
mount_vesuvius,positive_documents,20,claim_first,11,0.252483606338501
mount_vesuvius,positive_documents,20,claim_first,12,0.01045536994934082
mount_vesuvius,positive_documents,20,claim_first,13,-0.12329554557800293
mount_vesuvius,positive_documents,20,claim_first,14,-0.3076467514038086
mount_vesuvius,positive_documents,20,claim_first,15,-0.1856083869934082
mount_vesuvius,positive_documents,20,claim_first,16,0.18037867546081543
mount_vesuvius,positive_documents,20,claim_first,17,0.2461717128753662
mount_vesuvius,positive_documents,20,claim_first,18,-0.17238092422485352
mount_vesuvius,positive_documents,20,claim_first,19,-0.07341122627258301
mount_vesuvius,positive_documents,20,claim_first,20,-0.014423370361328125
mount_vesuvius,repeated_negations,20,claim_first,4,-0.19590020179748535
mount_vesuvius,repeated_negations,20,warning_after_claim,4,0.0689697265625
mount_vesuvius,repeated_negations,20,claim_first,5,0.12401223182678223
mount_vesuvius,repeated_negations,20,warning_after_claim,5,-0.3806380033493042
mount_vesuvius,repeated_negations,20,claim_first,6,0.2981541156768799
mount_vesuvius,repeated_negations,20,warning_after_claim,6,0.21858549118041992
mount_vesuvius,repeated_negations,20,claim_first,7,0.03586220741271973
mount_vesuvius,repeated_negations,20,warning_after_claim,7,0.6732560396194458
mount_vesuvius,repeated_negations,20,claim_first,8,-0.10980105400085449
mount_vesuvius,repeated_negations,20,warning_after_claim,8,0.20121467113494873
mount_vesuvius,repeated_negations,20,claim_first,9,0.0822761058807373
mount_vesuvius,repeated_negations,20,warning_after_claim,9,0.4015766382217407
mount_vesuvius,repeated_negations,20,claim_first,10,-0.023717164993286133
mount_vesuvius,repeated_negations,20,warning_after_claim,10,-0.21218657493591309
mount_vesuvius,repeated_negations,20,claim_first,11,0.37987780570983887
mount_vesuvius,repeated_negations,20,warning_after_claim,11,0.1528012752532959
mount_vesuvius,repeated_negations,20,claim_first,12,-0.046898841857910156
mount_vesuvius,repeated_negations,20,warning_after_claim,12,0.13807475566864014
mount_vesuvius,repeated_negations,20,claim_first,13,-0.06865787506103516
mount_vesuvius,repeated_negations,20,warning_after_claim,13,0.1414179801940918
mount_vesuvius,repeated_negations,20,claim_first,14,-0.2188107967376709
mount_vesuvius,repeated_negations,20,warning_after_claim,14,0.0631399154663086
mount_vesuvius,repeated_negations,20,claim_first,15,-0.26247215270996094
mount_vesuvius,repeated_negations,20,warning_after_claim,15,-0.15644776821136475
mount_vesuvius,repeated_negations,20,claim_first,16,0.29581141471862793
mount_vesuvius,repeated_negations,20,warning_after_claim,16,0.059424638748168945
mount_vesuvius,repeated_negations,20,claim_first,17,0.16166210174560547
mount_vesuvius,repeated_negations,20,warning_after_claim,17,0.03387153148651123
mount_vesuvius,repeated_negations,20,claim_first,18,-0.12291932106018066
mount_vesuvius,repeated_negations,20,warning_after_claim,18,-0.14963996410369873
mount_vesuvius,repeated_negations,20,claim_first,19,-0.05335664749145508
mount_vesuvius,repeated_negations,20,warning_after_claim,19,0.1344316005706787
mount_vesuvius,repeated_negations,20,claim_first,20,-0.06634163856506348
mount_vesuvius,repeated_negations,20,warning_after_claim,20,0.09904909133911133
mount_vesuvius,positive_documents,22,claim_first,4,0.09658241271972656
mount_vesuvius,positive_documents,22,claim_first,5,0.043907880783081055
mount_vesuvius,positive_documents,22,claim_first,6,0.13196492195129395
mount_vesuvius,positive_documents,22,claim_first,7,0.006457805633544922
mount_vesuvius,positive_documents,22,claim_first,8,0.03188443183898926
mount_vesuvius,positive_documents,22,claim_first,9,0.09310579299926758
mount_vesuvius,positive_documents,22,claim_first,10,-0.016585946083068848
mount_vesuvius,positive_documents,22,claim_first,11,0.01161813735961914
mount_vesuvius,positive_documents,22,claim_first,12,-0.06717538833618164
mount_vesuvius,positive_documents,22,claim_first,13,-0.06949436664581299
mount_vesuvius,positive_documents,22,claim_first,14,-0.02968740463256836
mount_vesuvius,positive_documents,22,claim_first,15,-0.12006914615631104
mount_vesuvius,positive_documents,22,claim_first,16,-0.08301842212677002
mount_vesuvius,positive_documents,22,claim_first,17,-0.008130431175231934
mount_vesuvius,positive_documents,22,claim_first,18,0.10347044467926025
mount_vesuvius,positive_documents,22,claim_first,19,-0.19186747074127197
mount_vesuvius,positive_documents,22,claim_first,20,-0.03539454936981201
mount_vesuvius,repeated_negations,22,claim_first,4,0.12271785736083984
mount_vesuvius,repeated_negations,22,warning_after_claim,4,-0.021950483322143555
mount_vesuvius,repeated_negations,22,claim_first,5,-0.04671132564544678
mount_vesuvius,repeated_negations,22,warning_after_claim,5,-0.2854604721069336
mount_vesuvius,repeated_negations,22,claim_first,6,0.14026319980621338
mount_vesuvius,repeated_negations,22,warning_after_claim,6,0.40174126625061035
mount_vesuvius,repeated_negations,22,claim_first,7,0.018456101417541504
mount_vesuvius,repeated_negations,22,warning_after_claim,7,0.4479250907897949
mount_vesuvius,repeated_negations,22,claim_first,8,0.07131397724151611
mount_vesuvius,repeated_negations,22,warning_after_claim,8,0.19064044952392578
mount_vesuvius,repeated_negations,22,claim_first,9,0.12565112113952637
mount_vesuvius,repeated_negations,22,warning_after_claim,9,0.1836540699005127
mount_vesuvius,repeated_negations,22,claim_first,10,-0.1578381061553955
mount_vesuvius,repeated_negations,22,warning_after_claim,10,-0.24436593055725098
mount_vesuvius,repeated_negations,22,claim_first,11,0.017839908599853516
mount_vesuvius,repeated_negations,22,warning_after_claim,11,0.1224067211151123
mount_vesuvius,repeated_negations,22,claim_first,12,-0.03707242012023926
mount_vesuvius,repeated_negations,22,warning_after_claim,12,-0.07855677604675293
mount_vesuvius,repeated_negations,22,claim_first,13,-0.0800480842590332
mount_vesuvius,repeated_negations,22,warning_after_claim,13,0.03814053535461426
mount_vesuvius,repeated_negations,22,claim_first,14,0.02028512954711914
mount_vesuvius,repeated_negations,22,warning_after_claim,14,0.4169180393218994
mount_vesuvius,repeated_negations,22,claim_first,15,-0.15118515491485596
mount_vesuvius,repeated_negations,22,warning_after_claim,15,-0.1679551601409912
mount_vesuvius,repeated_negations,22,claim_first,16,-0.1578768491744995
mount_vesuvius,repeated_negations,22,warning_after_claim,16,-0.29967713356018066
mount_vesuvius,repeated_negations,22,claim_first,17,0.04211318492889404
mount_vesuvius,repeated_negations,22,warning_after_claim,17,-0.22866082191467285
mount_vesuvius,repeated_negations,22,claim_first,18,-0.04289543628692627
mount_vesuvius,repeated_negations,22,warning_after_claim,18,0.2568542957305908
mount_vesuvius,repeated_negations,22,claim_first,19,-0.20449018478393555
mount_vesuvius,repeated_negations,22,warning_after_claim,19,0.05123257637023926
mount_vesuvius,repeated_negations,22,claim_first,20,-0.006583571434020996
mount_vesuvius,repeated_negations,22,warning_after_claim,20,0.4030582904815674
mount_vesuvius,positive_documents,23,claim_first,4,-0.12337636947631836
mount_vesuvius,positive_documents,23,claim_first,5,0.034966468811035156
mount_vesuvius,positive_documents,23,claim_first,6,0.23902463912963867
mount_vesuvius,positive_documents,23,claim_first,7,-0.05098319053649902
mount_vesuvius,positive_documents,23,claim_first,8,0.056619882583618164
mount_vesuvius,positive_documents,23,claim_first,9,0.18964791297912598
mount_vesuvius,positive_documents,23,claim_first,10,-0.1974501609802246
mount_vesuvius,positive_documents,23,claim_first,11,0.2086656093597412
mount_vesuvius,positive_documents,23,claim_first,12,0.30632925033569336
mount_vesuvius,positive_documents,23,claim_first,13,-0.3466033935546875
mount_vesuvius,positive_documents,23,claim_first,14,-0.09373974800109863
mount_vesuvius,positive_documents,23,claim_first,15,-0.13009333610534668
mount_vesuvius,positive_documents,23,claim_first,16,0.11295461654663086
mount_vesuvius,positive_documents,23,claim_first,17,-0.07106614112854004
mount_vesuvius,positive_documents,23,claim_first,18,0.10945916175842285
mount_vesuvius,positive_documents,23,claim_first,19,-0.09131109714508057
mount_vesuvius,positive_documents,23,claim_first,20,0.11745381355285645
mount_vesuvius,repeated_negations,23,claim_first,4,-0.15404391288757324
mount_vesuvius,repeated_negations,23,warning_after_claim,4,0.09640002250671387
mount_vesuvius,repeated_negations,23,claim_first,5,-0.13425207138061523
mount_vesuvius,repeated_negations,23,warning_after_claim,5,-0.20320844650268555
mount_vesuvius,repeated_negations,23,claim_first,6,0.15341520309448242
mount_vesuvius,repeated_negations,23,warning_after_claim,6,0.14176130294799805
mount_vesuvius,repeated_negations,23,claim_first,7,-0.07419073581695557
mount_vesuvius,repeated_negations,23,warning_after_claim,7,0.22933602333068848
mount_vesuvius,repeated_negations,23,claim_first,8,0.011870861053466797
mount_vesuvius,repeated_negations,23,warning_after_claim,8,0.12500476837158203
mount_vesuvius,repeated_negations,23,claim_first,9,0.0831373929977417
mount_vesuvius,repeated_negations,23,warning_after_claim,9,0.0739583969116211
mount_vesuvius,repeated_negations,23,claim_first,10,-0.23048663139343262
mount_vesuvius,repeated_negations,23,warning_after_claim,10,0.19680380821228027
mount_vesuvius,repeated_negations,23,claim_first,11,0.22687149047851562
mount_vesuvius,repeated_negations,23,warning_after_claim,11,0.3149302005767822
mount_vesuvius,repeated_negations,23,claim_first,12,0.30965232849121094
mount_vesuvius,repeated_negations,23,warning_after_claim,12,0.15597248077392578
mount_vesuvius,repeated_negations,23,claim_first,13,-0.2938007116317749
mount_vesuvius,repeated_negations,23,warning_after_claim,13,0.025443553924560547
mount_vesuvius,repeated_negations,23,claim_first,14,-0.11076474189758301
mount_vesuvius,repeated_negations,23,warning_after_claim,14,0.39392876625061035
mount_vesuvius,repeated_negations,23,claim_first,15,-0.15044963359832764
mount_vesuvius,repeated_negations,23,warning_after_claim,15,-0.050565242767333984
mount_vesuvius,repeated_negations,23,claim_first,16,0.009477615356445312
mount_vesuvius,repeated_negations,23,warning_after_claim,16,0.07115387916564941
mount_vesuvius,repeated_negations,23,claim_first,17,-0.05322718620300293
mount_vesuvius,repeated_negations,23,warning_after_claim,17,-0.2201859951019287
mount_vesuvius,repeated_negations,23,claim_first,18,0.13655591011047363
mount_vesuvius,repeated_negations,23,warning_after_claim,18,0.5226743221282959
mount_vesuvius,repeated_negations,23,claim_first,19,-0.1871962547302246
mount_vesuvius,repeated_negations,23,warning_after_claim,19,0.16646909713745117
mount_vesuvius,repeated_negations,23,claim_first,20,0.12271475791931152
mount_vesuvius,repeated_negations,23,warning_after_claim,20,0.06600546836853027
mount_vesuvius,positive_documents,24,claim_first,4,0.04973888397216797
mount_vesuvius,positive_documents,24,claim_first,5,0.1251765489578247
mount_vesuvius,positive_documents,24,claim_first,6,0.3621119260787964
mount_vesuvius,positive_documents,24,claim_first,7,0.2772566080093384
mount_vesuvius,positive_documents,24,claim_first,8,0.18082928657531738
mount_vesuvius,positive_documents,24,claim_first,9,-0.5924059152603149
mount_vesuvius,positive_documents,24,claim_first,10,-0.39428281784057617
mount_vesuvius,positive_documents,24,claim_first,11,-0.09547984600067139
mount_vesuvius,positive_documents,24,claim_first,12,0.05083000659942627
mount_vesuvius,positive_documents,24,claim_first,13,-0.09857559204101562
mount_vesuvius,positive_documents,24,claim_first,14,-0.1257021427154541
mount_vesuvius,positive_documents,24,claim_first,15,-0.08834874629974365
mount_vesuvius,positive_documents,24,claim_first,16,0.39216387271881104
mount_vesuvius,positive_documents,24,claim_first,17,0.044799208641052246
mount_vesuvius,positive_documents,24,claim_first,18,0.1487482786178589
mount_vesuvius,positive_documents,24,claim_first,19,-0.10394060611724854
mount_vesuvius,positive_documents,24,claim_first,20,0.20706355571746826
mount_vesuvius,repeated_negations,24,claim_first,4,-0.044223785400390625
mount_vesuvius,repeated_negations,24,warning_after_claim,4,0.33330655097961426
mount_vesuvius,repeated_negations,24,claim_first,5,0.25823700428009033
mount_vesuvius,repeated_negations,24,warning_after_claim,5,-0.3589177131652832
mount_vesuvius,repeated_negations,24,claim_first,6,0.04738283157348633
mount_vesuvius,repeated_negations,24,warning_after_claim,6,-0.379317045211792
mount_vesuvius,repeated_negations,24,claim_first,7,0.0727163553237915
mount_vesuvius,repeated_negations,24,warning_after_claim,7,0.1974339485168457
mount_vesuvius,repeated_negations,24,claim_first,8,0.060930728912353516
mount_vesuvius,repeated_negations,24,warning_after_claim,8,0.013597726821899414
mount_vesuvius,repeated_negations,24,claim_first,9,-0.44580769538879395
mount_vesuvius,repeated_negations,24,warning_after_claim,9,0.5877599716186523
mount_vesuvius,repeated_negations,24,claim_first,10,-0.35130059719085693
mount_vesuvius,repeated_negations,24,warning_after_claim,10,0.20092344284057617
mount_vesuvius,repeated_negations,24,claim_first,11,0.02138686180114746
mount_vesuvius,repeated_negations,24,warning_after_claim,11,0.14551854133605957
mount_vesuvius,repeated_negations,24,claim_first,12,-0.013928055763244629
mount_vesuvius,repeated_negations,24,warning_after_claim,12,0.2124176025390625
mount_vesuvius,repeated_negations,24,claim_first,13,-0.0564875602722168
mount_vesuvius,repeated_negations,24,warning_after_claim,13,0.0025298595428466797
mount_vesuvius,repeated_negations,24,claim_first,14,-0.08959615230560303
mount_vesuvius,repeated_negations,24,warning_after_claim,14,-0.09105491638183594
mount_vesuvius,repeated_negations,24,claim_first,15,0.03550267219543457
mount_vesuvius,repeated_negations,24,warning_after_claim,15,-0.5153884887695312
mount_vesuvius,repeated_negations,24,claim_first,16,0.529251217842102
mount_vesuvius,repeated_negations,24,warning_after_claim,16,0.1356830596923828
mount_vesuvius,repeated_negations,24,claim_first,17,-0.019558072090148926
mount_vesuvius,repeated_negations,24,warning_after_claim,17,0.33919215202331543
mount_vesuvius,repeated_negations,24,claim_first,18,0.19323301315307617
mount_vesuvius,repeated_negations,24,warning_after_claim,18,-0.22836780548095703
mount_vesuvius,repeated_negations,24,claim_first,19,-0.23810184001922607
mount_vesuvius,repeated_negations,24,warning_after_claim,19,0.06335592269897461
mount_vesuvius,repeated_negations,24,claim_first,20,0.18665826320648193
mount_vesuvius,repeated_negations,24,warning_after_claim,20,-0.18307709693908691
mount_vesuvius,positive_documents,26,claim_first,4,-0.360237717628479
mount_vesuvius,positive_documents,26,claim_first,5,-0.12291884422302246
mount_vesuvius,positive_documents,26,claim_first,6,0.18513858318328857
mount_vesuvius,positive_documents,26,claim_first,7,-0.03472423553466797
mount_vesuvius,positive_documents,26,claim_first,8,0.021819710731506348
mount_vesuvius,positive_documents,26,claim_first,9,-0.24738502502441406
mount_vesuvius,positive_documents,26,claim_first,10,0.17565858364105225
mount_vesuvius,positive_documents,26,claim_first,11,-0.008111834526062012
mount_vesuvius,positive_documents,26,claim_first,12,-0.15684640407562256
mount_vesuvius,positive_documents,26,claim_first,13,-0.2955148220062256
mount_vesuvius,positive_documents,26,claim_first,14,0.5416467189788818
mount_vesuvius,positive_documents,26,claim_first,15,0.1086815595626831
mount_vesuvius,positive_documents,26,claim_first,16,0.12553870677947998
mount_vesuvius,positive_documents,26,claim_first,17,-0.5645545721054077
mount_vesuvius,positive_documents,26,claim_first,18,-0.12168514728546143
mount_vesuvius,positive_documents,26,claim_first,19,-0.020322084426879883
mount_vesuvius,positive_documents,26,claim_first,20,0.001522660255432129
mount_vesuvius,repeated_negations,26,claim_first,4,-0.44992733001708984
mount_vesuvius,repeated_negations,26,warning_after_claim,4,0.3866894245147705
mount_vesuvius,repeated_negations,26,claim_first,5,-0.014236211776733398
mount_vesuvius,repeated_negations,26,warning_after_claim,5,-0.06971979141235352
mount_vesuvius,repeated_negations,26,claim_first,6,0.1718766689300537
mount_vesuvius,repeated_negations,26,warning_after_claim,6,0.30055975914001465
mount_vesuvius,repeated_negations,26,claim_first,7,0.05714678764343262
mount_vesuvius,repeated_negations,26,warning_after_claim,7,0.2655293941497803
mount_vesuvius,repeated_negations,26,claim_first,8,0.0118635892868042
mount_vesuvius,repeated_negations,26,warning_after_claim,8,-0.19881129264831543
mount_vesuvius,repeated_negations,26,claim_first,9,-0.17881643772125244
mount_vesuvius,repeated_negations,26,warning_after_claim,9,-0.15266132354736328
mount_vesuvius,repeated_negations,26,claim_first,10,0.1051476001739502
mount_vesuvius,repeated_negations,26,warning_after_claim,10,-0.26196765899658203
mount_vesuvius,repeated_negations,26,claim_first,11,-0.014108777046203613
mount_vesuvius,repeated_negations,26,warning_after_claim,11,0.2590756416320801
mount_vesuvius,repeated_negations,26,claim_first,12,-0.22668230533599854
mount_vesuvius,repeated_negations,26,warning_after_claim,12,0.15755128860473633
mount_vesuvius,repeated_negations,26,claim_first,13,-0.2815951108932495
mount_vesuvius,repeated_negations,26,warning_after_claim,13,-0.2175583839416504
mount_vesuvius,repeated_negations,26,claim_first,14,0.7143193483352661
mount_vesuvius,repeated_negations,26,warning_after_claim,14,0.055631160736083984
mount_vesuvius,repeated_negations,26,claim_first,15,-0.10007178783416748
mount_vesuvius,repeated_negations,26,warning_after_claim,15,-0.1790447235107422
mount_vesuvius,repeated_negations,26,claim_first,16,0.06676745414733887
mount_vesuvius,repeated_negations,26,warning_after_claim,16,-0.09519600868225098
mount_vesuvius,repeated_negations,26,claim_first,17,-0.36554741859436035
mount_vesuvius,repeated_negations,26,warning_after_claim,17,0.28937578201293945
mount_vesuvius,repeated_negations,26,claim_first,18,-0.32017624378204346
mount_vesuvius,repeated_negations,26,warning_after_claim,18,0.019323348999023438
mount_vesuvius,repeated_negations,26,claim_first,19,-0.14205408096313477
mount_vesuvius,repeated_negations,26,warning_after_claim,19,-0.04564499855041504
mount_vesuvius,repeated_negations,26,claim_first,20,-0.07730364799499512
mount_vesuvius,repeated_negations,26,warning_after_claim,20,-0.021920442581176758
mount_vesuvius,positive_documents,27,claim_first,4,-0.1317601203918457
mount_vesuvius,positive_documents,27,claim_first,5,0.3774571418762207
mount_vesuvius,positive_documents,27,claim_first,6,0.19881939888000488
mount_vesuvius,positive_documents,27,claim_first,7,-0.3600130081176758
mount_vesuvius,positive_documents,27,claim_first,8,0.183546781539917
mount_vesuvius,positive_documents,27,claim_first,9,0.11860156059265137
mount_vesuvius,positive_documents,27,claim_first,10,0.15164446830749512
mount_vesuvius,positive_documents,27,claim_first,11,-0.1421065330505371
mount_vesuvius,positive_documents,27,claim_first,12,0.22535300254821777
mount_vesuvius,positive_documents,27,claim_first,13,-0.10408568382263184
mount_vesuvius,positive_documents,27,claim_first,14,0.2308025360107422
mount_vesuvius,positive_documents,27,claim_first,15,0.27809691429138184
mount_vesuvius,positive_documents,27,claim_first,16,-0.39334607124328613
mount_vesuvius,positive_documents,27,claim_first,17,-0.324413537979126
mount_vesuvius,positive_documents,27,claim_first,18,-0.03630256652832031
mount_vesuvius,positive_documents,27,claim_first,19,-0.3066129684448242
mount_vesuvius,positive_documents,27,claim_first,20,-0.2862558364868164
mount_vesuvius,repeated_negations,27,claim_first,4,-0.19578766822814941
mount_vesuvius,repeated_negations,27,warning_after_claim,4,0.3616757392883301
mount_vesuvius,repeated_negations,27,claim_first,5,0.18002676963806152
mount_vesuvius,repeated_negations,27,warning_after_claim,5,0.13690400123596191
mount_vesuvius,repeated_negations,27,claim_first,6,0.11449074745178223
mount_vesuvius,repeated_negations,27,warning_after_claim,6,0.248396635055542
mount_vesuvius,repeated_negations,27,claim_first,7,-0.030412673950195312
mount_vesuvius,repeated_negations,27,warning_after_claim,7,-0.0241701602935791
mount_vesuvius,repeated_negations,27,claim_first,8,0.1860806941986084
mount_vesuvius,repeated_negations,27,warning_after_claim,8,0.0843656063079834
mount_vesuvius,repeated_negations,27,claim_first,9,0.31692957878112793
mount_vesuvius,repeated_negations,27,warning_after_claim,9,-0.029319047927856445
mount_vesuvius,repeated_negations,27,claim_first,10,0.19051384925842285
mount_vesuvius,repeated_negations,27,warning_after_claim,10,-0.18833112716674805
mount_vesuvius,repeated_negations,27,claim_first,11,0.20282983779907227
mount_vesuvius,repeated_negations,27,warning_after_claim,11,0.005837917327880859
mount_vesuvius,repeated_negations,27,claim_first,12,0.016367673873901367
mount_vesuvius,repeated_negations,27,warning_after_claim,12,-0.012527227401733398
mount_vesuvius,repeated_negations,27,claim_first,13,-0.2630033493041992
mount_vesuvius,repeated_negations,27,warning_after_claim,13,0.14354228973388672
mount_vesuvius,repeated_negations,27,claim_first,14,0.12887358665466309
mount_vesuvius,repeated_negations,27,warning_after_claim,14,0.06810617446899414
mount_vesuvius,repeated_negations,27,claim_first,15,0.27189087867736816
mount_vesuvius,repeated_negations,27,warning_after_claim,15,0.011763811111450195
mount_vesuvius,repeated_negations,27,claim_first,16,-0.4019467830657959
mount_vesuvius,repeated_negations,27,warning_after_claim,16,-0.11699819564819336
mount_vesuvius,repeated_negations,27,claim_first,17,-0.27697205543518066
mount_vesuvius,repeated_negations,27,warning_after_claim,17,0.035399675369262695
mount_vesuvius,repeated_negations,27,claim_first,18,0.07077646255493164
mount_vesuvius,repeated_negations,27,warning_after_claim,18,0.20097827911376953
mount_vesuvius,repeated_negations,27,claim_first,19,-0.30750560760498047
mount_vesuvius,repeated_negations,27,warning_after_claim,19,0.1746065616607666
mount_vesuvius,repeated_negations,27,claim_first,20,-0.17618274688720703
mount_vesuvius,repeated_negations,27,warning_after_claim,20,-0.05656599998474121
mount_vesuvius,positive_documents,30,claim_first,4,-0.26851046085357666
mount_vesuvius,positive_documents,30,claim_first,5,-0.012533426284790039
mount_vesuvius,positive_documents,30,claim_first,6,0.06757783889770508
mount_vesuvius,positive_documents,30,claim_first,7,-0.07754623889923096
mount_vesuvius,positive_documents,30,claim_first,8,-0.057282447814941406
mount_vesuvius,positive_documents,30,claim_first,9,-0.06385612487792969
mount_vesuvius,positive_documents,30,claim_first,10,0.08772504329681396
mount_vesuvius,positive_documents,30,claim_first,11,0.01867687702178955
mount_vesuvius,positive_documents,30,claim_first,12,-0.020228266716003418
mount_vesuvius,positive_documents,30,claim_first,13,-0.05930984020233154
mount_vesuvius,positive_documents,30,claim_first,14,0.16320264339447021
mount_vesuvius,positive_documents,30,claim_first,15,0.1128380298614502
mount_vesuvius,positive_documents,30,claim_first,16,0.09013378620147705
mount_vesuvius,positive_documents,30,claim_first,17,-0.43000781536102295
mount_vesuvius,positive_documents,30,claim_first,18,-0.015521049499511719
mount_vesuvius,positive_documents,30,claim_first,19,0.07758092880249023
mount_vesuvius,positive_documents,30,claim_first,20,-0.06958425045013428
mount_vesuvius,repeated_negations,30,claim_first,4,-0.1211158037185669
mount_vesuvius,repeated_negations,30,warning_after_claim,4,0.23340535163879395
mount_vesuvius,repeated_negations,30,claim_first,5,0.08783590793609619
mount_vesuvius,repeated_negations,30,warning_after_claim,5,-0.1230320930480957
mount_vesuvius,repeated_negations,30,claim_first,6,-0.0029938220977783203
mount_vesuvius,repeated_negations,30,warning_after_claim,6,0.4181199073791504
mount_vesuvius,repeated_negations,30,claim_first,7,-0.08506190776824951
mount_vesuvius,repeated_negations,30,warning_after_claim,7,0.40247225761413574
mount_vesuvius,repeated_negations,30,claim_first,8,-0.0919029712677002
mount_vesuvius,repeated_negations,30,warning_after_claim,8,0.11489367485046387
mount_vesuvius,repeated_negations,30,claim_first,9,-0.2896444797515869
mount_vesuvius,repeated_negations,30,warning_after_claim,9,0.3271298408508301
mount_vesuvius,repeated_negations,30,claim_first,10,0.1364537477493286
mount_vesuvius,repeated_negations,30,warning_after_claim,10,-0.6778433322906494
mount_vesuvius,repeated_negations,30,claim_first,11,0.22668826580047607
mount_vesuvius,repeated_negations,30,warning_after_claim,11,-0.08691525459289551
mount_vesuvius,repeated_negations,30,claim_first,12,-0.193159818649292
mount_vesuvius,repeated_negations,30,warning_after_claim,12,0.2330014705657959
mount_vesuvius,repeated_negations,30,claim_first,13,-0.003801107406616211
mount_vesuvius,repeated_negations,30,warning_after_claim,13,0.2586677074432373
mount_vesuvius,repeated_negations,30,claim_first,14,0.45385468006134033
mount_vesuvius,repeated_negations,30,warning_after_claim,14,0.1837451457977295
mount_vesuvius,repeated_negations,30,claim_first,15,0.04633140563964844
mount_vesuvius,repeated_negations,30,warning_after_claim,15,-0.18790984153747559
mount_vesuvius,repeated_negations,30,claim_first,16,0.22409534454345703
mount_vesuvius,repeated_negations,30,warning_after_claim,16,0.17225337028503418
mount_vesuvius,repeated_negations,30,claim_first,17,-0.4192107915878296
mount_vesuvius,repeated_negations,30,warning_after_claim,17,-0.523895263671875
mount_vesuvius,repeated_negations,30,claim_first,18,-0.053606271743774414
mount_vesuvius,repeated_negations,30,warning_after_claim,18,0.46961355209350586
mount_vesuvius,repeated_negations,30,claim_first,19,-0.04805004596710205
mount_vesuvius,repeated_negations,30,warning_after_claim,19,0.2831101417541504
mount_vesuvius,repeated_negations,30,claim_first,20,0.007167458534240723
mount_vesuvius,repeated_negations,30,warning_after_claim,20,-0.049968719482421875
mount_vesuvius,positive_documents,31,claim_first,4,-0.2738001346588135
mount_vesuvius,positive_documents,31,claim_first,5,0.16123700141906738
mount_vesuvius,positive_documents,31,claim_first,6,0.05881667137145996
mount_vesuvius,positive_documents,31,claim_first,7,-0.23699486255645752
mount_vesuvius,positive_documents,31,claim_first,8,-0.14871466159820557
mount_vesuvius,positive_documents,31,claim_first,9,-0.08160400390625
mount_vesuvius,positive_documents,31,claim_first,10,0.14600419998168945
mount_vesuvius,positive_documents,31,claim_first,11,0.017845869064331055
mount_vesuvius,positive_documents,31,claim_first,12,0.09371936321258545
mount_vesuvius,positive_documents,31,claim_first,13,0.08617699146270752
mount_vesuvius,positive_documents,31,claim_first,14,0.3625974655151367
mount_vesuvius,positive_documents,31,claim_first,15,0.1862717866897583
mount_vesuvius,positive_documents,31,claim_first,16,0.1478104591369629
mount_vesuvius,positive_documents,31,claim_first,17,-0.4277479648590088
mount_vesuvius,positive_documents,31,claim_first,18,0.004351139068603516
mount_vesuvius,positive_documents,31,claim_first,19,-0.03914201259613037
mount_vesuvius,positive_documents,31,claim_first,20,-0.0474318265914917
mount_vesuvius,repeated_negations,31,claim_first,4,-0.14578735828399658
mount_vesuvius,repeated_negations,31,warning_after_claim,4,0.25403380393981934
mount_vesuvius,repeated_negations,31,claim_first,5,0.09181797504425049
mount_vesuvius,repeated_negations,31,warning_after_claim,5,-0.13325071334838867
mount_vesuvius,repeated_negations,31,claim_first,6,0.054480552673339844
mount_vesuvius,repeated_negations,31,warning_after_claim,6,-0.10131692886352539
mount_vesuvius,repeated_negations,31,claim_first,7,-0.10574066638946533
mount_vesuvius,repeated_negations,31,warning_after_claim,7,0.18669486045837402
mount_vesuvius,repeated_negations,31,claim_first,8,-0.21747815608978271
mount_vesuvius,repeated_negations,31,warning_after_claim,8,0.05060148239135742
mount_vesuvius,repeated_negations,31,claim_first,9,-0.36107611656188965
mount_vesuvius,repeated_negations,31,warning_after_claim,9,0.387131929397583
mount_vesuvius,repeated_negations,31,claim_first,10,0.06472420692443848
mount_vesuvius,repeated_negations,31,warning_after_claim,10,-0.05005025863647461
mount_vesuvius,repeated_negations,31,claim_first,11,0.2593522071838379
mount_vesuvius,repeated_negations,31,warning_after_claim,11,-0.11866235733032227
mount_vesuvius,repeated_negations,31,claim_first,12,-0.11298418045043945
mount_vesuvius,repeated_negations,31,warning_after_claim,12,0.13891220092773438
mount_vesuvius,repeated_negations,31,claim_first,13,-0.24677956104278564
mount_vesuvius,repeated_negations,31,warning_after_claim,13,0.06687593460083008
mount_vesuvius,repeated_negations,31,claim_first,14,0.43953144550323486
mount_vesuvius,repeated_negations,31,warning_after_claim,14,-0.03906822204589844
mount_vesuvius,repeated_negations,31,claim_first,15,-0.08599543571472168
mount_vesuvius,repeated_negations,31,warning_after_claim,15,-0.06339645385742188
mount_vesuvius,repeated_negations,31,claim_first,16,0.3640934228897095
mount_vesuvius,repeated_negations,31,warning_after_claim,16,0.4762125015258789
mount_vesuvius,repeated_negations,31,claim_first,17,-0.4106849431991577
mount_vesuvius,repeated_negations,31,warning_after_claim,17,-0.08405780792236328
mount_vesuvius,repeated_negations,31,claim_first,18,-0.06709015369415283
mount_vesuvius,repeated_negations,31,warning_after_claim,18,0.4326670169830322
mount_vesuvius,repeated_negations,31,claim_first,19,-0.004691362380981445
mount_vesuvius,repeated_negations,31,warning_after_claim,19,0.3633291721343994
mount_vesuvius,repeated_negations,31,claim_first,20,0.03232908248901367
mount_vesuvius,repeated_negations,31,warning_after_claim,20,-0.44424962997436523
mount_vesuvius,positive_documents,33,claim_first,4,-0.16487932205200195
mount_vesuvius,positive_documents,33,claim_first,5,0.05579245090484619
mount_vesuvius,positive_documents,33,claim_first,6,0.03913843631744385
mount_vesuvius,positive_documents,33,claim_first,7,0.11241769790649414
mount_vesuvius,positive_documents,33,claim_first,8,-0.03516411781311035
mount_vesuvius,positive_documents,33,claim_first,9,0.178941011428833
mount_vesuvius,positive_documents,33,claim_first,10,-0.07113981246948242
mount_vesuvius,positive_documents,33,claim_first,11,0.025281667709350586
mount_vesuvius,positive_documents,33,claim_first,12,-0.10606276988983154
mount_vesuvius,positive_documents,33,claim_first,13,-0.31380224227905273
mount_vesuvius,positive_documents,33,claim_first,14,0.14888596534729004
mount_vesuvius,positive_documents,33,claim_first,15,-0.02601456642150879
mount_vesuvius,positive_documents,33,claim_first,16,-0.015032052993774414
mount_vesuvius,positive_documents,33,claim_first,17,0.02182924747467041
mount_vesuvius,positive_documents,33,claim_first,18,0.05242025852203369
mount_vesuvius,positive_documents,33,claim_first,19,-0.03213536739349365
mount_vesuvius,positive_documents,33,claim_first,20,-0.11982536315917969
mount_vesuvius,repeated_negations,33,claim_first,4,-0.14413249492645264
mount_vesuvius,repeated_negations,33,warning_after_claim,4,0.24554204940795898
mount_vesuvius,repeated_negations,33,claim_first,5,0.1843816041946411
mount_vesuvius,repeated_negations,33,warning_after_claim,5,-0.48595285415649414
mount_vesuvius,repeated_negations,33,claim_first,6,0.13213038444519043
mount_vesuvius,repeated_negations,33,warning_after_claim,6,0.7127993106842041
mount_vesuvius,repeated_negations,33,claim_first,7,0.03882777690887451
mount_vesuvius,repeated_negations,33,warning_after_claim,7,0.5157361030578613
mount_vesuvius,repeated_negations,33,claim_first,8,0.0494840145111084
mount_vesuvius,repeated_negations,33,warning_after_claim,8,0.0447235107421875
mount_vesuvius,repeated_negations,33,claim_first,9,0.1158750057220459
mount_vesuvius,repeated_negations,33,warning_after_claim,9,0.18741130828857422
mount_vesuvius,repeated_negations,33,claim_first,10,-0.13620054721832275
mount_vesuvius,repeated_negations,33,warning_after_claim,10,0.039377689361572266
mount_vesuvius,repeated_negations,33,claim_first,11,0.1374044418334961
mount_vesuvius,repeated_negations,33,warning_after_claim,11,0.13546442985534668
mount_vesuvius,repeated_negations,33,claim_first,12,-0.04365658760070801
mount_vesuvius,repeated_negations,33,warning_after_claim,12,0.3614065647125244
mount_vesuvius,repeated_negations,33,claim_first,13,-0.27233266830444336
mount_vesuvius,repeated_negations,33,warning_after_claim,13,0.5030965805053711
mount_vesuvius,repeated_negations,33,claim_first,14,0.26127302646636963
mount_vesuvius,repeated_negations,33,warning_after_claim,14,0.10940241813659668
mount_vesuvius,repeated_negations,33,claim_first,15,-0.025890707969665527
mount_vesuvius,repeated_negations,33,warning_after_claim,15,-0.08069849014282227
mount_vesuvius,repeated_negations,33,claim_first,16,0.14538121223449707
mount_vesuvius,repeated_negations,33,warning_after_claim,16,0.03586292266845703
mount_vesuvius,repeated_negations,33,claim_first,17,-0.058792710304260254
mount_vesuvius,repeated_negations,33,warning_after_claim,17,-0.3518400192260742
mount_vesuvius,repeated_negations,33,claim_first,18,-0.0030241012573242188
mount_vesuvius,repeated_negations,33,warning_after_claim,18,0.19724702835083008
mount_vesuvius,repeated_negations,33,claim_first,19,-0.0660243034362793
mount_vesuvius,repeated_negations,33,warning_after_claim,19,0.025357723236083984
mount_vesuvius,repeated_negations,33,claim_first,20,-0.03697466850280762
mount_vesuvius,repeated_negations,33,warning_after_claim,20,0.13157868385314941
ed_sheeran,local_negation,0,polarity_words,4,-0.2560873467785616
ed_sheeran,local_negation,0,polarity_words,5,0.49837344884872425
ed_sheeran,local_negation,0,polarity_words,6,0.7468733964487909
ed_sheeran,local_negation,0,polarity_words,7,-0.1362167947615186
ed_sheeran,local_negation,0,polarity_words,8,-0.29779401887208223
ed_sheeran,local_negation,0,polarity_words,9,0.5460026121387879
ed_sheeran,local_negation,0,polarity_words,10,0.051201828444997544
ed_sheeran,local_negation,0,polarity_words,11,0.8138426598161458
ed_sheeran,local_negation,0,polarity_words,12,0.14502234446505702
ed_sheeran,local_negation,0,polarity_words,13,0.054432665929198265
ed_sheeran,local_negation,0,polarity_words,14,-0.0023586461320519447
ed_sheeran,local_negation,0,polarity_words,15,0.20367796098192537
ed_sheeran,local_negation,0,polarity_words,16,-0.2779080203423898
ed_sheeran,local_negation,0,polarity_words,17,-0.20810643800844753
ed_sheeran,local_negation,0,polarity_words,18,0.03654997733732057
ed_sheeran,local_negation,0,polarity_words,19,-0.09097750950604677
ed_sheeran,local_negation,0,polarity_words,20,-0.24867608367154992
ed_sheeran,local_negation,1,polarity_words,4,1.5415233597159386
ed_sheeran,local_negation,1,polarity_words,5,0.19466125592589378
ed_sheeran,local_negation,1,polarity_words,6,-0.5167419295758009
ed_sheeran,local_negation,1,polarity_words,7,0.6389113087207079
ed_sheeran,local_negation,1,polarity_words,8,-0.049047017470002174
ed_sheeran,local_negation,1,polarity_words,9,1.1466396264731884
ed_sheeran,local_negation,1,polarity_words,10,-1.2792850155383348
ed_sheeran,local_negation,1,polarity_words,11,-0.2741337791085243
ed_sheeran,local_negation,1,polarity_words,12,-0.5754672409966588
ed_sheeran,local_negation,1,polarity_words,13,0.03438076190650463
ed_sheeran,local_negation,1,polarity_words,14,0.037032993510365486
ed_sheeran,local_negation,1,polarity_words,15,0.6260484103113413
ed_sheeran,local_negation,1,polarity_words,16,-1.6139930244535208
ed_sheeran,local_negation,1,polarity_words,17,-0.5715751126408577
ed_sheeran,local_negation,1,polarity_words,18,0.9287434481084347
ed_sheeran,local_negation,1,polarity_words,19,0.5857942588627338
ed_sheeran,local_negation,1,polarity_words,20,-0.31702216900885105
ed_sheeran,local_negation,2,polarity_words,4,-0.45367689430713654
ed_sheeran,local_negation,2,polarity_words,5,0.29167068004608154
ed_sheeran,local_negation,2,polarity_words,6,0.5739859491586685
ed_sheeran,local_negation,2,polarity_words,7,-0.06801533699035645
ed_sheeran,local_negation,2,polarity_words,8,0.2906242087483406
ed_sheeran,local_negation,2,polarity_words,9,0.2691861689090729
ed_sheeran,local_negation,2,polarity_words,10,-0.9022849705070257
ed_sheeran,local_negation,2,polarity_words,11,1.1330515146255493
ed_sheeran,local_negation,2,polarity_words,12,0.45175105333328247
ed_sheeran,local_negation,2,polarity_words,13,0.1624225750565529
ed_sheeran,local_negation,2,polarity_words,14,0.07369888573884964
ed_sheeran,local_negation,2,polarity_words,15,0.683465301990509
ed_sheeran,local_negation,2,polarity_words,16,-0.13690655678510666
ed_sheeran,local_negation,2,polarity_words,17,-0.369255468249321
ed_sheeran,local_negation,2,polarity_words,18,0.11836190521717072
ed_sheeran,local_negation,2,polarity_words,19,0.33089613169431686
ed_sheeran,local_negation,2,polarity_words,20,0.5204225406050682
ed_sheeran,local_negation,3,polarity_words,4,-0.3759246501657698
ed_sheeran,local_negation,3,polarity_words,5,0.39137699537807036
ed_sheeran,local_negation,3,polarity_words,6,0.26143389277988005
ed_sheeran,local_negation,3,polarity_words,7,0.1510842475626204
ed_sheeran,local_negation,3,polarity_words,8,0.3014057940906949
ed_sheeran,local_negation,3,polarity_words,9,0.4168970982233684
ed_sheeran,local_negation,3,polarity_words,10,-0.08907228542698764
ed_sheeran,local_negation,3,polarity_words,11,0.018813994195726158
ed_sheeran,local_negation,3,polarity_words,12,0.1595229340924158
ed_sheeran,local_negation,3,polarity_words,13,-0.1865396963225472
ed_sheeran,local_negation,3,polarity_words,14,0.13669545948505402
ed_sheeran,local_negation,3,polarity_words,15,0.8977098531193204
ed_sheeran,local_negation,3,polarity_words,16,-0.32868093252182007
ed_sheeran,local_negation,3,polarity_words,17,-0.3127369946903653
ed_sheeran,local_negation,3,polarity_words,18,0.28449856903817916
ed_sheeran,local_negation,3,polarity_words,19,0.2579967975616455
ed_sheeran,local_negation,3,polarity_words,20,-0.48162507017453526
ed_sheeran,local_negation,4,polarity_words,4,-0.5996001173149457
ed_sheeran,local_negation,4,polarity_words,5,0.3389026305892253
ed_sheeran,local_negation,4,polarity_words,6,-0.07509725202213646
ed_sheeran,local_negation,4,polarity_words,7,0.5406478643417361
ed_sheeran,local_negation,4,polarity_words,8,0.6963452466509559
ed_sheeran,local_negation,4,polarity_words,9,0.10768556323918443
ed_sheeran,local_negation,4,polarity_words,10,0.005246217955242383
ed_sheeran,local_negation,4,polarity_words,11,-0.019761586731130265
ed_sheeran,local_negation,4,polarity_words,12,-0.11587607657367549
ed_sheeran,local_negation,4,polarity_words,13,-0.47265813296491466
ed_sheeran,local_negation,4,polarity_words,14,-0.5891919677907771
ed_sheeran,local_negation,4,polarity_words,15,0.1833100156350571
ed_sheeran,local_negation,4,polarity_words,16,0.20252587849443593
ed_sheeran,local_negation,4,polarity_words,17,0.27855744145133277
ed_sheeran,local_negation,4,polarity_words,18,-0.5507593669674613
ed_sheeran,local_negation,4,polarity_words,19,0.12327957695180713
ed_sheeran,local_negation,4,polarity_words,20,-0.5754121243953703
ed_sheeran,local_negation,5,polarity_words,4,0.5513225282941545
ed_sheeran,local_negation,5,polarity_words,5,0.22706687450408936
ed_sheeran,local_negation,5,polarity_words,6,-0.4590820414679393
ed_sheeran,local_negation,5,polarity_words,7,0.2670368552207947
ed_sheeran,local_negation,5,polarity_words,8,0.5134700025830949
ed_sheeran,local_negation,5,polarity_words,9,0.9599244594573975
ed_sheeran,local_negation,5,polarity_words,10,-1.4019220301083157
ed_sheeran,local_negation,5,polarity_words,11,0.8072181258882796
ed_sheeran,local_negation,5,polarity_words,12,1.81432523046221
ed_sheeran,local_negation,5,polarity_words,13,-0.3786452327455794
ed_sheeran,local_negation,5,polarity_words,14,-0.39069053104945617
ed_sheeran,local_negation,5,polarity_words,15,-0.38748536791120225
ed_sheeran,local_negation,5,polarity_words,16,0.763156397002084
ed_sheeran,local_negation,5,polarity_words,17,-0.25560520376477935
ed_sheeran,local_negation,5,polarity_words,18,-0.07883398021970489
ed_sheeran,local_negation,5,polarity_words,19,0.3722963333129883
ed_sheeran,local_negation,5,polarity_words,20,-0.029073340552193905
ed_sheeran,local_negation,6,polarity_words,4,-0.7215942412614824
ed_sheeran,local_negation,6,polarity_words,5,-0.24083446115255347
ed_sheeran,local_negation,6,polarity_words,6,0.8502803713083267
ed_sheeran,local_negation,6,polarity_words,7,0.47608358561992636
ed_sheeran,local_negation,6,polarity_words,8,0.7444661527872083
ed_sheeran,local_negation,6,polarity_words,9,1.316684067249298
ed_sheeran,local_negation,6,polarity_words,10,-0.2984462372958663
ed_sheeran,local_negation,6,polarity_words,11,-0.8410218119621276
ed_sheeran,local_negation,6,polarity_words,12,0.26572428047657004
ed_sheeran,local_negation,6,polarity_words,13,0.16109555661678332
ed_sheeran,local_negation,6,polarity_words,14,-0.7063206732273102
ed_sheeran,local_negation,6,polarity_words,15,0.45838001519441596
ed_sheeran,local_negation,6,polarity_words,16,-0.06789468526840237
ed_sheeran,local_negation,6,polarity_words,17,0.13817356526851654
ed_sheeran,local_negation,6,polarity_words,18,-0.20321719348430634
ed_sheeran,local_negation,6,polarity_words,19,-0.4073844686150552
ed_sheeran,local_negation,6,polarity_words,20,-0.5909732535481456
ed_sheeran,local_negation,7,polarity_words,4,0.8165502697229385
ed_sheeran,local_negation,7,polarity_words,5,-0.9046586751937866
ed_sheeran,local_negation,7,polarity_words,6,0.453742116689682
ed_sheeran,local_negation,7,polarity_words,7,-1.1093494296073914
ed_sheeran,local_negation,7,polarity_words,8,-0.49050283432006836
ed_sheeran,local_negation,7,polarity_words,9,1.5318498611450195
ed_sheeran,local_negation,7,polarity_words,10,-0.5691120624542236
ed_sheeran,local_negation,7,polarity_words,11,0.7811585068702698
ed_sheeran,local_negation,7,polarity_words,12,0.7273825407028198
ed_sheeran,local_negation,7,polarity_words,13,-0.15995723009109497
ed_sheeran,local_negation,7,polarity_words,14,-0.06965246796607971
ed_sheeran,local_negation,7,polarity_words,15,-0.06468057632446289
ed_sheeran,local_negation,7,polarity_words,16,-0.8828764706850052
ed_sheeran,local_negation,7,polarity_words,17,-0.28703242540359497
ed_sheeran,local_negation,7,polarity_words,18,-0.17362737655639648
ed_sheeran,local_negation,7,polarity_words,19,0.8191473186016083
ed_sheeran,local_negation,7,polarity_words,20,0.05167889595031738
ed_sheeran,local_negation,8,polarity_words,4,-0.6603419035673141
ed_sheeran,local_negation,8,polarity_words,5,1.0375280771404505
ed_sheeran,local_negation,8,polarity_words,6,-0.526817599311471
ed_sheeran,local_negation,8,polarity_words,7,0.40072254184633493
ed_sheeran,local_negation,8,polarity_words,8,0.022791240364313126
ed_sheeran,local_negation,8,polarity_words,9,-0.38997303415089846
ed_sheeran,local_negation,8,polarity_words,10,0.0027647679671645164
ed_sheeran,local_negation,8,polarity_words,11,-0.4345110198482871
ed_sheeran,local_negation,8,polarity_words,12,-1.0673302486538887
ed_sheeran,local_negation,8,polarity_words,13,-0.4306636340916157
ed_sheeran,local_negation,8,polarity_words,14,-0.41371273063123226
ed_sheeran,local_negation,8,polarity_words,15,-0.057894956320524216
ed_sheeran,local_negation,8,polarity_words,16,-0.0782873872667551
ed_sheeran,local_negation,8,polarity_words,17,-0.34290546365082264
ed_sheeran,local_negation,8,polarity_words,18,-0.6518941763788462
ed_sheeran,local_negation,8,polarity_words,19,0.14603127725422382
ed_sheeran,local_negation,8,polarity_words,20,-1.1675591375678778
ed_sheeran,local_negation,9,polarity_words,4,0.1663934737443924
ed_sheeran,local_negation,9,polarity_words,5,0.6023922514702593
ed_sheeran,local_negation,9,polarity_words,6,0.40638478526047317
ed_sheeran,local_negation,9,polarity_words,7,0.3977723377091542
ed_sheeran,local_negation,9,polarity_words,8,1.22297793839659
ed_sheeran,local_negation,9,polarity_words,9,1.1247466057538986
ed_sheeran,local_negation,9,polarity_words,10,-1.8040038134370526
ed_sheeran,local_negation,9,polarity_words,11,-0.21952250599861145
ed_sheeran,local_negation,9,polarity_words,12,1.7327452983175005
ed_sheeran,local_negation,9,polarity_words,13,-0.4712702163628171
ed_sheeran,local_negation,9,polarity_words,14,-0.25012268977505814
ed_sheeran,local_negation,9,polarity_words,15,0.9505787576947897
ed_sheeran,local_negation,9,polarity_words,16,-0.43627546301909836
ed_sheeran,local_negation,9,polarity_words,17,-0.9476932457515175
ed_sheeran,local_negation,9,polarity_words,18,-0.6148253210953305
ed_sheeran,local_negation,9,polarity_words,19,-0.3998367637395859
ed_sheeran,local_negation,9,polarity_words,20,-0.2381965134825026
ed_sheeran,local_negation,10,polarity_words,4,-0.004411466419696808
ed_sheeran,local_negation,10,polarity_words,5,0.1035713329911232
ed_sheeran,local_negation,10,polarity_words,6,0.4918810725212097
ed_sheeran,local_negation,10,polarity_words,7,-0.1093461811542511
ed_sheeran,local_negation,10,polarity_words,8,-0.6187736019492149
ed_sheeran,local_negation,10,polarity_words,9,-0.17208173125982285
ed_sheeran,local_negation,10,polarity_words,10,0.5488062426447868
ed_sheeran,local_negation,10,polarity_words,11,0.02857283130288124
ed_sheeran,local_negation,10,polarity_words,12,-0.22315233200788498
ed_sheeran,local_negation,10,polarity_words,13,-0.05901336669921875
ed_sheeran,local_negation,10,polarity_words,14,0.5341921374201775
ed_sheeran,local_negation,10,polarity_words,15,0.3223894461989403
ed_sheeran,local_negation,10,polarity_words,16,0.12600868940353394
ed_sheeran,local_negation,10,polarity_words,17,-0.45770177990198135
ed_sheeran,local_negation,10,polarity_words,18,-0.6839620992541313
ed_sheeran,local_negation,10,polarity_words,19,0.18865664303302765
ed_sheeran,local_negation,10,polarity_words,20,-0.16222157329320908
ed_sheeran,local_negation,11,polarity_words,4,-0.6547504663467407
ed_sheeran,local_negation,11,polarity_words,5,1.1260382334391275
ed_sheeran,local_negation,11,polarity_words,6,-0.3562225500742593
ed_sheeran,local_negation,11,polarity_words,7,-0.27584242820739746
ed_sheeran,local_negation,11,polarity_words,8,-0.38011755545934034
ed_sheeran,local_negation,11,polarity_words,9,-0.4905974368254342
ed_sheeran,local_negation,11,polarity_words,10,1.8112391134103139
ed_sheeran,local_negation,11,polarity_words,11,0.6537824074427285
ed_sheeran,local_negation,11,polarity_words,12,0.08824843168258667
ed_sheeran,local_negation,11,polarity_words,13,-0.29633019367853786
ed_sheeran,local_negation,11,polarity_words,14,0.11899216969807958
ed_sheeran,local_negation,11,polarity_words,15,0.45801093180974317
ed_sheeran,local_negation,11,polarity_words,16,-0.15420653422673514
ed_sheeran,local_negation,11,polarity_words,17,-0.35154821475346876
ed_sheeran,local_negation,11,polarity_words,18,0.1634536782900493
ed_sheeran,local_negation,11,polarity_words,19,-0.15299108624458313
ed_sheeran,local_negation,11,polarity_words,20,-1.154703954855601
ed_sheeran,local_negation,12,polarity_words,4,-0.6214739829301834
ed_sheeran,local_negation,12,polarity_words,5,0.9355504214763641
ed_sheeran,local_negation,12,polarity_words,6,0.7973245084285736
ed_sheeran,local_negation,12,polarity_words,7,-0.40311571955680847
ed_sheeran,local_negation,12,polarity_words,8,-0.2046307921409607
ed_sheeran,local_negation,12,polarity_words,9,0.40798458456993103
ed_sheeran,local_negation,12,polarity_words,10,1.1165831983089447
ed_sheeran,local_negation,12,polarity_words,11,-0.13950037956237793
ed_sheeran,local_negation,12,polarity_words,12,-0.03440290689468384
ed_sheeran,local_negation,12,polarity_words,13,-0.22618168592453003
ed_sheeran,local_negation,12,polarity_words,14,-0.3095148652791977
ed_sheeran,local_negation,12,polarity_words,15,0.3478569984436035
ed_sheeran,local_negation,12,polarity_words,16,0.11364442110061646
ed_sheeran,local_negation,12,polarity_words,17,-0.5134235322475433
ed_sheeran,local_negation,12,polarity_words,18,0.13252034783363342
ed_sheeran,local_negation,12,polarity_words,19,-0.8246750980615616
ed_sheeran,local_negation,12,polarity_words,20,-0.23003336787223816
ed_sheeran,local_negation,13,polarity_words,4,-0.01939523220062256
ed_sheeran,local_negation,13,polarity_words,5,0.4935038685798645
ed_sheeran,local_negation,13,polarity_words,6,-0.12455028295516968
ed_sheeran,local_negation,13,polarity_words,7,0.5245653390884399
ed_sheeran,local_negation,13,polarity_words,8,-1.1162103712558746
ed_sheeran,local_negation,13,polarity_words,9,0.5912679433822632
ed_sheeran,local_negation,13,polarity_words,10,1.2731348276138306
ed_sheeran,local_negation,13,polarity_words,11,0.581360936164856
ed_sheeran,local_negation,13,polarity_words,12,0.16976606845855713
ed_sheeran,local_negation,13,polarity_words,13,-0.6421698331832886
ed_sheeran,local_negation,13,polarity_words,14,-0.16178590059280396
ed_sheeran,local_negation,13,polarity_words,15,0.5203437209129333
ed_sheeran,local_negation,13,polarity_words,16,0.16348403692245483
ed_sheeran,local_negation,13,polarity_words,17,-0.32673758268356323
ed_sheeran,local_negation,13,polarity_words,18,-0.1279703974723816
ed_sheeran,local_negation,13,polarity_words,19,-0.728233277797699
ed_sheeran,local_negation,13,polarity_words,20,-0.905662477016449
ed_sheeran,local_negation,14,polarity_words,4,-1.1525473147630692
ed_sheeran,local_negation,14,polarity_words,5,0.2888150326907635
ed_sheeran,local_negation,14,polarity_words,6,-0.1751585304737091
ed_sheeran,local_negation,14,polarity_words,7,0.32059963047504425
ed_sheeran,local_negation,14,polarity_words,8,-0.12615816295146942
ed_sheeran,local_negation,14,polarity_words,9,1.0563899278640747
ed_sheeran,local_negation,14,polarity_words,10,-0.12293438613414764
ed_sheeran,local_negation,14,polarity_words,11,-1.2880467623472214
ed_sheeran,local_negation,14,polarity_words,12,0.9629414528608322
ed_sheeran,local_negation,14,polarity_words,13,0.25599489361047745
ed_sheeran,local_negation,14,polarity_words,14,-0.29360536485910416
ed_sheeran,local_negation,14,polarity_words,15,0.8265821561217308
ed_sheeran,local_negation,14,polarity_words,16,-0.58455391228199
ed_sheeran,local_negation,14,polarity_words,17,0.029681086540222168
ed_sheeran,local_negation,14,polarity_words,18,-0.8888144269585609
ed_sheeran,local_negation,14,polarity_words,19,-0.427255317568779
ed_sheeran,local_negation,14,polarity_words,20,-1.4892731681466103
ed_sheeran,local_negation,15,polarity_words,4,0.07686801361186157
ed_sheeran,local_negation,15,polarity_words,5,-0.07000600493380005
ed_sheeran,local_negation,15,polarity_words,6,0.7016343474388125
ed_sheeran,local_negation,15,polarity_words,7,0.0767933896609716
ed_sheeran,local_negation,15,polarity_words,8,-0.3676912443978446
ed_sheeran,local_negation,15,polarity_words,9,1.3004810384341647
ed_sheeran,local_negation,15,polarity_words,10,-0.25641272004161575
ed_sheeran,local_negation,15,polarity_words,11,0.15814583003520966
ed_sheeran,local_negation,15,polarity_words,12,-0.28591296928269516
ed_sheeran,local_negation,15,polarity_words,13,-0.3273744444761959
ed_sheeran,local_negation,15,polarity_words,14,0.4000185153314044
ed_sheeran,local_negation,15,polarity_words,15,0.16042157262563705
ed_sheeran,local_negation,15,polarity_words,16,-0.12200858550412308
ed_sheeran,local_negation,15,polarity_words,17,-0.442913287452289
ed_sheeran,local_negation,15,polarity_words,18,-0.2550588771700859
ed_sheeran,local_negation,15,polarity_words,19,-0.006582995610577624
ed_sheeran,local_negation,15,polarity_words,20,-0.0007765825305667828
ed_sheeran,local_negation,16,polarity_words,4,-0.031120488420128822
ed_sheeran,local_negation,16,polarity_words,5,0.7021332606673241
ed_sheeran,local_negation,16,polarity_words,6,0.407998887822032
ed_sheeran,local_negation,16,polarity_words,7,1.0110419020056725
ed_sheeran,local_negation,16,polarity_words,8,0.02892974764108658
ed_sheeran,local_negation,16,polarity_words,9,1.3479128032922745
ed_sheeran,local_negation,16,polarity_words,10,-0.6965829133987427
ed_sheeran,local_negation,16,polarity_words,11,-0.2759419670328498
ed_sheeran,local_negation,16,polarity_words,12,0.340879425406456
ed_sheeran,local_negation,16,polarity_words,13,-0.43234202452003956
ed_sheeran,local_negation,16,polarity_words,14,-0.3088165186345577
ed_sheeran,local_negation,16,polarity_words,15,0.506737481802702
ed_sheeran,local_negation,16,polarity_words,16,0.13159818947315216
ed_sheeran,local_negation,16,polarity_words,17,-0.08980533108115196
ed_sheeran,local_negation,16,polarity_words,18,-0.36592929996550083
ed_sheeran,local_negation,16,polarity_words,19,-0.14233966171741486
ed_sheeran,local_negation,16,polarity_words,20,-0.574465611949563
ed_sheeran,local_negation,17,polarity_words,4,-0.4927702648565173
ed_sheeran,local_negation,17,polarity_words,5,-0.11490502022206783
ed_sheeran,local_negation,17,polarity_words,6,0.09830178692936897
ed_sheeran,local_negation,17,polarity_words,7,0.33315209671854973
ed_sheeran,local_negation,17,polarity_words,8,0.7337673120200634
ed_sheeran,local_negation,17,polarity_words,9,1.0370270572602749
ed_sheeran,local_negation,17,polarity_words,10,-0.25176607072353363
ed_sheeran,local_negation,17,polarity_words,11,-0.7202764637768269
ed_sheeran,local_negation,17,polarity_words,12,0.7745472900569439
ed_sheeran,local_negation,17,polarity_words,13,-0.005752803757786751
ed_sheeran,local_negation,17,polarity_words,14,-0.33542868308722973
ed_sheeran,local_negation,17,polarity_words,15,0.3446805076673627
ed_sheeran,local_negation,17,polarity_words,16,-1.1106693912297487
ed_sheeran,local_negation,17,polarity_words,17,-0.9004002250730991
ed_sheeran,local_negation,17,polarity_words,18,0.2579496465623379
ed_sheeran,local_negation,17,polarity_words,19,-0.05392049252986908
ed_sheeran,local_negation,17,polarity_words,20,0.30330793745815754
ed_sheeran,local_negation,19,polarity_words,4,0.10720871176038482
ed_sheeran,local_negation,19,polarity_words,5,-0.48766043356486755
ed_sheeran,local_negation,19,polarity_words,6,0.13251510688236756
ed_sheeran,local_negation,19,polarity_words,7,1.3524603503090988
ed_sheeran,local_negation,19,polarity_words,8,-0.3254354681287497
ed_sheeran,local_negation,19,polarity_words,9,0.8015079838888983
ed_sheeran,local_negation,19,polarity_words,10,0.35647159814834595
ed_sheeran,local_negation,19,polarity_words,11,0.1564162458692282
ed_sheeran,local_negation,19,polarity_words,12,1.0052218777792792
ed_sheeran,local_negation,19,polarity_words,13,0.4646350996834885
ed_sheeran,local_negation,19,polarity_words,14,1.3635126267160684
ed_sheeran,local_negation,19,polarity_words,15,-0.11809425694601927
ed_sheeran,local_negation,19,polarity_words,16,-0.008044907024928882
ed_sheeran,local_negation,19,polarity_words,17,-0.38151872158050537
ed_sheeran,local_negation,19,polarity_words,18,-1.1893917833055765
ed_sheeran,local_negation,19,polarity_words,19,0.33141798632485564
ed_sheeran,local_negation,19,polarity_words,20,-0.9989921195166449
ed_sheeran,local_negation,20,polarity_words,4,0.9606082364916801
ed_sheeran,local_negation,20,polarity_words,5,-0.10701443627476692
ed_sheeran,local_negation,20,polarity_words,6,0.5995006263256073
ed_sheeran,local_negation,20,polarity_words,7,-0.1820962056517601
ed_sheeran,local_negation,20,polarity_words,8,0.45995911583304405
ed_sheeran,local_negation,20,polarity_words,9,1.415021002292633
ed_sheeran,local_negation,20,polarity_words,10,-0.9008817747235298
ed_sheeran,local_negation,20,polarity_words,11,-0.3302823379635811
ed_sheeran,local_negation,20,polarity_words,12,0.8090850189328194
ed_sheeran,local_negation,20,polarity_words,13,-0.08642268180847168
ed_sheeran,local_negation,20,polarity_words,14,-0.0011986270546913147
ed_sheeran,local_negation,20,polarity_words,15,0.7770720459520817
ed_sheeran,local_negation,20,polarity_words,16,0.05602022260427475
ed_sheeran,local_negation,20,polarity_words,17,0.7369366586208344
ed_sheeran,local_negation,20,polarity_words,18,-0.32023170590400696
ed_sheeran,local_negation,20,polarity_words,19,-0.5520516261458397
ed_sheeran,local_negation,20,polarity_words,20,-0.41262517124414444
