doc_idx,cond,sign,span,loss,n_tok,step
10273,none,0,claim_first,1.057382583618164,57,64
10273,none,0,ordinary,2.2912356853485107,72,64
10273,none,0,first_intext_warning,2.6875972747802734,21,64
10273,none,0,later_intext_warnings,2.2199524442354837,168,64
10273,none,0,warning_after_claim,2.6402382850646973,26,64
10273,truth,1,claim_first,1.5538429021835327,57,64
10273,truth,1,ordinary,2.5776638984680176,72,64
10273,truth,1,first_intext_warning,3.044011354446411,21,64
10273,truth,1,later_intext_warnings,2.585527261098226,168,64
10273,truth,1,warning_after_claim,3.1498959064483643,26,64
10273,truth,-1,claim_first,1.3631800413131714,57,64
10273,truth,-1,ordinary,2.6686811447143555,72,64
10273,truth,-1,first_intext_warning,2.796481132507324,21,64
10273,truth,-1,later_intext_warnings,2.4798502127329507,168,64
10273,truth,-1,warning_after_claim,3.012834310531616,26,64
10273,random1,1,claim_first,1.4762263298034668,57,64
10273,random1,1,ordinary,2.9060299396514893,72,64
10273,random1,1,first_intext_warning,2.658604621887207,21,64
10273,random1,1,later_intext_warnings,2.4118751883506775,168,64
10273,random1,1,warning_after_claim,2.618245840072632,26,64
10273,random1,-1,claim_first,1.4565095901489258,57,64
10273,random1,-1,ordinary,2.4405462741851807,72,64
10273,random1,-1,first_intext_warning,2.6076109409332275,21,64
10273,random1,-1,later_intext_warnings,2.337520639101664,168,64
10273,random1,-1,warning_after_claim,3.1543197631835938,26,64
10273,random2,1,claim_first,1.2772071361541748,57,64
10273,random2,1,ordinary,2.790903091430664,72,64
10273,random2,1,first_intext_warning,3.107494831085205,21,64
10273,random2,1,later_intext_warnings,2.4995601971944175,168,64
10273,random2,1,warning_after_claim,2.83961820602417,26,64
10273,random2,-1,claim_first,1.401980996131897,57,64
10273,random2,-1,ordinary,2.5376179218292236,72,64
10273,random2,-1,first_intext_warning,2.530565023422241,21,64
10273,random2,-1,later_intext_warnings,2.3241196274757385,168,64
10273,random2,-1,warning_after_claim,2.8781919479370117,26,64
10273,random3,1,claim_first,1.5362659692764282,57,64
10273,random3,1,ordinary,2.7155065536499023,72,64
10273,random3,1,first_intext_warning,2.5039889812469482,21,64
10273,random3,1,later_intext_warnings,2.473561644554138,168,64
10273,random3,1,warning_after_claim,2.905763864517212,26,64
10273,random3,-1,claim_first,1.260129451751709,57,64
10273,random3,-1,ordinary,2.489457368850708,72,64
10273,random3,-1,first_intext_warning,2.838022232055664,21,64
10273,random3,-1,later_intext_warnings,2.407056430975596,168,64
10273,random3,-1,warning_after_claim,2.92529559135437,26,64
10273,random4,1,claim_first,1.3185001611709595,57,64
10273,random4,1,ordinary,2.625230073928833,72,64
10273,random4,1,first_intext_warning,2.757171630859375,21,64
10273,random4,1,later_intext_warnings,2.4316598574320474,168,64
10273,random4,1,warning_after_claim,2.8380625247955322,26,64
10273,random4,-1,claim_first,1.51740562915802,57,64
10273,random4,-1,ordinary,2.6144144535064697,72,64
10273,random4,-1,first_intext_warning,2.793776035308838,21,64
10273,random4,-1,later_intext_warnings,2.360996723175049,168,64
10273,random4,-1,warning_after_claim,2.8249948024749756,26,64
10273,random5,1,claim_first,1.2395538091659546,57,64
10273,random5,1,ordinary,2.6611452102661133,72,64
10273,random5,1,first_intext_warning,2.939093589782715,21,64
10273,random5,1,later_intext_warnings,2.3794224659601846,168,64
10273,random5,1,warning_after_claim,2.9177045822143555,26,64
10273,random5,-1,claim_first,1.4128246307373047,57,64
10273,random5,-1,ordinary,2.6924896240234375,72,64
10273,random5,-1,first_intext_warning,2.522904872894287,21,64
10273,random5,-1,later_intext_warnings,2.4100622733434043,168,64
10273,random5,-1,warning_after_claim,2.730800151824951,26,64
10273,random6,1,claim_first,1.2952799797058105,57,64
10273,random6,1,ordinary,2.6022911071777344,72,64
10273,random6,1,first_intext_warning,2.702228546142578,21,64
10273,random6,1,later_intext_warnings,2.351955016454061,168,64
10273,random6,1,warning_after_claim,2.767421245574951,26,64
10273,random6,-1,claim_first,1.339158296585083,57,64
10273,random6,-1,ordinary,2.6328423023223877,72,64
10273,random6,-1,first_intext_warning,2.7213878631591797,21,64
10273,random6,-1,later_intext_warnings,2.444551626841227,168,64
10273,random6,-1,warning_after_claim,2.9439260959625244,26,64
10273,random7,1,claim_first,1.2081104516983032,57,64
10273,random7,1,ordinary,2.6471033096313477,72,64
10273,random7,1,first_intext_warning,2.4416937828063965,21,64
10273,random7,1,later_intext_warnings,2.359463612238566,168,64
10273,random7,1,warning_after_claim,2.630967855453491,26,64
10273,random7,-1,claim_first,1.5213634967803955,57,64
10273,random7,-1,ordinary,2.6142241954803467,72,64
10273,random7,-1,first_intext_warning,3.0056214332580566,21,64
10273,random7,-1,later_intext_warnings,2.422916909058889,168,64
10273,random7,-1,warning_after_claim,2.99930477142334,26,64
10273,random8,1,claim_first,1.2768131494522095,57,64
10273,random8,1,ordinary,2.518998384475708,72,64
10273,random8,1,first_intext_warning,2.8239407539367676,21,64
10273,random8,1,later_intext_warnings,2.4304041465123496,168,64
10273,random8,1,warning_after_claim,2.629163980484009,26,64
10273,random8,-1,claim_first,1.4606783390045166,57,64
10273,random8,-1,ordinary,2.686537504196167,72,64
10273,random8,-1,first_intext_warning,2.6078364849090576,21,64
10273,random8,-1,later_intext_warnings,2.4282472729682922,168,64
10273,random8,-1,warning_after_claim,2.948178768157959,26,64
10273,random9,1,claim_first,1.4462647438049316,57,64
10273,random9,1,ordinary,2.581913471221924,72,64
10273,random9,1,first_intext_warning,2.6884777545928955,21,64
10273,random9,1,later_intext_warnings,2.356638411680857,168,64
10273,random9,1,warning_after_claim,2.741732120513916,26,64
10273,random9,-1,claim_first,1.2795002460479736,57,64
10273,random9,-1,ordinary,2.6501269340515137,72,64
10273,random9,-1,first_intext_warning,2.574321985244751,21,64
10273,random9,-1,later_intext_warnings,2.453265388806661,168,64
10273,random9,-1,warning_after_claim,2.8876867294311523,26,64
10273,random10,1,claim_first,1.3392094373703003,57,64
10273,random10,1,ordinary,2.7201220989227295,72,64
10273,random10,1,first_intext_warning,2.6623151302337646,21,64
10273,random10,1,later_intext_warnings,2.4058285554250083,168,64
10273,random10,1,warning_after_claim,3.0564076900482178,26,64
10273,random10,-1,claim_first,1.3117282390594482,57,64
10273,random10,-1,ordinary,2.472733736038208,72,64
10273,random10,-1,first_intext_warning,2.634606122970581,21,64
10273,random10,-1,later_intext_warnings,2.4671446084976196,168,64
10273,random10,-1,warning_after_claim,2.7310702800750732,26,64
10277,none,0,claim_first,1.884716272354126,31,64
10277,none,0,ordinary,2.7816600799560547,67,64
10277,none,0,first_intext_warning,2.735531806945801,36,64
10277,none,0,later_intext_warnings,2.079413672288259,157,64
10277,none,0,warning_after_claim,3.306633710861206,25,64
10277,truth,1,claim_first,2.154981851577759,31,64
10277,truth,1,ordinary,3.2577402591705322,67,64
10277,truth,1,first_intext_warning,3.095449686050415,36,64
10277,truth,1,later_intext_warnings,2.3494355281194053,157,64
10277,truth,1,warning_after_claim,3.9136440753936768,25,64
10277,truth,-1,claim_first,2.1297881603240967,31,64
10277,truth,-1,ordinary,2.8465945720672607,67,64
10277,truth,-1,first_intext_warning,2.883949041366577,36,64
10277,truth,-1,later_intext_warnings,2.2113581697146096,157,64
10277,truth,-1,warning_after_claim,3.5694997310638428,25,64
10277,random1,1,claim_first,2.3227624893188477,31,64
10277,random1,1,ordinary,2.9203543663024902,67,64
10277,random1,1,first_intext_warning,2.724827527999878,36,64
10277,random1,1,later_intext_warnings,2.202039440472921,157,64
10277,random1,1,warning_after_claim,3.3665764331817627,25,64
10277,random1,-1,claim_first,2.152470111846924,31,64
10277,random1,-1,ordinary,3.0325069427490234,67,64
10277,random1,-1,first_intext_warning,2.8226230144500732,36,64
10277,random1,-1,later_intext_warnings,2.2023863196372986,157,64
10277,random1,-1,warning_after_claim,3.5003018379211426,25,64
10277,random2,1,claim_first,1.8987473249435425,31,64
10277,random2,1,ordinary,3.128875255584717,67,64
10277,random2,1,first_intext_warning,2.9996376037597656,36,64
10277,random2,1,later_intext_warnings,2.249220351378123,157,64
10277,random2,1,warning_after_claim,4.2512335777282715,25,64
10277,random2,-1,claim_first,2.3596277236938477,31,64
10277,random2,-1,ordinary,3.02325701713562,67,64
10277,random2,-1,first_intext_warning,2.869227170944214,36,64
10277,random2,-1,later_intext_warnings,2.1531363328297934,157,64
10277,random2,-1,warning_after_claim,3.2226064205169678,25,64
10277,random3,1,claim_first,2.2347443103790283,31,64
10277,random3,1,ordinary,3.15899920463562,67,64
10277,random3,1,first_intext_warning,3.0424976348876953,36,64
10277,random3,1,later_intext_warnings,2.1940017541249595,157,64
10277,random3,1,warning_after_claim,3.530721426010132,25,64
10277,random3,-1,claim_first,2.114994764328003,31,64
10277,random3,-1,ordinary,2.9772510528564453,67,64
10277,random3,-1,first_intext_warning,2.8382396697998047,36,64
10277,random3,-1,later_intext_warnings,2.209734400113424,157,64
10277,random3,-1,warning_after_claim,3.609071969985962,25,64
10277,random4,1,claim_first,1.982384443283081,31,64
10277,random4,1,ordinary,3.123934030532837,67,64
10277,random4,1,first_intext_warning,2.977731943130493,36,64
10277,random4,1,later_intext_warnings,2.2683794299761453,157,64
10277,random4,1,warning_after_claim,3.2748589515686035,25,64
10277,random4,-1,claim_first,2.199434995651245,31,64
10277,random4,-1,ordinary,2.988931894302368,67,64
10277,random4,-1,first_intext_warning,2.712942123413086,36,64
10277,random4,-1,later_intext_warnings,2.1645180384318032,157,64
10277,random4,-1,warning_after_claim,3.8326685428619385,25,64
10277,random5,1,claim_first,2.086388349533081,31,64
10277,random5,1,ordinary,2.921133518218994,67,64
10277,random5,1,first_intext_warning,2.70154070854187,36,64
10277,random5,1,later_intext_warnings,2.248502512772878,157,64
10277,random5,1,warning_after_claim,3.5588595867156982,25,64
10277,random5,-1,claim_first,2.1289312839508057,31,64
10277,random5,-1,ordinary,3.155547618865967,67,64
10277,random5,-1,first_intext_warning,2.9708664417266846,36,64
10277,random5,-1,later_intext_warnings,2.1702585419019065,157,64
10277,random5,-1,warning_after_claim,3.4308972358703613,25,64
10277,random6,1,claim_first,1.8501982688903809,31,64
10277,random6,1,ordinary,3.0063180923461914,67,64
10277,random6,1,first_intext_warning,2.797822952270508,36,64
10277,random6,1,later_intext_warnings,2.198101818561554,157,64
10277,random6,1,warning_after_claim,3.428149938583374,25,64
10277,random6,-1,claim_first,2.3274495601654053,31,64
10277,random6,-1,ordinary,2.9604647159576416,67,64
10277,random6,-1,first_intext_warning,2.9469614028930664,36,64
10277,random6,-1,later_intext_warnings,2.1747239033381143,157,64
10277,random6,-1,warning_after_claim,3.584048271179199,25,64
10277,random7,1,claim_first,1.987979531288147,31,64
10277,random7,1,ordinary,2.818852186203003,67,64
10277,random7,1,first_intext_warning,2.5542967319488525,36,64
10277,random7,1,later_intext_warnings,2.180678963661194,157,64
10277,random7,1,warning_after_claim,3.390089988708496,25,64
10277,random7,-1,claim_first,2.3429741859436035,31,64
10277,random7,-1,ordinary,3.2504217624664307,67,64
10277,random7,-1,first_intext_warning,3.1359364986419678,36,64
10277,random7,-1,later_intext_warnings,2.1834402084350586,157,64
10277,random7,-1,warning_after_claim,3.4916396141052246,25,64
10277,random8,1,claim_first,1.9818071126937866,31,64
10277,random8,1,ordinary,2.9314651489257812,67,64
10277,random8,1,first_intext_warning,2.8354291915893555,36,64
10277,random8,1,later_intext_warnings,2.1895681023597717,157,64
10277,random8,1,warning_after_claim,3.2217941284179688,25,64
10277,random8,-1,claim_first,2.0210249423980713,31,64
10277,random8,-1,ordinary,3.1687943935394287,67,64
10277,random8,-1,first_intext_warning,2.9498236179351807,36,64
10277,random8,-1,later_intext_warnings,2.258948028087616,157,64
10277,random8,-1,warning_after_claim,3.520143508911133,25,64
10277,random9,1,claim_first,2.08561110496521,31,64
10277,random9,1,ordinary,2.973865270614624,67,64
10277,random9,1,first_intext_warning,2.833813428878784,36,64
10277,random9,1,later_intext_warnings,2.190913180510203,157,64
10277,random9,1,warning_after_claim,3.760573387145996,25,64
10277,random9,-1,claim_first,2.2104876041412354,31,64
10277,random9,-1,ordinary,3.054859161376953,67,64
10277,random9,-1,first_intext_warning,2.845041275024414,36,64
10277,random9,-1,later_intext_warnings,2.2973011136054993,157,64
10277,random9,-1,warning_after_claim,3.2629525661468506,25,64
10277,random10,1,claim_first,2.0841891765594482,31,64
10277,random10,1,ordinary,3.042717218399048,67,64
10277,random10,1,first_intext_warning,2.849426746368408,36,64
10277,random10,1,later_intext_warnings,2.154573897520701,157,64
10277,random10,1,warning_after_claim,3.6612942218780518,25,64
10277,random10,-1,claim_first,2.111215114593506,31,64
10277,random10,-1,ordinary,3.029430389404297,67,64
10277,random10,-1,first_intext_warning,2.865440845489502,36,64
10277,random10,-1,later_intext_warnings,2.266627848148346,157,64
10277,random10,-1,warning_after_claim,3.5923430919647217,25,64
10278,none,0,claim_first,1.1986308097839355,49,64
10278,none,0,ordinary,1.9315496683120728,72,64
10278,none,0,first_intext_warning,2.811012029647827,24,64
10278,none,0,later_intext_warnings,2.0678358674049377,156,64
10278,none,0,warning_after_claim,3.3574161529541016,25,64
10278,truth,1,claim_first,1.829836368560791,49,64
10278,truth,1,ordinary,2.2861316204071045,72,64
10278,truth,1,first_intext_warning,3.550043821334839,24,64
10278,truth,1,later_intext_warnings,2.401351730028788,156,64
10278,truth,1,warning_after_claim,4.0716400146484375,25,64
10278,truth,-1,claim_first,1.3455679416656494,49,64
10278,truth,-1,ordinary,2.1517012119293213,72,64
10278,truth,-1,first_intext_warning,3.194265365600586,24,64
10278,truth,-1,later_intext_warnings,2.296071926752726,156,64
10278,truth,-1,warning_after_claim,3.9053845405578613,25,64
10278,random1,1,claim_first,1.5525884628295898,49,64
10278,random1,1,ordinary,2.1756820678710938,72,64
10278,random1,1,first_intext_warning,3.0675456523895264,24,64
10278,random1,1,later_intext_warnings,2.2292780677477517,156,64
10278,random1,1,warning_after_claim,3.5130624771118164,25,64
10278,random1,-1,claim_first,1.6445753574371338,49,64
10278,random1,-1,ordinary,2.173304319381714,72,64
10278,random1,-1,first_intext_warning,2.650918483734131,24,64
10278,random1,-1,later_intext_warnings,2.183458467324575,156,64
10278,random1,-1,warning_after_claim,3.7147164344787598,25,64
10278,random2,1,claim_first,1.3792749643325806,49,64
10278,random2,1,ordinary,2.0890352725982666,72,64
10278,random2,1,first_intext_warning,3.098210573196411,24,64
10278,random2,1,later_intext_warnings,2.27252725760142,156,64
10278,random2,1,warning_after_claim,4.0313801765441895,25,64
10278,random2,-1,claim_first,1.6527096033096313,49,64
10278,random2,-1,ordinary,2.1924896240234375,72,64
10278,random2,-1,first_intext_warning,2.8372039794921875,24,64
10278,random2,-1,later_intext_warnings,2.2687334020932517,156,64
10278,random2,-1,warning_after_claim,3.5788261890411377,25,64
10278,random3,1,claim_first,1.5620149374008179,49,64
10278,random3,1,ordinary,2.397498846054077,72,64
10278,random3,1,first_intext_warning,3.02551007270813,24,64
10278,random3,1,later_intext_warnings,2.2070183555285134,156,64
10278,random3,1,warning_after_claim,3.7177352905273438,25,64
10278,random3,-1,claim_first,1.5974310636520386,49,64
10278,random3,-1,ordinary,2.1120872497558594,72,64
10278,random3,-1,first_intext_warning,2.8293697834014893,24,64
10278,random3,-1,later_intext_warnings,2.2743849555651345,156,64
10278,random3,-1,warning_after_claim,3.8574156761169434,25,64
10278,random4,1,claim_first,1.6262075901031494,49,64
10278,random4,1,ordinary,2.2203187942504883,72,64
10278,random4,1,first_intext_warning,2.8551199436187744,24,64
10278,random4,1,later_intext_warnings,2.2963280280431113,156,64
10278,random4,1,warning_after_claim,3.996217727661133,25,64
10278,random4,-1,claim_first,1.6124491691589355,49,64
10278,random4,-1,ordinary,2.1938021183013916,72,64
10278,random4,-1,first_intext_warning,3.0529887676239014,24,64
10278,random4,-1,later_intext_warnings,2.255995829900106,156,64
10278,random4,-1,warning_after_claim,3.6040093898773193,25,64
10278,random5,1,claim_first,1.4199204444885254,49,64
10278,random5,1,ordinary,2.111743450164795,72,64
10278,random5,1,first_intext_warning,2.81710147857666,24,64
10278,random5,1,later_intext_warnings,2.2242239117622375,156,64
10278,random5,1,warning_after_claim,3.3259902000427246,25,64
10278,random5,-1,claim_first,1.5577551126480103,49,64
10278,random5,-1,ordinary,2.3224329948425293,72,64
10278,random5,-1,first_intext_warning,3.190516710281372,24,64
10278,random5,-1,later_intext_warnings,2.1995880802472434,156,64
10278,random5,-1,warning_after_claim,4.022076606750488,25,64
10278,random6,1,claim_first,1.5752644538879395,49,64
10278,random6,1,ordinary,2.4174911975860596,72,64
10278,random6,1,first_intext_warning,2.75146222114563,24,64
10278,random6,1,later_intext_warnings,2.3598474661509194,156,64
10278,random6,1,warning_after_claim,3.567389726638794,25,64
10278,random6,-1,claim_first,1.5007116794586182,49,64
10278,random6,-1,ordinary,1.9676928520202637,72,64
10278,random6,-1,first_intext_warning,3.2576205730438232,24,64
10278,random6,-1,later_intext_warnings,2.2099159161249795,156,64
10278,random6,-1,warning_after_claim,3.848811149597168,25,64
10278,random7,1,claim_first,1.6210321187973022,49,64
10278,random7,1,ordinary,2.2199058532714844,72,64
10278,random7,1,first_intext_warning,2.611891746520996,24,64
10278,random7,1,later_intext_warnings,2.2322412927945456,156,64
10278,random7,1,warning_after_claim,3.5400185585021973,25,64
10278,random7,-1,claim_first,1.658635139465332,49,64
10278,random7,-1,ordinary,2.1330196857452393,72,64
10278,random7,-1,first_intext_warning,3.244549512863159,24,64
10278,random7,-1,later_intext_warnings,2.279732624689738,156,64
10278,random7,-1,warning_after_claim,3.8130886554718018,25,64
10278,random8,1,claim_first,1.5774288177490234,49,64
10278,random8,1,ordinary,2.1762540340423584,72,64
10278,random8,1,first_intext_warning,3.1511213779449463,24,64
10278,random8,1,later_intext_warnings,2.198241412639618,156,64
10278,random8,1,warning_after_claim,3.50913143157959,25,64
10278,random8,-1,claim_first,1.5050088167190552,49,64
10278,random8,-1,ordinary,2.1556413173675537,72,64
10278,random8,-1,first_intext_warning,2.640134572982788,24,64
10278,random8,-1,later_intext_warnings,2.3136876821517944,156,64
10278,random8,-1,warning_after_claim,4.047389984130859,25,64
10278,random9,1,claim_first,1.5863831043243408,49,64
10278,random9,1,ordinary,2.0538744926452637,72,64
10278,random9,1,first_intext_warning,2.9710533618927,24,64
10278,random9,1,later_intext_warnings,2.1995381712913513,156,64
10278,random9,1,warning_after_claim,3.504672050476074,25,64
10278,random9,-1,claim_first,1.4821914434432983,49,64
10278,random9,-1,ordinary,2.3116111755371094,72,64
10278,random9,-1,first_intext_warning,2.94543194770813,24,64
10278,random9,-1,later_intext_warnings,2.3244642217954,156,64
10278,random9,-1,warning_after_claim,3.6391336917877197,25,64
10278,random10,1,claim_first,1.5147852897644043,49,64
10278,random10,1,ordinary,2.221994638442993,72,64
10278,random10,1,first_intext_warning,3.023270606994629,24,64
10278,random10,1,later_intext_warnings,2.2721046209335327,156,64
10278,random10,1,warning_after_claim,3.8760411739349365,25,64
10278,random10,-1,claim_first,1.6102609634399414,49,64
10278,random10,-1,ordinary,2.2625341415405273,72,64
10278,random10,-1,first_intext_warning,2.9782097339630127,24,64
10278,random10,-1,later_intext_warnings,2.253576080004374,156,64
10278,random10,-1,warning_after_claim,3.7536263465881348,25,64
10280,none,0,claim_first,1.4057105779647827,30,64
10280,none,0,first_intext_warning,3.2321178913116455,32,64
10280,none,0,later_intext_warnings,2.117971738179525,144,64
10280,none,0,warning_after_claim,2.490553140640259,24,64
10280,truth,1,claim_first,1.8112140893936157,30,64
10280,truth,1,first_intext_warning,3.528959274291992,32,64
10280,truth,1,later_intext_warnings,2.44699098666509,144,64
10280,truth,1,warning_after_claim,2.8962154388427734,24,64
10280,truth,-1,claim_first,1.846436619758606,30,64
10280,truth,-1,first_intext_warning,3.424744129180908,32,64
10280,truth,-1,later_intext_warnings,2.1811442176500955,144,64
10280,truth,-1,warning_after_claim,2.5920917987823486,24,64
10280,random1,1,claim_first,2.159886121749878,30,64
10280,random1,1,first_intext_warning,3.0468595027923584,32,64
10280,random1,1,later_intext_warnings,2.2697884837786355,144,64
10280,random1,1,warning_after_claim,2.7046337127685547,24,64
10280,random1,-1,claim_first,1.4248297214508057,30,64
10280,random1,-1,first_intext_warning,3.362574815750122,32,64
10280,random1,-1,later_intext_warnings,2.1718487540880838,144,64
10280,random1,-1,warning_after_claim,2.3834280967712402,24,64
10280,random2,1,claim_first,2.013714075088501,30,64
10280,random2,1,first_intext_warning,3.6199493408203125,32,64
10280,random2,1,later_intext_warnings,2.3738988041877747,144,64
10280,random2,1,warning_after_claim,2.7492332458496094,24,64
10280,random2,-1,claim_first,1.9518483877182007,30,64
10280,random2,-1,first_intext_warning,3.157794713973999,32,64
10280,random2,-1,later_intext_warnings,2.1086735924084983,144,64
10280,random2,-1,warning_after_claim,2.5362863540649414,24,64
10280,random3,1,claim_first,1.920074701309204,30,64
10280,random3,1,first_intext_warning,3.4120469093322754,32,64
10280,random3,1,later_intext_warnings,2.1646624008814492,144,64
10280,random3,1,warning_after_claim,2.6023871898651123,24,64
10280,random3,-1,claim_first,1.757249355316162,30,64
10280,random3,-1,first_intext_warning,3.1758852005004883,32,64
10280,random3,-1,later_intext_warnings,2.2339471181233725,144,64
10280,random3,-1,warning_after_claim,2.622786521911621,24,64
10280,random4,1,claim_first,1.6775456666946411,30,64
10280,random4,1,first_intext_warning,3.474562168121338,32,64
10280,random4,1,later_intext_warnings,2.2121288975079856,144,64
10280,random4,1,warning_after_claim,2.4018194675445557,24,64
10280,random4,-1,claim_first,2.0145299434661865,30,64
10280,random4,-1,first_intext_warning,3.1669578552246094,32,64
10280,random4,-1,later_intext_warnings,2.1900903582572937,144,64
10280,random4,-1,warning_after_claim,2.7341244220733643,24,64
10280,random5,1,claim_first,1.6729923486709595,30,64
10280,random5,1,first_intext_warning,3.4516501426696777,32,64
10280,random5,1,later_intext_warnings,2.124682128429413,144,64
10280,random5,1,warning_after_claim,2.612926721572876,24,64
10280,random5,-1,claim_first,2.040431261062622,30,64
10280,random5,-1,first_intext_warning,3.063272476196289,32,64
10280,random5,-1,later_intext_warnings,2.241771121819814,144,64
10280,random5,-1,warning_after_claim,2.5711114406585693,24,64
10280,random6,1,claim_first,1.6856735944747925,30,64
10280,random6,1,first_intext_warning,3.499880313873291,32,64
10280,random6,1,later_intext_warnings,2.2991373936335244,144,64
10280,random6,1,warning_after_claim,2.362250328063965,24,64
10280,random6,-1,claim_first,1.7451313734054565,30,64
10280,random6,-1,first_intext_warning,3.1489806175231934,32,64
10280,random6,-1,later_intext_warnings,2.194825768470764,144,64
10280,random6,-1,warning_after_claim,2.759357452392578,24,64
10280,random7,1,claim_first,1.8235386610031128,30,64
10280,random7,1,first_intext_warning,3.3383994102478027,32,64
10280,random7,1,later_intext_warnings,2.2021830677986145,144,64
10280,random7,1,warning_after_claim,2.471954822540283,24,64
10280,random7,-1,claim_first,1.6220881938934326,30,64
10280,random7,-1,first_intext_warning,3.115203619003296,32,64
10280,random7,-1,later_intext_warnings,2.2384355664253235,144,64
10280,random7,-1,warning_after_claim,2.839482069015503,24,64
10280,random8,1,claim_first,2.048924446105957,30,64
10280,random8,1,first_intext_warning,3.572920322418213,32,64
10280,random8,1,later_intext_warnings,2.253769278526306,144,64
10280,random8,1,warning_after_claim,2.741884469985962,24,64
10280,random8,-1,claim_first,1.5082346200942993,30,64
10280,random8,-1,first_intext_warning,3.1761600971221924,32,64
10280,random8,-1,later_intext_warnings,2.246378719806671,144,64
10280,random8,-1,warning_after_claim,2.622062921524048,24,64
10280,random9,1,claim_first,1.6797834634780884,30,64
10280,random9,1,first_intext_warning,3.1026690006256104,32,64
10280,random9,1,later_intext_warnings,2.229418098926544,144,64
10280,random9,1,warning_after_claim,2.685710906982422,24,64
10280,random9,-1,claim_first,1.7083563804626465,30,64
10280,random9,-1,first_intext_warning,3.605597496032715,32,64
10280,random9,-1,later_intext_warnings,2.2428138057390847,144,64
10280,random9,-1,warning_after_claim,2.6731204986572266,24,64
10280,random10,1,claim_first,1.8439408540725708,30,64
10280,random10,1,first_intext_warning,3.2686767578125,32,64
10280,random10,1,later_intext_warnings,2.204329033692678,144,64
10280,random10,1,warning_after_claim,2.6268599033355713,24,64
10280,random10,-1,claim_first,1.8503456115722656,30,64
10280,random10,-1,first_intext_warning,3.376347780227661,32,64
10280,random10,-1,later_intext_warnings,2.2734386324882507,144,64
10280,random10,-1,warning_after_claim,2.7204387187957764,24,64
10285,none,0,claim_first,2.0248730182647705,40,64
10285,none,0,ordinary,1.133455753326416,95,64
10285,none,0,first_intext_warning,3.4697206020355225,36,64
10285,none,0,later_intext_warnings,1.9725303451220195,148,64
10285,none,0,warning_after_claim,3.2860729694366455,13,64
10285,truth,1,claim_first,2.540454387664795,40,64
10285,truth,1,ordinary,1.6175535917282104,95,64
10285,truth,1,first_intext_warning,3.6579484939575195,36,64
10285,truth,1,later_intext_warnings,2.3898693323135376,148,64
10285,truth,1,warning_after_claim,4.156639575958252,13,64
10285,truth,-1,claim_first,2.291624069213867,40,64
10285,truth,-1,ordinary,1.4660565853118896,95,64
10285,truth,-1,first_intext_warning,4.063382148742676,36,64
10285,truth,-1,later_intext_warnings,2.0796856681505838,148,64
10285,truth,-1,warning_after_claim,3.470782995223999,13,64
10285,random1,1,claim_first,2.5600435733795166,40,64
10285,random1,1,ordinary,1.575932502746582,95,64
10285,random1,1,first_intext_warning,3.6938047409057617,36,64
10285,random1,1,later_intext_warnings,2.129546026388804,148,64
10285,random1,1,warning_after_claim,2.9881019592285156,13,64
10285,random1,-1,claim_first,2.2141361236572266,40,64
10285,random1,-1,ordinary,1.6661118268966675,95,64
10285,random1,-1,first_intext_warning,3.5107946395874023,36,64
10285,random1,-1,later_intext_warnings,2.0779260198275247,148,64
10285,random1,-1,warning_after_claim,3.6893160343170166,13,64
10285,random2,1,claim_first,2.1367690563201904,40,64
10285,random2,1,ordinary,1.8351680040359497,95,64
10285,random2,1,first_intext_warning,3.7256383895874023,36,64
10285,random2,1,later_intext_warnings,2.2342639366785684,148,64
10285,random2,1,warning_after_claim,4.101787567138672,13,64
10285,random2,-1,claim_first,2.43966007232666,40,64
10285,random2,-1,ordinary,1.442594289779663,95,64
10285,random2,-1,first_intext_warning,3.4807121753692627,36,64
10285,random2,-1,later_intext_warnings,2.104488432407379,148,64
10285,random2,-1,warning_after_claim,2.9387943744659424,13,64
10285,random3,1,claim_first,2.3612539768218994,40,64
10285,random3,1,ordinary,1.553846001625061,95,64
10285,random3,1,first_intext_warning,3.5684916973114014,36,64
10285,random3,1,later_intext_warnings,2.222390830516815,148,64
10285,random3,1,warning_after_claim,3.482090473175049,13,64
10285,random3,-1,claim_first,2.329550266265869,40,64
10285,random3,-1,ordinary,1.513620138168335,95,64
10285,random3,-1,first_intext_warning,3.6182005405426025,36,64
10285,random3,-1,later_intext_warnings,2.130942622820536,148,64
10285,random3,-1,warning_after_claim,3.2731733322143555,13,64
10285,random4,1,claim_first,2.269744396209717,40,64
10285,random4,1,ordinary,1.5667506456375122,95,64
10285,random4,1,first_intext_warning,3.553029775619507,36,64
10285,random4,1,later_intext_warnings,2.1516610383987427,148,64
10285,random4,1,warning_after_claim,3.083895683288574,13,64
10285,random4,-1,claim_first,2.2580695152282715,40,64
10285,random4,-1,ordinary,1.5024863481521606,95,64
10285,random4,-1,first_intext_warning,3.5862181186676025,36,64
10285,random4,-1,later_intext_warnings,2.186255395412445,148,64
10285,random4,-1,warning_after_claim,3.998744487762451,13,64
10285,random5,1,claim_first,2.281181812286377,40,64
10285,random5,1,ordinary,1.6954790353775024,95,64
10285,random5,1,first_intext_warning,3.449012279510498,36,64
10285,random5,1,later_intext_warnings,2.1636380751927695,148,64
10285,random5,1,warning_after_claim,3.91929030418396,13,64
10285,random5,-1,claim_first,2.2774736881256104,40,64
10285,random5,-1,ordinary,1.554712176322937,95,64
10285,random5,-1,first_intext_warning,3.554349660873413,36,64
10285,random5,-1,later_intext_warnings,2.1410531202952066,148,64
10285,random5,-1,warning_after_claim,3.1209497451782227,13,64
10285,random6,1,claim_first,2.1997973918914795,40,64
10285,random6,1,ordinary,1.57783043384552,95,64
10285,random6,1,first_intext_warning,3.4939026832580566,36,64
10285,random6,1,later_intext_warnings,2.1004918813705444,148,64
10285,random6,1,warning_after_claim,3.129751682281494,13,64
10285,random6,-1,claim_first,2.4855093955993652,40,64
10285,random6,-1,ordinary,1.4239863157272339,95,64
10285,random6,-1,first_intext_warning,3.6851298809051514,36,64
10285,random6,-1,later_intext_warnings,2.2258688608805337,148,64
10285,random6,-1,warning_after_claim,3.5266635417938232,13,64
10285,random7,1,claim_first,2.342404842376709,40,64
10285,random7,1,ordinary,1.5796022415161133,95,64
10285,random7,1,first_intext_warning,3.487039804458618,36,64
10285,random7,1,later_intext_warnings,2.0901873310407004,148,64
10285,random7,1,warning_after_claim,3.1942193508148193,13,64
10285,random7,-1,claim_first,2.2937915325164795,40,64
10285,random7,-1,ordinary,1.687355637550354,95,64
10285,random7,-1,first_intext_warning,3.485929250717163,36,64
10285,random7,-1,later_intext_warnings,2.2095104853312173,148,64
10285,random7,-1,warning_after_claim,3.5970001220703125,13,64
10285,random8,1,claim_first,2.188993453979492,40,64
10285,random8,1,ordinary,1.4994293451309204,95,64
10285,random8,1,first_intext_warning,3.7236201763153076,36,64
10285,random8,1,later_intext_warnings,2.163912216822306,148,64
10285,random8,1,warning_after_claim,3.393021821975708,13,64
10285,random8,-1,claim_first,2.4442203044891357,40,64
10285,random8,-1,ordinary,1.5791404247283936,95,64
10285,random8,-1,first_intext_warning,3.433979034423828,36,64
10285,random8,-1,later_intext_warnings,2.1956759492556253,148,64
10285,random8,-1,warning_after_claim,3.0362226963043213,13,64
10285,random9,1,claim_first,2.2673795223236084,40,64
10285,random9,1,ordinary,1.4527697563171387,95,64
10285,random9,1,first_intext_warning,3.538782835006714,36,64
10285,random9,1,later_intext_warnings,2.1110304792722068,148,64
10285,random9,1,warning_after_claim,3.387627601623535,13,64
10285,random9,-1,claim_first,2.3337109088897705,40,64
10285,random9,-1,ordinary,1.548775553703308,95,64
10285,random9,-1,first_intext_warning,3.539219617843628,36,64
10285,random9,-1,later_intext_warnings,2.1708883245786033,148,64
10285,random9,-1,warning_after_claim,3.535989284515381,13,64
10285,random10,1,claim_first,2.2782063484191895,40,64
10285,random10,1,ordinary,1.6948314905166626,95,64
10285,random10,1,first_intext_warning,3.448519229888916,36,64
10285,random10,1,later_intext_warnings,2.1338273684183755,148,64
10285,random10,1,warning_after_claim,3.8931071758270264,13,64
10285,random10,-1,claim_first,2.346886396408081,40,64
10285,random10,-1,ordinary,1.4228187799453735,95,64
10285,random10,-1,first_intext_warning,3.6647093296051025,36,64
10285,random10,-1,later_intext_warnings,2.2400959730148315,148,64
10285,random10,-1,warning_after_claim,3.380876302719116,13,64
10287,none,0,claim_first,1.2460525035858154,27,64
10287,none,0,ordinary,1.6295992136001587,74,64
10287,none,0,first_intext_warning,2.5119571685791016,21,64
10287,none,0,later_intext_warnings,2.0605254769325256,162,64
10287,none,0,warning_after_claim,0.9462554454803467,22,64
10287,truth,1,claim_first,1.9140146970748901,27,64
10287,truth,1,ordinary,1.810791015625,74,64
10287,truth,1,first_intext_warning,2.8679707050323486,21,64
10287,truth,1,later_intext_warnings,2.3997106154759726,162,64
10287,truth,1,warning_after_claim,1.3749171495437622,22,64
10287,truth,-1,claim_first,1.7097855806350708,27,64
10287,truth,-1,ordinary,2.0510499477386475,74,64
10287,truth,-1,first_intext_warning,3.0116076469421387,21,64
10287,truth,-1,later_intext_warnings,2.229855934778849,162,64
10287,truth,-1,warning_after_claim,0.9780043959617615,22,64
10287,random1,1,claim_first,1.905146837234497,27,64
10287,random1,1,ordinary,1.9741536378860474,74,64
10287,random1,1,first_intext_warning,2.6194679737091064,21,64
10287,random1,1,later_intext_warnings,2.1731229225794473,162,64
10287,random1,1,warning_after_claim,1.086795687675476,22,64
10287,random1,-1,claim_first,1.5753304958343506,27,64
10287,random1,-1,ordinary,1.9342665672302246,74,64
10287,random1,-1,first_intext_warning,2.861522912979126,21,64
10287,random1,-1,later_intext_warnings,2.254404524962107,162,64
10287,random1,-1,warning_after_claim,1.0518046617507935,22,64
10287,random2,1,claim_first,1.4224332571029663,27,64
10287,random2,1,ordinary,2.080326795578003,74,64
10287,random2,1,first_intext_warning,3.2835805416107178,21,64
10287,random2,1,later_intext_warnings,2.2907671531041465,162,64
10287,random2,1,warning_after_claim,1.0946402549743652,22,64
10287,random2,-1,claim_first,1.847240686416626,27,64
10287,random2,-1,ordinary,1.8884426355361938,74,64
10287,random2,-1,first_intext_warning,2.4985082149505615,21,64
10287,random2,-1,later_intext_warnings,2.1831488410631814,162,64
10287,random2,-1,warning_after_claim,0.9745011925697327,22,64
10287,random3,1,claim_first,1.685059905052185,27,64
10287,random3,1,ordinary,2.0602898597717285,74,64
10287,random3,1,first_intext_warning,2.53688383102417,21,64
10287,random3,1,later_intext_warnings,2.2240652044614158,162,64
10287,random3,1,warning_after_claim,1.1677179336547852,22,64
10287,random3,-1,claim_first,1.6458779573440552,27,64
10287,random3,-1,ordinary,1.8961528539657593,74,64
10287,random3,-1,first_intext_warning,2.9004650115966797,21,64
10287,random3,-1,later_intext_warnings,2.2427664001782737,162,64
10287,random3,-1,warning_after_claim,1.0182982683181763,22,64
10287,random4,1,claim_first,1.76863431930542,27,64
10287,random4,1,ordinary,1.8847332000732422,74,64
10287,random4,1,first_intext_warning,2.689788818359375,21,64
10287,random4,1,later_intext_warnings,2.233600636323293,162,64
10287,random4,1,warning_after_claim,1.0237679481506348,22,64
10287,random4,-1,claim_first,1.7755993604660034,27,64
10287,random4,-1,ordinary,1.8863168954849243,74,64
10287,random4,-1,first_intext_warning,2.7346765995025635,21,64
10287,random4,-1,later_intext_warnings,2.240722874800364,162,64
10287,random4,-1,warning_after_claim,1.1247837543487549,22,64
10287,random5,1,claim_first,1.5320756435394287,27,64
10287,random5,1,ordinary,1.8853166103363037,74,64
10287,random5,1,first_intext_warning,2.7120766639709473,21,64
10287,random5,1,later_intext_warnings,2.2059258023897805,162,64
10287,random5,1,warning_after_claim,0.9825438857078552,22,64
10287,random5,-1,claim_first,1.8300729990005493,27,64
10287,random5,-1,ordinary,1.9812480211257935,74,64
10287,random5,-1,first_intext_warning,2.654010772705078,21,64
10287,random5,-1,later_intext_warnings,2.221615274747213,162,64
10287,random5,-1,warning_after_claim,1.1392649412155151,22,64
10287,random6,1,claim_first,1.398818850517273,27,64
10287,random6,1,ordinary,1.9213314056396484,74,64
10287,random6,1,first_intext_warning,2.7298176288604736,21,64
10287,random6,1,later_intext_warnings,2.262179970741272,162,64
10287,random6,1,warning_after_claim,0.9864488840103149,22,64
10287,random6,-1,claim_first,2.0443899631500244,27,64
10287,random6,-1,ordinary,1.8987531661987305,74,64
10287,random6,-1,first_intext_warning,2.7499332427978516,21,64
10287,random6,-1,later_intext_warnings,2.2193669080734253,162,64
10287,random6,-1,warning_after_claim,1.1546761989593506,22,64
10287,random7,1,claim_first,1.6523886919021606,27,64
10287,random7,1,ordinary,1.8699707984924316,74,64
10287,random7,1,first_intext_warning,2.604804039001465,21,64
10287,random7,1,later_intext_warnings,2.2245901028315225,162,64
10287,random7,1,warning_after_claim,1.0987277030944824,22,64
10287,random7,-1,claim_first,1.614510178565979,27,64
10287,random7,-1,ordinary,2.1024787425994873,74,64
10287,random7,-1,first_intext_warning,2.8444972038269043,21,64
10287,random7,-1,later_intext_warnings,2.225755512714386,162,64
10287,random7,-1,warning_after_claim,1.0557132959365845,22,64
10287,random8,1,claim_first,1.5443307161331177,27,64
10287,random8,1,ordinary,1.9809268712997437,74,64
10287,random8,1,first_intext_warning,2.735703468322754,21,64
10287,random8,1,later_intext_warnings,2.1712215741475425,162,64
10287,random8,1,warning_after_claim,1.1128931045532227,22,64
10287,random8,-1,claim_first,1.8709203004837036,27,64
10287,random8,-1,ordinary,1.7914129495620728,74,64
10287,random8,-1,first_intext_warning,2.746201515197754,21,64
10287,random8,-1,later_intext_warnings,2.2970346212387085,162,64
10287,random8,-1,warning_after_claim,1.1045584678649902,22,64
10287,random9,1,claim_first,1.6109254360198975,27,64
10287,random9,1,ordinary,1.8461140394210815,74,64
10287,random9,1,first_intext_warning,2.610682487487793,21,64
10287,random9,1,later_intext_warnings,2.2413329482078552,162,64
10287,random9,1,warning_after_claim,0.8698183298110962,22,64
10287,random9,-1,claim_first,1.7544775009155273,27,64
10287,random9,-1,ordinary,1.9107334613800049,74,64
10287,random9,-1,first_intext_warning,2.79180908203125,21,64
10287,random9,-1,later_intext_warnings,2.273454010486603,162,64
10287,random9,-1,warning_after_claim,1.349181056022644,22,64
10287,random10,1,claim_first,1.5381133556365967,27,64
10287,random10,1,ordinary,1.8852459192276,74,64
10287,random10,1,first_intext_warning,2.8052210807800293,21,64
10287,random10,1,later_intext_warnings,2.273637890815735,162,64
10287,random10,1,warning_after_claim,1.075912594795227,22,64
10287,random10,-1,claim_first,1.7939552068710327,27,64
10287,random10,-1,ordinary,1.96714186668396,74,64
10287,random10,-1,first_intext_warning,2.793365955352783,21,64
10287,random10,-1,later_intext_warnings,2.1964171131451926,162,64
10287,random10,-1,warning_after_claim,1.156815767288208,22,64
10288,none,0,claim_first,0.9918637275695801,66,64
10288,none,0,ordinary,2.7634894847869873,63,64
10288,none,0,first_intext_warning,2.516993999481201,30,64
10288,none,0,later_intext_warnings,1.9858358502388,184,64
10288,none,0,warning_after_claim,3.3093886375427246,23,64
10288,truth,1,claim_first,1.3974517583847046,66,64
10288,truth,1,ordinary,3.0151255130767822,63,64
10288,truth,1,first_intext_warning,2.893510580062866,30,64
10288,truth,1,later_intext_warnings,2.339202344417572,184,64
10288,truth,1,warning_after_claim,3.914402723312378,23,64
10288,truth,-1,claim_first,1.1936028003692627,66,64
10288,truth,-1,ordinary,3.1289706230163574,63,64
10288,truth,-1,first_intext_warning,2.798537254333496,30,64
10288,truth,-1,later_intext_warnings,2.344346543153127,184,64
10288,truth,-1,warning_after_claim,3.250633955001831,23,64
10288,random1,1,claim_first,1.4710115194320679,66,64
10288,random1,1,ordinary,3.0510213375091553,63,64
10288,random1,1,first_intext_warning,2.679030418395996,30,64
10288,random1,1,later_intext_warnings,2.1898589730262756,184,64
10288,random1,1,warning_after_claim,3.1840927600860596,23,64
10288,random1,-1,claim_first,1.137243628501892,66,64
10288,random1,-1,ordinary,2.852214813232422,63,64
10288,random1,-1,first_intext_warning,2.57505464553833,30,64
10288,random1,-1,later_intext_warnings,2.1417794823646545,184,64
10288,random1,-1,warning_after_claim,3.4920814037323,23,64
10288,random2,1,claim_first,1.0761908292770386,66,64
10288,random2,1,ordinary,3.142550230026245,63,64
10288,random2,1,first_intext_warning,2.8784196376800537,30,64
10288,random2,1,later_intext_warnings,2.3379278779029846,184,64
10288,random2,1,warning_after_claim,3.8512377738952637,23,64
10288,random2,-1,claim_first,1.4084936380386353,66,64
10288,random2,-1,ordinary,2.9325530529022217,63,64
10288,random2,-1,first_intext_warning,2.6261749267578125,30,64
10288,random2,-1,later_intext_warnings,2.081520140171051,184,64
10288,random2,-1,warning_after_claim,3.1418497562408447,23,64
10288,random3,1,claim_first,1.3555923700332642,66,64
10288,random3,1,ordinary,2.977243185043335,63,64
10288,random3,1,first_intext_warning,2.52695369720459,30,64
10288,random3,1,later_intext_warnings,2.1765294869740806,184,64
10288,random3,1,warning_after_claim,3.5942184925079346,23,64
10288,random3,-1,claim_first,1.068475365638733,66,64
10288,random3,-1,ordinary,2.9166951179504395,63,64
10288,random3,-1,first_intext_warning,2.61617374420166,30,64
10288,random3,-1,later_intext_warnings,2.223906318346659,184,64
10288,random3,-1,warning_after_claim,3.4378502368927,23,64
10288,random4,1,claim_first,1.365863561630249,66,64
10288,random4,1,ordinary,3.023289203643799,63,64
10288,random4,1,first_intext_warning,2.719745397567749,30,64
10288,random4,1,later_intext_warnings,2.156321406364441,184,64
10288,random4,1,warning_after_claim,3.4442148208618164,23,64
10288,random4,-1,claim_first,1.2029657363891602,66,64
10288,random4,-1,ordinary,2.9944560527801514,63,64
10288,random4,-1,first_intext_warning,2.7230441570281982,30,64
10288,random4,-1,later_intext_warnings,2.210648238658905,184,64
10288,random4,-1,warning_after_claim,3.4780638217926025,23,64
10288,random5,1,claim_first,1.1933108568191528,66,64
10288,random5,1,ordinary,2.987766742706299,63,64
10288,random5,1,first_intext_warning,2.668346643447876,30,64
10288,random5,1,later_intext_warnings,2.1467911998430886,184,64
10288,random5,1,warning_after_claim,3.4364349842071533,23,64
10288,random5,-1,claim_first,1.370447039604187,66,64
10288,random5,-1,ordinary,2.9331400394439697,63,64
10288,random5,-1,first_intext_warning,2.5228006839752197,30,64
10288,random5,-1,later_intext_warnings,2.1657917499542236,184,64
10288,random5,-1,warning_after_claim,3.2922661304473877,23,64
10288,random6,1,claim_first,1.3923834562301636,66,64
10288,random6,1,ordinary,2.974876642227173,63,64
10288,random6,1,first_intext_warning,2.77921986579895,30,64
10288,random6,1,later_intext_warnings,2.190495332082113,184,64
10288,random6,1,warning_after_claim,3.130208969116211,23,64
10288,random6,-1,claim_first,1.1104036569595337,66,64
10288,random6,-1,ordinary,2.8739490509033203,63,64
10288,random6,-1,first_intext_warning,2.5964670181274414,30,64
10288,random6,-1,later_intext_warnings,2.18486750125885,184,64
10288,random6,-1,warning_after_claim,3.589881181716919,23,64
10288,random7,1,claim_first,1.2584131956100464,66,64
10288,random7,1,ordinary,2.801776885986328,63,64
10288,random7,1,first_intext_warning,2.3863301277160645,30,64
10288,random7,1,later_intext_warnings,2.112068315347036,184,64
10288,random7,1,warning_after_claim,3.1795170307159424,23,64
10288,random7,-1,claim_first,1.2885693311691284,66,64
10288,random7,-1,ordinary,3.071399688720703,63,64
10288,random7,-1,first_intext_warning,2.8731131553649902,30,64
10288,random7,-1,later_intext_warnings,2.221066693464915,184,64
10288,random7,-1,warning_after_claim,3.3242669105529785,23,64
10288,random8,1,claim_first,1.2159873247146606,66,64
10288,random8,1,ordinary,2.8675005435943604,63,64
10288,random8,1,first_intext_warning,2.579294443130493,30,64
10288,random8,1,later_intext_warnings,2.1830999652544656,184,64
10288,random8,1,warning_after_claim,3.3184375762939453,23,64
10288,random8,-1,claim_first,1.304782509803772,66,64
10288,random8,-1,ordinary,3.014643669128418,63,64
10288,random8,-1,first_intext_warning,2.7277417182922363,30,64
10288,random8,-1,later_intext_warnings,2.107324540615082,184,64
10288,random8,-1,warning_after_claim,3.6911704540252686,23,64
10288,random9,1,claim_first,1.2383695840835571,66,64
10288,random9,1,ordinary,2.911351203918457,63,64
10288,random9,1,first_intext_warning,2.629271984100342,30,64
10288,random9,1,later_intext_warnings,2.171700934569041,184,64
10288,random9,1,warning_after_claim,3.3812355995178223,23,64
10288,random9,-1,claim_first,1.3380827903747559,66,64
10288,random9,-1,ordinary,3.0242786407470703,63,64
10288,random9,-1,first_intext_warning,2.7072670459747314,30,64
10288,random9,-1,later_intext_warnings,2.170304218928019,184,64
10288,random9,-1,warning_after_claim,3.401294469833374,23,64
10288,random10,1,claim_first,1.1489715576171875,66,64
10288,random10,1,ordinary,2.9037935733795166,63,64
10288,random10,1,first_intext_warning,2.624394416809082,30,64
10288,random10,1,later_intext_warnings,2.1799198587735495,184,64
10288,random10,1,warning_after_claim,3.827502965927124,23,64
10288,random10,-1,claim_first,1.406394600868225,66,64
10288,random10,-1,ordinary,3.0273234844207764,63,64
10288,random10,-1,first_intext_warning,2.7868545055389404,30,64
10288,random10,-1,later_intext_warnings,2.1871434847513833,184,64
10288,random10,-1,warning_after_claim,3.2507822513580322,23,64
10289,none,0,claim_first,1.3099228143692017,46,64
10289,none,0,ordinary,1.1382747888565063,101,64
10289,none,0,first_intext_warning,2.44488525390625,35,64
10289,none,0,later_intext_warnings,2.087015072504679,128,64
10289,none,0,warning_after_claim,2.249023914337158,28,64
10289,truth,1,claim_first,1.618737816810608,46,64
10289,truth,1,ordinary,1.6654150485992432,101,64
10289,truth,1,first_intext_warning,2.775693416595459,35,64
10289,truth,1,later_intext_warnings,2.3746033112208047,128,64
10289,truth,1,warning_after_claim,3.0055813789367676,28,64
10289,truth,-1,claim_first,1.6968406438827515,46,64
10289,truth,-1,ordinary,1.4294418096542358,101,64
10289,truth,-1,first_intext_warning,3.0693793296813965,35,64
10289,truth,-1,later_intext_warnings,2.414189259211222,128,64
10289,truth,-1,warning_after_claim,2.464405059814453,28,64
10289,random1,1,claim_first,1.5720330476760864,46,64
10289,random1,1,ordinary,1.6651477813720703,101,64
10289,random1,1,first_intext_warning,2.585812568664551,35,64
10289,random1,1,later_intext_warnings,2.1653126875559487,128,64
10289,random1,1,warning_after_claim,2.359867572784424,28,64
10289,random1,-1,claim_first,1.7486106157302856,46,64
10289,random1,-1,ordinary,1.5338983535766602,101,64
10289,random1,-1,first_intext_warning,2.392651081085205,35,64
10289,random1,-1,later_intext_warnings,2.2242846886316934,128,64
10289,random1,-1,warning_after_claim,2.5261528491973877,28,64
10289,random2,1,claim_first,1.7580169439315796,46,64
10289,random2,1,ordinary,1.613898754119873,101,64
10289,random2,1,first_intext_warning,2.6446664333343506,35,64
10289,random2,1,later_intext_warnings,2.442087252934774,128,64
10289,random2,1,warning_after_claim,2.6906228065490723,28,64
10289,random2,-1,claim_first,1.5533545017242432,46,64
10289,random2,-1,ordinary,1.4433939456939697,101,64
10289,random2,-1,first_intext_warning,2.4540555477142334,35,64
10289,random2,-1,later_intext_warnings,2.0895832180976868,128,64
10289,random2,-1,warning_after_claim,2.312002182006836,28,64
10289,random3,1,claim_first,1.8735570907592773,46,64
10289,random3,1,ordinary,1.5926871299743652,101,64
10289,random3,1,first_intext_warning,2.455012798309326,35,64
10289,random3,1,later_intext_warnings,2.219186305999756,128,64
10289,random3,1,warning_after_claim,2.613798141479492,28,64
10289,random3,-1,claim_first,1.3756071329116821,46,64
10289,random3,-1,ordinary,1.5899205207824707,101,64
10289,random3,-1,first_intext_warning,2.5821409225463867,35,64
10289,random3,-1,later_intext_warnings,2.1878103415171304,128,64
10289,random3,-1,warning_after_claim,2.346433401107788,28,64
10289,random4,1,claim_first,1.6612880229949951,46,64
10289,random4,1,ordinary,1.7731480598449707,101,64
10289,random4,1,first_intext_warning,2.4061710834503174,35,64
10289,random4,1,later_intext_warnings,2.1668585737546286,128,64
10289,random4,1,warning_after_claim,2.336787462234497,28,64
10289,random4,-1,claim_first,1.5690208673477173,46,64
10289,random4,-1,ordinary,1.4782495498657227,101,64
10289,random4,-1,first_intext_warning,2.6328253746032715,35,64
10289,random4,-1,later_intext_warnings,2.2799161275227866,128,64
10289,random4,-1,warning_after_claim,2.5542101860046387,28,64
10289,random5,1,claim_first,1.6138936281204224,46,64
10289,random5,1,ordinary,1.6555888652801514,101,64
10289,random5,1,first_intext_warning,2.619351625442505,35,64
10289,random5,1,later_intext_warnings,2.2461033264795938,128,64
10289,random5,1,warning_after_claim,2.5522191524505615,28,64
10289,random5,-1,claim_first,1.576564908027649,46,64
10289,random5,-1,ordinary,1.583396077156067,101,64
10289,random5,-1,first_intext_warning,2.47406005859375,35,64
10289,random5,-1,later_intext_warnings,2.1805840333302817,128,64
10289,random5,-1,warning_after_claim,2.443514347076416,28,64
10289,random6,1,claim_first,1.6450636386871338,46,64
10289,random6,1,ordinary,1.602805733680725,101,64
10289,random6,1,first_intext_warning,2.316145181655884,35,64
10289,random6,1,later_intext_warnings,2.2810717821121216,128,64
10289,random6,1,warning_after_claim,2.419579267501831,28,64
10289,random6,-1,claim_first,1.5489306449890137,46,64
10289,random6,-1,ordinary,1.489416480064392,101,64
10289,random6,-1,first_intext_warning,2.7189550399780273,35,64
10289,random6,-1,later_intext_warnings,2.168951451778412,128,64
10289,random6,-1,warning_after_claim,2.4148001670837402,28,64
10289,random7,1,claim_first,1.503995656967163,46,64
10289,random7,1,ordinary,1.5557472705841064,101,64
10289,random7,1,first_intext_warning,2.283439874649048,35,64
10289,random7,1,later_intext_warnings,2.137265066305796,128,64
10289,random7,1,warning_after_claim,2.2846992015838623,28,64
10289,random7,-1,claim_first,1.6646355390548706,46,64
10289,random7,-1,ordinary,1.5970813035964966,101,64
10289,random7,-1,first_intext_warning,2.8149523735046387,35,64
10289,random7,-1,later_intext_warnings,2.3396246631940207,128,64
10289,random7,-1,warning_after_claim,2.568387508392334,28,64
10289,random8,1,claim_first,1.4811375141143799,46,64
10289,random8,1,ordinary,1.556836724281311,101,64
10289,random8,1,first_intext_warning,2.5564026832580566,35,64
10289,random8,1,later_intext_warnings,2.172603706518809,128,64
10289,random8,1,warning_after_claim,2.3216652870178223,28,64
10289,random8,-1,claim_first,1.7219974994659424,46,64
10289,random8,-1,ordinary,1.6138103008270264,101,64
10289,random8,-1,first_intext_warning,2.5679991245269775,35,64
10289,random8,-1,later_intext_warnings,2.2942213217417398,128,64
10289,random8,-1,warning_after_claim,2.7020633220672607,28,64
10289,random9,1,claim_first,1.6339319944381714,46,64
10289,random9,1,ordinary,1.5452930927276611,101,64
10289,random9,1,first_intext_warning,2.5308825969696045,35,64
10289,random9,1,later_intext_warnings,2.326616585254669,128,64
10289,random9,1,warning_after_claim,2.494171619415283,28,64
10289,random9,-1,claim_first,1.6506403684616089,46,64
10289,random9,-1,ordinary,1.571717619895935,101,64
10289,random9,-1,first_intext_warning,2.55700421333313,35,64
10289,random9,-1,later_intext_warnings,2.2001790404319763,128,64
10289,random9,-1,warning_after_claim,2.5063509941101074,28,64
10289,random10,1,claim_first,1.6405431032180786,46,64
10289,random10,1,ordinary,1.384610891342163,101,64
10289,random10,1,first_intext_warning,2.4557228088378906,35,64
10289,random10,1,later_intext_warnings,2.267323911190033,128,64
10289,random10,1,warning_after_claim,2.5994949340820312,28,64
10289,random10,-1,claim_first,1.484047770500183,46,64
10289,random10,-1,ordinary,1.5407357215881348,101,64
10289,random10,-1,first_intext_warning,2.7249484062194824,35,64
10289,random10,-1,later_intext_warnings,2.231086254119873,128,64
10289,random10,-1,warning_after_claim,2.4389190673828125,28,64
10290,none,0,claim_first,0.8764443397521973,28,64
10290,none,0,ordinary,2.8688440322875977,65,64
10290,none,0,first_intext_warning,2.4550538063049316,26,64
10290,none,0,later_intext_warnings,2.1496010422706604,150,64
10290,none,0,warning_after_claim,2.1671814918518066,20,64
10290,truth,1,claim_first,1.1603432893753052,28,64
10290,truth,1,ordinary,3.280946969985962,65,64
10290,truth,1,first_intext_warning,2.748452663421631,26,64
10290,truth,1,later_intext_warnings,2.3032837311426797,150,64
10290,truth,1,warning_after_claim,2.6685566902160645,20,64
10290,truth,-1,claim_first,1.1577320098876953,28,64
10290,truth,-1,ordinary,3.0091841220855713,65,64
10290,truth,-1,first_intext_warning,2.5866854190826416,26,64
10290,truth,-1,later_intext_warnings,2.331007480621338,150,64
10290,truth,-1,warning_after_claim,2.5485618114471436,20,64
10290,random1,1,claim_first,1.3781603574752808,28,64
10290,random1,1,ordinary,3.202440023422241,65,64
10290,random1,1,first_intext_warning,2.432314872741699,26,64
10290,random1,1,later_intext_warnings,2.1555535197257996,150,64
10290,random1,1,warning_after_claim,2.3474721908569336,20,64
10290,random1,-1,claim_first,1.1252315044403076,28,64
10290,random1,-1,ordinary,3.1177597045898438,65,64
10290,random1,-1,first_intext_warning,2.601349353790283,26,64
10290,random1,-1,later_intext_warnings,2.2768778204917908,150,64
10290,random1,-1,warning_after_claim,2.408353805541992,20,64
10290,random2,1,claim_first,1.2531406879425049,28,64
10290,random2,1,ordinary,3.0218613147735596,65,64
10290,random2,1,first_intext_warning,2.8003220558166504,26,64
10290,random2,1,later_intext_warnings,2.3797856171925864,150,64
10290,random2,1,warning_after_claim,2.4286749362945557,20,64
10290,random2,-1,claim_first,1.114344835281372,28,64
10290,random2,-1,ordinary,3.0131478309631348,65,64
10290,random2,-1,first_intext_warning,2.3757095336914062,26,64
10290,random2,-1,later_intext_warnings,2.211227317651113,150,64
10290,random2,-1,warning_after_claim,2.472783088684082,20,64
10290,random3,1,claim_first,1.1240193843841553,28,64
10290,random3,1,ordinary,3.0497777462005615,65,64
10290,random3,1,first_intext_warning,2.4133403301239014,26,64
10290,random3,1,later_intext_warnings,2.144690990447998,150,64
10290,random3,1,warning_after_claim,2.5437188148498535,20,64
10290,random3,-1,claim_first,1.0753653049468994,28,64
10290,random3,-1,ordinary,3.0106334686279297,65,64
10290,random3,-1,first_intext_warning,2.5939395427703857,26,64
10290,random3,-1,later_intext_warnings,2.3028684854507446,150,64
10290,random3,-1,warning_after_claim,2.382866859436035,20,64
10290,random4,1,claim_first,1.2398960590362549,28,64
10290,random4,1,ordinary,3.0837011337280273,65,64
10290,random4,1,first_intext_warning,2.618863582611084,26,64
10290,random4,1,later_intext_warnings,2.169762829939524,150,64
10290,random4,1,warning_after_claim,2.5966691970825195,20,64
10290,random4,-1,claim_first,1.1034915447235107,28,64
10290,random4,-1,ordinary,3.0372471809387207,65,64
10290,random4,-1,first_intext_warning,2.4276766777038574,26,64
10290,random4,-1,later_intext_warnings,2.2856261332829795,150,64
10290,random4,-1,warning_after_claim,2.24306058883667,20,64
10290,random5,1,claim_first,1.0762039422988892,28,64
10290,random5,1,ordinary,2.8841075897216797,65,64
10290,random5,1,first_intext_warning,2.5449914932250977,26,64
10290,random5,1,later_intext_warnings,2.2839682499567666,150,64
10290,random5,1,warning_after_claim,2.3884034156799316,20,64
10290,random5,-1,claim_first,1.1261850595474243,28,64
10290,random5,-1,ordinary,3.115028142929077,65,64
10290,random5,-1,first_intext_warning,2.5447144508361816,26,64
10290,random5,-1,later_intext_warnings,2.226723571618398,150,64
10290,random5,-1,warning_after_claim,2.4727113246917725,20,64
10290,random6,1,claim_first,1.0498130321502686,28,64
10290,random6,1,ordinary,3.0646042823791504,65,64
10290,random6,1,first_intext_warning,2.4512991905212402,26,64
10290,random6,1,later_intext_warnings,2.3093860149383545,150,64
10290,random6,1,warning_after_claim,2.370593547821045,20,64
10290,random6,-1,claim_first,1.1506693363189697,28,64
10290,random6,-1,ordinary,3.1144235134124756,65,64
10290,random6,-1,first_intext_warning,2.602569341659546,26,64
10290,random6,-1,later_intext_warnings,2.2396725018819175,150,64
10290,random6,-1,warning_after_claim,2.302218437194824,20,64
10290,random7,1,claim_first,1.1262599229812622,28,64
10290,random7,1,ordinary,3.1724767684936523,65,64
10290,random7,1,first_intext_warning,2.628159523010254,26,64
10290,random7,1,later_intext_warnings,2.211163341999054,150,64
10290,random7,1,warning_after_claim,2.2015607357025146,20,64
10290,random7,-1,claim_first,1.080041766166687,28,64
10290,random7,-1,ordinary,2.9901201725006104,65,64
10290,random7,-1,first_intext_warning,2.4495480060577393,26,64
10290,random7,-1,later_intext_warnings,2.2736674745877585,150,64
10290,random7,-1,warning_after_claim,2.4284424781799316,20,64
10290,random8,1,claim_first,1.1715854406356812,28,64
10290,random8,1,ordinary,3.0688953399658203,65,64
10290,random8,1,first_intext_warning,2.5843324661254883,26,64
10290,random8,1,later_intext_warnings,2.260058422883352,150,64
10290,random8,1,warning_after_claim,2.261073589324951,20,64
10290,random8,-1,claim_first,1.1270806789398193,28,64
10290,random8,-1,ordinary,2.9995765686035156,65,64
10290,random8,-1,first_intext_warning,2.619046688079834,26,64
10290,random8,-1,later_intext_warnings,2.2362571557362876,150,64
10290,random8,-1,warning_after_claim,2.5896496772766113,20,64
10290,random9,1,claim_first,1.0847786664962769,28,64
10290,random9,1,ordinary,3.129789352416992,65,64
10290,random9,1,first_intext_warning,2.423982620239258,26,64
10290,random9,1,later_intext_warnings,2.1884900331497192,150,64
10290,random9,1,warning_after_claim,2.227248430252075,20,64
10290,random9,-1,claim_first,1.135681390762329,28,64
10290,random9,-1,ordinary,3.086167573928833,65,64
10290,random9,-1,first_intext_warning,2.6286826133728027,26,64
10290,random9,-1,later_intext_warnings,2.339267055193583,150,64
10290,random9,-1,warning_after_claim,2.531550645828247,20,64
10290,random10,1,claim_first,1.1993457078933716,28,64
10290,random10,1,ordinary,3.0477936267852783,65,64
10290,random10,1,first_intext_warning,2.4797556400299072,26,64
10290,random10,1,later_intext_warnings,2.1967750589052835,150,64
10290,random10,1,warning_after_claim,2.432605266571045,20,64
10290,random10,-1,claim_first,1.2360656261444092,28,64
10290,random10,-1,ordinary,3.044529914855957,65,64
10290,random10,-1,first_intext_warning,2.615868091583252,26,64
10290,random10,-1,later_intext_warnings,2.2552631894747415,150,64
10290,random10,-1,warning_after_claim,2.5363447666168213,20,64
10291,none,0,claim_first,0.5993533134460449,57,64
10291,none,0,ordinary,1.8735665082931519,88,64
10291,none,0,first_intext_warning,2.43068528175354,30,64
10291,none,0,later_intext_warnings,1.78284486134847,176,64
10291,none,0,warning_after_claim,2.6955230236053467,24,64
10291,truth,1,claim_first,0.8657171130180359,57,64
10291,truth,1,ordinary,2.221196174621582,88,64
10291,truth,1,first_intext_warning,2.9753923416137695,30,64
10291,truth,1,later_intext_warnings,2.1678420106569924,176,64
10291,truth,1,warning_after_claim,3.124553680419922,24,64
10291,truth,-1,claim_first,0.895779013633728,57,64
10291,truth,-1,ordinary,2.124973773956299,88,64
10291,truth,-1,first_intext_warning,2.678696870803833,30,64
10291,truth,-1,later_intext_warnings,1.9616862535476685,176,64
10291,truth,-1,warning_after_claim,2.9600343704223633,24,64
10291,random1,1,claim_first,1.1303393840789795,57,64
10291,random1,1,ordinary,2.0568649768829346,88,64
10291,random1,1,first_intext_warning,2.770484209060669,30,64
10291,random1,1,later_intext_warnings,1.980638285477956,176,64
10291,random1,1,warning_after_claim,2.6529738903045654,24,64
10291,random1,-1,claim_first,0.9009793996810913,57,64
10291,random1,-1,ordinary,2.136456251144409,88,64
10291,random1,-1,first_intext_warning,2.334409475326538,30,64
10291,random1,-1,later_intext_warnings,1.8614548047383626,176,64
10291,random1,-1,warning_after_claim,2.886315107345581,24,64
10291,random2,1,claim_first,0.7984657287597656,57,64
10291,random2,1,ordinary,2.0884687900543213,88,64
10291,random2,1,first_intext_warning,2.7774367332458496,30,64
10291,random2,1,later_intext_warnings,1.9884215593338013,176,64
10291,random2,1,warning_after_claim,2.9756920337677,24,64
10291,random2,-1,claim_first,0.9004107713699341,57,64
10291,random2,-1,ordinary,2.1254684925079346,88,64
10291,random2,-1,first_intext_warning,2.5673935413360596,30,64
10291,random2,-1,later_intext_warnings,1.949759582678477,176,64
10291,random2,-1,warning_after_claim,2.604865789413452,24,64
10291,random3,1,claim_first,0.8422584533691406,57,64
10291,random3,1,ordinary,2.195434331893921,88,64
10291,random3,1,first_intext_warning,2.6471827030181885,30,64
10291,random3,1,later_intext_warnings,1.9669246673583984,176,64
10291,random3,1,warning_after_claim,3.252741575241089,24,64
10291,random3,-1,claim_first,0.8446440696716309,57,64
10291,random3,-1,ordinary,1.9910569190979004,88,64
10291,random3,-1,first_intext_warning,2.579683542251587,30,64
10291,random3,-1,later_intext_warnings,1.9575938781102498,176,64
10291,random3,-1,warning_after_claim,2.5236809253692627,24,64
10291,random4,1,claim_first,0.9239163994789124,57,64
10291,random4,1,ordinary,2.059459686279297,88,64
10291,random4,1,first_intext_warning,2.666137933731079,30,64
10291,random4,1,later_intext_warnings,1.951920489470164,176,64
10291,random4,1,warning_after_claim,2.6087400913238525,24,64
10291,random4,-1,claim_first,0.7978124618530273,57,64
10291,random4,-1,ordinary,2.0602688789367676,88,64
10291,random4,-1,first_intext_warning,2.5082056522369385,30,64
10291,random4,-1,later_intext_warnings,2.0057493249575296,176,64
10291,random4,-1,warning_after_claim,3.1416289806365967,24,64
10291,random5,1,claim_first,0.8921759128570557,57,64
10291,random5,1,ordinary,2.1543686389923096,88,64
10291,random5,1,first_intext_warning,2.6887764930725098,30,64
10291,random5,1,later_intext_warnings,1.993140419324239,176,64
10291,random5,1,warning_after_claim,3.0035431385040283,24,64
10291,random5,-1,claim_first,0.8818708062171936,57,64
10291,random5,-1,ordinary,2.0174646377563477,88,64
10291,random5,-1,first_intext_warning,2.5405890941619873,30,64
10291,random5,-1,later_intext_warnings,1.8546272714932759,176,64
10291,random5,-1,warning_after_claim,2.8405838012695312,24,64
10291,random6,1,claim_first,0.861198902130127,57,64
10291,random6,1,ordinary,2.168572187423706,88,64
10291,random6,1,first_intext_warning,2.608482599258423,30,64
10291,random6,1,later_intext_warnings,1.9611420432726543,176,64
10291,random6,1,warning_after_claim,2.73519229888916,24,64
10291,random6,-1,claim_first,0.7636665105819702,57,64
10291,random6,-1,ordinary,2.0329694747924805,88,64
10291,random6,-1,first_intext_warning,2.5303003787994385,30,64
10291,random6,-1,later_intext_warnings,1.991410772005717,176,64
10291,random6,-1,warning_after_claim,2.912952423095703,24,64
10291,random7,1,claim_first,0.7517739534378052,57,64
10291,random7,1,ordinary,2.0184426307678223,88,64
10291,random7,1,first_intext_warning,2.485384702682495,30,64
10291,random7,1,later_intext_warnings,1.9217198689778645,176,64
10291,random7,1,warning_after_claim,2.630448579788208,24,64
10291,random7,-1,claim_first,0.9787615537643433,57,64
10291,random7,-1,ordinary,2.165323257446289,88,64
10291,random7,-1,first_intext_warning,2.6474554538726807,30,64
10291,random7,-1,later_intext_warnings,1.9376060565312703,176,64
10291,random7,-1,warning_after_claim,2.8516547679901123,24,64
10291,random8,1,claim_first,0.7234168648719788,57,64
10291,random8,1,ordinary,2.0898473262786865,88,64
10291,random8,1,first_intext_warning,2.4852218627929688,30,64
10291,random8,1,later_intext_warnings,1.9576246937115986,176,64
10291,random8,1,warning_after_claim,2.750094175338745,24,64
10291,random8,-1,claim_first,0.905576229095459,57,64
10291,random8,-1,ordinary,1.997172236442566,88,64
10291,random8,-1,first_intext_warning,2.678816080093384,30,64
10291,random8,-1,later_intext_warnings,1.969985028107961,176,64
10291,random8,-1,warning_after_claim,2.916865110397339,24,64
10291,random9,1,claim_first,0.8872614502906799,57,64
10291,random9,1,ordinary,2.0565378665924072,88,64
10291,random9,1,first_intext_warning,2.5725324153900146,30,64
10291,random9,1,later_intext_warnings,1.9264688690503438,176,64
10291,random9,1,warning_after_claim,2.9402925968170166,24,64
10291,random9,-1,claim_first,0.8568332195281982,57,64
10291,random9,-1,ordinary,2.24394154548645,88,64
10291,random9,-1,first_intext_warning,2.646197557449341,30,64
10291,random9,-1,later_intext_warnings,2.002329925696055,176,64
10291,random9,-1,warning_after_claim,2.8322763442993164,24,64
10291,random10,1,claim_first,0.8972755074501038,57,64
10291,random10,1,ordinary,2.066523551940918,88,64
10291,random10,1,first_intext_warning,2.555190324783325,30,64
10291,random10,1,later_intext_warnings,1.966315766175588,176,64
10291,random10,1,warning_after_claim,2.8568203449249268,24,64
10291,random10,-1,claim_first,0.8140394687652588,57,64
10291,random10,-1,ordinary,2.1527202129364014,88,64
10291,random10,-1,first_intext_warning,2.755246162414551,30,64
10291,random10,-1,later_intext_warnings,1.982422411441803,176,64
10291,random10,-1,warning_after_claim,2.935797929763794,24,64
10292,none,0,claim_first,2.029188632965088,38,64
10292,none,0,ordinary,1.4313157796859741,103,64
10292,none,0,first_intext_warning,2.7955069541931152,31,64
10292,none,0,later_intext_warnings,1.8756871938705444,116,64
10292,none,0,warning_after_claim,2.4506165981292725,23,64
10292,truth,1,claim_first,2.511395215988159,38,64
10292,truth,1,ordinary,1.7060133218765259,103,64
10292,truth,1,first_intext_warning,3.319549560546875,31,64
10292,truth,1,later_intext_warnings,2.21742262840271,116,64
10292,truth,1,warning_after_claim,2.8465378284454346,23,64
10292,truth,-1,claim_first,2.3608100414276123,38,64
10292,truth,-1,ordinary,1.5792415142059326,103,64
10292,truth,-1,first_intext_warning,3.5196821689605713,31,64
10292,truth,-1,later_intext_warnings,2.0405545949935915,116,64
10292,truth,-1,warning_after_claim,2.7311036586761475,23,64
10292,random1,1,claim_first,2.3703861236572266,38,64
10292,random1,1,ordinary,1.7987908124923706,103,64
10292,random1,1,first_intext_warning,2.843614339828491,31,64
10292,random1,1,later_intext_warnings,2.039394760131836,116,64
10292,random1,1,warning_after_claim,2.624136447906494,23,64
10292,random1,-1,claim_first,2.3899757862091064,38,64
10292,random1,-1,ordinary,1.7253315448760986,103,64
10292,random1,-1,first_intext_warning,3.0521938800811768,31,64
10292,random1,-1,later_intext_warnings,1.955430507659912,116,64
10292,random1,-1,warning_after_claim,2.6783392429351807,23,64
10292,random2,1,claim_first,2.241691827774048,38,64
10292,random2,1,ordinary,1.6783971786499023,103,64
10292,random2,1,first_intext_warning,3.0737478733062744,31,64
10292,random2,1,later_intext_warnings,2.229792284965515,116,64
10292,random2,1,warning_after_claim,2.7442774772644043,23,64
10292,random2,-1,claim_first,2.2523651123046875,38,64
10292,random2,-1,ordinary,1.6025923490524292,103,64
10292,random2,-1,first_intext_warning,3.0057270526885986,31,64
10292,random2,-1,later_intext_warnings,1.9690742492675781,116,64
10292,random2,-1,warning_after_claim,2.3993284702301025,23,64
10292,random3,1,claim_first,2.401203155517578,38,64
10292,random3,1,ordinary,1.7663596868515015,103,64
10292,random3,1,first_intext_warning,2.9910216331481934,31,64
10292,random3,1,later_intext_warnings,2.026939845085144,116,64
10292,random3,1,warning_after_claim,2.4823544025421143,23,64
10292,random3,-1,claim_first,2.172947645187378,38,64
10292,random3,-1,ordinary,1.564218282699585,103,64
10292,random3,-1,first_intext_warning,2.7709434032440186,31,64
10292,random3,-1,later_intext_warnings,2.136738419532776,116,64
10292,random3,-1,warning_after_claim,2.7049477100372314,23,64
10292,random4,1,claim_first,2.2706515789031982,38,64
10292,random4,1,ordinary,1.595773696899414,103,64
10292,random4,1,first_intext_warning,3.1161956787109375,31,64
10292,random4,1,later_intext_warnings,2.059261202812195,116,64
10292,random4,1,warning_after_claim,2.485473871231079,23,64
10292,random4,-1,claim_first,2.2562544345855713,38,64
10292,random4,-1,ordinary,1.6078779697418213,103,64
10292,random4,-1,first_intext_warning,2.8346920013427734,31,64
10292,random4,-1,later_intext_warnings,2.063154196739197,116,64
10292,random4,-1,warning_after_claim,2.6096842288970947,23,64
10292,random5,1,claim_first,2.2597718238830566,38,64
10292,random5,1,ordinary,1.7257280349731445,103,64
10292,random5,1,first_intext_warning,3.0763871669769287,31,64
10292,random5,1,later_intext_warnings,2.066912579536438,116,64
10292,random5,1,warning_after_claim,2.5509188175201416,23,64
10292,random5,-1,claim_first,2.247131109237671,38,64
10292,random5,-1,ordinary,1.5871630907058716,103,64
10292,random5,-1,first_intext_warning,2.934823989868164,31,64
10292,random5,-1,later_intext_warnings,2.009164905548096,116,64
10292,random5,-1,warning_after_claim,2.5987093448638916,23,64
10292,random6,1,claim_first,2.285679578781128,38,64
10292,random6,1,ordinary,1.7314774990081787,103,64
10292,random6,1,first_intext_warning,2.8632848262786865,31,64
10292,random6,1,later_intext_warnings,2.047676849365234,116,64
10292,random6,1,warning_after_claim,2.5280489921569824,23,64
10292,random6,-1,claim_first,2.2242307662963867,38,64
10292,random6,-1,ordinary,1.5159451961517334,103,64
10292,random6,-1,first_intext_warning,3.076016426086426,31,64
10292,random6,-1,later_intext_warnings,2.117830753326416,116,64
10292,random6,-1,warning_after_claim,2.655113697052002,23,64
10292,random7,1,claim_first,2.1530134677886963,38,64
10292,random7,1,ordinary,1.7451450824737549,103,64
10292,random7,1,first_intext_warning,2.769221544265747,31,64
10292,random7,1,later_intext_warnings,1.9809024572372436,116,64
10292,random7,1,warning_after_claim,2.5344834327697754,23,64
10292,random7,-1,claim_first,2.397940158843994,38,64
10292,random7,-1,ordinary,1.7059468030929565,103,64
10292,random7,-1,first_intext_warning,3.172935724258423,31,64
10292,random7,-1,later_intext_warnings,2.1290050745010376,116,64
10292,random7,-1,warning_after_claim,2.4466006755828857,23,64
10292,random8,1,claim_first,2.1907615661621094,38,64
10292,random8,1,ordinary,1.7163747549057007,103,64
10292,random8,1,first_intext_warning,2.940192699432373,31,64
10292,random8,1,later_intext_warnings,2.0374919891357424,116,64
10292,random8,1,warning_after_claim,2.5104544162750244,23,64
10292,random8,-1,claim_first,2.353179454803467,38,64
10292,random8,-1,ordinary,1.5861071348190308,103,64
10292,random8,-1,first_intext_warning,3.022237777709961,31,64
10292,random8,-1,later_intext_warnings,2.102929401397705,116,64
10292,random8,-1,warning_after_claim,2.6792349815368652,23,64
10292,random9,1,claim_first,2.3532190322875977,38,64
10292,random9,1,ordinary,1.6319305896759033,103,64
10292,random9,1,first_intext_warning,2.824946880340576,31,64
10292,random9,1,later_intext_warnings,2.0175943613052367,116,64
10292,random9,1,warning_after_claim,2.499602794647217,23,64
10292,random9,-1,claim_first,2.1318140029907227,38,64
10292,random9,-1,ordinary,1.723079800605774,103,64
10292,random9,-1,first_intext_warning,3.023195743560791,31,64
10292,random9,-1,later_intext_warnings,2.0971560716629027,116,64
10292,random9,-1,warning_after_claim,2.6601524353027344,23,64
10292,random10,1,claim_first,2.3573193550109863,38,64
10292,random10,1,ordinary,1.6005635261535645,103,64
10292,random10,1,first_intext_warning,2.965602397918701,31,64
10292,random10,1,later_intext_warnings,2.038141942024231,116,64
10292,random10,1,warning_after_claim,2.7663018703460693,23,64
10292,random10,-1,claim_first,2.055251359939575,38,64
10292,random10,-1,ordinary,1.6348150968551636,103,64
10292,random10,-1,first_intext_warning,3.0499157905578613,31,64
10292,random10,-1,later_intext_warnings,2.0890247106552122,116,64
10292,random10,-1,warning_after_claim,2.453052043914795,23,64
10293,none,0,claim_first,0.39804720878601074,45,64
10293,none,0,ordinary,1.4134447574615479,109,64
10293,none,0,first_intext_warning,2.3434152603149414,30,64
10293,none,0,later_intext_warnings,2.098842477798462,147,64
10293,none,0,warning_after_claim,2.7493913173675537,23,64
10293,truth,1,claim_first,0.7410686016082764,45,64
10293,truth,1,ordinary,1.9048967361450195,109,64
10293,truth,1,first_intext_warning,2.783987283706665,30,64
10293,truth,1,later_intext_warnings,2.27602858543396,147,64
10293,truth,1,warning_after_claim,3.6158156394958496,23,64
10293,truth,-1,claim_first,0.5410923361778259,45,64
10293,truth,-1,ordinary,1.909084439277649,109,64
10293,truth,-1,first_intext_warning,2.3939225673675537,30,64
10293,truth,-1,later_intext_warnings,2.425299882888794,147,64
10293,truth,-1,warning_after_claim,2.942936658859253,23,64
10293,random1,1,claim_first,0.8021997213363647,45,64
10293,random1,1,ordinary,1.8793790340423584,109,64
10293,random1,1,first_intext_warning,2.4439260959625244,30,64
10293,random1,1,later_intext_warnings,2.235965871810913,147,64
10293,random1,1,warning_after_claim,2.901080369949341,23,64
10293,random1,-1,claim_first,0.5430063009262085,45,64
10293,random1,-1,ordinary,2.0245790481567383,109,64
10293,random1,-1,first_intext_warning,2.515549898147583,30,64
10293,random1,-1,later_intext_warnings,2.2685892820358275,147,64
10293,random1,-1,warning_after_claim,2.928891658782959,23,64
10293,random2,1,claim_first,0.55217045545578,45,64
10293,random2,1,ordinary,1.9938675165176392,109,64
10293,random2,1,first_intext_warning,2.4624502658843994,30,64
10293,random2,1,later_intext_warnings,2.436264228820801,147,64
10293,random2,1,warning_after_claim,3.113828659057617,23,64
10293,random2,-1,claim_first,0.69182288646698,45,64
10293,random2,-1,ordinary,1.894990086555481,109,64
10293,random2,-1,first_intext_warning,2.537505865097046,30,64
10293,random2,-1,later_intext_warnings,2.191831088066101,147,64
10293,random2,-1,warning_after_claim,3.012033462524414,23,64
10293,random3,1,claim_first,0.6629254817962646,45,64
10293,random3,1,ordinary,1.912204384803772,109,64
10293,random3,1,first_intext_warning,2.484614133834839,30,64
10293,random3,1,later_intext_warnings,2.241581749916077,147,64
10293,random3,1,warning_after_claim,3.0854549407958984,23,64
10293,random3,-1,claim_first,0.5839409828186035,45,64
10293,random3,-1,ordinary,1.8946325778961182,109,64
10293,random3,-1,first_intext_warning,2.439897298812866,30,64
10293,random3,-1,later_intext_warnings,2.302076292037964,147,64
10293,random3,-1,warning_after_claim,2.7591166496276855,23,64
10293,random4,1,claim_first,0.6358944773674011,45,64
10293,random4,1,ordinary,2.043062925338745,109,64
10293,random4,1,first_intext_warning,2.744567394256592,30,64
10293,random4,1,later_intext_warnings,2.2450642347335816,147,64
10293,random4,1,warning_after_claim,2.9948883056640625,23,64
10293,random4,-1,claim_first,0.6130939722061157,45,64
10293,random4,-1,ordinary,1.8175349235534668,109,64
10293,random4,-1,first_intext_warning,2.3706469535827637,30,64
10293,random4,-1,later_intext_warnings,2.2469375133514404,147,64
10293,random4,-1,warning_after_claim,3.1623167991638184,23,64
10293,random5,1,claim_first,0.6862591505050659,45,64
10293,random5,1,ordinary,1.9550275802612305,109,64
10293,random5,1,first_intext_warning,2.5509755611419678,30,64
10293,random5,1,later_intext_warnings,2.2089762449264527,147,64
10293,random5,1,warning_after_claim,3.0782744884490967,23,64
10293,random5,-1,claim_first,0.6046850681304932,45,64
10293,random5,-1,ordinary,1.8853403329849243,109,64
10293,random5,-1,first_intext_warning,2.349968671798706,30,64
10293,random5,-1,later_intext_warnings,2.222231888771057,147,64
10293,random5,-1,warning_after_claim,2.8830814361572266,23,64
10293,random6,1,claim_first,0.6121739745140076,45,64
10293,random6,1,ordinary,2.0276598930358887,109,64
10293,random6,1,first_intext_warning,2.326862335205078,30,64
10293,random6,1,later_intext_warnings,2.1840855360031126,147,64
10293,random6,1,warning_after_claim,2.8717525005340576,23,64
10293,random6,-1,claim_first,0.6526445150375366,45,64
10293,random6,-1,ordinary,1.8351303339004517,109,64
10293,random6,-1,first_intext_warning,2.47800874710083,30,64
10293,random6,-1,later_intext_warnings,2.364622163772583,147,64
10293,random6,-1,warning_after_claim,2.979491949081421,23,64
10293,random7,1,claim_first,0.5881084203720093,45,64
10293,random7,1,ordinary,1.8908175230026245,109,64
10293,random7,1,first_intext_warning,2.701664686203003,30,64
10293,random7,1,later_intext_warnings,2.2102113008499145,147,64
10293,random7,1,warning_after_claim,3.111053466796875,23,64
10293,random7,-1,claim_first,0.7151812314987183,45,64
10293,random7,-1,ordinary,2.046367645263672,109,64
10293,random7,-1,first_intext_warning,2.360229730606079,30,64
10293,random7,-1,later_intext_warnings,2.248842692375183,147,64
10293,random7,-1,warning_after_claim,2.6949498653411865,23,64
10293,random8,1,claim_first,0.5080450773239136,45,64
10293,random8,1,ordinary,1.853294014930725,109,64
10293,random8,1,first_intext_warning,2.4586570262908936,30,64
10293,random8,1,later_intext_warnings,2.307995009422302,147,64
10293,random8,1,warning_after_claim,2.821767807006836,23,64
10293,random8,-1,claim_first,0.6035840511322021,45,64
10293,random8,-1,ordinary,1.876051902770996,109,64
10293,random8,-1,first_intext_warning,2.49975848197937,30,64
10293,random8,-1,later_intext_warnings,2.2748332023620605,147,64
10293,random8,-1,warning_after_claim,3.113508462905884,23,64
10293,random9,1,claim_first,0.6633244156837463,45,64
10293,random9,1,ordinary,1.8031280040740967,109,64
10293,random9,1,first_intext_warning,2.3516647815704346,30,64
10293,random9,1,later_intext_warnings,2.2348925352096556,147,64
10293,random9,1,warning_after_claim,2.915572166442871,23,64
10293,random9,-1,claim_first,0.6007049679756165,45,64
10293,random9,-1,ordinary,2.090858221054077,109,64
10293,random9,-1,first_intext_warning,2.5615620613098145,30,64
10293,random9,-1,later_intext_warnings,2.291694092750549,147,64
10293,random9,-1,warning_after_claim,2.8386809825897217,23,64
10293,random10,1,claim_first,0.5548623204231262,45,64
10293,random10,1,ordinary,1.8254153728485107,109,64
10293,random10,1,first_intext_warning,2.4145359992980957,30,64
10293,random10,1,later_intext_warnings,2.284603548049927,147,64
10293,random10,1,warning_after_claim,3.0358691215515137,23,64
10293,random10,-1,claim_first,0.6607822775840759,45,64
10293,random10,-1,ordinary,1.8920470476150513,109,64
10293,random10,-1,first_intext_warning,2.562055826187134,30,64
10293,random10,-1,later_intext_warnings,2.22983922958374,147,64
10293,random10,-1,warning_after_claim,2.9501731395721436,23,64
10294,none,0,claim_first,1.3499565124511719,32,64
10294,none,0,ordinary,2.4540839195251465,76,64
10294,none,0,first_intext_warning,3.3243212699890137,28,64
10294,none,0,later_intext_warnings,2.031085729598999,168,64
10294,none,0,warning_after_claim,3.2294888496398926,21,64
10294,truth,1,claim_first,1.664189338684082,32,64
10294,truth,1,ordinary,2.9267849922180176,76,64
10294,truth,1,first_intext_warning,3.973923921585083,28,64
10294,truth,1,later_intext_warnings,2.4207948644955954,168,64
10294,truth,1,warning_after_claim,3.645204544067383,21,64
10294,truth,-1,claim_first,1.499822735786438,32,64
10294,truth,-1,ordinary,2.6922852993011475,76,64
10294,truth,-1,first_intext_warning,3.6346912384033203,28,64
10294,truth,-1,later_intext_warnings,2.295106132825216,168,64
10294,truth,-1,warning_after_claim,3.2469913959503174,21,64
10294,random1,1,claim_first,1.819127082824707,32,64
10294,random1,1,ordinary,2.781282424926758,76,64
10294,random1,1,first_intext_warning,3.5337045192718506,28,64
10294,random1,1,later_intext_warnings,2.15639195839564,168,64
10294,random1,1,warning_after_claim,3.2434184551239014,21,64
10294,random1,-1,claim_first,1.5113537311553955,32,64
10294,random1,-1,ordinary,2.724059581756592,76,64
10294,random1,-1,first_intext_warning,3.440089702606201,28,64
10294,random1,-1,later_intext_warnings,2.264183203379313,168,64
10294,random1,-1,warning_after_claim,3.324136734008789,21,64
10294,random2,1,claim_first,1.6201117038726807,32,64
10294,random2,1,ordinary,2.7058229446411133,76,64
10294,random2,1,first_intext_warning,3.848628282546997,28,64
10294,random2,1,later_intext_warnings,2.329188128312429,168,64
10294,random2,1,warning_after_claim,3.776089906692505,21,64
10294,random2,-1,claim_first,1.4403724670410156,32,64
10294,random2,-1,ordinary,2.5820977687835693,76,64
10294,random2,-1,first_intext_warning,3.3939249515533447,28,64
10294,random2,-1,later_intext_warnings,2.18453582127889,168,64
10294,random2,-1,warning_after_claim,3.0983500480651855,21,64
10294,random3,1,claim_first,1.5519554615020752,32,64
10294,random3,1,ordinary,2.6424038410186768,76,64
10294,random3,1,first_intext_warning,3.5137546062469482,28,64
10294,random3,1,later_intext_warnings,2.2597394386927285,168,64
10294,random3,1,warning_after_claim,3.681777238845825,21,64
10294,random3,-1,claim_first,1.586392879486084,32,64
10294,random3,-1,ordinary,2.717221260070801,76,64
10294,random3,-1,first_intext_warning,3.419874429702759,28,64
10294,random3,-1,later_intext_warnings,2.1572843392690024,168,64
10294,random3,-1,warning_after_claim,3.179185152053833,21,64
10294,random4,1,claim_first,1.427398920059204,32,64
10294,random4,1,ordinary,2.7757484912872314,76,64
10294,random4,1,first_intext_warning,3.410329818725586,28,64
10294,random4,1,later_intext_warnings,2.1682084997495017,168,64
10294,random4,1,warning_after_claim,3.1830825805664062,21,64
10294,random4,-1,claim_first,1.7913727760314941,32,64
10294,random4,-1,ordinary,2.67789626121521,76,64
10294,random4,-1,first_intext_warning,3.44162917137146,28,64
10294,random4,-1,later_intext_warnings,2.323915700117747,168,64
10294,random4,-1,warning_after_claim,3.507019519805908,21,64
10294,random5,1,claim_first,1.458707571029663,32,64
10294,random5,1,ordinary,2.6913106441497803,76,64
10294,random5,1,first_intext_warning,3.4588088989257812,28,64
10294,random5,1,later_intext_warnings,2.2868600289026895,168,64
10294,random5,1,warning_after_claim,3.3982856273651123,21,64
10294,random5,-1,claim_first,1.5323179960250854,32,64
10294,random5,-1,ordinary,2.646860122680664,76,64
10294,random5,-1,first_intext_warning,3.5186965465545654,28,64
10294,random5,-1,later_intext_warnings,2.1260489026705423,168,64
10294,random5,-1,warning_after_claim,3.2200727462768555,21,64
10294,random6,1,claim_first,1.599663257598877,32,64
10294,random6,1,ordinary,2.6470065116882324,76,64
10294,random6,1,first_intext_warning,3.4892334938049316,28,64
10294,random6,1,later_intext_warnings,2.1679380734761557,168,64
10294,random6,1,warning_after_claim,3.3363444805145264,21,64
10294,random6,-1,claim_first,1.5356026887893677,32,64
10294,random6,-1,ordinary,2.656243085861206,76,64
10294,random6,-1,first_intext_warning,3.3733456134796143,28,64
10294,random6,-1,later_intext_warnings,2.2379517356554666,168,64
10294,random6,-1,warning_after_claim,3.358603000640869,21,64
10294,random7,1,claim_first,1.2722582817077637,32,64
10294,random7,1,ordinary,2.6666297912597656,76,64
10294,random7,1,first_intext_warning,3.346736192703247,28,64
10294,random7,1,later_intext_warnings,2.1895681818326316,168,64
10294,random7,1,warning_after_claim,3.2570996284484863,21,64
10294,random7,-1,claim_first,1.8983204364776611,32,64
10294,random7,-1,ordinary,2.7444427013397217,76,64
10294,random7,-1,first_intext_warning,3.549882173538208,28,64
10294,random7,-1,later_intext_warnings,2.219097673892975,168,64
10294,random7,-1,warning_after_claim,3.2772183418273926,21,64
10294,random8,1,claim_first,1.547463059425354,32,64
10294,random8,1,ordinary,2.7334771156311035,76,64
10294,random8,1,first_intext_warning,3.39854097366333,28,64
10294,random8,1,later_intext_warnings,2.2489068110783896,168,64
10294,random8,1,warning_after_claim,3.352858781814575,21,64
10294,random8,-1,claim_first,1.499635100364685,32,64
10294,random8,-1,ordinary,2.6129486560821533,76,64
10294,random8,-1,first_intext_warning,3.4223055839538574,28,64
10294,random8,-1,later_intext_warnings,2.2365794579188027,168,64
10294,random8,-1,warning_after_claim,3.364252805709839,21,64
10294,random9,1,claim_first,1.5444447994232178,32,64
10294,random9,1,ordinary,2.5679121017456055,76,64
10294,random9,1,first_intext_warning,3.480844497680664,28,64
10294,random9,1,later_intext_warnings,2.1782306432724,168,64
10294,random9,1,warning_after_claim,3.237523078918457,21,64
10294,random9,-1,claim_first,1.5896015167236328,32,64
10294,random9,-1,ordinary,2.7219910621643066,76,64
10294,random9,-1,first_intext_warning,3.413792133331299,28,64
10294,random9,-1,later_intext_warnings,2.328379968802134,168,64
10294,random9,-1,warning_after_claim,3.4951395988464355,21,64
10294,random10,1,claim_first,1.6214929819107056,32,64
10294,random10,1,ordinary,2.6105759143829346,76,64
10294,random10,1,first_intext_warning,3.535630464553833,28,64
10294,random10,1,later_intext_warnings,2.2022876143455505,168,64
10294,random10,1,warning_after_claim,3.4545066356658936,21,64
10294,random10,-1,claim_first,1.375544786453247,32,64
10294,random10,-1,ordinary,2.713657855987549,76,64
10294,random10,-1,first_intext_warning,3.5047380924224854,28,64
10294,random10,-1,later_intext_warnings,2.2515442768732705,168,64
10294,random10,-1,warning_after_claim,3.295990467071533,21,64
10296,none,0,claim_first,0.7075005173683167,25,64
10296,none,0,ordinary,1.7225242853164673,92,64
10296,none,0,first_intext_warning,3.480764150619507,24,64
10296,none,0,later_intext_warnings,1.8495892882347107,166,64
10296,none,0,warning_after_claim,2.303936719894409,23,64
10296,truth,1,claim_first,0.7658509016036987,25,64
10296,truth,1,ordinary,2.0992472171783447,92,64
10296,truth,1,first_intext_warning,4.052507400512695,24,64
10296,truth,1,later_intext_warnings,2.18201607465744,166,64
10296,truth,1,warning_after_claim,3.2197885513305664,23,64
10296,truth,-1,claim_first,1.2166569232940674,25,64
10296,truth,-1,ordinary,1.9274396896362305,92,64
10296,truth,-1,first_intext_warning,3.951728105545044,24,64
10296,truth,-1,later_intext_warnings,2.1236406763394675,166,64
10296,truth,-1,warning_after_claim,2.627537727355957,23,64
10296,random1,1,claim_first,0.9720985889434814,25,64
10296,random1,1,ordinary,2.120030403137207,92,64
10296,random1,1,first_intext_warning,3.5780036449432373,24,64
10296,random1,1,later_intext_warnings,1.9892430901527405,166,64
10296,random1,1,warning_after_claim,2.5397074222564697,23,64
10296,random1,-1,claim_first,0.7795097827911377,25,64
10296,random1,-1,ordinary,2.088735342025757,92,64
10296,random1,-1,first_intext_warning,3.416412353515625,24,64
10296,random1,-1,later_intext_warnings,2.0669018824895224,166,64
10296,random1,-1,warning_after_claim,2.543731927871704,23,64
10296,random2,1,claim_first,0.8328558206558228,25,64
10296,random2,1,ordinary,1.9874454736709595,92,64
10296,random2,1,first_intext_warning,3.76562762260437,24,64
10296,random2,1,later_intext_warnings,2.166301349798838,166,64
10296,random2,1,warning_after_claim,2.9647324085235596,23,64
10296,random2,-1,claim_first,0.9416385889053345,25,64
10296,random2,-1,ordinary,1.9944446086883545,92,64
10296,random2,-1,first_intext_warning,3.4583065509796143,24,64
10296,random2,-1,later_intext_warnings,1.9307359258333843,166,64
10296,random2,-1,warning_after_claim,2.4282665252685547,23,64
10296,random3,1,claim_first,0.8250415325164795,25,64
10296,random3,1,ordinary,2.0806686878204346,92,64
10296,random3,1,first_intext_warning,3.3908073902130127,24,64
10296,random3,1,later_intext_warnings,2.082529862721761,166,64
10296,random3,1,warning_after_claim,2.7663187980651855,23,64
10296,random3,-1,claim_first,0.8529606461524963,25,64
10296,random3,-1,ordinary,2.0798237323760986,92,64
10296,random3,-1,first_intext_warning,3.486034631729126,24,64
10296,random3,-1,later_intext_warnings,2.055828789869944,166,64
10296,random3,-1,warning_after_claim,2.521209955215454,23,64
10296,random4,1,claim_first,0.8616408705711365,25,64
10296,random4,1,ordinary,1.8993980884552002,92,64
10296,random4,1,first_intext_warning,3.734523057937622,24,64
10296,random4,1,later_intext_warnings,2.089340647061666,166,64
10296,random4,1,warning_after_claim,2.4428699016571045,23,64
10296,random4,-1,claim_first,1.0111604928970337,25,64
10296,random4,-1,ordinary,2.1889467239379883,92,64
10296,random4,-1,first_intext_warning,3.483128786087036,24,64
10296,random4,-1,later_intext_warnings,2.057030359903971,166,64
10296,random4,-1,warning_after_claim,2.777991771697998,23,64
10296,random5,1,claim_first,0.9074159264564514,25,64
10296,random5,1,ordinary,2.1048498153686523,92,64
10296,random5,1,first_intext_warning,3.4828341007232666,24,64
10296,random5,1,later_intext_warnings,2.0904677510261536,166,64
10296,random5,1,warning_after_claim,2.679511070251465,23,64
10296,random5,-1,claim_first,0.7849494814872742,25,64
10296,random5,-1,ordinary,2.123779535293579,92,64
10296,random5,-1,first_intext_warning,3.620183229446411,24,64
10296,random5,-1,later_intext_warnings,1.9998152653376262,166,64
10296,random5,-1,warning_after_claim,2.4155664443969727,23,64
10296,random6,1,claim_first,0.7530108690261841,25,64
10296,random6,1,ordinary,1.9998164176940918,92,64
10296,random6,1,first_intext_warning,3.5926783084869385,24,64
10296,random6,1,later_intext_warnings,2.0955050786336265,166,64
10296,random6,1,warning_after_claim,2.3212311267852783,23,64
10296,random6,-1,claim_first,0.9431853294372559,25,64
10296,random6,-1,ordinary,2.035918951034546,92,64
10296,random6,-1,first_intext_warning,3.682163953781128,24,64
10296,random6,-1,later_intext_warnings,2.051973799864451,166,64
10296,random6,-1,warning_after_claim,2.7635276317596436,23,64
10296,random7,1,claim_first,0.8331773281097412,25,64
10296,random7,1,ordinary,1.9891470670700073,92,64
10296,random7,1,first_intext_warning,3.5375490188598633,24,64
10296,random7,1,later_intext_warnings,1.989624301592509,166,64
10296,random7,1,warning_after_claim,2.359416961669922,23,64
10296,random7,-1,claim_first,0.8711275458335876,25,64
10296,random7,-1,ordinary,2.078950881958008,92,64
10296,random7,-1,first_intext_warning,3.711069107055664,24,64
10296,random7,-1,later_intext_warnings,2.060257693131765,166,64
10296,random7,-1,warning_after_claim,2.667490243911743,23,64
10296,random8,1,claim_first,0.7809998989105225,25,64
10296,random8,1,ordinary,1.956201195716858,92,64
10296,random8,1,first_intext_warning,3.63568377494812,24,64
10296,random8,1,later_intext_warnings,1.9838214715321858,166,64
10296,random8,1,warning_after_claim,2.348634719848633,23,64
10296,random8,-1,claim_first,0.8369086384773254,25,64
10296,random8,-1,ordinary,2.0251471996307373,92,64
10296,random8,-1,first_intext_warning,3.5618464946746826,24,64
10296,random8,-1,later_intext_warnings,2.0557585755983987,166,64
10296,random8,-1,warning_after_claim,2.7133421897888184,23,64
10296,random9,1,claim_first,0.8113576769828796,25,64
10296,random9,1,ordinary,1.8781449794769287,92,64
10296,random9,1,first_intext_warning,3.552992820739746,24,64
10296,random9,1,later_intext_warnings,1.973029911518097,166,64
10296,random9,1,warning_after_claim,2.3618977069854736,23,64
10296,random9,-1,claim_first,0.9940428733825684,25,64
10296,random9,-1,ordinary,2.0507588386535645,92,64
10296,random9,-1,first_intext_warning,3.4739160537719727,24,64
10296,random9,-1,later_intext_warnings,2.176972806453705,166,64
10296,random9,-1,warning_after_claim,2.7768547534942627,23,64
10296,random10,1,claim_first,0.9813479781150818,25,64
10296,random10,1,ordinary,2.157423734664917,92,64
10296,random10,1,first_intext_warning,3.5505473613739014,24,64
10296,random10,1,later_intext_warnings,2.038831114768982,166,64
10296,random10,1,warning_after_claim,2.829228162765503,23,64
10296,random10,-1,claim_first,0.8529016971588135,25,64
10296,random10,-1,ordinary,1.9151514768600464,92,64
10296,random10,-1,first_intext_warning,3.5610721111297607,24,64
10296,random10,-1,later_intext_warnings,2.051789700984955,166,64
10296,random10,-1,warning_after_claim,2.3624236583709717,23,64
10297,none,0,claim_first,0.44983431696891785,55,64
10297,none,0,ordinary,1.400016188621521,93,64
10297,none,0,first_intext_warning,2.8009891510009766,24,64
10297,none,0,later_intext_warnings,1.7863342761993408,150,64
10297,none,0,warning_after_claim,1.168841004371643,20,64
10297,truth,1,claim_first,0.6617885231971741,55,64
10297,truth,1,ordinary,1.8030449151992798,93,64
10297,truth,1,first_intext_warning,3.137373685836792,24,64
10297,truth,1,later_intext_warnings,2.219360828399658,150,64
10297,truth,1,warning_after_claim,1.4562400579452515,20,64
10297,truth,-1,claim_first,0.44352370500564575,55,64
10297,truth,-1,ordinary,1.7151011228561401,93,64
10297,truth,-1,first_intext_warning,3.2180919647216797,24,64
10297,truth,-1,later_intext_warnings,2.0244343479474387,150,64
10297,truth,-1,warning_after_claim,1.1677416563034058,20,64
10297,random1,1,claim_first,0.6782899498939514,55,64
10297,random1,1,ordinary,1.787739634513855,93,64
10297,random1,1,first_intext_warning,3.102236747741699,24,64
10297,random1,1,later_intext_warnings,1.914727469285329,150,64
10297,random1,1,warning_after_claim,1.1944139003753662,20,64
10297,random1,-1,claim_first,0.4411616623401642,55,64
10297,random1,-1,ordinary,1.8203394412994385,93,64
10297,random1,-1,first_intext_warning,2.8173282146453857,24,64
10297,random1,-1,later_intext_warnings,1.988602300484975,150,64
10297,random1,-1,warning_after_claim,1.2197593450546265,20,64
10297,random2,1,claim_first,0.5530923008918762,55,64
10297,random2,1,ordinary,2.596978187561035,93,64
10297,random2,1,first_intext_warning,3.048579454421997,24,64
10297,random2,1,later_intext_warnings,2.113640069961548,150,64
10297,random2,1,warning_after_claim,1.534559965133667,20,64
10297,random2,-1,claim_first,0.5961926579475403,55,64
10297,random2,-1,ordinary,1.5039700269699097,93,64
10297,random2,-1,first_intext_warning,2.9637506008148193,24,64
10297,random2,-1,later_intext_warnings,1.9442380666732788,150,64
10297,random2,-1,warning_after_claim,1.1718188524246216,20,64
10297,random3,1,claim_first,0.5521142482757568,55,64
10297,random3,1,ordinary,1.8006649017333984,93,64
10297,random3,1,first_intext_warning,3.122185707092285,24,64
10297,random3,1,later_intext_warnings,2.033364951610565,150,64
10297,random3,1,warning_after_claim,1.1835936307907104,20,64
10297,random3,-1,claim_first,0.6222019791603088,55,64
10297,random3,-1,ordinary,2.413865327835083,93,64
10297,random3,-1,first_intext_warning,2.8286707401275635,24,64
10297,random3,-1,later_intext_warnings,2.0147767464319863,150,64
10297,random3,-1,warning_after_claim,1.3485692739486694,20,64
10297,random4,1,claim_first,0.5611637234687805,55,64
10297,random4,1,ordinary,1.656692385673523,93,64
10297,random4,1,first_intext_warning,3.2512757778167725,24,64
10297,random4,1,later_intext_warnings,1.9578371047973633,150,64
10297,random4,1,warning_after_claim,1.2124921083450317,20,64
10297,random4,-1,claim_first,0.5785994529724121,55,64
10297,random4,-1,ordinary,1.7585631608963013,93,64
10297,random4,-1,first_intext_warning,2.912679433822632,24,64
10297,random4,-1,later_intext_warnings,2.0000620086987815,150,64
10297,random4,-1,warning_after_claim,1.4149274826049805,20,64
10297,random5,1,claim_first,0.47623124718666077,55,64
10297,random5,1,ordinary,1.6396867036819458,93,64
10297,random5,1,first_intext_warning,2.977557897567749,24,64
10297,random5,1,later_intext_warnings,2.0257112979888916,150,64
10297,random5,1,warning_after_claim,1.4630475044250488,20,64
10297,random5,-1,claim_first,0.6109704375267029,55,64
10297,random5,-1,ordinary,1.702218770980835,93,64
10297,random5,-1,first_intext_warning,2.9963176250457764,24,64
10297,random5,-1,later_intext_warnings,1.9332871635754902,150,64
10297,random5,-1,warning_after_claim,1.120834231376648,20,64
10297,random6,1,claim_first,0.4710187315940857,55,64
10297,random6,1,ordinary,1.85929274559021,93,64
10297,random6,1,first_intext_warning,2.909910202026367,24,64
10297,random6,1,later_intext_warnings,2.011277159055074,150,64
10297,random6,1,warning_after_claim,1.2431453466415405,20,64
10297,random6,-1,claim_first,0.6237729787826538,55,64
10297,random6,-1,ordinary,1.601116418838501,93,64
10297,random6,-1,first_intext_warning,3.064918279647827,24,64
10297,random6,-1,later_intext_warnings,2.0009894371032715,150,64
10297,random6,-1,warning_after_claim,1.3053088188171387,20,64
10297,random7,1,claim_first,0.4575556814670563,55,64
10297,random7,1,ordinary,1.755624771118164,93,64
10297,random7,1,first_intext_warning,2.98193097114563,24,64
10297,random7,1,later_intext_warnings,1.8880156675974529,150,64
10297,random7,1,warning_after_claim,1.1258338689804077,20,64
10297,random7,-1,claim_first,0.5877496600151062,55,64
10297,random7,-1,ordinary,1.6444165706634521,93,64
10297,random7,-1,first_intext_warning,3.264492988586426,24,64
10297,random7,-1,later_intext_warnings,2.049179712931315,150,64
10297,random7,-1,warning_after_claim,1.479102373123169,20,64
10297,random8,1,claim_first,0.5184410214424133,55,64
10297,random8,1,ordinary,1.5863041877746582,93,64
10297,random8,1,first_intext_warning,2.909593343734741,24,64
10297,random8,1,later_intext_warnings,1.9232614835103352,150,64
10297,random8,1,warning_after_claim,1.275911808013916,20,64
10297,random8,-1,claim_first,0.5922427177429199,55,64
10297,random8,-1,ordinary,1.9597177505493164,93,64
10297,random8,-1,first_intext_warning,3.0370452404022217,24,64
10297,random8,-1,later_intext_warnings,2.0167232354482016,150,64
10297,random8,-1,warning_after_claim,1.3394416570663452,20,64
10297,random9,1,claim_first,0.48346075415611267,55,64
10297,random9,1,ordinary,1.6592804193496704,93,64
10297,random9,1,first_intext_warning,2.579876184463501,24,64
10297,random9,1,later_intext_warnings,2.4038054744402566,150,64
10297,random9,1,warning_after_claim,1.1578394174575806,20,64
10297,random9,-1,claim_first,0.5442355275154114,55,64
10297,random9,-1,ordinary,1.5910251140594482,93,64
10297,random9,-1,first_intext_warning,3.302989959716797,24,64
10297,random9,-1,later_intext_warnings,2.099123557408651,150,64
10297,random9,-1,warning_after_claim,1.463071584701538,20,64
10297,random10,1,claim_first,0.42312490940093994,55,64
10297,random10,1,ordinary,1.6467101573944092,93,64
10297,random10,1,first_intext_warning,3.1209304332733154,24,64
10297,random10,1,later_intext_warnings,1.9700593948364258,150,64
10297,random10,1,warning_after_claim,1.423248529434204,20,64
10297,random10,-1,claim_first,0.6688898205757141,55,64
10297,random10,-1,ordinary,1.6725767850875854,93,64
10297,random10,-1,first_intext_warning,2.876890182495117,24,64
10297,random10,-1,later_intext_warnings,2.009471277395884,150,64
10297,random10,-1,warning_after_claim,1.129895806312561,20,64
10298,none,0,claim_first,1.3858779668807983,43,64
10298,none,0,ordinary,2.2965526580810547,78,64
10298,none,0,first_intext_warning,3.2302448749542236,24,64
10298,none,0,later_intext_warnings,1.9307204484939575,138,64
10298,none,0,warning_after_claim,2.403257369995117,17,64
10298,truth,1,claim_first,1.4541985988616943,43,64
10298,truth,1,ordinary,2.550412178039551,78,64
10298,truth,1,first_intext_warning,3.472506284713745,24,64
10298,truth,1,later_intext_warnings,2.1421794096628823,138,64
10298,truth,1,warning_after_claim,2.8418807983398438,17,64
10298,truth,-1,claim_first,1.8831619024276733,43,64
10298,truth,-1,ordinary,2.6261165142059326,78,64
10298,truth,-1,first_intext_warning,3.594341516494751,24,64
10298,truth,-1,later_intext_warnings,2.0578562219937644,138,64
10298,truth,-1,warning_after_claim,2.3530895709991455,17,64
10298,random1,1,claim_first,1.613605260848999,43,64
10298,random1,1,ordinary,2.5369961261749268,78,64
10298,random1,1,first_intext_warning,3.5207359790802,24,64
10298,random1,1,later_intext_warnings,2.073892672856649,138,64
10298,random1,1,warning_after_claim,2.3339390754699707,17,64
10298,random1,-1,claim_first,1.7100470066070557,43,64
10298,random1,-1,ordinary,2.4457201957702637,78,64
10298,random1,-1,first_intext_warning,3.170686960220337,24,64
10298,random1,-1,later_intext_warnings,1.9692163268725078,138,64
10298,random1,-1,warning_after_claim,2.3632678985595703,17,64
10298,random2,1,claim_first,1.2372344732284546,43,64
10298,random2,1,ordinary,2.3842976093292236,78,64
10298,random2,1,first_intext_warning,3.535139799118042,24,64
10298,random2,1,later_intext_warnings,2.052719295024872,138,64
10298,random2,1,warning_after_claim,2.5886728763580322,17,64
10298,random2,-1,claim_first,1.7852215766906738,43,64
10298,random2,-1,ordinary,2.5675747394561768,78,64
10298,random2,-1,first_intext_warning,3.1340744495391846,24,64
10298,random2,-1,later_intext_warnings,2.0699625809987388,138,64
10298,random2,-1,warning_after_claim,2.527223587036133,17,64
10298,random3,1,claim_first,1.3747376203536987,43,64
10298,random3,1,ordinary,2.5420870780944824,78,64
10298,random3,1,first_intext_warning,3.526216506958008,24,64
10298,random3,1,later_intext_warnings,2.1521177887916565,138,64
10298,random3,1,warning_after_claim,2.502589225769043,17,64
10298,random3,-1,claim_first,1.6448560953140259,43,64
10298,random3,-1,ordinary,2.4060816764831543,78,64
10298,random3,-1,first_intext_warning,3.0667612552642822,24,64
10298,random3,-1,later_intext_warnings,2.0198430816332498,138,64
10298,random3,-1,warning_after_claim,2.389221668243408,17,64
10298,random4,1,claim_first,1.463771104812622,43,64
10298,random4,1,ordinary,2.4006810188293457,78,64
10298,random4,1,first_intext_warning,3.218695878982544,24,64
10298,random4,1,later_intext_warnings,2.1727351546287537,138,64
10298,random4,1,warning_after_claim,2.5188395977020264,17,64
10298,random4,-1,claim_first,1.463607668876648,43,64
10298,random4,-1,ordinary,2.6196324825286865,78,64
10298,random4,-1,first_intext_warning,3.164045572280884,24,64
10298,random4,-1,later_intext_warnings,1.954781711101532,138,64
10298,random4,-1,warning_after_claim,2.3800675868988037,17,64
10298,random5,1,claim_first,1.5432182550430298,43,64
10298,random5,1,ordinary,2.5515339374542236,78,64
10298,random5,1,first_intext_warning,3.411569595336914,24,64
10298,random5,1,later_intext_warnings,2.072895884513855,138,64
10298,random5,1,warning_after_claim,2.332620620727539,17,64
10298,random5,-1,claim_first,1.6421895027160645,43,64
10298,random5,-1,ordinary,2.505211591720581,78,64
10298,random5,-1,first_intext_warning,3.066868543624878,24,64
10298,random5,-1,later_intext_warnings,2.0075557430585227,138,64
10298,random5,-1,warning_after_claim,2.5223753452301025,17,64
10298,random6,1,claim_first,1.5556542873382568,43,64
10298,random6,1,ordinary,2.5815846920013428,78,64
10298,random6,1,first_intext_warning,3.0446910858154297,24,64
10298,random6,1,later_intext_warnings,2.0442115465799966,138,64
10298,random6,1,warning_after_claim,2.3732125759124756,17,64
10298,random6,-1,claim_first,1.5221556425094604,43,64
10298,random6,-1,ordinary,2.3087077140808105,78,64
10298,random6,-1,first_intext_warning,3.2596099376678467,24,64
10298,random6,-1,later_intext_warnings,2.052003264427185,138,64
10298,random6,-1,warning_after_claim,2.6462957859039307,17,64
10298,random7,1,claim_first,1.4448219537734985,43,64
10298,random7,1,ordinary,2.451014995574951,78,64
10298,random7,1,first_intext_warning,3.0848617553710938,24,64
10298,random7,1,later_intext_warnings,2.0842409133911133,138,64
10298,random7,1,warning_after_claim,2.499502182006836,17,64
10298,random7,-1,claim_first,1.5182342529296875,43,64
10298,random7,-1,ordinary,2.510415554046631,78,64
10298,random7,-1,first_intext_warning,3.325824737548828,24,64
10298,random7,-1,later_intext_warnings,2.0251168409983316,138,64
10298,random7,-1,warning_after_claim,2.4509689807891846,17,64
10298,random8,1,claim_first,1.577296257019043,43,64
10298,random8,1,ordinary,2.4709253311157227,78,64
10298,random8,1,first_intext_warning,3.2476139068603516,24,64
10298,random8,1,later_intext_warnings,2.016074061393738,138,64
10298,random8,1,warning_after_claim,2.6821932792663574,17,64
10298,random8,-1,claim_first,1.5201659202575684,43,64
10298,random8,-1,ordinary,2.406418561935425,78,64
10298,random8,-1,first_intext_warning,3.1277801990509033,24,64
10298,random8,-1,later_intext_warnings,2.0143944223721824,138,64
10298,random8,-1,warning_after_claim,2.303842306137085,17,64
10298,random9,1,claim_first,1.5419365167617798,43,64
10298,random9,1,ordinary,2.4689979553222656,78,64
10298,random9,1,first_intext_warning,3.079594850540161,24,64
10298,random9,1,later_intext_warnings,2.0091790358225503,138,64
10298,random9,1,warning_after_claim,2.435922622680664,17,64
10298,random9,-1,claim_first,1.5243313312530518,43,64
10298,random9,-1,ordinary,2.4426558017730713,78,64
10298,random9,-1,first_intext_warning,3.248816728591919,24,64
10298,random9,-1,later_intext_warnings,2.058011511961619,138,64
10298,random9,-1,warning_after_claim,2.363942861557007,17,64
10298,random10,1,claim_first,1.6074734926223755,43,64
10298,random10,1,ordinary,2.4171390533447266,78,64
10298,random10,1,first_intext_warning,3.0536088943481445,24,64
10298,random10,1,later_intext_warnings,1.9859663446744282,138,64
10298,random10,1,warning_after_claim,2.5510945320129395,17,64
10298,random10,-1,claim_first,1.549417495727539,43,64
10298,random10,-1,ordinary,2.5543558597564697,78,64
10298,random10,-1,first_intext_warning,3.539576292037964,24,64
10298,random10,-1,later_intext_warnings,2.1246759494145713,138,64
10298,random10,-1,warning_after_claim,2.4745686054229736,17,64
