doc_idx,cond,sign,span,loss,n_tok,step
10273,none,0,claim_first,1.4811458587646484,57,16
10273,none,0,ordinary,2.699721336364746,72,16
10273,none,0,first_intext_warning,2.5853121280670166,21,16
10273,none,0,later_intext_warnings,2.1528332233428955,168,16
10273,none,0,warning_after_claim,2.6499876976013184,26,16
10273,truth,1,claim_first,1.8962163925170898,57,16
10273,truth,1,ordinary,2.947025775909424,72,16
10273,truth,1,first_intext_warning,2.9588277339935303,21,16
10273,truth,1,later_intext_warnings,2.594861070315043,168,16
10273,truth,1,warning_after_claim,3.104865789413452,26,16
10273,truth,-1,claim_first,1.7890291213989258,57,16
10273,truth,-1,ordinary,3.163618803024292,72,16
10273,truth,-1,first_intext_warning,2.6701478958129883,21,16
10273,truth,-1,later_intext_warnings,2.415801465511322,168,16
10273,truth,-1,warning_after_claim,2.9727888107299805,26,16
10273,random1,1,claim_first,1.9406403303146362,57,16
10273,random1,1,ordinary,3.3802638053894043,72,16
10273,random1,1,first_intext_warning,2.6840457916259766,21,16
10273,random1,1,later_intext_warnings,2.355355719725291,168,16
10273,random1,1,warning_after_claim,2.6462862491607666,26,16
10273,random1,-1,claim_first,1.9360072612762451,57,16
10273,random1,-1,ordinary,2.857222557067871,72,16
10273,random1,-1,first_intext_warning,2.495181083679199,21,16
10273,random1,-1,later_intext_warnings,2.318137506643931,168,16
10273,random1,-1,warning_after_claim,3.1525473594665527,26,16
10273,random2,1,claim_first,1.7213577032089233,57,16
10273,random2,1,ordinary,3.329148292541504,72,16
10273,random2,1,first_intext_warning,2.8554298877716064,21,16
10273,random2,1,later_intext_warnings,2.424325446287791,168,16
10273,random2,1,warning_after_claim,2.8089449405670166,26,16
10273,random2,-1,claim_first,1.853641152381897,57,16
10273,random2,-1,ordinary,3.0077874660491943,72,16
10273,random2,-1,first_intext_warning,2.504580020904541,21,16
10273,random2,-1,later_intext_warnings,2.3149399757385254,168,16
10273,random2,-1,warning_after_claim,2.8928513526916504,26,16
10273,random3,1,claim_first,2.0576250553131104,57,16
10273,random3,1,ordinary,3.1919784545898438,72,16
10273,random3,1,first_intext_warning,2.456874132156372,21,16
10273,random3,1,later_intext_warnings,2.418405294418335,168,16
10273,random3,1,warning_after_claim,2.9082696437835693,26,16
10273,random3,-1,claim_first,1.6660290956497192,57,16
10273,random3,-1,ordinary,2.9248197078704834,72,16
10273,random3,-1,first_intext_warning,2.793657064437866,21,16
10273,random3,-1,later_intext_warnings,2.3696517944335938,168,16
10273,random3,-1,warning_after_claim,2.9704487323760986,26,16
10273,random4,1,claim_first,1.800377368927002,57,16
10273,random4,1,ordinary,3.067927837371826,72,16
10273,random4,1,first_intext_warning,2.73789644241333,21,16
10273,random4,1,later_intext_warnings,2.4086238741874695,168,16
10273,random4,1,warning_after_claim,2.9253549575805664,26,16
10273,random4,-1,claim_first,1.9209460020065308,57,16
10273,random4,-1,ordinary,3.055851459503174,72,16
10273,random4,-1,first_intext_warning,2.7897889614105225,21,16
10273,random4,-1,later_intext_warnings,2.3237235943476358,168,16
10273,random4,-1,warning_after_claim,2.757645845413208,26,16
10273,random5,1,claim_first,1.6735622882843018,57,16
10273,random5,1,ordinary,3.0576252937316895,72,16
10273,random5,1,first_intext_warning,2.8072986602783203,21,16
10273,random5,1,later_intext_warnings,2.366421361764272,168,16
10273,random5,1,warning_after_claim,2.874641180038452,26,16
10273,random5,-1,claim_first,1.7544360160827637,57,16
10273,random5,-1,ordinary,3.120120048522949,72,16
10273,random5,-1,first_intext_warning,2.479889392852783,21,16
10273,random5,-1,later_intext_warnings,2.3608190218607583,168,16
10273,random5,-1,warning_after_claim,2.6905152797698975,26,16
10273,random6,1,claim_first,1.7018097639083862,57,16
10273,random6,1,ordinary,3.041459560394287,72,16
10273,random6,1,first_intext_warning,2.6577014923095703,21,16
10273,random6,1,later_intext_warnings,2.321041464805603,168,16
10273,random6,1,warning_after_claim,2.7949070930480957,26,16
10273,random6,-1,claim_first,1.8250962495803833,57,16
10273,random6,-1,ordinary,3.1436312198638916,72,16
10273,random6,-1,first_intext_warning,2.625955581665039,21,16
10273,random6,-1,later_intext_warnings,2.4238596757253013,168,16
10273,random6,-1,warning_after_claim,2.836796283721924,26,16
10273,random7,1,claim_first,1.64057195186615,57,16
10273,random7,1,ordinary,3.113060474395752,72,16
10273,random7,1,first_intext_warning,2.3885693550109863,21,16
10273,random7,1,later_intext_warnings,2.303085664908091,168,16
10273,random7,1,warning_after_claim,2.7411396503448486,26,16
10273,random7,-1,claim_first,1.9870737791061401,57,16
10273,random7,-1,ordinary,3.0315232276916504,72,16
10273,random7,-1,first_intext_warning,2.9611058235168457,21,16
10273,random7,-1,later_intext_warnings,2.3897034724553428,168,16
10273,random7,-1,warning_after_claim,2.9247794151306152,26,16
10273,random8,1,claim_first,1.7686717510223389,57,16
10273,random8,1,ordinary,2.9401936531066895,72,16
10273,random8,1,first_intext_warning,2.7820804119110107,21,16
10273,random8,1,later_intext_warnings,2.3889730970064798,168,16
10273,random8,1,warning_after_claim,2.757072687149048,26,16
10273,random8,-1,claim_first,1.8338016271591187,57,16
10273,random8,-1,ordinary,3.044229745864868,72,16
10273,random8,-1,first_intext_warning,2.600029945373535,21,16
10273,random8,-1,later_intext_warnings,2.365763028462728,168,16
10273,random8,-1,warning_after_claim,2.957231044769287,26,16
10273,random9,1,claim_first,1.9002690315246582,57,16
10273,random9,1,ordinary,3.068661689758301,72,16
10273,random9,1,first_intext_warning,2.6559298038482666,21,16
10273,random9,1,later_intext_warnings,2.338897705078125,168,16
10273,random9,1,warning_after_claim,2.8021137714385986,26,16
10273,random9,-1,claim_first,1.6832919120788574,57,16
10273,random9,-1,ordinary,3.0239646434783936,72,16
10273,random9,-1,first_intext_warning,2.515928030014038,21,16
10273,random9,-1,later_intext_warnings,2.4059214989344277,168,16
10273,random9,-1,warning_after_claim,2.8601338863372803,26,16
10273,random10,1,claim_first,1.7507234811782837,57,16
10273,random10,1,ordinary,3.226306915283203,72,16
10273,random10,1,first_intext_warning,2.679694652557373,21,16
10273,random10,1,later_intext_warnings,2.3850244283676147,168,16
10273,random10,1,warning_after_claim,3.050419807434082,26,16
10273,random10,-1,claim_first,1.7160656452178955,57,16
10273,random10,-1,ordinary,2.8691043853759766,72,16
10273,random10,-1,first_intext_warning,2.569488525390625,21,16
10273,random10,-1,later_intext_warnings,2.4338424603144326,168,16
10273,random10,-1,warning_after_claim,2.7237610816955566,26,16
10277,none,0,claim_first,2.2039692401885986,31,16
10277,none,0,ordinary,2.900723695755005,67,16
10277,none,0,first_intext_warning,2.7203352451324463,36,16
10277,none,0,later_intext_warnings,2.054414172967275,157,16
10277,none,0,warning_after_claim,3.333217144012451,25,16
10277,truth,1,claim_first,2.4442107677459717,31,16
10277,truth,1,ordinary,3.260913848876953,67,16
10277,truth,1,first_intext_warning,3.108761787414551,36,16
10277,truth,1,later_intext_warnings,2.3535887002944946,157,16
10277,truth,1,warning_after_claim,3.935314893722534,25,16
10277,truth,-1,claim_first,2.255683660507202,31,16
10277,truth,-1,ordinary,3.0345308780670166,67,16
10277,truth,-1,first_intext_warning,2.854471206665039,36,16
10277,truth,-1,later_intext_warnings,2.1828672687212625,157,16
10277,truth,-1,warning_after_claim,3.512838840484619,25,16
10277,random1,1,claim_first,2.566524028778076,31,16
10277,random1,1,ordinary,3.0536322593688965,67,16
10277,random1,1,first_intext_warning,2.7602875232696533,36,16
10277,random1,1,later_intext_warnings,2.2112730344136557,157,16
10277,random1,1,warning_after_claim,3.4613890647888184,25,16
10277,random1,-1,claim_first,2.3769354820251465,31,16
10277,random1,-1,ordinary,3.0828089714050293,67,16
10277,random1,-1,first_intext_warning,2.8067972660064697,36,16
10277,random1,-1,later_intext_warnings,2.175292690594991,157,16
10277,random1,-1,warning_after_claim,3.505662202835083,25,16
10277,random2,1,claim_first,2.149502992630005,31,16
10277,random2,1,ordinary,3.1668760776519775,67,16
10277,random2,1,first_intext_warning,2.835196018218994,36,16
10277,random2,1,later_intext_warnings,2.2127063473065696,157,16
10277,random2,1,warning_after_claim,4.194282531738281,25,16
10277,random2,-1,claim_first,2.641538619995117,31,16
10277,random2,-1,ordinary,3.1089789867401123,67,16
10277,random2,-1,first_intext_warning,2.8649632930755615,36,16
10277,random2,-1,later_intext_warnings,2.1636807322502136,157,16
10277,random2,-1,warning_after_claim,3.2762954235076904,25,16
10277,random3,1,claim_first,2.4834368228912354,31,16
10277,random3,1,ordinary,3.2451324462890625,67,16
10277,random3,1,first_intext_warning,3.007878541946411,36,16
10277,random3,1,later_intext_warnings,2.2015424172083535,157,16
10277,random3,1,warning_after_claim,3.617739677429199,25,16
10277,random3,-1,claim_first,2.3769664764404297,31,16
10277,random3,-1,ordinary,3.05426287651062,67,16
10277,random3,-1,first_intext_warning,2.8187804222106934,36,16
10277,random3,-1,later_intext_warnings,2.174346685409546,157,16
10277,random3,-1,warning_after_claim,3.6429805755615234,25,16
10277,random4,1,claim_first,2.298192262649536,31,16
10277,random4,1,ordinary,3.206557512283325,67,16
10277,random4,1,first_intext_warning,2.945366144180298,36,16
10277,random4,1,later_intext_warnings,2.2684667110443115,157,16
10277,random4,1,warning_after_claim,3.277433156967163,25,16
10277,random4,-1,claim_first,2.5122697353363037,31,16
10277,random4,-1,ordinary,3.0901572704315186,67,16
10277,random4,-1,first_intext_warning,2.7212131023406982,36,16
10277,random4,-1,later_intext_warnings,2.150172551472982,157,16
10277,random4,-1,warning_after_claim,3.8234612941741943,25,16
10277,random5,1,claim_first,2.426206350326538,31,16
10277,random5,1,ordinary,2.937218427658081,67,16
10277,random5,1,first_intext_warning,2.631382465362549,36,16
10277,random5,1,later_intext_warnings,2.245620548725128,157,16
10277,random5,1,warning_after_claim,3.577742338180542,25,16
10277,random5,-1,claim_first,2.3318746089935303,31,16
10277,random5,-1,ordinary,3.2346622943878174,67,16
10277,random5,-1,first_intext_warning,2.926414966583252,36,16
10277,random5,-1,later_intext_warnings,2.144268890221914,157,16
10277,random5,-1,warning_after_claim,3.466301679611206,25,16
10277,random6,1,claim_first,2.2001426219940186,31,16
10277,random6,1,ordinary,3.1002373695373535,67,16
10277,random6,1,first_intext_warning,2.7752315998077393,36,16
10277,random6,1,later_intext_warnings,2.2277544736862183,157,16
10277,random6,1,warning_after_claim,3.4866955280303955,25,16
10277,random6,-1,claim_first,2.5048670768737793,31,16
10277,random6,-1,ordinary,3.051239252090454,67,16
10277,random6,-1,first_intext_warning,2.8738508224487305,36,16
10277,random6,-1,later_intext_warnings,2.148850897947947,157,16
10277,random6,-1,warning_after_claim,3.6174912452697754,25,16
10277,random7,1,claim_first,2.246159315109253,31,16
10277,random7,1,ordinary,2.9051029682159424,67,16
10277,random7,1,first_intext_warning,2.555074691772461,36,16
10277,random7,1,later_intext_warnings,2.157983680566152,157,16
10277,random7,1,warning_after_claim,3.4587831497192383,25,16
10277,random7,-1,claim_first,2.5275115966796875,31,16
10277,random7,-1,ordinary,3.3292553424835205,67,16
10277,random7,-1,first_intext_warning,3.148341178894043,36,16
10277,random7,-1,later_intext_warnings,2.1781431833902993,157,16
10277,random7,-1,warning_after_claim,3.410928964614868,25,16
10277,random8,1,claim_first,2.2491276264190674,31,16
10277,random8,1,ordinary,3.0112483501434326,67,16
10277,random8,1,first_intext_warning,2.805187940597534,36,16
10277,random8,1,later_intext_warnings,2.159636835257212,157,16
10277,random8,1,warning_after_claim,3.1389148235321045,25,16
10277,random8,-1,claim_first,2.415194272994995,31,16
10277,random8,-1,ordinary,3.21960711479187,67,16
10277,random8,-1,first_intext_warning,2.9156064987182617,36,16
10277,random8,-1,later_intext_warnings,2.260438839594523,157,16
10277,random8,-1,warning_after_claim,3.474827766418457,25,16
10277,random9,1,claim_first,2.4309678077697754,31,16
10277,random9,1,ordinary,3.0424089431762695,67,16
10277,random9,1,first_intext_warning,2.6993093490600586,36,16
10277,random9,1,later_intext_warnings,2.178982973098755,157,16
10277,random9,1,warning_after_claim,3.7546045780181885,25,16
10277,random9,-1,claim_first,2.3956925868988037,31,16
10277,random9,-1,ordinary,3.1346256732940674,67,16
10277,random9,-1,first_intext_warning,2.819000005722046,36,16
10277,random9,-1,later_intext_warnings,2.2939807176589966,157,16
10277,random9,-1,warning_after_claim,3.334076166152954,25,16
10277,random10,1,claim_first,2.3472490310668945,31,16
10277,random10,1,ordinary,3.125408411026001,67,16
10277,random10,1,first_intext_warning,2.7770278453826904,36,16
10277,random10,1,later_intext_warnings,2.1268032590548196,157,16
10277,random10,1,warning_after_claim,3.6619176864624023,25,16
10277,random10,-1,claim_first,2.3265187740325928,31,16
10277,random10,-1,ordinary,3.104140043258667,67,16
10277,random10,-1,first_intext_warning,2.8505876064300537,36,16
10277,random10,-1,later_intext_warnings,2.2633819778760276,157,16
10277,random10,-1,warning_after_claim,3.6061980724334717,25,16
10278,none,0,claim_first,1.5138168334960938,49,16
10278,none,0,ordinary,2.0992085933685303,72,16
10278,none,0,first_intext_warning,2.8321847915649414,24,16
10278,none,0,later_intext_warnings,2.076635797818502,156,16
10278,none,0,warning_after_claim,3.278266191482544,25,16
10278,truth,1,claim_first,2.036748170852661,49,16
10278,truth,1,ordinary,2.47251558303833,72,16
10278,truth,1,first_intext_warning,3.464289903640747,24,16
10278,truth,1,later_intext_warnings,2.4562904834747314,156,16
10278,truth,1,warning_after_claim,3.975320339202881,25,16
10278,truth,-1,claim_first,1.7363865375518799,49,16
10278,truth,-1,ordinary,2.3742730617523193,72,16
10278,truth,-1,first_intext_warning,3.1821086406707764,24,16
10278,truth,-1,later_intext_warnings,2.3186450401941934,156,16
10278,truth,-1,warning_after_claim,3.803922653198242,25,16
10278,random1,1,claim_first,1.9450331926345825,49,16
10278,random1,1,ordinary,2.3949289321899414,72,16
10278,random1,1,first_intext_warning,3.112194776535034,24,16
10278,random1,1,later_intext_warnings,2.2721250851949057,156,16
10278,random1,1,warning_after_claim,3.421780586242676,25,16
10278,random1,-1,claim_first,1.896058201789856,49,16
10278,random1,-1,ordinary,2.3474602699279785,72,16
10278,random1,-1,first_intext_warning,2.78179669380188,24,16
10278,random1,-1,later_intext_warnings,2.2095001141230264,156,16
10278,random1,-1,warning_after_claim,3.6679699420928955,25,16
10278,random2,1,claim_first,1.7488678693771362,49,16
10278,random2,1,ordinary,2.3093135356903076,72,16
10278,random2,1,first_intext_warning,3.064626693725586,24,16
10278,random2,1,later_intext_warnings,2.2878443201382956,156,16
10278,random2,1,warning_after_claim,3.8918774127960205,25,16
10278,random2,-1,claim_first,1.988798975944519,49,16
10278,random2,-1,ordinary,2.3198766708374023,72,16
10278,random2,-1,first_intext_warning,2.847966432571411,24,16
10278,random2,-1,later_intext_warnings,2.3075219988822937,156,16
10278,random2,-1,warning_after_claim,3.53922176361084,25,16
10278,random3,1,claim_first,1.8884812593460083,49,16
10278,random3,1,ordinary,2.4946744441986084,72,16
10278,random3,1,first_intext_warning,3.071638822555542,24,16
10278,random3,1,later_intext_warnings,2.2566476265589395,156,16
10278,random3,1,warning_after_claim,3.5046887397766113,25,16
10278,random3,-1,claim_first,1.9494789838790894,49,16
10278,random3,-1,ordinary,2.3034753799438477,72,16
10278,random3,-1,first_intext_warning,2.8756372928619385,24,16
10278,random3,-1,later_intext_warnings,2.2958640456199646,156,16
10278,random3,-1,warning_after_claim,3.7839975357055664,25,16
10278,random4,1,claim_first,1.9002978801727295,49,16
10278,random4,1,ordinary,2.4156460762023926,72,16
10278,random4,1,first_intext_warning,2.8333523273468018,24,16
10278,random4,1,later_intext_warnings,2.305552363395691,156,16
10278,random4,1,warning_after_claim,3.932417869567871,25,16
10278,random4,-1,claim_first,1.956445336341858,49,16
10278,random4,-1,ordinary,2.3327081203460693,72,16
10278,random4,-1,first_intext_warning,3.0328893661499023,24,16
10278,random4,-1,later_intext_warnings,2.284661054611206,156,16
10278,random4,-1,warning_after_claim,3.4321765899658203,25,16
10278,random5,1,claim_first,1.8243275880813599,49,16
10278,random5,1,ordinary,2.2922096252441406,72,16
10278,random5,1,first_intext_warning,2.8124144077301025,24,16
10278,random5,1,later_intext_warnings,2.2467215855916343,156,16
10278,random5,1,warning_after_claim,3.348177909851074,25,16
10278,random5,-1,claim_first,1.8536840677261353,49,16
10278,random5,-1,ordinary,2.495157241821289,72,16
10278,random5,-1,first_intext_warning,3.243196487426758,24,16
10278,random5,-1,later_intext_warnings,2.212475061416626,156,16
10278,random5,-1,warning_after_claim,3.9065213203430176,25,16
10278,random6,1,claim_first,1.8601113557815552,49,16
10278,random6,1,ordinary,2.548168420791626,72,16
10278,random6,1,first_intext_warning,2.720797300338745,24,16
10278,random6,1,later_intext_warnings,2.3785611589749656,156,16
10278,random6,1,warning_after_claim,3.3776962757110596,25,16
10278,random6,-1,claim_first,1.8139934539794922,49,16
10278,random6,-1,ordinary,2.1970064640045166,72,16
10278,random6,-1,first_intext_warning,3.1497833728790283,24,16
10278,random6,-1,later_intext_warnings,2.204082449277242,156,16
10278,random6,-1,warning_after_claim,3.782565116882324,25,16
10278,random7,1,claim_first,1.929410696029663,49,16
10278,random7,1,ordinary,2.4498114585876465,72,16
10278,random7,1,first_intext_warning,2.69565486907959,24,16
10278,random7,1,later_intext_warnings,2.2726082801818848,156,16
10278,random7,1,warning_after_claim,3.4860095977783203,25,16
10278,random7,-1,claim_first,1.872650146484375,49,16
10278,random7,-1,ordinary,2.2546451091766357,72,16
10278,random7,-1,first_intext_warning,3.3496124744415283,24,16
10278,random7,-1,later_intext_warnings,2.306425909201304,156,16
10278,random7,-1,warning_after_claim,3.69456148147583,25,16
10278,random8,1,claim_first,1.935455322265625,49,16
10278,random8,1,ordinary,2.4327778816223145,72,16
10278,random8,1,first_intext_warning,3.069077253341675,24,16
10278,random8,1,later_intext_warnings,2.2252745628356934,156,16
10278,random8,1,warning_after_claim,3.4231560230255127,25,16
10278,random8,-1,claim_first,1.8181920051574707,49,16
10278,random8,-1,ordinary,2.3034236431121826,72,16
10278,random8,-1,first_intext_warning,2.689709424972534,24,16
10278,random8,-1,later_intext_warnings,2.312235335508982,156,16
10278,random8,-1,warning_after_claim,3.9139723777770996,25,16
10278,random9,1,claim_first,1.869307279586792,49,16
10278,random9,1,ordinary,2.2343263626098633,72,16
10278,random9,1,first_intext_warning,2.9638383388519287,24,16
10278,random9,1,later_intext_warnings,2.2051867643992105,156,16
10278,random9,1,warning_after_claim,3.5335047245025635,25,16
10278,random9,-1,claim_first,1.8643624782562256,49,16
10278,random9,-1,ordinary,2.4657702445983887,72,16
10278,random9,-1,first_intext_warning,2.957875967025757,24,16
10278,random9,-1,later_intext_warnings,2.3663227756818137,156,16
10278,random9,-1,warning_after_claim,3.521141290664673,25,16
10278,random10,1,claim_first,1.8520255088806152,49,16
10278,random10,1,ordinary,2.4482946395874023,72,16
10278,random10,1,first_intext_warning,3.009028434753418,24,16
10278,random10,1,later_intext_warnings,2.312542895476023,156,16
10278,random10,1,warning_after_claim,3.763641119003296,25,16
10278,random10,-1,claim_first,1.942960262298584,49,16
10278,random10,-1,ordinary,2.38155198097229,72,16
10278,random10,-1,first_intext_warning,2.9487686157226562,24,16
10278,random10,-1,later_intext_warnings,2.282854676246643,156,16
10278,random10,-1,warning_after_claim,3.7021570205688477,25,16
10280,none,0,claim_first,1.6321794986724854,30,16
10280,none,0,first_intext_warning,3.150874614715576,32,16
10280,none,0,later_intext_warnings,2.0212563276290894,144,16
10280,none,0,warning_after_claim,2.385349750518799,24,16
10280,truth,1,claim_first,1.9932975769042969,30,16
10280,truth,1,first_intext_warning,3.449563503265381,32,16
10280,truth,1,later_intext_warnings,2.4136245449384055,144,16
10280,truth,1,warning_after_claim,2.8589789867401123,24,16
10280,truth,-1,claim_first,1.9730582237243652,30,16
10280,truth,-1,first_intext_warning,3.3676443099975586,32,16
10280,truth,-1,later_intext_warnings,2.1176184018452964,144,16
10280,truth,-1,warning_after_claim,2.4528896808624268,24,16
10280,random1,1,claim_first,2.4914424419403076,30,16
10280,random1,1,first_intext_warning,3.0987625122070312,32,16
10280,random1,1,later_intext_warnings,2.23182878891627,144,16
10280,random1,1,warning_after_claim,2.646543502807617,24,16
10280,random1,-1,claim_first,1.569451093673706,30,16
10280,random1,-1,first_intext_warning,3.279763698577881,32,16
10280,random1,-1,later_intext_warnings,2.1194259921709695,144,16
10280,random1,-1,warning_after_claim,2.3297061920166016,24,16
10280,random2,1,claim_first,2.055717945098877,30,16
10280,random2,1,first_intext_warning,3.4906816482543945,32,16
10280,random2,1,later_intext_warnings,2.290111482143402,144,16
10280,random2,1,warning_after_claim,2.635622024536133,24,16
10280,random2,-1,claim_first,2.206000804901123,30,16
10280,random2,-1,first_intext_warning,3.140348434448242,32,16
10280,random2,-1,later_intext_warnings,2.074475963910421,144,16
10280,random2,-1,warning_after_claim,2.4701271057128906,24,16
10280,random3,1,claim_first,2.0050535202026367,30,16
10280,random3,1,first_intext_warning,3.3867530822753906,32,16
10280,random3,1,later_intext_warnings,2.089099188645681,144,16
10280,random3,1,warning_after_claim,2.5243165493011475,24,16
10280,random3,-1,claim_first,2.016812801361084,30,16
10280,random3,-1,first_intext_warning,3.1054880619049072,32,16
10280,random3,-1,later_intext_warnings,2.1795395612716675,144,16
10280,random3,-1,warning_after_claim,2.5086171627044678,24,16
10280,random4,1,claim_first,1.792219877243042,30,16
10280,random4,1,first_intext_warning,3.3920750617980957,32,16
10280,random4,1,later_intext_warnings,2.1275047659873962,144,16
10280,random4,1,warning_after_claim,2.3097259998321533,24,16
10280,random4,-1,claim_first,2.194941759109497,30,16
10280,random4,-1,first_intext_warning,3.100949287414551,32,16
10280,random4,-1,later_intext_warnings,2.1570081313451133,144,16
10280,random4,-1,warning_after_claim,2.6353352069854736,24,16
10280,random5,1,claim_first,1.8446018695831299,30,16
10280,random5,1,first_intext_warning,3.2674081325531006,32,16
10280,random5,1,later_intext_warnings,2.0821258624394736,144,16
10280,random5,1,warning_after_claim,2.570746660232544,24,16
10280,random5,-1,claim_first,2.1639366149902344,30,16
10280,random5,-1,first_intext_warning,3.027257204055786,32,16
10280,random5,-1,later_intext_warnings,2.1942792932192483,144,16
10280,random5,-1,warning_after_claim,2.4378013610839844,24,16
10280,random6,1,claim_first,1.8397716283798218,30,16
10280,random6,1,first_intext_warning,3.550008773803711,32,16
10280,random6,1,later_intext_warnings,2.2737853129704795,144,16
10280,random6,1,warning_after_claim,2.291745901107788,24,16
10280,random6,-1,claim_first,1.843738317489624,30,16
10280,random6,-1,first_intext_warning,3.0793657302856445,32,16
10280,random6,-1,later_intext_warnings,2.132585863272349,144,16
10280,random6,-1,warning_after_claim,2.6300790309906006,24,16
10280,random7,1,claim_first,1.953974962234497,30,16
10280,random7,1,first_intext_warning,3.3746585845947266,32,16
10280,random7,1,later_intext_warnings,2.135181963443756,144,16
10280,random7,1,warning_after_claim,2.405759811401367,24,16
10280,random7,-1,claim_first,1.7683289051055908,30,16
10280,random7,-1,first_intext_warning,2.9339303970336914,32,16
10280,random7,-1,later_intext_warnings,2.192318598429362,144,16
10280,random7,-1,warning_after_claim,2.6901180744171143,24,16
10280,random8,1,claim_first,2.2391366958618164,30,16
10280,random8,1,first_intext_warning,3.535461902618408,32,16
10280,random8,1,later_intext_warnings,2.190401613712311,144,16
10280,random8,1,warning_after_claim,2.657921075820923,24,16
10280,random8,-1,claim_first,1.6025410890579224,30,16
10280,random8,-1,first_intext_warning,3.1166749000549316,32,16
10280,random8,-1,later_intext_warnings,2.176066040992737,144,16
10280,random8,-1,warning_after_claim,2.4579577445983887,24,16
10280,random9,1,claim_first,1.852036952972412,30,16
10280,random9,1,first_intext_warning,3.073605537414551,32,16
10280,random9,1,later_intext_warnings,2.182391862074534,144,16
10280,random9,1,warning_after_claim,2.585528612136841,24,16
10280,random9,-1,claim_first,1.885741114616394,30,16
10280,random9,-1,first_intext_warning,3.548628330230713,32,16
10280,random9,-1,later_intext_warnings,2.1867379546165466,144,16
10280,random9,-1,warning_after_claim,2.5875203609466553,24,16
10280,random10,1,claim_first,1.9556598663330078,30,16
10280,random10,1,first_intext_warning,3.1513264179229736,32,16
10280,random10,1,later_intext_warnings,2.1479469339052835,144,16
10280,random10,1,warning_after_claim,2.4595582485198975,24,16
10280,random10,-1,claim_first,1.9544392824172974,30,16
10280,random10,-1,first_intext_warning,3.347721815109253,32,16
10280,random10,-1,later_intext_warnings,2.212180733680725,144,16
10280,random10,-1,warning_after_claim,2.6084086894989014,24,16
10285,none,0,claim_first,2.215991735458374,40,16
10285,none,0,ordinary,1.325087308883667,95,16
10285,none,0,first_intext_warning,3.4435670375823975,36,16
10285,none,0,later_intext_warnings,1.9361706972122192,148,16
10285,none,0,warning_after_claim,3.3419342041015625,13,16
10285,truth,1,claim_first,2.7286267280578613,40,16
10285,truth,1,ordinary,1.763192892074585,95,16
10285,truth,1,first_intext_warning,3.6800057888031006,36,16
10285,truth,1,later_intext_warnings,2.390054186185201,148,16
10285,truth,1,warning_after_claim,4.040837287902832,13,16
10285,truth,-1,claim_first,2.5102295875549316,40,16
10285,truth,-1,ordinary,1.6380614042282104,95,16
10285,truth,-1,first_intext_warning,3.8910768032073975,36,16
10285,truth,-1,later_intext_warnings,2.0299086570739746,148,16
10285,truth,-1,warning_after_claim,3.3312032222747803,13,16
10285,random1,1,claim_first,2.789462089538574,40,16
10285,random1,1,ordinary,1.676244854927063,95,16
10285,random1,1,first_intext_warning,3.709575653076172,36,16
10285,random1,1,later_intext_warnings,2.0869721174240112,148,16
10285,random1,1,warning_after_claim,3.0295143127441406,13,16
10285,random1,-1,claim_first,2.3727405071258545,40,16
10285,random1,-1,ordinary,1.7858279943466187,95,16
10285,random1,-1,first_intext_warning,3.5026895999908447,36,16
10285,random1,-1,later_intext_warnings,2.069349765777588,148,16
10285,random1,-1,warning_after_claim,3.6228203773498535,13,16
10285,random2,1,claim_first,2.318460464477539,40,16
10285,random2,1,ordinary,1.9780744314193726,95,16
10285,random2,1,first_intext_warning,3.80853009223938,36,16
10285,random2,1,later_intext_warnings,2.1821754376093545,148,16
10285,random2,1,warning_after_claim,4.155501842498779,13,16
10285,random2,-1,claim_first,2.7052643299102783,40,16
10285,random2,-1,ordinary,1.5790810585021973,95,16
10285,random2,-1,first_intext_warning,3.3867242336273193,36,16
10285,random2,-1,later_intext_warnings,2.09848560889562,148,16
10285,random2,-1,warning_after_claim,2.811645269393921,13,16
10285,random3,1,claim_first,2.5516281127929688,40,16
10285,random3,1,ordinary,1.6919564008712769,95,16
10285,random3,1,first_intext_warning,3.6307880878448486,36,16
10285,random3,1,later_intext_warnings,2.2201626300811768,148,16
10285,random3,1,warning_after_claim,3.392714262008667,13,16
10285,random3,-1,claim_first,2.5928032398223877,40,16
10285,random3,-1,ordinary,1.674818515777588,95,16
10285,random3,-1,first_intext_warning,3.5515079498291016,36,16
10285,random3,-1,later_intext_warnings,2.094760278860728,148,16
10285,random3,-1,warning_after_claim,3.234936237335205,13,16
10285,random4,1,claim_first,2.545056104660034,40,16
10285,random4,1,ordinary,1.796168327331543,95,16
10285,random4,1,first_intext_warning,3.5230071544647217,36,16
10285,random4,1,later_intext_warnings,2.1215410629908242,148,16
10285,random4,1,warning_after_claim,2.961254596710205,13,16
10285,random4,-1,claim_first,2.445753574371338,40,16
10285,random4,-1,ordinary,1.6044981479644775,95,16
10285,random4,-1,first_intext_warning,3.6363754272460938,36,16
10285,random4,-1,later_intext_warnings,2.1812331676483154,148,16
10285,random4,-1,warning_after_claim,3.9255456924438477,13,16
10285,random5,1,claim_first,2.576761245727539,40,16
10285,random5,1,ordinary,1.7880488634109497,95,16
10285,random5,1,first_intext_warning,3.41750431060791,36,16
10285,random5,1,later_intext_warnings,2.137808362642924,148,16
10285,random5,1,warning_after_claim,3.875818967819214,13,16
10285,random5,-1,claim_first,2.482391834259033,40,16
10285,random5,-1,ordinary,1.6894513368606567,95,16
10285,random5,-1,first_intext_warning,3.539137840270996,36,16
10285,random5,-1,later_intext_warnings,2.124567190806071,148,16
10285,random5,-1,warning_after_claim,2.9639816284179688,13,16
10285,random6,1,claim_first,2.4698240756988525,40,16
10285,random6,1,ordinary,1.7067588567733765,95,16
10285,random6,1,first_intext_warning,3.5020041465759277,36,16
10285,random6,1,later_intext_warnings,2.065886080265045,148,16
10285,random6,1,warning_after_claim,3.1676368713378906,13,16
10285,random6,-1,claim_first,2.7051033973693848,40,16
10285,random6,-1,ordinary,1.6046960353851318,95,16
10285,random6,-1,first_intext_warning,3.660881996154785,36,16
10285,random6,-1,later_intext_warnings,2.196517288684845,148,16
10285,random6,-1,warning_after_claim,3.320385217666626,13,16
10285,random7,1,claim_first,2.5548770427703857,40,16
10285,random7,1,ordinary,1.6866906881332397,95,16
10285,random7,1,first_intext_warning,3.5097615718841553,36,16
10285,random7,1,later_intext_warnings,2.085958023866018,148,16
10285,random7,1,warning_after_claim,3.139915943145752,13,16
10285,random7,-1,claim_first,2.484926700592041,40,16
10285,random7,-1,ordinary,1.863930583000183,95,16
10285,random7,-1,first_intext_warning,3.4702987670898438,36,16
10285,random7,-1,later_intext_warnings,2.193853199481964,148,16
10285,random7,-1,warning_after_claim,3.4071619510650635,13,16
10285,random8,1,claim_first,2.4505271911621094,40,16
10285,random8,1,ordinary,1.6356773376464844,95,16
10285,random8,1,first_intext_warning,3.6628122329711914,36,16
10285,random8,1,later_intext_warnings,2.128367861111959,148,16
10285,random8,1,warning_after_claim,3.3955209255218506,13,16
10285,random8,-1,claim_first,2.6234688758850098,40,16
10285,random8,-1,ordinary,1.684754729270935,95,16
10285,random8,-1,first_intext_warning,3.384718894958496,36,16
10285,random8,-1,later_intext_warnings,2.162223200003306,148,16
10285,random8,-1,warning_after_claim,2.994661569595337,13,16
10285,random9,1,claim_first,2.529592990875244,40,16
10285,random9,1,ordinary,1.6215784549713135,95,16
10285,random9,1,first_intext_warning,3.5280230045318604,36,16
10285,random9,1,later_intext_warnings,2.0983985463778176,148,16
10285,random9,1,warning_after_claim,3.330897092819214,13,16
10285,random9,-1,claim_first,2.5793678760528564,40,16
10285,random9,-1,ordinary,1.708662986755371,95,16
10285,random9,-1,first_intext_warning,3.58264422416687,36,16
10285,random9,-1,later_intext_warnings,2.1619927485783896,148,16
10285,random9,-1,warning_after_claim,3.4452364444732666,13,16
10285,random10,1,claim_first,2.497159957885742,40,16
10285,random10,1,ordinary,1.8306492567062378,95,16
10285,random10,1,first_intext_warning,3.4670143127441406,36,16
10285,random10,1,later_intext_warnings,2.1108540693918862,148,16
10285,random10,1,warning_after_claim,3.873800754547119,13,16
10285,random10,-1,claim_first,2.5772738456726074,40,16
10285,random10,-1,ordinary,1.5599730014801025,95,16
10285,random10,-1,first_intext_warning,3.6673099994659424,36,16
10285,random10,-1,later_intext_warnings,2.2209414641062417,148,16
10285,random10,-1,warning_after_claim,3.2019705772399902,13,16
10287,none,0,claim_first,1.4047574996948242,27,16
10287,none,0,ordinary,1.8752323389053345,74,16
10287,none,0,first_intext_warning,2.390563488006592,21,16
10287,none,0,later_intext_warnings,2.0658700466156006,162,16
10287,none,0,warning_after_claim,0.9251168966293335,22,16
10287,truth,1,claim_first,2.055088758468628,27,16
10287,truth,1,ordinary,2.020444869995117,74,16
10287,truth,1,first_intext_warning,2.9018406867980957,21,16
10287,truth,1,later_intext_warnings,2.4390845894813538,162,16
10287,truth,1,warning_after_claim,1.3745452165603638,22,16
10287,truth,-1,claim_first,1.7965654134750366,27,16
10287,truth,-1,ordinary,2.2385013103485107,74,16
10287,truth,-1,first_intext_warning,2.8488070964813232,21,16
10287,truth,-1,later_intext_warnings,2.220657745997111,162,16
10287,truth,-1,warning_after_claim,0.939357340335846,22,16
10287,random1,1,claim_first,1.9927403926849365,27,16
10287,random1,1,ordinary,2.2504231929779053,74,16
10287,random1,1,first_intext_warning,2.5933690071105957,21,16
10287,random1,1,later_intext_warnings,2.186302423477173,162,16
10287,random1,1,warning_after_claim,1.0657153129577637,22,16
10287,random1,-1,claim_first,1.7009481191635132,27,16
10287,random1,-1,ordinary,2.1447372436523438,74,16
10287,random1,-1,first_intext_warning,2.635748863220215,21,16
10287,random1,-1,later_intext_warnings,2.2555918296178183,162,16
10287,random1,-1,warning_after_claim,1.04731023311615,22,16
10287,random2,1,claim_first,1.5653412342071533,27,16
10287,random2,1,ordinary,2.307278633117676,74,16
10287,random2,1,first_intext_warning,3.153069019317627,21,16
10287,random2,1,later_intext_warnings,2.264296591281891,162,16
10287,random2,1,warning_after_claim,1.0711452960968018,22,16
10287,random2,-1,claim_first,1.962181806564331,27,16
10287,random2,-1,ordinary,2.1079158782958984,74,16
10287,random2,-1,first_intext_warning,2.4521324634552,21,16
10287,random2,-1,later_intext_warnings,2.197616974512736,162,16
10287,random2,-1,warning_after_claim,0.9739823937416077,22,16
10287,random3,1,claim_first,1.8890708684921265,27,16
10287,random3,1,ordinary,2.21917462348938,74,16
10287,random3,1,first_intext_warning,2.4254963397979736,21,16
10287,random3,1,later_intext_warnings,2.2496601740519204,162,16
10287,random3,1,warning_after_claim,1.12824547290802,22,16
10287,random3,-1,claim_first,1.8001554012298584,27,16
10287,random3,-1,ordinary,2.1989128589630127,74,16
10287,random3,-1,first_intext_warning,2.811699151992798,21,16
10287,random3,-1,later_intext_warnings,2.2317359248797097,162,16
10287,random3,-1,warning_after_claim,0.9758923053741455,22,16
10287,random4,1,claim_first,1.8858298063278198,27,16
10287,random4,1,ordinary,2.1077635288238525,74,16
10287,random4,1,first_intext_warning,2.509523868560791,21,16
10287,random4,1,later_intext_warnings,2.25887538989385,162,16
10287,random4,1,warning_after_claim,0.9972051978111267,22,16
10287,random4,-1,claim_first,1.9896529912948608,27,16
10287,random4,-1,ordinary,2.121356725692749,74,16
10287,random4,-1,first_intext_warning,2.640629529953003,21,16
10287,random4,-1,later_intext_warnings,2.2429969708124795,162,16
10287,random4,-1,warning_after_claim,1.0739325284957886,22,16
10287,random5,1,claim_first,1.6637539863586426,27,16
10287,random5,1,ordinary,2.063300132751465,74,16
10287,random5,1,first_intext_warning,2.629511833190918,21,16
10287,random5,1,later_intext_warnings,2.226465900739034,162,16
10287,random5,1,warning_after_claim,0.9546753168106079,22,16
10287,random5,-1,claim_first,2.0361697673797607,27,16
10287,random5,-1,ordinary,2.2117035388946533,74,16
10287,random5,-1,first_intext_warning,2.588087797164917,21,16
10287,random5,-1,later_intext_warnings,2.2202937602996826,162,16
10287,random5,-1,warning_after_claim,1.1429474353790283,22,16
10287,random6,1,claim_first,1.5276004076004028,27,16
10287,random6,1,ordinary,2.1591861248016357,74,16
10287,random6,1,first_intext_warning,2.747973680496216,21,16
10287,random6,1,later_intext_warnings,2.2789941827456155,162,16
10287,random6,1,warning_after_claim,0.9413810968399048,22,16
10287,random6,-1,claim_first,2.1757328510284424,27,16
10287,random6,-1,ordinary,2.1210620403289795,74,16
10287,random6,-1,first_intext_warning,2.6552088260650635,21,16
10287,random6,-1,later_intext_warnings,2.22565629084905,162,16
10287,random6,-1,warning_after_claim,1.124680995941162,22,16
10287,random7,1,claim_first,1.8305435180664062,27,16
10287,random7,1,ordinary,2.1377358436584473,74,16
10287,random7,1,first_intext_warning,2.46262788772583,21,16
10287,random7,1,later_intext_warnings,2.220092515150706,162,16
10287,random7,1,warning_after_claim,1.056955099105835,22,16
10287,random7,-1,claim_first,1.7316012382507324,27,16
10287,random7,-1,ordinary,2.2659080028533936,74,16
10287,random7,-1,first_intext_warning,2.732386350631714,21,16
10287,random7,-1,later_intext_warnings,2.258501728375753,162,16
10287,random7,-1,warning_after_claim,0.992001473903656,22,16
10287,random8,1,claim_first,1.6683504581451416,27,16
10287,random8,1,ordinary,2.2089624404907227,74,16
10287,random8,1,first_intext_warning,2.6756882667541504,21,16
10287,random8,1,later_intext_warnings,2.1965526143709817,162,16
10287,random8,1,warning_after_claim,1.0663870573043823,22,16
10287,random8,-1,claim_first,2.0496959686279297,27,16
10287,random8,-1,ordinary,1.9704952239990234,74,16
10287,random8,-1,first_intext_warning,2.641068696975708,21,16
10287,random8,-1,later_intext_warnings,2.2841688791910806,162,16
10287,random8,-1,warning_after_claim,1.0734584331512451,22,16
10287,random9,1,claim_first,1.7379150390625,27,16
10287,random9,1,ordinary,2.0808563232421875,74,16
10287,random9,1,first_intext_warning,2.5031356811523438,21,16
10287,random9,1,later_intext_warnings,2.2522857586542764,162,16
10287,random9,1,warning_after_claim,0.8342800140380859,22,16
10287,random9,-1,claim_first,1.9465464353561401,27,16
10287,random9,-1,ordinary,2.1734321117401123,74,16
10287,random9,-1,first_intext_warning,2.7334980964660645,21,16
10287,random9,-1,later_intext_warnings,2.263000766436259,162,16
10287,random9,-1,warning_after_claim,1.3270444869995117,22,16
10287,random10,1,claim_first,1.6212059259414673,27,16
10287,random10,1,ordinary,2.122555732727051,74,16
10287,random10,1,first_intext_warning,2.7310922145843506,21,16
10287,random10,1,later_intext_warnings,2.2743899822235107,162,16
10287,random10,1,warning_after_claim,1.0482304096221924,22,16
10287,random10,-1,claim_first,1.9004303216934204,27,16
10287,random10,-1,ordinary,2.162287712097168,74,16
10287,random10,-1,first_intext_warning,2.729525327682495,21,16
10287,random10,-1,later_intext_warnings,2.203737258911133,162,16
10287,random10,-1,warning_after_claim,1.1225547790527344,22,16
10288,none,0,claim_first,1.5306063890457153,66,16
10288,none,0,ordinary,2.9846458435058594,63,16
10288,none,0,first_intext_warning,2.4781036376953125,30,16
10288,none,0,later_intext_warnings,1.9859949350357056,184,16
10288,none,0,warning_after_claim,3.0134031772613525,23,16
10288,truth,1,claim_first,1.9189121723175049,66,16
10288,truth,1,ordinary,3.2191860675811768,63,16
10288,truth,1,first_intext_warning,2.8232040405273438,30,16
10288,truth,1,later_intext_warnings,2.333446522553762,184,16
10288,truth,1,warning_after_claim,3.789781332015991,23,16
10288,truth,-1,claim_first,1.674842119216919,66,16
10288,truth,-1,ordinary,3.364868402481079,63,16
10288,truth,-1,first_intext_warning,2.906619071960449,30,16
10288,truth,-1,later_intext_warnings,2.3053980072339377,184,16
10288,truth,-1,warning_after_claim,3.170982599258423,23,16
10288,random1,1,claim_first,1.8643574714660645,66,16
10288,random1,1,ordinary,3.2065865993499756,63,16
10288,random1,1,first_intext_warning,2.6678504943847656,30,16
10288,random1,1,later_intext_warnings,2.197946548461914,184,16
10288,random1,1,warning_after_claim,3.0321805477142334,23,16
10288,random1,-1,claim_first,1.6759113073349,66,16
10288,random1,-1,ordinary,3.1083736419677734,63,16
10288,random1,-1,first_intext_warning,2.550640106201172,30,16
10288,random1,-1,later_intext_warnings,2.12757807970047,184,16
10288,random1,-1,warning_after_claim,3.3552727699279785,23,16
10288,random2,1,claim_first,1.52949059009552,66,16
10288,random2,1,ordinary,3.255049705505371,63,16
10288,random2,1,first_intext_warning,2.8418564796447754,30,16
10288,random2,1,later_intext_warnings,2.2916120688120523,184,16
10288,random2,1,warning_after_claim,3.6639564037323,23,16
10288,random2,-1,claim_first,1.9720172882080078,66,16
10288,random2,-1,ordinary,3.2062199115753174,63,16
10288,random2,-1,first_intext_warning,2.5969488620758057,30,16
10288,random2,-1,later_intext_warnings,2.0931167602539062,184,16
10288,random2,-1,warning_after_claim,3.0486738681793213,23,16
10288,random3,1,claim_first,1.892774224281311,66,16
10288,random3,1,ordinary,3.2573704719543457,63,16
10288,random3,1,first_intext_warning,2.645449161529541,30,16
10288,random3,1,later_intext_warnings,2.171366890271505,184,16
10288,random3,1,warning_after_claim,3.4440746307373047,23,16
10288,random3,-1,claim_first,1.671855092048645,66,16
10288,random3,-1,ordinary,3.0755982398986816,63,16
10288,random3,-1,first_intext_warning,2.5808629989624023,30,16
10288,random3,-1,later_intext_warnings,2.210019111633301,184,16
10288,random3,-1,warning_after_claim,3.242061138153076,23,16
10288,random4,1,claim_first,1.8161895275115967,66,16
10288,random4,1,ordinary,3.1971898078918457,63,16
10288,random4,1,first_intext_warning,2.7410004138946533,30,16
10288,random4,1,later_intext_warnings,2.1581724484761557,184,16
10288,random4,1,warning_after_claim,3.3275983333587646,23,16
10288,random4,-1,claim_first,1.7124425172805786,66,16
10288,random4,-1,ordinary,3.1800456047058105,63,16
10288,random4,-1,first_intext_warning,2.625300168991089,30,16
10288,random4,-1,later_intext_warnings,2.2035265366236367,184,16
10288,random4,-1,warning_after_claim,3.2889411449432373,23,16
10288,random5,1,claim_first,1.7126291990280151,66,16
10288,random5,1,ordinary,3.169207811355591,63,16
10288,random5,1,first_intext_warning,2.602847099304199,30,16
10288,random5,1,later_intext_warnings,2.1386025150616965,184,16
10288,random5,1,warning_after_claim,3.282407760620117,23,16
10288,random5,-1,claim_first,1.7968732118606567,66,16
10288,random5,-1,ordinary,3.2042245864868164,63,16
10288,random5,-1,first_intext_warning,2.579869270324707,30,16
10288,random5,-1,later_intext_warnings,2.1754713654518127,184,16
10288,random5,-1,warning_after_claim,3.1148226261138916,23,16
10288,random6,1,claim_first,1.931997299194336,66,16
10288,random6,1,ordinary,3.170774459838867,63,16
10288,random6,1,first_intext_warning,2.8190078735351562,30,16
10288,random6,1,later_intext_warnings,2.185395896434784,184,16
10288,random6,1,warning_after_claim,2.9753780364990234,23,16
10288,random6,-1,claim_first,1.7121655941009521,66,16
10288,random6,-1,ordinary,3.0628244876861572,63,16
10288,random6,-1,first_intext_warning,2.5751006603240967,30,16
10288,random6,-1,later_intext_warnings,2.196244537830353,184,16
10288,random6,-1,warning_after_claim,3.397048234939575,23,16
10288,random7,1,claim_first,1.768122673034668,66,16
10288,random7,1,ordinary,3.056133985519409,63,16
10288,random7,1,first_intext_warning,2.442396640777588,30,16
10288,random7,1,later_intext_warnings,2.110704759756724,184,16
10288,random7,1,warning_after_claim,3.1223721504211426,23,16
10288,random7,-1,claim_first,1.7655956745147705,66,16
10288,random7,-1,ordinary,3.3032422065734863,63,16
10288,random7,-1,first_intext_warning,2.896852731704712,30,16
10288,random7,-1,later_intext_warnings,2.2144306103388467,184,16
10288,random7,-1,warning_after_claim,3.109557867050171,23,16
10288,random8,1,claim_first,1.7511985301971436,66,16
10288,random8,1,ordinary,3.109097957611084,63,16
10288,random8,1,first_intext_warning,2.630779504776001,30,16
10288,random8,1,later_intext_warnings,2.1724873383839927,184,16
10288,random8,1,warning_after_claim,3.2363061904907227,23,16
10288,random8,-1,claim_first,1.8025845289230347,66,16
10288,random8,-1,ordinary,3.223731279373169,63,16
10288,random8,-1,first_intext_warning,2.685352087020874,30,16
10288,random8,-1,later_intext_warnings,2.111987054347992,184,16
10288,random8,-1,warning_after_claim,3.532562017440796,23,16
10288,random9,1,claim_first,1.758258581161499,66,16
10288,random9,1,ordinary,3.1262564659118652,63,16
10288,random9,1,first_intext_warning,2.622441291809082,30,16
10288,random9,1,later_intext_warnings,2.15067720413208,184,16
10288,random9,1,warning_after_claim,3.239596128463745,23,16
10288,random9,-1,claim_first,1.8991531133651733,66,16
10288,random9,-1,ordinary,3.1795361042022705,63,16
10288,random9,-1,first_intext_warning,2.6590070724487305,30,16
10288,random9,-1,later_intext_warnings,2.182946503162384,184,16
10288,random9,-1,warning_after_claim,3.259678602218628,23,16
10288,random10,1,claim_first,1.6257519721984863,66,16
10288,random10,1,ordinary,3.196476936340332,63,16
10288,random10,1,first_intext_warning,2.572293281555176,30,16
10288,random10,1,later_intext_warnings,2.1642169753710427,184,16
10288,random10,1,warning_after_claim,3.67461895942688,23,16
10288,random10,-1,claim_first,1.940449833869934,66,16
10288,random10,-1,ordinary,3.1687142848968506,63,16
10288,random10,-1,first_intext_warning,2.743058204650879,30,16
10288,random10,-1,later_intext_warnings,2.170963188012441,184,16
10288,random10,-1,warning_after_claim,3.156921625137329,23,16
10289,none,0,claim_first,1.8107486963272095,46,16
10289,none,0,ordinary,1.3012847900390625,101,16
10289,none,0,first_intext_warning,2.5373220443725586,35,16
10289,none,0,later_intext_warnings,2.049332598845164,128,16
10289,none,0,warning_after_claim,2.2436866760253906,28,16
10289,truth,1,claim_first,2.150963068008423,46,16
10289,truth,1,ordinary,1.7595510482788086,101,16
10289,truth,1,first_intext_warning,2.760789155960083,35,16
10289,truth,1,later_intext_warnings,2.395728806654612,128,16
10289,truth,1,warning_after_claim,3.0642571449279785,28,16
10289,truth,-1,claim_first,2.151233673095703,46,16
10289,truth,-1,ordinary,1.5749157667160034,101,16
10289,truth,-1,first_intext_warning,3.179180145263672,35,16
10289,truth,-1,later_intext_warnings,2.3538320859273276,128,16
10289,truth,-1,warning_after_claim,2.357684850692749,28,16
10289,random1,1,claim_first,2.2499353885650635,46,16
10289,random1,1,ordinary,1.7925664186477661,101,16
10289,random1,1,first_intext_warning,2.6638808250427246,35,16
10289,random1,1,later_intext_warnings,2.17915811141332,128,16
10289,random1,1,warning_after_claim,2.3905107975006104,28,16
10289,random1,-1,claim_first,2.214594841003418,46,16
10289,random1,-1,ordinary,1.5905388593673706,101,16
10289,random1,-1,first_intext_warning,2.425334930419922,35,16
10289,random1,-1,later_intext_warnings,2.2060232361157737,128,16
10289,random1,-1,warning_after_claim,2.5314583778381348,28,16
10289,random2,1,claim_first,2.263960838317871,46,16
10289,random2,1,ordinary,1.7282860279083252,101,16
10289,random2,1,first_intext_warning,2.6650803089141846,35,16
10289,random2,1,later_intext_warnings,2.4075321555137634,128,16
10289,random2,1,warning_after_claim,2.811504602432251,28,16
10289,random2,-1,claim_first,2.193087339401245,46,16
10289,random2,-1,ordinary,1.6213995218276978,101,16
10289,random2,-1,first_intext_warning,2.428161859512329,35,16
10289,random2,-1,later_intext_warnings,2.082548956076304,128,16
10289,random2,-1,warning_after_claim,2.3123154640197754,28,16
10289,random3,1,claim_first,2.3659262657165527,46,16
10289,random3,1,ordinary,1.7620320320129395,101,16
10289,random3,1,first_intext_warning,2.3885536193847656,35,16
10289,random3,1,later_intext_warnings,2.2159356474876404,128,16
10289,random3,1,warning_after_claim,2.711995840072632,28,16
10289,random3,-1,claim_first,1.9812474250793457,46,16
10289,random3,-1,ordinary,1.697563648223877,101,16
10289,random3,-1,first_intext_warning,2.6491363048553467,35,16
10289,random3,-1,later_intext_warnings,2.1522146463394165,128,16
10289,random3,-1,warning_after_claim,2.350106716156006,28,16
10289,random4,1,claim_first,2.2051877975463867,46,16
10289,random4,1,ordinary,1.8255400657653809,101,16
10289,random4,1,first_intext_warning,2.3985352516174316,35,16
10289,random4,1,later_intext_warnings,2.1475137074788413,128,16
10289,random4,1,warning_after_claim,2.428971529006958,28,16
10289,random4,-1,claim_first,2.2061750888824463,46,16
10289,random4,-1,ordinary,1.636512279510498,101,16
10289,random4,-1,first_intext_warning,2.676691770553589,35,16
10289,random4,-1,later_intext_warnings,2.2623010079065957,128,16
10289,random4,-1,warning_after_claim,2.597062826156616,28,16
10289,random5,1,claim_first,2.1014187335968018,46,16
10289,random5,1,ordinary,1.7796491384506226,101,16
10289,random5,1,first_intext_warning,2.605156660079956,35,16
10289,random5,1,later_intext_warnings,2.2669230103492737,128,16
10289,random5,1,warning_after_claim,2.5691864490509033,28,16
10289,random5,-1,claim_first,2.0787782669067383,46,16
10289,random5,-1,ordinary,1.7502435445785522,101,16
10289,random5,-1,first_intext_warning,2.534212589263916,35,16
10289,random5,-1,later_intext_warnings,2.1590739488601685,128,16
10289,random5,-1,warning_after_claim,2.4653327465057373,28,16
10289,random6,1,claim_first,2.122088670730591,46,16
10289,random6,1,ordinary,1.7099372148513794,101,16
10289,random6,1,first_intext_warning,2.3157927989959717,35,16
10289,random6,1,later_intext_warnings,2.2770666082700095,128,16
10289,random6,1,warning_after_claim,2.4520187377929688,28,16
10289,random6,-1,claim_first,2.0988197326660156,46,16
10289,random6,-1,ordinary,1.6350818872451782,101,16
10289,random6,-1,first_intext_warning,2.7772774696350098,35,16
10289,random6,-1,later_intext_warnings,2.1511813004811606,128,16
10289,random6,-1,warning_after_claim,2.3921866416931152,28,16
10289,random7,1,claim_first,2.0434257984161377,46,16
10289,random7,1,ordinary,1.7416545152664185,101,16
10289,random7,1,first_intext_warning,2.2589316368103027,35,16
10289,random7,1,later_intext_warnings,2.1305834452311196,128,16
10289,random7,1,warning_after_claim,2.3329615592956543,28,16
10289,random7,-1,claim_first,2.141770839691162,46,16
10289,random7,-1,ordinary,1.7386960983276367,101,16
10289,random7,-1,first_intext_warning,2.882009506225586,35,16
10289,random7,-1,later_intext_warnings,2.3039665818214417,128,16
10289,random7,-1,warning_after_claim,2.561767101287842,28,16
10289,random8,1,claim_first,2.011753797531128,46,16
10289,random8,1,ordinary,1.6845966577529907,101,16
10289,random8,1,first_intext_warning,2.6383090019226074,35,16
10289,random8,1,later_intext_warnings,2.156748374303182,128,16
10289,random8,1,warning_after_claim,2.4234306812286377,28,16
10289,random8,-1,claim_first,2.278743267059326,46,16
10289,random8,-1,ordinary,1.7048852443695068,101,16
10289,random8,-1,first_intext_warning,2.6026370525360107,35,16
10289,random8,-1,later_intext_warnings,2.2776634295781455,128,16
10289,random8,-1,warning_after_claim,2.653623342514038,28,16
10289,random9,1,claim_first,2.238379716873169,46,16
10289,random9,1,ordinary,1.686514973640442,101,16
10289,random9,1,first_intext_warning,2.5896174907684326,35,16
10289,random9,1,later_intext_warnings,2.3098859985669455,128,16
10289,random9,1,warning_after_claim,2.513639450073242,28,16
10289,random9,-1,claim_first,2.1891841888427734,46,16
10289,random9,-1,ordinary,1.7268739938735962,101,16
10289,random9,-1,first_intext_warning,2.6282882690429688,35,16
10289,random9,-1,later_intext_warnings,2.196195741494497,128,16
10289,random9,-1,warning_after_claim,2.606501340866089,28,16
10289,random10,1,claim_first,2.2451224327087402,46,16
10289,random10,1,ordinary,1.5746816396713257,101,16
10289,random10,1,first_intext_warning,2.5009634494781494,35,16
10289,random10,1,later_intext_warnings,2.2429635723431907,128,16
10289,random10,1,warning_after_claim,2.63576340675354,28,16
10289,random10,-1,claim_first,1.928174376487732,46,16
10289,random10,-1,ordinary,1.725662112236023,101,16
10289,random10,-1,first_intext_warning,2.776914119720459,35,16
10289,random10,-1,later_intext_warnings,2.2388447523117065,128,16
10289,random10,-1,warning_after_claim,2.379507064819336,28,16
10290,none,0,claim_first,1.1142657995224,28,16
10290,none,0,ordinary,3.116090774536133,65,16
10290,none,0,first_intext_warning,2.4983646869659424,26,16
10290,none,0,later_intext_warnings,2.1393096645673118,150,16
10290,none,0,warning_after_claim,2.0414764881134033,20,16
10290,truth,1,claim_first,1.2922227382659912,28,16
10290,truth,1,ordinary,3.4930059909820557,65,16
10290,truth,1,first_intext_warning,2.72593355178833,26,16
10290,truth,1,later_intext_warnings,2.3011463483174643,150,16
10290,truth,1,warning_after_claim,2.5036330223083496,20,16
10290,truth,-1,claim_first,1.4098663330078125,28,16
10290,truth,-1,ordinary,3.241893768310547,65,16
10290,truth,-1,first_intext_warning,2.6496870517730713,26,16
10290,truth,-1,later_intext_warnings,2.309231400489807,150,16
10290,truth,-1,warning_after_claim,2.4781875610351562,20,16
10290,random1,1,claim_first,1.5173505544662476,28,16
10290,random1,1,ordinary,3.3738598823547363,65,16
10290,random1,1,first_intext_warning,2.4427876472473145,26,16
10290,random1,1,later_intext_warnings,2.2088868816693625,150,16
10290,random1,1,warning_after_claim,2.240640163421631,20,16
10290,random1,-1,claim_first,1.3344743251800537,28,16
10290,random1,-1,ordinary,3.3077621459960938,65,16
10290,random1,-1,first_intext_warning,2.604848623275757,26,16
10290,random1,-1,later_intext_warnings,2.237473706404368,150,16
10290,random1,-1,warning_after_claim,2.3346705436706543,20,16
10290,random2,1,claim_first,1.3484458923339844,28,16
10290,random2,1,ordinary,3.247192859649658,65,16
10290,random2,1,first_intext_warning,2.882124185562134,26,16
10290,random2,1,later_intext_warnings,2.347220698992411,150,16
10290,random2,1,warning_after_claim,2.3259143829345703,20,16
10290,random2,-1,claim_first,1.365586519241333,28,16
10290,random2,-1,ordinary,3.198122501373291,65,16
10290,random2,-1,first_intext_warning,2.323533535003662,26,16
10290,random2,-1,later_intext_warnings,2.197957674662272,150,16
10290,random2,-1,warning_after_claim,2.3202621936798096,20,16
10290,random3,1,claim_first,1.3801900148391724,28,16
10290,random3,1,ordinary,3.19094181060791,65,16
10290,random3,1,first_intext_warning,2.4645094871520996,26,16
10290,random3,1,later_intext_warnings,2.1303089261054993,150,16
10290,random3,1,warning_after_claim,2.438499689102173,20,16
10290,random3,-1,claim_first,1.2151833772659302,28,16
10290,random3,-1,ordinary,3.2316341400146484,65,16
10290,random3,-1,first_intext_warning,2.5979936122894287,26,16
10290,random3,-1,later_intext_warnings,2.2943766117095947,150,16
10290,random3,-1,warning_after_claim,2.333346366882324,20,16
10290,random4,1,claim_first,1.4940108060836792,28,16
10290,random4,1,ordinary,3.2222952842712402,65,16
10290,random4,1,first_intext_warning,2.617780923843384,26,16
10290,random4,1,later_intext_warnings,2.1358624498049417,150,16
10290,random4,1,warning_after_claim,2.4673497676849365,20,16
10290,random4,-1,claim_first,1.3261042833328247,28,16
10290,random4,-1,ordinary,3.255838394165039,65,16
10290,random4,-1,first_intext_warning,2.49893856048584,26,16
10290,random4,-1,later_intext_warnings,2.286364754041036,150,16
10290,random4,-1,warning_after_claim,2.203155994415283,20,16
10290,random5,1,claim_first,1.3350063562393188,28,16
10290,random5,1,ordinary,3.159968852996826,65,16
10290,random5,1,first_intext_warning,2.461764097213745,26,16
10290,random5,1,later_intext_warnings,2.270658314228058,150,16
10290,random5,1,warning_after_claim,2.3273446559906006,20,16
10290,random5,-1,claim_first,1.3046751022338867,28,16
10290,random5,-1,ordinary,3.2773377895355225,65,16
10290,random5,-1,first_intext_warning,2.5155038833618164,26,16
10290,random5,-1,later_intext_warnings,2.210300624370575,150,16
10290,random5,-1,warning_after_claim,2.431251049041748,20,16
10290,random6,1,claim_first,1.3293201923370361,28,16
10290,random6,1,ordinary,3.2374839782714844,65,16
10290,random6,1,first_intext_warning,2.5135295391082764,26,16
10290,random6,1,later_intext_warnings,2.310111622015635,150,16
10290,random6,1,warning_after_claim,2.294253349304199,20,16
10290,random6,-1,claim_first,1.3120752573013306,28,16
10290,random6,-1,ordinary,3.256864309310913,65,16
10290,random6,-1,first_intext_warning,2.6151483058929443,26,16
10290,random6,-1,later_intext_warnings,2.2438713908195496,150,16
10290,random6,-1,warning_after_claim,2.171281337738037,20,16
10290,random7,1,claim_first,1.332711100578308,28,16
10290,random7,1,ordinary,3.378434896469116,65,16
10290,random7,1,first_intext_warning,2.614800453186035,26,16
10290,random7,1,later_intext_warnings,2.187322676181793,150,16
10290,random7,1,warning_after_claim,2.1353273391723633,20,16
10290,random7,-1,claim_first,1.3132225275039673,28,16
10290,random7,-1,ordinary,3.2126224040985107,65,16
10290,random7,-1,first_intext_warning,2.357358694076538,26,16
10290,random7,-1,later_intext_warnings,2.2934810320536294,150,16
10290,random7,-1,warning_after_claim,2.2411141395568848,20,16
10290,random8,1,claim_first,1.401907205581665,28,16
10290,random8,1,ordinary,3.3175888061523438,65,16
10290,random8,1,first_intext_warning,2.629045248031616,26,16
10290,random8,1,later_intext_warnings,2.266621013482412,150,16
10290,random8,1,warning_after_claim,2.181039810180664,20,16
10290,random8,-1,claim_first,1.3051539659500122,28,16
10290,random8,-1,ordinary,3.268950939178467,65,16
10290,random8,-1,first_intext_warning,2.6448397636413574,26,16
10290,random8,-1,later_intext_warnings,2.2193591594696045,150,16
10290,random8,-1,warning_after_claim,2.4727494716644287,20,16
10290,random9,1,claim_first,1.2853708267211914,28,16
10290,random9,1,ordinary,3.349515914916992,65,16
10290,random9,1,first_intext_warning,2.423067092895508,26,16
10290,random9,1,later_intext_warnings,2.195560177167257,150,16
10290,random9,1,warning_after_claim,2.18662428855896,20,16
10290,random9,-1,claim_first,1.347614049911499,28,16
10290,random9,-1,ordinary,3.26021146774292,65,16
10290,random9,-1,first_intext_warning,2.844667673110962,26,16
10290,random9,-1,later_intext_warnings,2.3213003079096475,150,16
10290,random9,-1,warning_after_claim,2.404937744140625,20,16
10290,random10,1,claim_first,1.4491852521896362,28,16
10290,random10,1,ordinary,3.251513719558716,65,16
10290,random10,1,first_intext_warning,2.4727988243103027,26,16
10290,random10,1,later_intext_warnings,2.181115468343099,150,16
10290,random10,1,warning_after_claim,2.3702504634857178,20,16
10290,random10,-1,claim_first,1.37250554561615,28,16
10290,random10,-1,ordinary,3.282435894012451,65,16
10290,random10,-1,first_intext_warning,2.643460988998413,26,16
10290,random10,-1,later_intext_warnings,2.238786220550537,150,16
10290,random10,-1,warning_after_claim,2.400883436203003,20,16
10291,none,0,claim_first,1.2302411794662476,57,16
10291,none,0,ordinary,2.0881776809692383,88,16
10291,none,0,first_intext_warning,2.385575771331787,30,16
10291,none,0,later_intext_warnings,1.7974531451861064,176,16
10291,none,0,warning_after_claim,2.6655986309051514,24,16
10291,truth,1,claim_first,1.4181934595108032,57,16
10291,truth,1,ordinary,2.3795225620269775,88,16
10291,truth,1,first_intext_warning,2.9403421878814697,30,16
10291,truth,1,later_intext_warnings,2.219465951124827,176,16
10291,truth,1,warning_after_claim,3.143475294113159,24,16
10291,truth,-1,claim_first,1.5732837915420532,57,16
10291,truth,-1,ordinary,2.3835763931274414,88,16
10291,truth,-1,first_intext_warning,2.7381675243377686,30,16
10291,truth,-1,later_intext_warnings,1.9724376400311787,176,16
10291,truth,-1,warning_after_claim,2.9258925914764404,24,16
10291,random1,1,claim_first,1.5923811197280884,57,16
10291,random1,1,ordinary,2.2794606685638428,88,16
10291,random1,1,first_intext_warning,2.765655279159546,30,16
10291,random1,1,later_intext_warnings,2.005087435245514,176,16
10291,random1,1,warning_after_claim,2.685744047164917,24,16
10291,random1,-1,claim_first,1.4046839475631714,57,16
10291,random1,-1,ordinary,2.315967082977295,88,16
10291,random1,-1,first_intext_warning,2.3630330562591553,30,16
10291,random1,-1,later_intext_warnings,1.8880998889605205,176,16
10291,random1,-1,warning_after_claim,2.907965898513794,24,16
10291,random2,1,claim_first,1.3374930620193481,57,16
10291,random2,1,ordinary,2.298252582550049,88,16
10291,random2,1,first_intext_warning,2.823258399963379,30,16
10291,random2,1,later_intext_warnings,1.989543378353119,176,16
10291,random2,1,warning_after_claim,3.067150831222534,24,16
10291,random2,-1,claim_first,1.4753426313400269,57,16
10291,random2,-1,ordinary,2.293935537338257,88,16
10291,random2,-1,first_intext_warning,2.594032049179077,30,16
10291,random2,-1,later_intext_warnings,1.9793742100397747,176,16
10291,random2,-1,warning_after_claim,2.5862274169921875,24,16
10291,random3,1,claim_first,1.4045429229736328,57,16
10291,random3,1,ordinary,2.4212324619293213,88,16
10291,random3,1,first_intext_warning,2.6567471027374268,30,16
10291,random3,1,later_intext_warnings,2.0002094308535256,176,16
10291,random3,1,warning_after_claim,3.1874494552612305,24,16
10291,random3,-1,claim_first,1.4803295135498047,57,16
10291,random3,-1,ordinary,2.1859323978424072,88,16
10291,random3,-1,first_intext_warning,2.595792531967163,30,16
10291,random3,-1,later_intext_warnings,1.9524724284807842,176,16
10291,random3,-1,warning_after_claim,2.512655735015869,24,16
10291,random4,1,claim_first,1.522099256515503,57,16
10291,random4,1,ordinary,2.2138261795043945,88,16
10291,random4,1,first_intext_warning,2.6700150966644287,30,16
10291,random4,1,later_intext_warnings,1.9640612403551738,176,16
10291,random4,1,warning_after_claim,2.586794137954712,24,16
10291,random4,-1,claim_first,1.4266796112060547,57,16
10291,random4,-1,ordinary,2.296516180038452,88,16
10291,random4,-1,first_intext_warning,2.5427849292755127,30,16
10291,random4,-1,later_intext_warnings,2.026245931784312,176,16
10291,random4,-1,warning_after_claim,3.1991612911224365,24,16
10291,random5,1,claim_first,1.5367201566696167,57,16
10291,random5,1,ordinary,2.2899155616760254,88,16
10291,random5,1,first_intext_warning,2.6672234535217285,30,16
10291,random5,1,later_intext_warnings,2.011892557144165,176,16
10291,random5,1,warning_after_claim,3.0245277881622314,24,16
10291,random5,-1,claim_first,1.365217924118042,57,16
10291,random5,-1,ordinary,2.221792221069336,88,16
10291,random5,-1,first_intext_warning,2.519423007965088,30,16
10291,random5,-1,later_intext_warnings,1.8550323843955994,176,16
10291,random5,-1,warning_after_claim,2.806091547012329,24,16
10291,random6,1,claim_first,1.5260475873947144,57,16
10291,random6,1,ordinary,2.3330602645874023,88,16
10291,random6,1,first_intext_warning,2.6298024654388428,30,16
10291,random6,1,later_intext_warnings,1.9869101246198018,176,16
10291,random6,1,warning_after_claim,2.7983429431915283,24,16
10291,random6,-1,claim_first,1.3427910804748535,57,16
10291,random6,-1,ordinary,2.217874765396118,88,16
10291,random6,-1,first_intext_warning,2.510129690170288,30,16
10291,random6,-1,later_intext_warnings,1.9947368105252583,176,16
10291,random6,-1,warning_after_claim,2.9148995876312256,24,16
10291,random7,1,claim_first,1.3597135543823242,57,16
10291,random7,1,ordinary,2.2107794284820557,88,16
10291,random7,1,first_intext_warning,2.5007240772247314,30,16
10291,random7,1,later_intext_warnings,1.928695281346639,176,16
10291,random7,1,warning_after_claim,2.6035516262054443,24,16
10291,random7,-1,claim_first,1.5342512130737305,57,16
10291,random7,-1,ordinary,2.338489532470703,88,16
10291,random7,-1,first_intext_warning,2.689765214920044,30,16
10291,random7,-1,later_intext_warnings,1.9438467423121135,176,16
10291,random7,-1,warning_after_claim,2.840289831161499,24,16
10291,random8,1,claim_first,1.374793291091919,57,16
10291,random8,1,ordinary,2.272305965423584,88,16
10291,random8,1,first_intext_warning,2.4119973182678223,30,16
10291,random8,1,later_intext_warnings,1.973989188671112,176,16
10291,random8,1,warning_after_claim,2.7182247638702393,24,16
10291,random8,-1,claim_first,1.4414600133895874,57,16
10291,random8,-1,ordinary,2.2390599250793457,88,16
10291,random8,-1,first_intext_warning,2.70504093170166,30,16
10291,random8,-1,later_intext_warnings,1.968768020470937,176,16
10291,random8,-1,warning_after_claim,2.904381513595581,24,16
10291,random9,1,claim_first,1.4610759019851685,57,16
10291,random9,1,ordinary,2.303419351577759,88,16
10291,random9,1,first_intext_warning,2.5874202251434326,30,16
10291,random9,1,later_intext_warnings,1.9269499977429707,176,16
10291,random9,1,warning_after_claim,2.923649787902832,24,16
10291,random9,-1,claim_first,1.4682122468948364,57,16
10291,random9,-1,ordinary,2.456906318664551,88,16
10291,random9,-1,first_intext_warning,2.701094627380371,30,16
10291,random9,-1,later_intext_warnings,2.0432388186454773,176,16
10291,random9,-1,warning_after_claim,2.8059308528900146,24,16
10291,random10,1,claim_first,1.478350043296814,57,16
10291,random10,1,ordinary,2.231248617172241,88,16
10291,random10,1,first_intext_warning,2.546783685684204,30,16
10291,random10,1,later_intext_warnings,1.9613785942395527,176,16
10291,random10,1,warning_after_claim,2.857844114303589,24,16
10291,random10,-1,claim_first,1.4541232585906982,57,16
10291,random10,-1,ordinary,2.3646750450134277,88,16
10291,random10,-1,first_intext_warning,2.7123875617980957,30,16
10291,random10,-1,later_intext_warnings,2.0191608468691506,176,16
10291,random10,-1,warning_after_claim,2.9209587574005127,24,16
10292,none,0,claim_first,2.2507410049438477,38,16
10292,none,0,ordinary,1.5834598541259766,103,16
10292,none,0,first_intext_warning,2.746100425720215,31,16
10292,none,0,later_intext_warnings,1.86980082988739,116,16
10292,none,0,warning_after_claim,2.339017391204834,23,16
10292,truth,1,claim_first,2.7693984508514404,38,16
10292,truth,1,ordinary,1.8979607820510864,103,16
10292,truth,1,first_intext_warning,3.3310301303863525,31,16
10292,truth,1,later_intext_warnings,2.2040005207061766,116,16
10292,truth,1,warning_after_claim,2.7776801586151123,23,16
10292,truth,-1,claim_first,2.482830286026001,38,16
10292,truth,-1,ordinary,1.832163691520691,103,16
10292,truth,-1,first_intext_warning,3.495396614074707,31,16
10292,truth,-1,later_intext_warnings,1.9849251985549927,116,16
10292,truth,-1,warning_after_claim,2.656169891357422,23,16
10292,random1,1,claim_first,2.617420196533203,38,16
10292,random1,1,ordinary,2.0438153743743896,103,16
10292,random1,1,first_intext_warning,2.823361873626709,31,16
10292,random1,1,later_intext_warnings,2.032425880432129,116,16
10292,random1,1,warning_after_claim,2.5066826343536377,23,16
10292,random1,-1,claim_first,2.6223456859588623,38,16
10292,random1,-1,ordinary,1.9068634510040283,103,16
10292,random1,-1,first_intext_warning,3.0490598678588867,31,16
10292,random1,-1,later_intext_warnings,1.956028985977173,116,16
10292,random1,-1,warning_after_claim,2.523231267929077,23,16
10292,random2,1,claim_first,2.520052671432495,38,16
10292,random2,1,ordinary,1.9330134391784668,103,16
10292,random2,1,first_intext_warning,3.14563250541687,31,16
10292,random2,1,later_intext_warnings,2.193904256820679,116,16
10292,random2,1,warning_after_claim,2.6084134578704834,23,16
10292,random2,-1,claim_first,2.556248903274536,38,16
10292,random2,-1,ordinary,1.7848376035690308,103,16
10292,random2,-1,first_intext_warning,3.0494496822357178,31,16
10292,random2,-1,later_intext_warnings,1.9329095363616944,116,16
10292,random2,-1,warning_after_claim,2.3233397006988525,23,16
10292,random3,1,claim_first,2.6685237884521484,38,16
10292,random3,1,ordinary,1.966350793838501,103,16
10292,random3,1,first_intext_warning,3.0374910831451416,31,16
10292,random3,1,later_intext_warnings,2.0599538564682005,116,16
10292,random3,1,warning_after_claim,2.3622922897338867,23,16
10292,random3,-1,claim_first,2.492642879486084,38,16
10292,random3,-1,ordinary,1.7918708324432373,103,16
10292,random3,-1,first_intext_warning,2.8174691200256348,31,16
10292,random3,-1,later_intext_warnings,2.1161980628967285,116,16
10292,random3,-1,warning_after_claim,2.604396343231201,23,16
10292,random4,1,claim_first,2.494112968444824,38,16
10292,random4,1,ordinary,1.762047290802002,103,16
10292,random4,1,first_intext_warning,3.062281608581543,31,16
10292,random4,1,later_intext_warnings,2.0655227184295653,116,16
10292,random4,1,warning_after_claim,2.281761646270752,23,16
10292,random4,-1,claim_first,2.5078978538513184,38,16
10292,random4,-1,ordinary,1.8475083112716675,103,16
10292,random4,-1,first_intext_warning,2.8210525512695312,31,16
10292,random4,-1,later_intext_warnings,2.0111647605895997,116,16
10292,random4,-1,warning_after_claim,2.559983015060425,23,16
10292,random5,1,claim_first,2.5069141387939453,38,16
10292,random5,1,ordinary,1.9433592557907104,103,16
10292,random5,1,first_intext_warning,2.950185775756836,31,16
10292,random5,1,later_intext_warnings,2.050630044937134,116,16
10292,random5,1,warning_after_claim,2.4555795192718506,23,16
10292,random5,-1,claim_first,2.488471746444702,38,16
10292,random5,-1,ordinary,1.800210952758789,103,16
10292,random5,-1,first_intext_warning,2.934695243835449,31,16
10292,random5,-1,later_intext_warnings,1.9995134592056274,116,16
10292,random5,-1,warning_after_claim,2.4460909366607666,23,16
10292,random6,1,claim_first,2.51279878616333,38,16
10292,random6,1,ordinary,1.9069586992263794,103,16
10292,random6,1,first_intext_warning,2.789888858795166,31,16
10292,random6,1,later_intext_warnings,2.0101404666900633,116,16
10292,random6,1,warning_after_claim,2.471566915512085,23,16
10292,random6,-1,claim_first,2.502408981323242,38,16
10292,random6,-1,ordinary,1.760934829711914,103,16
10292,random6,-1,first_intext_warning,3.09075665473938,31,16
10292,random6,-1,later_intext_warnings,2.0757386445999146,116,16
10292,random6,-1,warning_after_claim,2.4683470726013184,23,16
10292,random7,1,claim_first,2.3779056072235107,38,16
10292,random7,1,ordinary,1.950979232788086,103,16
10292,random7,1,first_intext_warning,2.7669641971588135,31,16
10292,random7,1,later_intext_warnings,1.9709240198135376,116,16
10292,random7,1,warning_after_claim,2.4891257286071777,23,16
10292,random7,-1,claim_first,2.567530393600464,38,16
10292,random7,-1,ordinary,1.8907285928726196,103,16
10292,random7,-1,first_intext_warning,3.2696847915649414,31,16
10292,random7,-1,later_intext_warnings,2.121765685081482,116,16
10292,random7,-1,warning_after_claim,2.2780110836029053,23,16
10292,random8,1,claim_first,2.501232147216797,38,16
10292,random8,1,ordinary,1.9229930639266968,103,16
10292,random8,1,first_intext_warning,2.911435127258301,31,16
10292,random8,1,later_intext_warnings,2.014369010925293,116,16
10292,random8,1,warning_after_claim,2.3464932441711426,23,16
10292,random8,-1,claim_first,2.5871684551239014,38,16
10292,random8,-1,ordinary,1.7836689949035645,103,16
10292,random8,-1,first_intext_warning,3.02348256111145,31,16
10292,random8,-1,later_intext_warnings,2.06129150390625,116,16
10292,random8,-1,warning_after_claim,2.600074052810669,23,16
10292,random9,1,claim_first,2.562472105026245,38,16
10292,random9,1,ordinary,1.8024652004241943,103,16
10292,random9,1,first_intext_warning,2.8685362339019775,31,16
10292,random9,1,later_intext_warnings,1.9631940841674804,116,16
10292,random9,1,warning_after_claim,2.406810998916626,23,16
10292,random9,-1,claim_first,2.4005508422851562,38,16
10292,random9,-1,ordinary,1.8941540718078613,103,16
10292,random9,-1,first_intext_warning,3.010075807571411,31,16
10292,random9,-1,later_intext_warnings,2.111989879608154,116,16
10292,random9,-1,warning_after_claim,2.554335117340088,23,16
10292,random10,1,claim_first,2.6819021701812744,38,16
10292,random10,1,ordinary,1.779438853263855,103,16
10292,random10,1,first_intext_warning,2.993614435195923,31,16
10292,random10,1,later_intext_warnings,2.0519264698028565,116,16
10292,random10,1,warning_after_claim,2.6721696853637695,23,16
10292,random10,-1,claim_first,2.331284284591675,38,16
10292,random10,-1,ordinary,1.9092504978179932,103,16
10292,random10,-1,first_intext_warning,3.005016565322876,31,16
10292,random10,-1,later_intext_warnings,2.0740007877349855,116,16
10292,random10,-1,warning_after_claim,2.348961591720581,23,16
10293,none,0,claim_first,0.588713526725769,45,16
10293,none,0,ordinary,1.6122212409973145,109,16
10293,none,0,first_intext_warning,2.3691461086273193,30,16
10293,none,0,later_intext_warnings,2.0707247495651244,147,16
10293,none,0,warning_after_claim,2.6542463302612305,23,16
10293,truth,1,claim_first,0.9898955225944519,45,16
10293,truth,1,ordinary,2.1026086807250977,109,16
10293,truth,1,first_intext_warning,2.9494574069976807,30,16
10293,truth,1,later_intext_warnings,2.2714789152145385,147,16
10293,truth,1,warning_after_claim,3.5579707622528076,23,16
10293,truth,-1,claim_first,0.7430291175842285,45,16
10293,truth,-1,ordinary,2.0875320434570312,109,16
10293,truth,-1,first_intext_warning,2.5879509449005127,30,16
10293,truth,-1,later_intext_warnings,2.3916961193084716,147,16
10293,truth,-1,warning_after_claim,2.7936153411865234,23,16
10293,random1,1,claim_first,0.9838152527809143,45,16
10293,random1,1,ordinary,2.08777117729187,109,16
10293,random1,1,first_intext_warning,2.512010335922241,30,16
10293,random1,1,later_intext_warnings,2.2218524694442747,147,16
10293,random1,1,warning_after_claim,2.855039119720459,23,16
10293,random1,-1,claim_first,0.7613668441772461,45,16
10293,random1,-1,ordinary,2.1986405849456787,109,16
10293,random1,-1,first_intext_warning,2.683433771133423,30,16
10293,random1,-1,later_intext_warnings,2.2256954193115233,147,16
10293,random1,-1,warning_after_claim,2.7880005836486816,23,16
10293,random2,1,claim_first,0.7195878624916077,45,16
10293,random2,1,ordinary,2.191950559616089,109,16
10293,random2,1,first_intext_warning,2.6025025844573975,30,16
10293,random2,1,later_intext_warnings,2.4012388229370116,147,16
10293,random2,1,warning_after_claim,3.1420485973358154,23,16
10293,random2,-1,claim_first,0.8984003663063049,45,16
10293,random2,-1,ordinary,2.082874298095703,109,16
10293,random2,-1,first_intext_warning,2.652060031890869,30,16
10293,random2,-1,later_intext_warnings,2.1802460193634032,147,16
10293,random2,-1,warning_after_claim,2.9182205200195312,23,16
10293,random3,1,claim_first,0.8172435164451599,45,16
10293,random3,1,ordinary,2.137795925140381,109,16
10293,random3,1,first_intext_warning,2.5704352855682373,30,16
10293,random3,1,later_intext_warnings,2.2055747509002686,147,16
10293,random3,1,warning_after_claim,2.9844908714294434,23,16
10293,random3,-1,claim_first,0.8358330726623535,45,16
10293,random3,-1,ordinary,2.0817313194274902,109,16
10293,random3,-1,first_intext_warning,2.450650930404663,30,16
10293,random3,-1,later_intext_warnings,2.27822585105896,147,16
10293,random3,-1,warning_after_claim,2.7490270137786865,23,16
10293,random4,1,claim_first,0.8409988284111023,45,16
10293,random4,1,ordinary,2.273036479949951,109,16
10293,random4,1,first_intext_warning,2.7239537239074707,30,16
10293,random4,1,later_intext_warnings,2.211566996574402,147,16
10293,random4,1,warning_after_claim,2.8802292346954346,23,16
10293,random4,-1,claim_first,0.8467296361923218,45,16
10293,random4,-1,ordinary,1.986799716949463,109,16
10293,random4,-1,first_intext_warning,2.503523588180542,30,16
10293,random4,-1,later_intext_warnings,2.2212102890014647,147,16
10293,random4,-1,warning_after_claim,2.992539882659912,23,16
10293,random5,1,claim_first,0.8499155044555664,45,16
10293,random5,1,ordinary,2.161247491836548,109,16
10293,random5,1,first_intext_warning,2.6631338596343994,30,16
10293,random5,1,later_intext_warnings,2.1818665981292726,147,16
10293,random5,1,warning_after_claim,2.923311233520508,23,16
10293,random5,-1,claim_first,0.7635313272476196,45,16
10293,random5,-1,ordinary,2.0555408000946045,109,16
10293,random5,-1,first_intext_warning,2.5261600017547607,30,16
10293,random5,-1,later_intext_warnings,2.1697067975997926,147,16
10293,random5,-1,warning_after_claim,2.86586332321167,23,16
10293,random6,1,claim_first,0.835477888584137,45,16
10293,random6,1,ordinary,2.230774164199829,109,16
10293,random6,1,first_intext_warning,2.522102117538452,30,16
10293,random6,1,later_intext_warnings,2.1635473489761354,147,16
10293,random6,1,warning_after_claim,2.7571773529052734,23,16
10293,random6,-1,claim_first,0.8250323534011841,45,16
10293,random6,-1,ordinary,2.005397081375122,109,16
10293,random6,-1,first_intext_warning,2.477703332901001,30,16
10293,random6,-1,later_intext_warnings,2.3333127021789553,147,16
10293,random6,-1,warning_after_claim,2.93937349319458,23,16
10293,random7,1,claim_first,0.8813180923461914,45,16
10293,random7,1,ordinary,2.0844788551330566,109,16
10293,random7,1,first_intext_warning,2.842022657394409,30,16
10293,random7,1,later_intext_warnings,2.180225467681885,147,16
10293,random7,1,warning_after_claim,3.0562708377838135,23,16
10293,random7,-1,claim_first,0.9613254070281982,45,16
10293,random7,-1,ordinary,2.2064502239227295,109,16
10293,random7,-1,first_intext_warning,2.360171318054199,30,16
10293,random7,-1,later_intext_warnings,2.2251792669296266,147,16
10293,random7,-1,warning_after_claim,2.7191731929779053,23,16
10293,random8,1,claim_first,0.7886694073677063,45,16
10293,random8,1,ordinary,2.0492608547210693,109,16
10293,random8,1,first_intext_warning,2.5685534477233887,30,16
10293,random8,1,later_intext_warnings,2.29785361289978,147,16
10293,random8,1,warning_after_claim,2.854464054107666,23,16
10293,random8,-1,claim_first,0.7780954241752625,45,16
10293,random8,-1,ordinary,2.078540802001953,109,16
10293,random8,-1,first_intext_warning,2.5921876430511475,30,16
10293,random8,-1,later_intext_warnings,2.2343622922897337,147,16
10293,random8,-1,warning_after_claim,2.9812402725219727,23,16
10293,random9,1,claim_first,0.8303146362304688,45,16
10293,random9,1,ordinary,1.9718234539031982,109,16
10293,random9,1,first_intext_warning,2.4320356845855713,30,16
10293,random9,1,later_intext_warnings,2.22124342918396,147,16
10293,random9,1,warning_after_claim,2.8649747371673584,23,16
10293,random9,-1,claim_first,0.7976887822151184,45,16
10293,random9,-1,ordinary,2.303755283355713,109,16
10293,random9,-1,first_intext_warning,2.636078119277954,30,16
10293,random9,-1,later_intext_warnings,2.2695714712142943,147,16
10293,random9,-1,warning_after_claim,2.791982650756836,23,16
10293,random10,1,claim_first,0.7895937561988831,45,16
10293,random10,1,ordinary,2.0116372108459473,109,16
10293,random10,1,first_intext_warning,2.5251498222351074,30,16
10293,random10,1,later_intext_warnings,2.264234757423401,147,16
10293,random10,1,warning_after_claim,2.8962841033935547,23,16
10293,random10,-1,claim_first,0.8650895953178406,45,16
10293,random10,-1,ordinary,2.0897397994995117,109,16
10293,random10,-1,first_intext_warning,2.6728732585906982,30,16
10293,random10,-1,later_intext_warnings,2.2092181921005247,147,16
10293,random10,-1,warning_after_claim,2.8678412437438965,23,16
10294,none,0,claim_first,1.6459925174713135,32,16
10294,none,0,ordinary,2.625002861022949,76,16
10294,none,0,first_intext_warning,3.2851197719573975,28,16
10294,none,0,later_intext_warnings,1.9847956697146099,168,16
10294,none,0,warning_after_claim,3.2406535148620605,21,16
10294,truth,1,claim_first,1.9981786012649536,32,16
10294,truth,1,ordinary,3.059178113937378,76,16
10294,truth,1,first_intext_warning,3.9274423122406006,28,16
10294,truth,1,later_intext_warnings,2.403931657473246,168,16
10294,truth,1,warning_after_claim,3.51619029045105,21,16
10294,truth,-1,claim_first,1.7625749111175537,32,16
10294,truth,-1,ordinary,2.8486666679382324,76,16
10294,truth,-1,first_intext_warning,3.6183359622955322,28,16
10294,truth,-1,later_intext_warnings,2.2537841796875,168,16
10294,truth,-1,warning_after_claim,3.145688772201538,21,16
10294,random1,1,claim_first,2.1698169708251953,32,16
10294,random1,1,ordinary,2.9674673080444336,76,16
10294,random1,1,first_intext_warning,3.433450698852539,28,16
10294,random1,1,later_intext_warnings,2.115038792292277,168,16
10294,random1,1,warning_after_claim,3.1898720264434814,21,16
10294,random1,-1,claim_first,1.8009529113769531,32,16
10294,random1,-1,ordinary,2.9309165477752686,76,16
10294,random1,-1,first_intext_warning,3.4982030391693115,28,16
10294,random1,-1,later_intext_warnings,2.246190349260966,168,16
10294,random1,-1,warning_after_claim,3.2839410305023193,21,16
10294,random2,1,claim_first,2.02716064453125,32,16
10294,random2,1,ordinary,2.8732712268829346,76,16
10294,random2,1,first_intext_warning,3.7582666873931885,28,16
10294,random2,1,later_intext_warnings,2.256818254788717,168,16
10294,random2,1,warning_after_claim,3.720308303833008,21,16
10294,random2,-1,claim_first,1.7559680938720703,32,16
10294,random2,-1,ordinary,2.7764132022857666,76,16
10294,random2,-1,first_intext_warning,3.3510990142822266,28,16
10294,random2,-1,later_intext_warnings,2.1531524459520974,168,16
10294,random2,-1,warning_after_claim,3.0610005855560303,21,16
10294,random3,1,claim_first,1.9171156883239746,32,16
10294,random3,1,ordinary,2.83368182182312,76,16
10294,random3,1,first_intext_warning,3.4665679931640625,28,16
10294,random3,1,later_intext_warnings,2.2415704131126404,168,16
10294,random3,1,warning_after_claim,3.6015007495880127,21,16
10294,random3,-1,claim_first,1.917501449584961,32,16
10294,random3,-1,ordinary,2.8792624473571777,76,16
10294,random3,-1,first_intext_warning,3.3694381713867188,28,16
10294,random3,-1,later_intext_warnings,2.1121871074040732,168,16
10294,random3,-1,warning_after_claim,3.2155344486236572,21,16
10294,random4,1,claim_first,1.833371877670288,32,16
10294,random4,1,ordinary,2.875485420227051,76,16
10294,random4,1,first_intext_warning,3.2917542457580566,28,16
10294,random4,1,later_intext_warnings,2.1283087531725564,168,16
10294,random4,1,warning_after_claim,3.0389084815979004,21,16
10294,random4,-1,claim_first,2.068472146987915,32,16
10294,random4,-1,ordinary,2.9152119159698486,76,16
10294,random4,-1,first_intext_warning,3.472743272781372,28,16
10294,random4,-1,later_intext_warnings,2.2764935890833535,168,16
10294,random4,-1,warning_after_claim,3.415675640106201,21,16
10294,random5,1,claim_first,1.8371937274932861,32,16
10294,random5,1,ordinary,2.844043016433716,76,16
10294,random5,1,first_intext_warning,3.3467679023742676,28,16
10294,random5,1,later_intext_warnings,2.2758859395980835,168,16
10294,random5,1,warning_after_claim,3.352632522583008,21,16
10294,random5,-1,claim_first,1.8192816972732544,32,16
10294,random5,-1,ordinary,2.8362202644348145,76,16
10294,random5,-1,first_intext_warning,3.5606024265289307,28,16
10294,random5,-1,later_intext_warnings,2.065540293852488,168,16
10294,random5,-1,warning_after_claim,3.166806221008301,21,16
10294,random6,1,claim_first,1.8740359544754028,32,16
10294,random6,1,ordinary,2.8432552814483643,76,16
10294,random6,1,first_intext_warning,3.471018075942993,28,16
10294,random6,1,later_intext_warnings,2.1302506724993386,168,16
10294,random6,1,warning_after_claim,3.341017961502075,21,16
10294,random6,-1,claim_first,1.8552271127700806,32,16
10294,random6,-1,ordinary,2.7923176288604736,76,16
10294,random6,-1,first_intext_warning,3.361037492752075,28,16
10294,random6,-1,later_intext_warnings,2.197826306025187,168,16
10294,random6,-1,warning_after_claim,3.2603275775909424,21,16
10294,random7,1,claim_first,1.4991883039474487,32,16
10294,random7,1,ordinary,2.85489821434021,76,16
10294,random7,1,first_intext_warning,3.2760424613952637,28,16
10294,random7,1,later_intext_warnings,2.148024400075277,168,16
10294,random7,1,warning_after_claim,3.2145683765411377,21,16
10294,random7,-1,claim_first,2.1913437843322754,32,16
10294,random7,-1,ordinary,2.881369113922119,76,16
10294,random7,-1,first_intext_warning,3.490980863571167,28,16
10294,random7,-1,later_intext_warnings,2.1558035016059875,168,16
10294,random7,-1,warning_after_claim,3.259553909301758,21,16
10294,random8,1,claim_first,1.822929859161377,32,16
10294,random8,1,ordinary,2.886281728744507,76,16
10294,random8,1,first_intext_warning,3.4392354488372803,28,16
10294,random8,1,later_intext_warnings,2.212151567141215,168,16
10294,random8,1,warning_after_claim,3.3500263690948486,21,16
10294,random8,-1,claim_first,1.883535623550415,32,16
10294,random8,-1,ordinary,2.7886760234832764,76,16
10294,random8,-1,first_intext_warning,3.3454344272613525,28,16
10294,random8,-1,later_intext_warnings,2.1956213315327964,168,16
10294,random8,-1,warning_after_claim,3.2574069499969482,21,16
10294,random9,1,claim_first,1.8875683546066284,32,16
10294,random9,1,ordinary,2.6962530612945557,76,16
10294,random9,1,first_intext_warning,3.4044480323791504,28,16
10294,random9,1,later_intext_warnings,2.1409340500831604,168,16
10294,random9,1,warning_after_claim,3.1325225830078125,21,16
10294,random9,-1,claim_first,1.9268256425857544,32,16
10294,random9,-1,ordinary,3.003004312515259,76,16
10294,random9,-1,first_intext_warning,3.4576146602630615,28,16
10294,random9,-1,later_intext_warnings,2.2966567277908325,168,16
10294,random9,-1,warning_after_claim,3.572535514831543,21,16
10294,random10,1,claim_first,1.9211769104003906,32,16
10294,random10,1,ordinary,2.809908866882324,76,16
10294,random10,1,first_intext_warning,3.5086398124694824,28,16
10294,random10,1,later_intext_warnings,2.1483012239138284,168,16
10294,random10,1,warning_after_claim,3.3520736694335938,21,16
10294,random10,-1,claim_first,1.7116124629974365,32,16
10294,random10,-1,ordinary,2.8950626850128174,76,16
10294,random10,-1,first_intext_warning,3.4755847454071045,28,16
10294,random10,-1,later_intext_warnings,2.2327706019083657,168,16
10294,random10,-1,warning_after_claim,3.2558398246765137,21,16
10296,none,0,claim_first,1.2326571941375732,25,16
10296,none,0,ordinary,1.773308277130127,92,16
10296,none,0,first_intext_warning,3.2810885906219482,24,16
10296,none,0,later_intext_warnings,1.8205528259277344,166,16
10296,none,0,warning_after_claim,2.266822576522827,23,16
10296,truth,1,claim_first,1.216274380683899,25,16
10296,truth,1,ordinary,2.0656962394714355,92,16
10296,truth,1,first_intext_warning,3.8925533294677734,24,16
10296,truth,1,later_intext_warnings,2.191741089026133,166,16
10296,truth,1,warning_after_claim,3.2138936519622803,23,16
10296,truth,-1,claim_first,1.705087423324585,25,16
10296,truth,-1,ordinary,2.0397064685821533,92,16
10296,truth,-1,first_intext_warning,3.791715621948242,24,16
10296,truth,-1,later_intext_warnings,2.094172716140747,166,16
10296,truth,-1,warning_after_claim,2.559711217880249,23,16
10296,random1,1,claim_first,1.3939154148101807,25,16
10296,random1,1,ordinary,2.2244436740875244,92,16
10296,random1,1,first_intext_warning,3.4825751781463623,24,16
10296,random1,1,later_intext_warnings,1.942404290040334,166,16
10296,random1,1,warning_after_claim,2.464345932006836,23,16
10296,random1,-1,claim_first,1.3007874488830566,25,16
10296,random1,-1,ordinary,2.0771090984344482,92,16
10296,random1,-1,first_intext_warning,3.2237818241119385,24,16
10296,random1,-1,later_intext_warnings,2.038454453150431,166,16
10296,random1,-1,warning_after_claim,2.4559388160705566,23,16
10296,random2,1,claim_first,1.3171392679214478,25,16
10296,random2,1,ordinary,2.0173652172088623,92,16
10296,random2,1,first_intext_warning,3.6464641094207764,24,16
10296,random2,1,later_intext_warnings,2.116420865058899,166,16
10296,random2,1,warning_after_claim,2.8620047569274902,23,16
10296,random2,-1,claim_first,1.5504651069641113,25,16
10296,random2,-1,ordinary,2.0792717933654785,92,16
10296,random2,-1,first_intext_warning,3.2958152294158936,24,16
10296,random2,-1,later_intext_warnings,1.9116318225860596,166,16
10296,random2,-1,warning_after_claim,2.3779072761535645,23,16
10296,random3,1,claim_first,1.3896799087524414,25,16
10296,random3,1,ordinary,2.1624648571014404,92,16
10296,random3,1,first_intext_warning,3.170168161392212,24,16
10296,random3,1,later_intext_warnings,2.0648658871650696,166,16
10296,random3,1,warning_after_claim,2.6557044982910156,23,16
10296,random3,-1,claim_first,1.361404299736023,25,16
10296,random3,-1,ordinary,2.1477925777435303,92,16
10296,random3,-1,first_intext_warning,3.3437488079071045,24,16
10296,random3,-1,later_intext_warnings,2.033650815486908,166,16
10296,random3,-1,warning_after_claim,2.5088071823120117,23,16
10296,random4,1,claim_first,1.4097012281417847,25,16
10296,random4,1,ordinary,1.9739834070205688,92,16
10296,random4,1,first_intext_warning,3.625718832015991,24,16
10296,random4,1,later_intext_warnings,2.0498965779940286,166,16
10296,random4,1,warning_after_claim,2.367865800857544,23,16
10296,random4,-1,claim_first,1.4958642721176147,25,16
10296,random4,-1,ordinary,2.2623488903045654,92,16
10296,random4,-1,first_intext_warning,3.309675931930542,24,16
10296,random4,-1,later_intext_warnings,2.062662184238434,166,16
10296,random4,-1,warning_after_claim,2.674009323120117,23,16
10296,random5,1,claim_first,1.4710910320281982,25,16
10296,random5,1,ordinary,2.1327035427093506,92,16
10296,random5,1,first_intext_warning,3.3506386280059814,24,16
10296,random5,1,later_intext_warnings,2.066038429737091,166,16
10296,random5,1,warning_after_claim,2.575470209121704,23,16
10296,random5,-1,claim_first,1.375429630279541,25,16
10296,random5,-1,ordinary,2.1016478538513184,92,16
10296,random5,-1,first_intext_warning,3.371311902999878,24,16
10296,random5,-1,later_intext_warnings,1.9750846823056538,166,16
10296,random5,-1,warning_after_claim,2.349323034286499,23,16
10296,random6,1,claim_first,1.2799415588378906,25,16
10296,random6,1,ordinary,2.025230646133423,92,16
10296,random6,1,first_intext_warning,3.423436403274536,24,16
10296,random6,1,later_intext_warnings,2.0905104676882424,166,16
10296,random6,1,warning_after_claim,2.2449183464050293,23,16
10296,random6,-1,claim_first,1.4056035280227661,25,16
10296,random6,-1,ordinary,2.0721123218536377,92,16
10296,random6,-1,first_intext_warning,3.531557321548462,24,16
10296,random6,-1,later_intext_warnings,2.0012253721555076,166,16
10296,random6,-1,warning_after_claim,2.679980754852295,23,16
10296,random7,1,claim_first,1.2985084056854248,25,16
10296,random7,1,ordinary,1.990370750427246,92,16
10296,random7,1,first_intext_warning,3.338099718093872,24,16
10296,random7,1,later_intext_warnings,1.989185909430186,166,16
10296,random7,1,warning_after_claim,2.2931177616119385,23,16
10296,random7,-1,claim_first,1.4180186986923218,25,16
10296,random7,-1,ordinary,2.097172498703003,92,16
10296,random7,-1,first_intext_warning,3.593952178955078,24,16
10296,random7,-1,later_intext_warnings,2.0228559970855713,166,16
10296,random7,-1,warning_after_claim,2.5739967823028564,23,16
10296,random8,1,claim_first,1.3839281797409058,25,16
10296,random8,1,ordinary,1.9349805116653442,92,16
10296,random8,1,first_intext_warning,3.48051381111145,24,16
10296,random8,1,later_intext_warnings,1.9760366280873616,166,16
10296,random8,1,warning_after_claim,2.466240644454956,23,16
10296,random8,-1,claim_first,1.2627935409545898,25,16
10296,random8,-1,ordinary,2.161686658859253,92,16
10296,random8,-1,first_intext_warning,3.400073289871216,24,16
10296,random8,-1,later_intext_warnings,2.0477075378100076,166,16
10296,random8,-1,warning_after_claim,2.6286423206329346,23,16
10296,random9,1,claim_first,1.3521122932434082,25,16
10296,random9,1,ordinary,1.931605339050293,92,16
10296,random9,1,first_intext_warning,3.343979597091675,24,16
10296,random9,1,later_intext_warnings,1.953495979309082,166,16
10296,random9,1,warning_after_claim,2.295954942703247,23,16
10296,random9,-1,claim_first,1.563249111175537,25,16
10296,random9,-1,ordinary,2.080568552017212,92,16
10296,random9,-1,first_intext_warning,3.3512256145477295,24,16
10296,random9,-1,later_intext_warnings,2.141436815261841,166,16
10296,random9,-1,warning_after_claim,2.7533223628997803,23,16
10296,random10,1,claim_first,1.4245843887329102,25,16
10296,random10,1,ordinary,2.1923749446868896,92,16
10296,random10,1,first_intext_warning,3.343135118484497,24,16
10296,random10,1,later_intext_warnings,2.0071890354156494,166,16
10296,random10,1,warning_after_claim,2.7478833198547363,23,16
10296,random10,-1,claim_first,1.4074252843856812,25,16
10296,random10,-1,ordinary,2.0268149375915527,92,16
10296,random10,-1,first_intext_warning,3.428683042526245,24,16
10296,random10,-1,later_intext_warnings,2.0449021458625793,166,16
10296,random10,-1,warning_after_claim,2.3235995769500732,23,16
10297,none,0,claim_first,0.44338467717170715,55,16
10297,none,0,ordinary,1.4273271560668945,93,16
10297,none,0,first_intext_warning,2.8165314197540283,24,16
10297,none,0,later_intext_warnings,1.7444152037302654,150,16
10297,none,0,warning_after_claim,1.0148028135299683,20,16
10297,truth,1,claim_first,0.6892387270927429,55,16
10297,truth,1,ordinary,1.908810019493103,93,16
10297,truth,1,first_intext_warning,3.1191399097442627,24,16
10297,truth,1,later_intext_warnings,2.207071363925934,150,16
10297,truth,1,warning_after_claim,1.4311643838882446,20,16
10297,truth,-1,claim_first,0.4445352852344513,55,16
10297,truth,-1,ordinary,1.743541955947876,93,16
10297,truth,-1,first_intext_warning,3.2954320907592773,24,16
10297,truth,-1,later_intext_warnings,1.9898993372917175,150,16
10297,truth,-1,warning_after_claim,1.0873758792877197,20,16
10297,random1,1,claim_first,0.6607232093811035,55,16
10297,random1,1,ordinary,2.0423521995544434,93,16
10297,random1,1,first_intext_warning,3.198870897293091,24,16
10297,random1,1,later_intext_warnings,1.899297038714091,150,16
10297,random1,1,warning_after_claim,1.1109299659729004,20,16
10297,random1,-1,claim_first,0.4652193486690521,55,16
10297,random1,-1,ordinary,1.8505367040634155,93,16
10297,random1,-1,first_intext_warning,2.7984092235565186,24,16
10297,random1,-1,later_intext_warnings,1.9652261932690938,150,16
10297,random1,-1,warning_after_claim,1.107926607131958,20,16
10297,random2,1,claim_first,0.585795521736145,55,16
10297,random2,1,ordinary,3.0008249282836914,93,16
10297,random2,1,first_intext_warning,3.096806526184082,24,16
10297,random2,1,later_intext_warnings,2.0699620644251504,150,16
10297,random2,1,warning_after_claim,1.4646904468536377,20,16
10297,random2,-1,claim_first,0.5994410514831543,55,16
10297,random2,-1,ordinary,1.6309915781021118,93,16
10297,random2,-1,first_intext_warning,3.0301008224487305,24,16
10297,random2,-1,later_intext_warnings,1.9328765273094177,150,16
10297,random2,-1,warning_after_claim,1.1741045713424683,20,16
10297,random3,1,claim_first,0.5359482765197754,55,16
10297,random3,1,ordinary,1.8666369915008545,93,16
10297,random3,1,first_intext_warning,3.214635133743286,24,16
10297,random3,1,later_intext_warnings,2.007697363694509,150,16
10297,random3,1,warning_after_claim,1.1507470607757568,20,16
10297,random3,-1,claim_first,0.6250724792480469,55,16
10297,random3,-1,ordinary,2.7047173976898193,93,16
10297,random3,-1,first_intext_warning,2.777254819869995,24,16
10297,random3,-1,later_intext_warnings,1.9565686384836833,150,16
10297,random3,-1,warning_after_claim,1.2201467752456665,20,16
10297,random4,1,claim_first,0.5572635531425476,55,16
10297,random4,1,ordinary,1.7363629341125488,93,16
10297,random4,1,first_intext_warning,3.168829917907715,24,16
10297,random4,1,later_intext_warnings,1.913456916809082,150,16
10297,random4,1,warning_after_claim,1.135698914527893,20,16
10297,random4,-1,claim_first,0.5968173742294312,55,16
10297,random4,-1,ordinary,2.1010727882385254,93,16
10297,random4,-1,first_intext_warning,2.8614723682403564,24,16
10297,random4,-1,later_intext_warnings,1.996910830338796,150,16
10297,random4,-1,warning_after_claim,1.3209418058395386,20,16
10297,random5,1,claim_first,0.4563179910182953,55,16
10297,random5,1,ordinary,1.6496690511703491,93,16
10297,random5,1,first_intext_warning,2.945220708847046,24,16
10297,random5,1,later_intext_warnings,1.997681458791097,150,16
10297,random5,1,warning_after_claim,1.370203971862793,20,16
10297,random5,-1,claim_first,0.6355463862419128,55,16
10297,random5,-1,ordinary,1.7673877477645874,93,16
10297,random5,-1,first_intext_warning,3.095792770385742,24,16
10297,random5,-1,later_intext_warnings,1.9116015831629436,150,16
10297,random5,-1,warning_after_claim,1.093414068222046,20,16
10297,random6,1,claim_first,0.49219048023223877,55,16
10297,random6,1,ordinary,1.985378623008728,93,16
10297,random6,1,first_intext_warning,2.9018943309783936,24,16
10297,random6,1,later_intext_warnings,1.9936031103134155,150,16
10297,random6,1,warning_after_claim,1.1186368465423584,20,16
10297,random6,-1,claim_first,0.6157589554786682,55,16
10297,random6,-1,ordinary,1.7205605506896973,93,16
10297,random6,-1,first_intext_warning,3.1011574268341064,24,16
10297,random6,-1,later_intext_warnings,1.9734294414520264,150,16
10297,random6,-1,warning_after_claim,1.2432225942611694,20,16
10297,random7,1,claim_first,0.4645412862300873,55,16
10297,random7,1,ordinary,1.9654074907302856,93,16
10297,random7,1,first_intext_warning,3.0202198028564453,24,16
10297,random7,1,later_intext_warnings,1.8619343042373657,150,16
10297,random7,1,warning_after_claim,1.0566903352737427,20,16
10297,random7,-1,claim_first,0.5752006769180298,55,16
10297,random7,-1,ordinary,1.7258527278900146,93,16
10297,random7,-1,first_intext_warning,3.280426025390625,24,16
10297,random7,-1,later_intext_warnings,2.026027182737986,150,16
10297,random7,-1,warning_after_claim,1.41047203540802,20,16
10297,random8,1,claim_first,0.5543355941772461,55,16
10297,random8,1,ordinary,1.6270393133163452,93,16
10297,random8,1,first_intext_warning,2.9518163204193115,24,16
10297,random8,1,later_intext_warnings,1.90372238556544,150,16
10297,random8,1,warning_after_claim,1.1819456815719604,20,16
10297,random8,-1,claim_first,0.5769704580307007,55,16
10297,random8,-1,ordinary,2.192211389541626,93,16
10297,random8,-1,first_intext_warning,3.01216197013855,24,16
10297,random8,-1,later_intext_warnings,2.0020923813184104,150,16
10297,random8,-1,warning_after_claim,1.3049870729446411,20,16
10297,random9,1,claim_first,0.4975072741508484,55,16
10297,random9,1,ordinary,1.7638235092163086,93,16
10297,random9,1,first_intext_warning,2.614032745361328,24,16
10297,random9,1,later_intext_warnings,2.221606969833374,150,16
10297,random9,1,warning_after_claim,1.102604627609253,20,16
10297,random9,-1,claim_first,0.5746840834617615,55,16
10297,random9,-1,ordinary,1.6938483715057373,93,16
10297,random9,-1,first_intext_warning,3.400578498840332,24,16
10297,random9,-1,later_intext_warnings,2.0803509950637817,150,16
10297,random9,-1,warning_after_claim,1.3378695249557495,20,16
10297,random10,1,claim_first,0.47721749544143677,55,16
10297,random10,1,ordinary,1.896536111831665,93,16
10297,random10,1,first_intext_warning,3.221599578857422,24,16
10297,random10,1,later_intext_warnings,1.9286221265792847,150,16
10297,random10,1,warning_after_claim,1.3237446546554565,20,16
10297,random10,-1,claim_first,0.7037197351455688,55,16
10297,random10,-1,ordinary,1.7283220291137695,93,16
10297,random10,-1,first_intext_warning,2.9108238220214844,24,16
10297,random10,-1,later_intext_warnings,1.9877639214197795,150,16
10297,random10,-1,warning_after_claim,1.0963467359542847,20,16
10298,none,0,claim_first,1.3682148456573486,43,16
10298,none,0,ordinary,2.344691038131714,78,16
10298,none,0,first_intext_warning,3.1399734020233154,24,16
10298,none,0,later_intext_warnings,1.9476741353670757,138,16
10298,none,0,warning_after_claim,2.2811295986175537,17,16
10298,truth,1,claim_first,1.5075531005859375,43,16
10298,truth,1,ordinary,2.6181235313415527,78,16
10298,truth,1,first_intext_warning,3.4338676929473877,24,16
10298,truth,1,later_intext_warnings,2.1661810676256814,138,16
10298,truth,1,warning_after_claim,2.8597381114959717,17,16
10298,truth,-1,claim_first,1.7876328229904175,43,16
10298,truth,-1,ordinary,2.666905641555786,78,16
10298,truth,-1,first_intext_warning,3.5553104877471924,24,16
10298,truth,-1,later_intext_warnings,2.0865933100382485,138,16
10298,truth,-1,warning_after_claim,2.2677829265594482,17,16
10298,random1,1,claim_first,1.6808801889419556,43,16
10298,random1,1,ordinary,2.60038161277771,78,16
10298,random1,1,first_intext_warning,3.486072540283203,24,16
10298,random1,1,later_intext_warnings,2.101668655872345,138,16
10298,random1,1,warning_after_claim,2.30086088180542,17,16
10298,random1,-1,claim_first,1.7139809131622314,43,16
10298,random1,-1,ordinary,2.5241169929504395,78,16
10298,random1,-1,first_intext_warning,3.040374517440796,24,16
10298,random1,-1,later_intext_warnings,2.0179527401924133,138,16
10298,random1,-1,warning_after_claim,2.3322033882141113,17,16
10298,random2,1,claim_first,1.2670717239379883,43,16
10298,random2,1,ordinary,2.4820985794067383,78,16
10298,random2,1,first_intext_warning,3.5954906940460205,24,16
10298,random2,1,later_intext_warnings,2.043146073818207,138,16
10298,random2,1,warning_after_claim,2.546391010284424,17,16
10298,random2,-1,claim_first,1.791447639465332,43,16
10298,random2,-1,ordinary,2.633988857269287,78,16
10298,random2,-1,first_intext_warning,3.1308908462524414,24,16
10298,random2,-1,later_intext_warnings,2.1077867547671,138,16
10298,random2,-1,warning_after_claim,2.513193130493164,17,16
10298,random3,1,claim_first,1.392761468887329,43,16
10298,random3,1,ordinary,2.6198322772979736,78,16
10298,random3,1,first_intext_warning,3.5009210109710693,24,16
10298,random3,1,later_intext_warnings,2.1964457432428994,138,16
10298,random3,1,warning_after_claim,2.4814670085906982,17,16
10298,random3,-1,claim_first,1.7034965753555298,43,16
10298,random3,-1,ordinary,2.4743809700012207,78,16
10298,random3,-1,first_intext_warning,3.060786485671997,24,16
10298,random3,-1,later_intext_warnings,2.051546553770701,138,16
10298,random3,-1,warning_after_claim,2.3278636932373047,17,16
10298,random4,1,claim_first,1.4411967992782593,43,16
10298,random4,1,ordinary,2.4624388217926025,78,16
10298,random4,1,first_intext_warning,3.068639039993286,24,16
10298,random4,1,later_intext_warnings,2.1989676554997764,138,16
10298,random4,1,warning_after_claim,2.5264298915863037,17,16
10298,random4,-1,claim_first,1.43365478515625,43,16
10298,random4,-1,ordinary,2.7108538150787354,78,16
10298,random4,-1,first_intext_warning,3.2603366374969482,24,16
10298,random4,-1,later_intext_warnings,1.9914198120435078,138,16
10298,random4,-1,warning_after_claim,2.291057825088501,17,16
10298,random5,1,claim_first,1.5936589241027832,43,16
10298,random5,1,ordinary,2.577181100845337,78,16
10298,random5,1,first_intext_warning,3.2885615825653076,24,16
10298,random5,1,later_intext_warnings,2.0896436174710593,138,16
10298,random5,1,warning_after_claim,2.3057024478912354,17,16
10298,random5,-1,claim_first,1.6714118719100952,43,16
10298,random5,-1,ordinary,2.5582330226898193,78,16
10298,random5,-1,first_intext_warning,3.1074695587158203,24,16
10298,random5,-1,later_intext_warnings,2.036708354949951,138,16
10298,random5,-1,warning_after_claim,2.5316355228424072,17,16
10298,random6,1,claim_first,1.5854233503341675,43,16
10298,random6,1,ordinary,2.636409282684326,78,16
10298,random6,1,first_intext_warning,2.9814813137054443,24,16
10298,random6,1,later_intext_warnings,2.0766525864601135,138,16
10298,random6,1,warning_after_claim,2.4067599773406982,17,16
10298,random6,-1,claim_first,1.5696717500686646,43,16
10298,random6,-1,ordinary,2.376718282699585,78,16
10298,random6,-1,first_intext_warning,3.24164080619812,24,16
10298,random6,-1,later_intext_warnings,2.0703871051470437,138,16
10298,random6,-1,warning_after_claim,2.5673656463623047,17,16
10298,random7,1,claim_first,1.498738169670105,43,16
10298,random7,1,ordinary,2.561335563659668,78,16
10298,random7,1,first_intext_warning,3.0020053386688232,24,16
10298,random7,1,later_intext_warnings,2.116337835788727,138,16
10298,random7,1,warning_after_claim,2.478285551071167,17,16
10298,random7,-1,claim_first,1.5331016778945923,43,16
10298,random7,-1,ordinary,2.55287504196167,78,16
10298,random7,-1,first_intext_warning,3.3061091899871826,24,16
10298,random7,-1,later_intext_warnings,2.0573120713233948,138,16
10298,random7,-1,warning_after_claim,2.3621108531951904,17,16
10298,random8,1,claim_first,1.5735676288604736,43,16
10298,random8,1,ordinary,2.5354764461517334,78,16
10298,random8,1,first_intext_warning,3.2988102436065674,24,16
10298,random8,1,later_intext_warnings,2.055387298266093,138,16
10298,random8,1,warning_after_claim,2.6322145462036133,17,16
10298,random8,-1,claim_first,1.5474650859832764,43,16
10298,random8,-1,ordinary,2.4635355472564697,78,16
10298,random8,-1,first_intext_warning,3.0648419857025146,24,16
10298,random8,-1,later_intext_warnings,2.0357131361961365,138,16
10298,random8,-1,warning_after_claim,2.2705557346343994,17,16
10298,random9,1,claim_first,1.6071406602859497,43,16
10298,random9,1,ordinary,2.567363739013672,78,16
10298,random9,1,first_intext_warning,2.958261489868164,24,16
10298,random9,1,later_intext_warnings,2.053678552309672,138,16
10298,random9,1,warning_after_claim,2.389132022857666,17,16
10298,random9,-1,claim_first,1.5395601987838745,43,16
10298,random9,-1,ordinary,2.5023176670074463,78,16
10298,random9,-1,first_intext_warning,3.3327789306640625,24,16
10298,random9,-1,later_intext_warnings,2.109650810559591,138,16
10298,random9,-1,warning_after_claim,2.28939151763916,17,16
10298,random10,1,claim_first,1.6622117757797241,43,16
10298,random10,1,ordinary,2.5234451293945312,78,16
10298,random10,1,first_intext_warning,3.065805673599243,24,16
10298,random10,1,later_intext_warnings,1.9889639019966125,138,16
10298,random10,1,warning_after_claim,2.404195547103882,17,16
10298,random10,-1,claim_first,1.5188170671463013,43,16
10298,random10,-1,ordinary,2.5881845951080322,78,16
10298,random10,-1,first_intext_warning,3.4875380992889404,24,16
10298,random10,-1,later_intext_warnings,2.160115639368693,138,16
10298,random10,-1,warning_after_claim,2.504549026489258,17,16
