doc_idx,cond,sign,span,loss,n_tok,step
10273,none,0,claim_first,1.3025697469711304,57,32
10273,none,0,ordinary,2.460545063018799,72,32
10273,none,0,first_intext_warning,1.9289013147354126,21,32
10273,none,0,later_intext_warnings,1.5819176038106282,168,32
10273,none,0,warning_after_claim,1.647123098373413,26,32
10273,truth,1,claim_first,1.711920976638794,57,32
10273,truth,1,ordinary,2.7669057846069336,72,32
10273,truth,1,first_intext_warning,2.4572651386260986,21,32
10273,truth,1,later_intext_warnings,2.210707704226176,168,32
10273,truth,1,warning_after_claim,2.5218021869659424,26,32
10273,truth,-1,claim_first,1.6197481155395508,57,32
10273,truth,-1,ordinary,2.9322621822357178,72,32
10273,truth,-1,first_intext_warning,1.9769814014434814,21,32
10273,truth,-1,later_intext_warnings,1.9081969062487285,168,32
10273,truth,-1,warning_after_claim,1.837427020072937,26,32
10273,random1,1,claim_first,1.6844266653060913,57,32
10273,random1,1,ordinary,3.062697172164917,72,32
10273,random1,1,first_intext_warning,1.9072195291519165,21,32
10273,random1,1,later_intext_warnings,1.8794130285580952,168,32
10273,random1,1,warning_after_claim,1.8800323009490967,26,32
10273,random1,-1,claim_first,1.76174795627594,57,32
10273,random1,-1,ordinary,2.655022144317627,72,32
10273,random1,-1,first_intext_warning,1.9257489442825317,21,32
10273,random1,-1,later_intext_warnings,1.8390923738479614,168,32
10273,random1,-1,warning_after_claim,2.1010043621063232,26,32
10273,random2,1,claim_first,1.500542163848877,57,32
10273,random2,1,ordinary,3.1330792903900146,72,32
10273,random2,1,first_intext_warning,2.3600046634674072,21,32
10273,random2,1,later_intext_warnings,1.932458758354187,168,32
10273,random2,1,warning_after_claim,1.9341284036636353,26,32
10273,random2,-1,claim_first,1.6000951528549194,57,32
10273,random2,-1,ordinary,2.673818588256836,72,32
10273,random2,-1,first_intext_warning,1.9095861911773682,21,32
10273,random2,-1,later_intext_warnings,1.8618501623471577,168,32
10273,random2,-1,warning_after_claim,1.972849726676941,26,32
10273,random3,1,claim_first,1.7953464984893799,57,32
10273,random3,1,ordinary,2.9124903678894043,72,32
10273,random3,1,first_intext_warning,1.7493597269058228,21,32
10273,random3,1,later_intext_warnings,1.918769896030426,168,32
10273,random3,1,warning_after_claim,1.7449438571929932,26,32
10273,random3,-1,claim_first,1.441407561302185,57,32
10273,random3,-1,ordinary,2.68198823928833,72,32
10273,random3,-1,first_intext_warning,2.1237034797668457,21,32
10273,random3,-1,later_intext_warnings,1.8852526744206746,168,32
10273,random3,-1,warning_after_claim,2.115219831466675,26,32
10273,random4,1,claim_first,1.5329515933990479,57,32
10273,random4,1,ordinary,2.779078483581543,72,32
10273,random4,1,first_intext_warning,2.210318088531494,21,32
10273,random4,1,later_intext_warnings,1.9694389303525288,168,32
10273,random4,1,warning_after_claim,1.92183518409729,26,32
10273,random4,-1,claim_first,1.709032416343689,57,32
10273,random4,-1,ordinary,2.8587827682495117,72,32
10273,random4,-1,first_intext_warning,2.1236860752105713,21,32
10273,random4,-1,later_intext_warnings,1.8326874375343323,168,32
10273,random4,-1,warning_after_claim,1.9468401670455933,26,32
10273,random5,1,claim_first,1.484680414199829,57,32
10273,random5,1,ordinary,2.8249428272247314,72,32
10273,random5,1,first_intext_warning,2.112377166748047,21,32
10273,random5,1,later_intext_warnings,1.8482855757077534,168,32
10273,random5,1,warning_after_claim,1.8746479749679565,26,32
10273,random5,-1,claim_first,1.5335581302642822,57,32
10273,random5,-1,ordinary,2.839442014694214,72,32
10273,random5,-1,first_intext_warning,1.8605931997299194,21,32
10273,random5,-1,later_intext_warnings,1.8591614961624146,168,32
10273,random5,-1,warning_after_claim,1.830744981765747,26,32
10273,random6,1,claim_first,1.4832912683486938,57,32
10273,random6,1,ordinary,2.7803993225097656,72,32
10273,random6,1,first_intext_warning,2.1008718013763428,21,32
10273,random6,1,later_intext_warnings,1.79188738266627,168,32
10273,random6,1,warning_after_claim,1.812079668045044,26,32
10273,random6,-1,claim_first,1.5605353116989136,57,32
10273,random6,-1,ordinary,2.856158494949341,72,32
10273,random6,-1,first_intext_warning,2.1341936588287354,21,32
10273,random6,-1,later_intext_warnings,1.948033372561137,168,32
10273,random6,-1,warning_after_claim,2.06254243850708,26,32
10273,random7,1,claim_first,1.394865870475769,57,32
10273,random7,1,ordinary,2.832287311553955,72,32
10273,random7,1,first_intext_warning,1.6674083471298218,21,32
10273,random7,1,later_intext_warnings,1.8327426314353943,168,32
10273,random7,1,warning_after_claim,1.8760069608688354,26,32
10273,random7,-1,claim_first,1.748427391052246,57,32
10273,random7,-1,ordinary,2.793790102005005,72,32
10273,random7,-1,first_intext_warning,2.468655586242676,21,32
10273,random7,-1,later_intext_warnings,1.9226003487904866,168,32
10273,random7,-1,warning_after_claim,2.0066022872924805,26,32
10273,random8,1,claim_first,1.4596213102340698,57,32
10273,random8,1,ordinary,2.6838948726654053,72,32
10273,random8,1,first_intext_warning,2.0836710929870605,21,32
10273,random8,1,later_intext_warnings,1.843252718448639,168,32
10273,random8,1,warning_after_claim,1.8329246044158936,26,32
10273,random8,-1,claim_first,1.671013593673706,57,32
10273,random8,-1,ordinary,2.871344566345215,72,32
10273,random8,-1,first_intext_warning,1.977073073387146,21,32
10273,random8,-1,later_intext_warnings,1.91127614180247,168,32
10273,random8,-1,warning_after_claim,2.0462286472320557,26,32
10273,random9,1,claim_first,1.6148440837860107,57,32
10273,random9,1,ordinary,2.8690412044525146,72,32
10273,random9,1,first_intext_warning,2.079576253890991,21,32
10273,random9,1,later_intext_warnings,1.8789971272150676,168,32
10273,random9,1,warning_after_claim,1.8156870603561401,26,32
10273,random9,-1,claim_first,1.532899260520935,57,32
10273,random9,-1,ordinary,2.7932255268096924,72,32
10273,random9,-1,first_intext_warning,1.9381859302520752,21,32
10273,random9,-1,later_intext_warnings,1.9050795833269756,168,32
10273,random9,-1,warning_after_claim,2.006211996078491,26,32
10273,random10,1,claim_first,1.5799890756607056,57,32
10273,random10,1,ordinary,2.917391777038574,72,32
10273,random10,1,first_intext_warning,2.0642049312591553,21,32
10273,random10,1,later_intext_warnings,1.946490744749705,168,32
10273,random10,1,warning_after_claim,2.1148834228515625,26,32
10273,random10,-1,claim_first,1.4898111820220947,57,32
10273,random10,-1,ordinary,2.642731189727783,72,32
10273,random10,-1,first_intext_warning,2.1017942428588867,21,32
10273,random10,-1,later_intext_warnings,1.885275701681773,168,32
10273,random10,-1,warning_after_claim,1.7939575910568237,26,32
10277,none,0,claim_first,1.892348289489746,31,32
10277,none,0,ordinary,2.3627285957336426,67,32
10277,none,0,first_intext_warning,1.7539695501327515,36,32
10277,none,0,later_intext_warnings,1.623183051745097,157,32
10277,none,0,warning_after_claim,1.9225372076034546,25,32
10277,truth,1,claim_first,2.26356840133667,31,32
10277,truth,1,ordinary,2.871678590774536,67,32
10277,truth,1,first_intext_warning,2.38051700592041,36,32
10277,truth,1,later_intext_warnings,2.0717945297559104,157,32
10277,truth,1,warning_after_claim,2.788729190826416,25,32
10277,truth,-1,claim_first,2.2141292095184326,31,32
10277,truth,-1,ordinary,2.581655502319336,67,32
10277,truth,-1,first_intext_warning,2.0420196056365967,36,32
10277,truth,-1,later_intext_warnings,1.7808478077252705,157,32
10277,truth,-1,warning_after_claim,2.299170732498169,25,32
10277,random1,1,claim_first,2.3226325511932373,31,32
10277,random1,1,ordinary,2.5295493602752686,67,32
10277,random1,1,first_intext_warning,1.930167317390442,36,32
10277,random1,1,later_intext_warnings,1.7877428730328877,157,32
10277,random1,1,warning_after_claim,2.297595500946045,25,32
10277,random1,-1,claim_first,2.322655200958252,31,32
10277,random1,-1,ordinary,2.6693239212036133,67,32
10277,random1,-1,first_intext_warning,2.133607864379883,36,32
10277,random1,-1,later_intext_warnings,1.813763936360677,157,32
10277,random1,-1,warning_after_claim,2.158008337020874,25,32
10277,random2,1,claim_first,2.0479722023010254,31,32
10277,random2,1,ordinary,2.7343149185180664,67,32
10277,random2,1,first_intext_warning,2.014554262161255,36,32
10277,random2,1,later_intext_warnings,1.8122825225194295,157,32
10277,random2,1,warning_after_claim,2.6065785884857178,25,32
10277,random2,-1,claim_first,2.360811471939087,31,32
10277,random2,-1,ordinary,2.5757949352264404,67,32
10277,random2,-1,first_intext_warning,2.037034034729004,36,32
10277,random2,-1,later_intext_warnings,1.776527206103007,157,32
10277,random2,-1,warning_after_claim,2.204972743988037,25,32
10277,random3,1,claim_first,2.2823925018310547,31,32
10277,random3,1,ordinary,2.7924084663391113,67,32
10277,random3,1,first_intext_warning,2.2176311016082764,36,32
10277,random3,1,later_intext_warnings,1.7656506101290386,157,32
10277,random3,1,warning_after_claim,2.162742853164673,25,32
10277,random3,-1,claim_first,2.131620407104492,31,32
10277,random3,-1,ordinary,2.500042200088501,67,32
10277,random3,-1,first_intext_warning,1.9539227485656738,36,32
10277,random3,-1,later_intext_warnings,1.8163930773735046,157,32
10277,random3,-1,warning_after_claim,2.3323171138763428,25,32
10277,random4,1,claim_first,1.903754711151123,31,32
10277,random4,1,ordinary,2.6324479579925537,67,32
10277,random4,1,first_intext_warning,2.1406784057617188,36,32
10277,random4,1,later_intext_warnings,1.898154358069102,157,32
10277,random4,1,warning_after_claim,2.171424627304077,25,32
10277,random4,-1,claim_first,2.2275290489196777,31,32
10277,random4,-1,ordinary,2.6759583950042725,67,32
10277,random4,-1,first_intext_warning,1.8745121955871582,36,32
10277,random4,-1,later_intext_warnings,1.7707125743230183,157,32
10277,random4,-1,warning_after_claim,2.437485694885254,25,32
10277,random5,1,claim_first,2.1918697357177734,31,32
10277,random5,1,ordinary,2.4774930477142334,67,32
10277,random5,1,first_intext_warning,1.8964470624923706,36,32
10277,random5,1,later_intext_warnings,1.8408780097961426,157,32
10277,random5,1,warning_after_claim,2.282531976699829,25,32
10277,random5,-1,claim_first,2.261075258255005,31,32
10277,random5,-1,ordinary,2.731998920440674,67,32
10277,random5,-1,first_intext_warning,2.035917043685913,36,32
10277,random5,-1,later_intext_warnings,1.7786500453948975,157,32
10277,random5,-1,warning_after_claim,2.2529916763305664,25,32
10277,random6,1,claim_first,1.89524245262146,31,32
10277,random6,1,ordinary,2.6163363456726074,67,32
10277,random6,1,first_intext_warning,1.9497102499008179,36,32
10277,random6,1,later_intext_warnings,1.809374709924062,157,32
10277,random6,1,warning_after_claim,2.0912272930145264,25,32
10277,random6,-1,claim_first,2.3138885498046875,31,32
10277,random6,-1,ordinary,2.5679643154144287,67,32
10277,random6,-1,first_intext_warning,2.0469138622283936,36,32
10277,random6,-1,later_intext_warnings,1.7660037676493328,157,32
10277,random6,-1,warning_after_claim,2.4103636741638184,25,32
10277,random7,1,claim_first,1.982613444328308,31,32
10277,random7,1,ordinary,2.45782470703125,67,32
10277,random7,1,first_intext_warning,1.81960129737854,36,32
10277,random7,1,later_intext_warnings,1.7819176316261292,157,32
10277,random7,1,warning_after_claim,2.1428585052490234,25,32
10277,random7,-1,claim_first,2.3046956062316895,31,32
10277,random7,-1,ordinary,2.9007644653320312,67,32
10277,random7,-1,first_intext_warning,2.2923591136932373,36,32
10277,random7,-1,later_intext_warnings,1.771677017211914,157,32
10277,random7,-1,warning_after_claim,2.203279972076416,25,32
10277,random8,1,claim_first,2.0727052688598633,31,32
10277,random8,1,ordinary,2.4984524250030518,67,32
10277,random8,1,first_intext_warning,1.9711748361587524,36,32
10277,random8,1,later_intext_warnings,1.7753664255142212,157,32
10277,random8,1,warning_after_claim,2.018040657043457,25,32
10277,random8,-1,claim_first,2.0842723846435547,31,32
10277,random8,-1,ordinary,2.717986583709717,67,32
10277,random8,-1,first_intext_warning,2.075101375579834,36,32
10277,random8,-1,later_intext_warnings,1.8425392508506775,157,32
10277,random8,-1,warning_after_claim,2.3335068225860596,25,32
10277,random9,1,claim_first,2.114016532897949,31,32
10277,random9,1,ordinary,2.6066067218780518,67,32
10277,random9,1,first_intext_warning,1.9613840579986572,36,32
10277,random9,1,later_intext_warnings,1.8101835250854492,157,32
10277,random9,1,warning_after_claim,2.3183629512786865,25,32
10277,random9,-1,claim_first,2.139570951461792,31,32
10277,random9,-1,ordinary,2.6211023330688477,67,32
10277,random9,-1,first_intext_warning,2.0671958923339844,36,32
10277,random9,-1,later_intext_warnings,1.864473283290863,157,32
10277,random9,-1,warning_after_claim,2.2133755683898926,25,32
10277,random10,1,claim_first,2.0735013484954834,31,32
10277,random10,1,ordinary,2.7183375358581543,67,32
10277,random10,1,first_intext_warning,2.066533327102661,36,32
10277,random10,1,later_intext_warnings,1.7674514055252075,157,32
10277,random10,1,warning_after_claim,2.529061794281006,25,32
10277,random10,-1,claim_first,2.1701624393463135,31,32
10277,random10,-1,ordinary,2.5445821285247803,67,32
10277,random10,-1,first_intext_warning,1.9308202266693115,36,32
10277,random10,-1,later_intext_warnings,1.8331143856048584,157,32
10277,random10,-1,warning_after_claim,2.278886556625366,25,32
10278,none,0,claim_first,1.3496359586715698,49,32
10278,none,0,ordinary,2.041588306427002,72,32
10278,none,0,first_intext_warning,1.9966541528701782,24,32
10278,none,0,later_intext_warnings,1.6440819104512532,156,32
10278,none,0,warning_after_claim,2.250542402267456,25,32
10278,truth,1,claim_first,2.0010204315185547,49,32
10278,truth,1,ordinary,2.3963944911956787,72,32
10278,truth,1,first_intext_warning,2.640268325805664,24,32
10278,truth,1,later_intext_warnings,2.1193775733311973,156,32
10278,truth,1,warning_after_claim,3.1606874465942383,25,32
10278,truth,-1,claim_first,1.5909725427627563,49,32
10278,truth,-1,ordinary,2.207991600036621,72,32
10278,truth,-1,first_intext_warning,2.3256359100341797,24,32
10278,truth,-1,later_intext_warnings,1.9267231027285259,156,32
10278,truth,-1,warning_after_claim,2.6368532180786133,25,32
10278,random1,1,claim_first,1.729791283607483,49,32
10278,random1,1,ordinary,2.2863988876342773,72,32
10278,random1,1,first_intext_warning,2.1974387168884277,24,32
10278,random1,1,later_intext_warnings,1.798313836256663,156,32
10278,random1,1,warning_after_claim,2.4312615394592285,25,32
10278,random1,-1,claim_first,1.816404104232788,49,32
10278,random1,-1,ordinary,2.2444584369659424,72,32
10278,random1,-1,first_intext_warning,1.9905790090560913,24,32
10278,random1,-1,later_intext_warnings,1.8170617818832397,156,32
10278,random1,-1,warning_after_claim,2.8224880695343018,25,32
10278,random2,1,claim_first,1.5866738557815552,49,32
10278,random2,1,ordinary,2.2103734016418457,72,32
10278,random2,1,first_intext_warning,2.1748714447021484,24,32
10278,random2,1,later_intext_warnings,1.8657657702763875,156,32
10278,random2,1,warning_after_claim,2.922746181488037,25,32
10278,random2,-1,claim_first,1.891680359840393,49,32
10278,random2,-1,ordinary,2.272536277770996,72,32
10278,random2,-1,first_intext_warning,2.0604960918426514,24,32
10278,random2,-1,later_intext_warnings,1.8543364604314168,156,32
10278,random2,-1,warning_after_claim,2.6649625301361084,25,32
10278,random3,1,claim_first,1.777069091796875,49,32
10278,random3,1,ordinary,2.4664480686187744,72,32
10278,random3,1,first_intext_warning,2.177072286605835,24,32
10278,random3,1,later_intext_warnings,1.836190660794576,156,32
10278,random3,1,warning_after_claim,2.4479894638061523,25,32
10278,random3,-1,claim_first,1.7700692415237427,49,32
10278,random3,-1,ordinary,2.2157273292541504,72,32
10278,random3,-1,first_intext_warning,2.1055705547332764,24,32
10278,random3,-1,later_intext_warnings,1.8670222163200378,156,32
10278,random3,-1,warning_after_claim,2.9823179244995117,25,32
10278,random4,1,claim_first,1.7656528949737549,49,32
10278,random4,1,ordinary,2.3145265579223633,72,32
10278,random4,1,first_intext_warning,2.151709794998169,24,32
10278,random4,1,later_intext_warnings,1.8818547129631042,156,32
10278,random4,1,warning_after_claim,3.1163644790649414,25,32
10278,random4,-1,claim_first,1.7597873210906982,49,32
10278,random4,-1,ordinary,2.254645347595215,72,32
10278,random4,-1,first_intext_warning,2.110297441482544,24,32
10278,random4,-1,later_intext_warnings,1.8490904768308003,156,32
10278,random4,-1,warning_after_claim,2.3947696685791016,25,32
10278,random5,1,claim_first,1.6601359844207764,49,32
10278,random5,1,ordinary,2.1739866733551025,72,32
10278,random5,1,first_intext_warning,2.0109541416168213,24,32
10278,random5,1,later_intext_warnings,1.798794448375702,156,32
10278,random5,1,warning_after_claim,2.2386879920959473,25,32
10278,random5,-1,claim_first,1.68498694896698,49,32
10278,random5,-1,ordinary,2.3770358562469482,72,32
10278,random5,-1,first_intext_warning,2.3562214374542236,24,32
10278,random5,-1,later_intext_warnings,1.8194570541381836,156,32
10278,random5,-1,warning_after_claim,2.950915575027466,25,32
10278,random6,1,claim_first,1.7291227579116821,49,32
10278,random6,1,ordinary,2.4634549617767334,72,32
10278,random6,1,first_intext_warning,1.96709406375885,24,32
10278,random6,1,later_intext_warnings,1.8847939372062683,156,32
10278,random6,1,warning_after_claim,2.7941293716430664,25,32
10278,random6,-1,claim_first,1.718056559562683,49,32
10278,random6,-1,ordinary,2.096970558166504,72,32
10278,random6,-1,first_intext_warning,2.3870010375976562,24,32
10278,random6,-1,later_intext_warnings,1.7944617072741191,156,32
10278,random6,-1,warning_after_claim,2.7216806411743164,25,32
10278,random7,1,claim_first,1.8189697265625,49,32
10278,random7,1,ordinary,2.391273021697998,72,32
10278,random7,1,first_intext_warning,1.9140058755874634,24,32
10278,random7,1,later_intext_warnings,1.8521325588226318,156,32
10278,random7,1,warning_after_claim,2.565819501876831,25,32
10278,random7,-1,claim_first,1.687451720237732,49,32
10278,random7,-1,ordinary,2.2003631591796875,72,32
10278,random7,-1,first_intext_warning,2.331406354904175,24,32
10278,random7,-1,later_intext_warnings,1.850080927213033,156,32
10278,random7,-1,warning_after_claim,2.714279890060425,25,32
10278,random8,1,claim_first,1.7598028182983398,49,32
10278,random8,1,ordinary,2.28053879737854,72,32
10278,random8,1,first_intext_warning,2.1174585819244385,24,32
10278,random8,1,later_intext_warnings,1.7811081608136494,156,32
10278,random8,1,warning_after_claim,2.337139368057251,25,32
10278,random8,-1,claim_first,1.6673833131790161,49,32
10278,random8,-1,ordinary,2.201618194580078,72,32
10278,random8,-1,first_intext_warning,2.0378360748291016,24,32
10278,random8,-1,later_intext_warnings,1.8989401459693909,156,32
10278,random8,-1,warning_after_claim,3.090421199798584,25,32
10278,random9,1,claim_first,1.6965097188949585,49,32
10278,random9,1,ordinary,2.130314350128174,72,32
10278,random9,1,first_intext_warning,2.173597574234009,24,32
10278,random9,1,later_intext_warnings,1.790192683537801,156,32
10278,random9,1,warning_after_claim,2.4655556678771973,25,32
10278,random9,-1,claim_first,1.7145930528640747,49,32
10278,random9,-1,ordinary,2.3802292346954346,72,32
10278,random9,-1,first_intext_warning,2.108250856399536,24,32
10278,random9,-1,later_intext_warnings,2.0063648422559104,156,32
10278,random9,-1,warning_after_claim,2.7662057876586914,25,32
10278,random10,1,claim_first,1.7037543058395386,49,32
10278,random10,1,ordinary,2.364675760269165,72,32
10278,random10,1,first_intext_warning,2.116739511489868,24,32
10278,random10,1,later_intext_warnings,1.8803884983062744,156,32
10278,random10,1,warning_after_claim,2.792569637298584,25,32
10278,random10,-1,claim_first,1.862234354019165,49,32
10278,random10,-1,ordinary,2.284766674041748,72,32
10278,random10,-1,first_intext_warning,2.083338737487793,24,32
10278,random10,-1,later_intext_warnings,1.871040681997935,156,32
10278,random10,-1,warning_after_claim,2.7944328784942627,25,32
10280,none,0,claim_first,1.5126349925994873,30,32
10280,none,0,first_intext_warning,2.400362968444824,32,32
10280,none,0,later_intext_warnings,1.5584165056546528,144,32
10280,none,0,warning_after_claim,1.449032187461853,24,32
10280,truth,1,claim_first,1.8836722373962402,30,32
10280,truth,1,first_intext_warning,2.809138774871826,32,32
10280,truth,1,later_intext_warnings,2.1199646393458047,144,32
10280,truth,1,warning_after_claim,2.258526086807251,24,32
10280,truth,-1,claim_first,1.921937346458435,30,32
10280,truth,-1,first_intext_warning,2.658111572265625,32,32
10280,truth,-1,later_intext_warnings,1.7017133633295696,144,32
10280,truth,-1,warning_after_claim,1.6112995147705078,24,32
10280,random1,1,claim_first,2.2889416217803955,30,32
10280,random1,1,first_intext_warning,2.3423123359680176,32,32
10280,random1,1,later_intext_warnings,1.7303888599077861,144,32
10280,random1,1,warning_after_claim,1.7556320428848267,24,32
10280,random1,-1,claim_first,1.4853386878967285,30,32
10280,random1,-1,first_intext_warning,2.6975321769714355,32,32
10280,random1,-1,later_intext_warnings,1.6422256429990132,144,32
10280,random1,-1,warning_after_claim,1.3971747159957886,24,32
10280,random2,1,claim_first,1.89921236038208,30,32
10280,random2,1,first_intext_warning,2.7215285301208496,32,32
10280,random2,1,later_intext_warnings,1.7821350296338399,144,32
10280,random2,1,warning_after_claim,1.6563507318496704,24,32
10280,random2,-1,claim_first,1.9316704273223877,30,32
10280,random2,-1,first_intext_warning,2.4900145530700684,32,32
10280,random2,-1,later_intext_warnings,1.6640740235646565,144,32
10280,random2,-1,warning_after_claim,1.742720603942871,24,32
10280,random3,1,claim_first,1.9649630784988403,30,32
10280,random3,1,first_intext_warning,2.627568244934082,32,32
10280,random3,1,later_intext_warnings,1.6637064218521118,144,32
10280,random3,1,warning_after_claim,1.6440181732177734,24,32
10280,random3,-1,claim_first,1.863875150680542,30,32
10280,random3,-1,first_intext_warning,2.355419635772705,32,32
10280,random3,-1,later_intext_warnings,1.7028265198071797,144,32
10280,random3,-1,warning_after_claim,1.6944013833999634,24,32
10280,random4,1,claim_first,1.5778816938400269,30,32
10280,random4,1,first_intext_warning,2.722092628479004,32,32
10280,random4,1,later_intext_warnings,1.753076175848643,144,32
10280,random4,1,warning_after_claim,1.5250654220581055,24,32
10280,random4,-1,claim_first,2.037848949432373,30,32
10280,random4,-1,first_intext_warning,2.370500087738037,32,32
10280,random4,-1,later_intext_warnings,1.6857414245605469,144,32
10280,random4,-1,warning_after_claim,1.8315725326538086,24,32
10280,random5,1,claim_first,1.6921215057373047,30,32
10280,random5,1,first_intext_warning,2.5684237480163574,32,32
10280,random5,1,later_intext_warnings,1.6104588111241658,144,32
10280,random5,1,warning_after_claim,1.70309317111969,24,32
10280,random5,-1,claim_first,2.006294012069702,30,32
10280,random5,-1,first_intext_warning,2.3386220932006836,32,32
10280,random5,-1,later_intext_warnings,1.7649818658828735,144,32
10280,random5,-1,warning_after_claim,1.6940144300460815,24,32
10280,random6,1,claim_first,1.7192416191101074,30,32
10280,random6,1,first_intext_warning,2.8217368125915527,32,32
10280,random6,1,later_intext_warnings,1.7819315791130066,144,32
10280,random6,1,warning_after_claim,1.4086977243423462,24,32
10280,random6,-1,claim_first,1.7442553043365479,30,32
10280,random6,-1,first_intext_warning,2.4259467124938965,32,32
10280,random6,-1,later_intext_warnings,1.6995227734247844,144,32
10280,random6,-1,warning_after_claim,1.7170065641403198,24,32
10280,random7,1,claim_first,1.8260291814804077,30,32
10280,random7,1,first_intext_warning,2.688042640686035,32,32
10280,random7,1,later_intext_warnings,1.728729287783305,144,32
10280,random7,1,warning_after_claim,1.6405192613601685,24,32
10280,random7,-1,claim_first,1.6967689990997314,30,32
10280,random7,-1,first_intext_warning,2.2377891540527344,32,32
10280,random7,-1,later_intext_warnings,1.7096567153930664,144,32
10280,random7,-1,warning_after_claim,1.719488263130188,24,32
10280,random8,1,claim_first,2.0695700645446777,30,32
10280,random8,1,first_intext_warning,2.66833758354187,32,32
10280,random8,1,later_intext_warnings,1.6890689929326375,144,32
10280,random8,1,warning_after_claim,1.7660280466079712,24,32
10280,random8,-1,claim_first,1.5337175130844116,30,32
10280,random8,-1,first_intext_warning,2.4698121547698975,32,32
10280,random8,-1,later_intext_warnings,1.7391846577326457,144,32
10280,random8,-1,warning_after_claim,1.611173152923584,24,32
10280,random9,1,claim_first,1.7273643016815186,30,32
10280,random9,1,first_intext_warning,2.3665037155151367,32,32
10280,random9,1,later_intext_warnings,1.734566609064738,144,32
10280,random9,1,warning_after_claim,1.7075119018554688,24,32
10280,random9,-1,claim_first,1.706146001815796,30,32
10280,random9,-1,first_intext_warning,2.9143877029418945,32,32
10280,random9,-1,later_intext_warnings,1.7681740919748943,144,32
10280,random9,-1,warning_after_claim,1.7207627296447754,24,32
10280,random10,1,claim_first,1.8563289642333984,30,32
10280,random10,1,first_intext_warning,2.37703800201416,32,32
10280,random10,1,later_intext_warnings,1.671054224173228,144,32
10280,random10,1,warning_after_claim,1.5926952362060547,24,32
10280,random10,-1,claim_first,1.8565680980682373,30,32
10280,random10,-1,first_intext_warning,2.4596199989318848,32,32
10280,random10,-1,later_intext_warnings,1.759252389272054,144,32
10280,random10,-1,warning_after_claim,1.78044855594635,24,32
10285,none,0,claim_first,2.129002094268799,40,32
10285,none,0,ordinary,1.260948896408081,95,32
10285,none,0,first_intext_warning,2.318843364715576,36,32
10285,none,0,later_intext_warnings,1.341301957766215,148,32
10285,none,0,warning_after_claim,2.1218228340148926,13,32
10285,truth,1,claim_first,2.6157801151275635,40,32
10285,truth,1,ordinary,1.7461849451065063,95,32
10285,truth,1,first_intext_warning,2.9553062915802,36,32
10285,truth,1,later_intext_warnings,1.9409816066424053,148,32
10285,truth,1,warning_after_claim,3.282467842102051,13,32
10285,truth,-1,claim_first,2.4512619972229004,40,32
10285,truth,-1,ordinary,1.5479023456573486,95,32
10285,truth,-1,first_intext_warning,2.783564567565918,36,32
10285,truth,-1,later_intext_warnings,1.4036831259727478,148,32
10285,truth,-1,warning_after_claim,2.3562631607055664,13,32
10285,random1,1,claim_first,2.694549083709717,40,32
10285,random1,1,ordinary,1.6650692224502563,95,32
10285,random1,1,first_intext_warning,2.4504241943359375,36,32
10285,random1,1,later_intext_warnings,1.5062540471553802,148,32
10285,random1,1,warning_after_claim,2.1324262619018555,13,32
10285,random1,-1,claim_first,2.272787094116211,40,32
10285,random1,-1,ordinary,1.723210096359253,95,32
10285,random1,-1,first_intext_warning,2.5654661655426025,36,32
10285,random1,-1,later_intext_warnings,1.4888636469841003,148,32
10285,random1,-1,warning_after_claim,2.5334360599517822,13,32
10285,random2,1,claim_first,2.193237781524658,40,32
10285,random2,1,ordinary,1.906825065612793,95,32
10285,random2,1,first_intext_warning,2.720889091491699,36,32
10285,random2,1,later_intext_warnings,1.5680988828341167,148,32
10285,random2,1,warning_after_claim,3.023587703704834,13,32
10285,random2,-1,claim_first,2.563767910003662,40,32
10285,random2,-1,ordinary,1.504087209701538,95,32
10285,random2,-1,first_intext_warning,2.426980972290039,36,32
10285,random2,-1,later_intext_warnings,1.5235993166764576,148,32
10285,random2,-1,warning_after_claim,2.024420738220215,13,32
10285,random3,1,claim_first,2.537212371826172,40,32
10285,random3,1,ordinary,1.7147589921951294,95,32
10285,random3,1,first_intext_warning,2.6208603382110596,36,32
10285,random3,1,later_intext_warnings,1.5390863418579102,148,32
10285,random3,1,warning_after_claim,2.3297150135040283,13,32
10285,random3,-1,claim_first,2.4621939659118652,40,32
10285,random3,-1,ordinary,1.6059455871582031,95,32
10285,random3,-1,first_intext_warning,2.5564873218536377,36,32
10285,random3,-1,later_intext_warnings,1.5447043577829997,148,32
10285,random3,-1,warning_after_claim,2.369398593902588,13,32
10285,random4,1,claim_first,2.4331214427948,40,32
10285,random4,1,ordinary,1.6130945682525635,95,32
10285,random4,1,first_intext_warning,2.5689709186553955,36,32
10285,random4,1,later_intext_warnings,1.592341125011444,148,32
10285,random4,1,warning_after_claim,1.9329357147216797,13,32
10285,random4,-1,claim_first,2.3867027759552,40,32
10285,random4,-1,ordinary,1.5959503650665283,95,32
10285,random4,-1,first_intext_warning,2.481295347213745,36,32
10285,random4,-1,later_intext_warnings,1.5607859293619792,148,32
10285,random4,-1,warning_after_claim,3.0343017578125,13,32
10285,random5,1,claim_first,2.4178900718688965,40,32
10285,random5,1,ordinary,1.7988548278808594,95,32
10285,random5,1,first_intext_warning,2.3234710693359375,36,32
10285,random5,1,later_intext_warnings,1.5456735094388325,148,32
10285,random5,1,warning_after_claim,2.675999879837036,13,32
10285,random5,-1,claim_first,2.4793453216552734,40,32
10285,random5,-1,ordinary,1.6227235794067383,95,32
10285,random5,-1,first_intext_warning,2.531519889831543,36,32
10285,random5,-1,later_intext_warnings,1.5658398469289143,148,32
10285,random5,-1,warning_after_claim,2.175502300262451,13,32
10285,random6,1,claim_first,2.379697799682617,40,32
10285,random6,1,ordinary,1.6485998630523682,95,32
10285,random6,1,first_intext_warning,2.394566774368286,36,32
10285,random6,1,later_intext_warnings,1.44204048315684,148,32
10285,random6,1,warning_after_claim,2.3981809616088867,13,32
10285,random6,-1,claim_first,2.6097474098205566,40,32
10285,random6,-1,ordinary,1.5232503414154053,95,32
10285,random6,-1,first_intext_warning,2.6050527095794678,36,32
10285,random6,-1,later_intext_warnings,1.6242445906003316,148,32
10285,random6,-1,warning_after_claim,2.432358741760254,13,32
10285,random7,1,claim_first,2.526104688644409,40,32
10285,random7,1,ordinary,1.6442291736602783,95,32
10285,random7,1,first_intext_warning,2.569340944290161,36,32
10285,random7,1,later_intext_warnings,1.4917014042536418,148,32
10285,random7,1,warning_after_claim,2.1352522373199463,13,32
10285,random7,-1,claim_first,2.4013614654541016,40,32
10285,random7,-1,ordinary,1.7462912797927856,95,32
10285,random7,-1,first_intext_warning,2.455116033554077,36,32
10285,random7,-1,later_intext_warnings,1.5672726233800252,148,32
10285,random7,-1,warning_after_claim,2.524876117706299,13,32
10285,random8,1,claim_first,2.3457069396972656,40,32
10285,random8,1,ordinary,1.567869782447815,95,32
10285,random8,1,first_intext_warning,2.5360348224639893,36,32
10285,random8,1,later_intext_warnings,1.5420156717300415,148,32
10285,random8,1,warning_after_claim,2.353367805480957,13,32
10285,random8,-1,claim_first,2.5575568675994873,40,32
10285,random8,-1,ordinary,1.7215993404388428,95,32
10285,random8,-1,first_intext_warning,2.4490160942077637,36,32
10285,random8,-1,later_intext_warnings,1.5507507224877675,148,32
10285,random8,-1,warning_after_claim,2.2896194458007812,13,32
10285,random9,1,claim_first,2.4489428997039795,40,32
10285,random9,1,ordinary,1.5641567707061768,95,32
10285,random9,1,first_intext_warning,2.5330958366394043,36,32
10285,random9,1,later_intext_warnings,1.4824828505516052,148,32
10285,random9,1,warning_after_claim,2.376260757446289,13,32
10285,random9,-1,claim_first,2.4212098121643066,40,32
10285,random9,-1,ordinary,1.6602321863174438,95,32
10285,random9,-1,first_intext_warning,2.429518699645996,36,32
10285,random9,-1,later_intext_warnings,1.5930024981498718,148,32
10285,random9,-1,warning_after_claim,2.4098634719848633,13,32
10285,random10,1,claim_first,2.444760799407959,40,32
10285,random10,1,ordinary,1.7551695108413696,95,32
10285,random10,1,first_intext_warning,2.4306275844573975,36,32
10285,random10,1,later_intext_warnings,1.575175126393636,148,32
10285,random10,1,warning_after_claim,3.006326913833618,13,32
10285,random10,-1,claim_first,2.4442172050476074,40,32
10285,random10,-1,ordinary,1.5210466384887695,95,32
10285,random10,-1,first_intext_warning,2.5014307498931885,36,32
10285,random10,-1,later_intext_warnings,1.575174371401469,148,32
10285,random10,-1,warning_after_claim,2.1779332160949707,13,32
10287,none,0,claim_first,1.3389042615890503,27,32
10287,none,0,ordinary,1.7664388418197632,74,32
10287,none,0,first_intext_warning,1.3195631504058838,21,32
10287,none,0,later_intext_warnings,1.6376604934533436,162,32
10287,none,0,warning_after_claim,0.6734713912010193,22,32
10287,truth,1,claim_first,2.059508800506592,27,32
10287,truth,1,ordinary,1.9491300582885742,74,32
10287,truth,1,first_intext_warning,1.9900367259979248,21,32
10287,truth,1,later_intext_warnings,2.1819615761439004,162,32
10287,truth,1,warning_after_claim,1.1262434720993042,22,32
10287,truth,-1,claim_first,1.8227264881134033,27,32
10287,truth,-1,ordinary,2.138620376586914,74,32
10287,truth,-1,first_intext_warning,1.6080068349838257,21,32
10287,truth,-1,later_intext_warnings,1.8308995167414348,162,32
10287,truth,-1,warning_after_claim,0.7157775163650513,22,32
10287,random1,1,claim_first,1.915982723236084,27,32
10287,random1,1,ordinary,2.045907974243164,74,32
10287,random1,1,first_intext_warning,1.5081467628479004,21,32
10287,random1,1,later_intext_warnings,1.8001519640286763,162,32
10287,random1,1,warning_after_claim,0.7780303955078125,22,32
10287,random1,-1,claim_first,1.7955865859985352,27,32
10287,random1,-1,ordinary,2.0613908767700195,74,32
10287,random1,-1,first_intext_warning,1.6985466480255127,21,32
10287,random1,-1,later_intext_warnings,1.8687305251757305,162,32
10287,random1,-1,warning_after_claim,0.7616316080093384,22,32
10287,random2,1,claim_first,1.5506049394607544,27,32
10287,random2,1,ordinary,2.1972720623016357,74,32
10287,random2,1,first_intext_warning,1.967116355895996,21,32
10287,random2,1,later_intext_warnings,1.9081735014915466,162,32
10287,random2,1,warning_after_claim,0.7102811932563782,22,32
10287,random2,-1,claim_first,2.084275722503662,27,32
10287,random2,-1,ordinary,1.9677497148513794,74,32
10287,random2,-1,first_intext_warning,1.474979281425476,21,32
10287,random2,-1,later_intext_warnings,1.792831579844157,162,32
10287,random2,-1,warning_after_claim,0.7059435844421387,22,32
10287,random3,1,claim_first,1.9044578075408936,27,32
10287,random3,1,ordinary,2.120236396789551,74,32
10287,random3,1,first_intext_warning,1.290787696838379,21,32
10287,random3,1,later_intext_warnings,1.7881783445676167,162,32
10287,random3,1,warning_after_claim,0.834825873374939,22,32
10287,random3,-1,claim_first,1.7221580743789673,27,32
10287,random3,-1,ordinary,2.0432395935058594,74,32
10287,random3,-1,first_intext_warning,1.8198614120483398,21,32
10287,random3,-1,later_intext_warnings,1.8618756135304768,162,32
10287,random3,-1,warning_after_claim,0.7035984992980957,22,32
10287,random4,1,claim_first,1.9730314016342163,27,32
10287,random4,1,ordinary,1.9673137664794922,74,32
10287,random4,1,first_intext_warning,1.3779983520507812,21,32
10287,random4,1,later_intext_warnings,1.9258156617482503,162,32
10287,random4,1,warning_after_claim,0.7912010550498962,22,32
10287,random4,-1,claim_first,1.9554870128631592,27,32
10287,random4,-1,ordinary,2.0146331787109375,74,32
10287,random4,-1,first_intext_warning,1.6678693294525146,21,32
10287,random4,-1,later_intext_warnings,1.8411521514256795,162,32
10287,random4,-1,warning_after_claim,0.6757925748825073,22,32
10287,random5,1,claim_first,1.599189043045044,27,32
10287,random5,1,ordinary,1.9682332277297974,74,32
10287,random5,1,first_intext_warning,1.556527853012085,21,32
10287,random5,1,later_intext_warnings,1.851099153359731,162,32
10287,random5,1,warning_after_claim,0.7146119475364685,22,32
10287,random5,-1,claim_first,2.05727481842041,27,32
10287,random5,-1,ordinary,2.108386993408203,74,32
10287,random5,-1,first_intext_warning,1.5295743942260742,21,32
10287,random5,-1,later_intext_warnings,1.825153907140096,162,32
10287,random5,-1,warning_after_claim,0.822307825088501,22,32
10287,random6,1,claim_first,1.5313992500305176,27,32
10287,random6,1,ordinary,2.0254979133605957,74,32
10287,random6,1,first_intext_warning,1.6390860080718994,21,32
10287,random6,1,later_intext_warnings,1.8932246168454487,162,32
10287,random6,1,warning_after_claim,0.6743587851524353,22,32
10287,random6,-1,claim_first,2.172430992126465,27,32
10287,random6,-1,ordinary,1.9975202083587646,74,32
10287,random6,-1,first_intext_warning,1.6096067428588867,21,32
10287,random6,-1,later_intext_warnings,1.8334317008654277,162,32
10287,random6,-1,warning_after_claim,0.8020929098129272,22,32
10287,random7,1,claim_first,1.8990463018417358,27,32
10287,random7,1,ordinary,2.024991273880005,74,32
10287,random7,1,first_intext_warning,1.5659539699554443,21,32
10287,random7,1,later_intext_warnings,1.8733224074045818,162,32
10287,random7,1,warning_after_claim,0.7782299518585205,22,32
10287,random7,-1,claim_first,1.6597685813903809,27,32
10287,random7,-1,ordinary,2.1854684352874756,74,32
10287,random7,-1,first_intext_warning,1.585925817489624,21,32
10287,random7,-1,later_intext_warnings,1.8862475752830505,162,32
10287,random7,-1,warning_after_claim,0.7855898141860962,22,32
10287,random8,1,claim_first,1.5906873941421509,27,32
10287,random8,1,ordinary,2.089080810546875,74,32
10287,random8,1,first_intext_warning,1.510022521018982,21,32
10287,random8,1,later_intext_warnings,1.7779607971509297,162,32
10287,random8,1,warning_after_claim,0.7455591559410095,22,32
10287,random8,-1,claim_first,1.9862841367721558,27,32
10287,random8,-1,ordinary,1.9043253660202026,74,32
10287,random8,-1,first_intext_warning,1.608616590499878,21,32
10287,random8,-1,later_intext_warnings,1.9057730237642925,162,32
10287,random8,-1,warning_after_claim,0.7512874603271484,22,32
10287,random9,1,claim_first,1.7330374717712402,27,32
10287,random9,1,ordinary,1.974770188331604,74,32
10287,random9,1,first_intext_warning,1.4651702642440796,21,32
10287,random9,1,later_intext_warnings,1.8669852018356323,162,32
10287,random9,1,warning_after_claim,0.589505136013031,22,32
10287,random9,-1,claim_first,1.8797510862350464,27,32
10287,random9,-1,ordinary,2.034470319747925,74,32
10287,random9,-1,first_intext_warning,1.6080735921859741,21,32
10287,random9,-1,later_intext_warnings,1.8955058058102925,162,32
10287,random9,-1,warning_after_claim,1.0131622552871704,22,32
10287,random10,1,claim_first,1.7406071424484253,27,32
10287,random10,1,ordinary,1.9852445125579834,74,32
10287,random10,1,first_intext_warning,1.7124820947647095,21,32
10287,random10,1,later_intext_warnings,1.9436146020889282,162,32
10287,random10,1,warning_after_claim,0.7316769957542419,22,32
10287,random10,-1,claim_first,1.9386543035507202,27,32
10287,random10,-1,ordinary,2.0651626586914062,74,32
10287,random10,-1,first_intext_warning,1.6278749704360962,21,32
10287,random10,-1,later_intext_warnings,1.7610560456911724,162,32
10287,random10,-1,warning_after_claim,0.8670340180397034,22,32
10288,none,0,claim_first,1.3757743835449219,66,32
10288,none,0,ordinary,2.6019062995910645,63,32
10288,none,0,first_intext_warning,1.418624997138977,30,32
10288,none,0,later_intext_warnings,1.5734492043654125,184,32
10288,none,0,warning_after_claim,1.620043396949768,23,32
10288,truth,1,claim_first,1.7691729068756104,66,32
10288,truth,1,ordinary,2.9482762813568115,63,32
10288,truth,1,first_intext_warning,2.001469850540161,30,32
10288,truth,1,later_intext_warnings,2.039929529031118,184,32
10288,truth,1,warning_after_claim,2.8913769721984863,23,32
10288,truth,-1,claim_first,1.5542775392532349,66,32
10288,truth,-1,ordinary,3.0178987979888916,63,32
10288,truth,-1,first_intext_warning,1.8828809261322021,30,32
10288,truth,-1,later_intext_warnings,1.8469405670960743,184,32
10288,truth,-1,warning_after_claim,1.7240872383117676,23,32
10288,random1,1,claim_first,1.7765510082244873,66,32
10288,random1,1,ordinary,3.000715732574463,63,32
10288,random1,1,first_intext_warning,1.694305658340454,30,32
10288,random1,1,later_intext_warnings,1.8085941672325134,184,32
10288,random1,1,warning_after_claim,1.8998950719833374,23,32
10288,random1,-1,claim_first,1.528796911239624,66,32
10288,random1,-1,ordinary,2.740781307220459,63,32
10288,random1,-1,first_intext_warning,1.6072142124176025,30,32
10288,random1,-1,later_intext_warnings,1.6908834079901378,184,32
10288,random1,-1,warning_after_claim,2.0416626930236816,23,32
10288,random2,1,claim_first,1.3868316411972046,66,32
10288,random2,1,ordinary,2.9683990478515625,63,32
10288,random2,1,first_intext_warning,1.7475790977478027,30,32
10288,random2,1,later_intext_warnings,1.8576003809769948,184,32
10288,random2,1,warning_after_claim,2.2659175395965576,23,32
10288,random2,-1,claim_first,1.8392044305801392,66,32
10288,random2,-1,ordinary,2.8477113246917725,63,32
10288,random2,-1,first_intext_warning,1.7118014097213745,30,32
10288,random2,-1,later_intext_warnings,1.7173705101013184,184,32
10288,random2,-1,warning_after_claim,1.9189397096633911,23,32
10288,random3,1,claim_first,1.8123499155044556,66,32
10288,random3,1,ordinary,2.931272268295288,63,32
10288,random3,1,first_intext_warning,1.5407707691192627,30,32
10288,random3,1,later_intext_warnings,1.7704578737417858,184,32
10288,random3,1,warning_after_claim,2.164616823196411,23,32
10288,random3,-1,claim_first,1.5104321241378784,66,32
10288,random3,-1,ordinary,2.7490882873535156,63,32
10288,random3,-1,first_intext_warning,1.647655963897705,30,32
10288,random3,-1,later_intext_warnings,1.8005553682645161,184,32
10288,random3,-1,warning_after_claim,1.9762581586837769,23,32
10288,random4,1,claim_first,1.6950829029083252,66,32
10288,random4,1,ordinary,2.8624472618103027,63,32
10288,random4,1,first_intext_warning,1.8050915002822876,30,32
10288,random4,1,later_intext_warnings,1.7781334519386292,184,32
10288,random4,1,warning_after_claim,1.9710637331008911,23,32
10288,random4,-1,claim_first,1.5939767360687256,66,32
10288,random4,-1,ordinary,2.9158198833465576,63,32
10288,random4,-1,first_intext_warning,1.5311636924743652,30,32
10288,random4,-1,later_intext_warnings,1.7717169721921284,184,32
10288,random4,-1,warning_after_claim,2.1709353923797607,23,32
10288,random5,1,claim_first,1.5973217487335205,66,32
10288,random5,1,ordinary,2.8404483795166016,63,32
10288,random5,1,first_intext_warning,1.575144648551941,30,32
10288,random5,1,later_intext_warnings,1.732476641734441,184,32
10288,random5,1,warning_after_claim,1.9526287317276,23,32
10288,random5,-1,claim_first,1.6750249862670898,66,32
10288,random5,-1,ordinary,2.8979969024658203,63,32
10288,random5,-1,first_intext_warning,1.6361088752746582,30,32
10288,random5,-1,later_intext_warnings,1.78098726272583,184,32
10288,random5,-1,warning_after_claim,1.9922921657562256,23,32
10288,random6,1,claim_first,1.7844477891921997,66,32
10288,random6,1,ordinary,2.7973825931549072,63,32
10288,random6,1,first_intext_warning,1.7002928256988525,30,32
10288,random6,1,later_intext_warnings,1.7241033713022869,184,32
10288,random6,1,warning_after_claim,1.689653992652893,23,32
10288,random6,-1,claim_first,1.4809211492538452,66,32
10288,random6,-1,ordinary,2.726564884185791,63,32
10288,random6,-1,first_intext_warning,1.6233426332473755,30,32
10288,random6,-1,later_intext_warnings,1.8167523344357808,184,32
10288,random6,-1,warning_after_claim,2.2754364013671875,23,32
10288,random7,1,claim_first,1.6450806856155396,66,32
10288,random7,1,ordinary,2.7501962184906006,63,32
10288,random7,1,first_intext_warning,1.416549563407898,30,32
10288,random7,1,later_intext_warnings,1.7330217162768047,184,32
10288,random7,1,warning_after_claim,1.9369639158248901,23,32
10288,random7,-1,claim_first,1.6518577337265015,66,32
10288,random7,-1,ordinary,2.9825456142425537,63,32
10288,random7,-1,first_intext_warning,1.8927228450775146,30,32
10288,random7,-1,later_intext_warnings,1.7906792958577473,184,32
10288,random7,-1,warning_after_claim,1.934985637664795,23,32
10288,random8,1,claim_first,1.6072052717208862,66,32
10288,random8,1,ordinary,2.757948160171509,63,32
10288,random8,1,first_intext_warning,1.5875929594039917,30,32
10288,random8,1,later_intext_warnings,1.740967075030009,184,32
10288,random8,1,warning_after_claim,1.7334892749786377,23,32
10288,random8,-1,claim_first,1.6998876333236694,66,32
10288,random8,-1,ordinary,2.8971362113952637,63,32
10288,random8,-1,first_intext_warning,1.737876296043396,30,32
10288,random8,-1,later_intext_warnings,1.7332887252171834,184,32
10288,random8,-1,warning_after_claim,2.423417091369629,23,32
10288,random9,1,claim_first,1.6334691047668457,66,32
10288,random9,1,ordinary,2.7765707969665527,63,32
10288,random9,1,first_intext_warning,1.6256192922592163,30,32
10288,random9,1,later_intext_warnings,1.769905428091685,184,32
10288,random9,1,warning_after_claim,1.8826887607574463,23,32
10288,random9,-1,claim_first,1.762900471687317,66,32
10288,random9,-1,ordinary,2.9546592235565186,63,32
10288,random9,-1,first_intext_warning,1.6839783191680908,30,32
10288,random9,-1,later_intext_warnings,1.767737865447998,184,32
10288,random9,-1,warning_after_claim,2.085949420928955,23,32
10288,random10,1,claim_first,1.478778600692749,66,32
10288,random10,1,ordinary,2.798884630203247,63,32
10288,random10,1,first_intext_warning,1.6098259687423706,30,32
10288,random10,1,later_intext_warnings,1.784738540649414,184,32
10288,random10,1,warning_after_claim,2.3486404418945312,23,32
10288,random10,-1,claim_first,1.8633697032928467,66,32
10288,random10,-1,ordinary,2.8386118412017822,63,32
10288,random10,-1,first_intext_warning,1.6556594371795654,30,32
10288,random10,-1,later_intext_warnings,1.744025965531667,184,32
10288,random10,-1,warning_after_claim,1.8849265575408936,23,32
10289,none,0,claim_first,1.6430991888046265,46,32
10289,none,0,ordinary,1.1959303617477417,101,32
10289,none,0,first_intext_warning,1.3153482675552368,35,32
10289,none,0,later_intext_warnings,1.6680181821187336,128,32
10289,none,0,warning_after_claim,1.008453130722046,28,32
10289,truth,1,claim_first,1.9586578607559204,46,32
10289,truth,1,ordinary,1.7063463926315308,101,32
10289,truth,1,first_intext_warning,1.8105560541152954,35,32
10289,truth,1,later_intext_warnings,2.222268362840017,128,32
10289,truth,1,warning_after_claim,2.1109976768493652,28,32
10289,truth,-1,claim_first,1.98627769947052,46,32
10289,truth,-1,ordinary,1.5284284353256226,101,32
10289,truth,-1,first_intext_warning,1.7286179065704346,35,32
10289,truth,-1,later_intext_warnings,1.9260572890440624,128,32
10289,truth,-1,warning_after_claim,1.1394731998443604,28,32
10289,random1,1,claim_first,1.8862473964691162,46,32
10289,random1,1,ordinary,1.7287367582321167,101,32
10289,random1,1,first_intext_warning,1.4309885501861572,35,32
10289,random1,1,later_intext_warnings,1.8096508979797363,128,32
10289,random1,1,warning_after_claim,1.329025387763977,28,32
10289,random1,-1,claim_first,2.1104815006256104,46,32
10289,random1,-1,ordinary,1.5475293397903442,101,32
10289,random1,-1,first_intext_warning,1.4360030889511108,35,32
10289,random1,-1,later_intext_warnings,1.9148489634195964,128,32
10289,random1,-1,warning_after_claim,1.2313940525054932,28,32
10289,random2,1,claim_first,2.1364147663116455,46,32
10289,random2,1,ordinary,1.638292670249939,101,32
10289,random2,1,first_intext_warning,1.4565500020980835,35,32
10289,random2,1,later_intext_warnings,1.9261876543362935,128,32
10289,random2,1,warning_after_claim,1.3873182535171509,28,32
10289,random2,-1,claim_first,1.9854062795639038,46,32
10289,random2,-1,ordinary,1.5260432958602905,101,32
10289,random2,-1,first_intext_warning,1.4948344230651855,35,32
10289,random2,-1,later_intext_warnings,1.7904404401779175,128,32
10289,random2,-1,warning_after_claim,1.3378247022628784,28,32
10289,random3,1,claim_first,2.2658746242523193,46,32
10289,random3,1,ordinary,1.7039772272109985,101,32
10289,random3,1,first_intext_warning,1.301538348197937,35,32
10289,random3,1,later_intext_warnings,1.8458582758903503,128,32
10289,random3,1,warning_after_claim,1.3632327318191528,28,32
10289,random3,-1,claim_first,1.7503942251205444,46,32
10289,random3,-1,ordinary,1.6271635293960571,101,32
10289,random3,-1,first_intext_warning,1.5628172159194946,35,32
10289,random3,-1,later_intext_warnings,1.8013084332148235,128,32
10289,random3,-1,warning_after_claim,1.2809922695159912,28,32
10289,random4,1,claim_first,1.954746961593628,46,32
10289,random4,1,ordinary,1.7428396940231323,101,32
10289,random4,1,first_intext_warning,1.5046392679214478,35,32
10289,random4,1,later_intext_warnings,1.8056311011314392,128,32
10289,random4,1,warning_after_claim,1.2892249822616577,28,32
10289,random4,-1,claim_first,1.9043864011764526,46,32
10289,random4,-1,ordinary,1.5963305234909058,101,32
10289,random4,-1,first_intext_warning,1.4963384866714478,35,32
10289,random4,-1,later_intext_warnings,1.874240557352702,128,32
10289,random4,-1,warning_after_claim,1.3684855699539185,28,32
10289,random5,1,claim_first,1.8918418884277344,46,32
10289,random5,1,ordinary,1.6861542463302612,101,32
10289,random5,1,first_intext_warning,1.5248537063598633,35,32
10289,random5,1,later_intext_warnings,1.8829490542411804,128,32
10289,random5,1,warning_after_claim,1.2919496297836304,28,32
10289,random5,-1,claim_first,1.9098362922668457,46,32
10289,random5,-1,ordinary,1.6442440748214722,101,32
10289,random5,-1,first_intext_warning,1.36412513256073,35,32
10289,random5,-1,later_intext_warnings,1.7744789719581604,128,32
10289,random5,-1,warning_after_claim,1.4021817445755005,28,32
10289,random6,1,claim_first,1.9103275537490845,46,32
10289,random6,1,ordinary,1.6206637620925903,101,32
10289,random6,1,first_intext_warning,1.3142821788787842,35,32
10289,random6,1,later_intext_warnings,1.9154645601908367,128,32
10289,random6,1,warning_after_claim,1.2210792303085327,28,32
10289,random6,-1,claim_first,1.887455940246582,46,32
10289,random6,-1,ordinary,1.5546919107437134,101,32
10289,random6,-1,first_intext_warning,1.6044466495513916,35,32
10289,random6,-1,later_intext_warnings,1.7901765207449596,128,32
10289,random6,-1,warning_after_claim,1.3598614931106567,28,32
10289,random7,1,claim_first,1.8277664184570312,46,32
10289,random7,1,ordinary,1.652848243713379,101,32
10289,random7,1,first_intext_warning,1.3058007955551147,35,32
10289,random7,1,later_intext_warnings,1.8179456790288289,128,32
10289,random7,1,warning_after_claim,1.0996214151382446,28,32
10289,random7,-1,claim_first,1.93521249294281,46,32
10289,random7,-1,ordinary,1.6956813335418701,101,32
10289,random7,-1,first_intext_warning,1.6510292291641235,35,32
10289,random7,-1,later_intext_warnings,1.9233533938725789,128,32
10289,random7,-1,warning_after_claim,1.4062573909759521,28,32
10289,random8,1,claim_first,1.7534594535827637,46,32
10289,random8,1,ordinary,1.588550090789795,101,32
10289,random8,1,first_intext_warning,1.4155088663101196,35,32
10289,random8,1,later_intext_warnings,1.7676536440849304,128,32
10289,random8,1,warning_after_claim,1.1795403957366943,28,32
10289,random8,-1,claim_first,2.0326883792877197,46,32
10289,random8,-1,ordinary,1.7242398262023926,101,32
10289,random8,-1,first_intext_warning,1.5041606426239014,35,32
10289,random8,-1,later_intext_warnings,1.9527477820714314,128,32
10289,random8,-1,warning_after_claim,1.5424524545669556,28,32
10289,random9,1,claim_first,2.0049304962158203,46,32
10289,random9,1,ordinary,1.6851680278778076,101,32
10289,random9,1,first_intext_warning,1.5711722373962402,35,32
10289,random9,1,later_intext_warnings,1.9448816378911336,128,32
10289,random9,1,warning_after_claim,1.3558591604232788,28,32
10289,random9,-1,claim_first,1.9855037927627563,46,32
10289,random9,-1,ordinary,1.6566734313964844,101,32
10289,random9,-1,first_intext_warning,1.5291258096694946,35,32
10289,random9,-1,later_intext_warnings,1.8292606671651204,128,32
10289,random9,-1,warning_after_claim,1.3457595109939575,28,32
10289,random10,1,claim_first,2.091834783554077,46,32
10289,random10,1,ordinary,1.4610623121261597,101,32
10289,random10,1,first_intext_warning,1.4418752193450928,35,32
10289,random10,1,later_intext_warnings,1.9376333753267925,128,32
10289,random10,1,warning_after_claim,1.4859806299209595,28,32
10289,random10,-1,claim_first,1.6870965957641602,46,32
10289,random10,-1,ordinary,1.6545722484588623,101,32
10289,random10,-1,first_intext_warning,1.5296992063522339,35,32
10289,random10,-1,later_intext_warnings,1.859289546807607,128,32
10289,random10,-1,warning_after_claim,1.181691288948059,28,32
10290,none,0,claim_first,0.9809612035751343,28,32
10290,none,0,ordinary,2.638972282409668,65,32
10290,none,0,first_intext_warning,1.7212963104248047,26,32
10290,none,0,later_intext_warnings,1.7729233304659526,150,32
10290,none,0,warning_after_claim,0.9925918579101562,20,32
10290,truth,1,claim_first,1.189638376235962,28,32
10290,truth,1,ordinary,3.1787304878234863,65,32
10290,truth,1,first_intext_warning,2.163405418395996,26,32
10290,truth,1,later_intext_warnings,2.154082993666331,150,32
10290,truth,1,warning_after_claim,1.8329778909683228,20,32
10290,truth,-1,claim_first,1.2013434171676636,28,32
10290,truth,-1,ordinary,2.766861915588379,65,32
10290,truth,-1,first_intext_warning,1.9842472076416016,26,32
10290,truth,-1,later_intext_warnings,1.9505297740300496,150,32
10290,truth,-1,warning_after_claim,1.584499716758728,20,32
10290,random1,1,claim_first,1.360491394996643,28,32
10290,random1,1,ordinary,2.9965038299560547,65,32
10290,random1,1,first_intext_warning,1.7527594566345215,26,32
10290,random1,1,later_intext_warnings,1.8098501165707905,150,32
10290,random1,1,warning_after_claim,1.5081160068511963,20,32
10290,random1,-1,claim_first,1.0984324216842651,28,32
10290,random1,-1,ordinary,2.9062905311584473,65,32
10290,random1,-1,first_intext_warning,2.0665154457092285,26,32
10290,random1,-1,later_intext_warnings,1.963740348815918,150,32
10290,random1,-1,warning_after_claim,1.3273483514785767,20,32
10290,random2,1,claim_first,1.2047325372695923,28,32
10290,random2,1,ordinary,2.7947587966918945,65,32
10290,random2,1,first_intext_warning,1.9589481353759766,26,32
10290,random2,1,later_intext_warnings,1.9230393171310425,150,32
10290,random2,1,warning_after_claim,1.2149038314819336,20,32
10290,random2,-1,claim_first,1.2478567361831665,28,32
10290,random2,-1,ordinary,2.851255178451538,65,32
10290,random2,-1,first_intext_warning,1.8204212188720703,26,32
10290,random2,-1,later_intext_warnings,1.8853996594746907,150,32
10290,random2,-1,warning_after_claim,1.3702490329742432,20,32
10290,random3,1,claim_first,1.128936529159546,28,32
10290,random3,1,ordinary,2.768254041671753,65,32
10290,random3,1,first_intext_warning,1.76675283908844,26,32
10290,random3,1,later_intext_warnings,1.7867023944854736,150,32
10290,random3,1,warning_after_claim,1.2458547353744507,20,32
10290,random3,-1,claim_first,1.1048760414123535,28,32
10290,random3,-1,ordinary,2.8064348697662354,65,32
10290,random3,-1,first_intext_warning,2.0295186042785645,26,32
10290,random3,-1,later_intext_warnings,1.9423197905222576,150,32
10290,random3,-1,warning_after_claim,1.3663325309753418,20,32
10290,random4,1,claim_first,1.3069807291030884,28,32
10290,random4,1,ordinary,2.890289545059204,65,32
10290,random4,1,first_intext_warning,2.161168098449707,26,32
10290,random4,1,later_intext_warnings,1.8459381659825642,150,32
10290,random4,1,warning_after_claim,1.412597417831421,20,32
10290,random4,-1,claim_first,1.0854130983352661,28,32
10290,random4,-1,ordinary,2.775972604751587,65,32
10290,random4,-1,first_intext_warning,1.8371376991271973,26,32
10290,random4,-1,later_intext_warnings,1.9162228107452393,150,32
10290,random4,-1,warning_after_claim,1.1972495317459106,20,32
10290,random5,1,claim_first,1.0781779289245605,28,32
10290,random5,1,ordinary,2.6858558654785156,65,32
10290,random5,1,first_intext_warning,1.9581854343414307,26,32
10290,random5,1,later_intext_warnings,1.8989520072937012,150,32
10290,random5,1,warning_after_claim,1.3236817121505737,20,32
10290,random5,-1,claim_first,1.2249189615249634,28,32
10290,random5,-1,ordinary,2.927093982696533,65,32
10290,random5,-1,first_intext_warning,1.8065471649169922,26,32
10290,random5,-1,later_intext_warnings,1.9061964948972066,150,32
10290,random5,-1,warning_after_claim,1.3893611431121826,20,32
10290,random6,1,claim_first,1.1206787824630737,28,32
10290,random6,1,ordinary,2.848179817199707,65,32
10290,random6,1,first_intext_warning,2.0241165161132812,26,32
10290,random6,1,later_intext_warnings,1.9982989033063252,150,32
10290,random6,1,warning_after_claim,1.1924176216125488,20,32
10290,random6,-1,claim_first,1.173750877380371,28,32
10290,random6,-1,ordinary,2.8542675971984863,65,32
10290,random6,-1,first_intext_warning,1.9610921144485474,26,32
10290,random6,-1,later_intext_warnings,1.8525820970535278,150,32
10290,random6,-1,warning_after_claim,1.2527871131896973,20,32
10290,random7,1,claim_first,1.1801890134811401,28,32
10290,random7,1,ordinary,3.003802537918091,65,32
10290,random7,1,first_intext_warning,2.1669058799743652,26,32
10290,random7,1,later_intext_warnings,1.8369975487391155,150,32
10290,random7,1,warning_after_claim,1.256230115890503,20,32
10290,random7,-1,claim_first,1.0840414762496948,28,32
10290,random7,-1,ordinary,2.8102290630340576,65,32
10290,random7,-1,first_intext_warning,1.8069884777069092,26,32
10290,random7,-1,later_intext_warnings,1.9085719585418701,150,32
10290,random7,-1,warning_after_claim,1.368472695350647,20,32
10290,random8,1,claim_first,1.1508381366729736,28,32
10290,random8,1,ordinary,2.851088762283325,65,32
10290,random8,1,first_intext_warning,1.9717323780059814,26,32
10290,random8,1,later_intext_warnings,1.816072702407837,150,32
10290,random8,1,warning_after_claim,1.2098325490951538,20,32
10290,random8,-1,claim_first,1.2100409269332886,28,32
10290,random8,-1,ordinary,2.8483500480651855,65,32
10290,random8,-1,first_intext_warning,1.9273184537887573,26,32
10290,random8,-1,later_intext_warnings,1.9092016418774922,150,32
10290,random8,-1,warning_after_claim,1.53102707862854,20,32
10290,random9,1,claim_first,1.093187928199768,28,32
10290,random9,1,ordinary,2.973661184310913,65,32
10290,random9,1,first_intext_warning,1.9266879558563232,26,32
10290,random9,1,later_intext_warnings,1.8689111471176147,150,32
10290,random9,1,warning_after_claim,1.2814972400665283,20,32
10290,random9,-1,claim_first,1.2016551494598389,28,32
10290,random9,-1,ordinary,2.8085405826568604,65,32
10290,random9,-1,first_intext_warning,2.236173152923584,26,32
10290,random9,-1,later_intext_warnings,1.9325995246569316,150,32
10290,random9,-1,warning_after_claim,1.5917423963546753,20,32
10290,random10,1,claim_first,1.2536392211914062,28,32
10290,random10,1,ordinary,2.84326434135437,65,32
10290,random10,1,first_intext_warning,1.8860630989074707,26,32
10290,random10,1,later_intext_warnings,1.884666661421458,150,32
10290,random10,1,warning_after_claim,1.3962582349777222,20,32
10290,random10,-1,claim_first,1.1822015047073364,28,32
10290,random10,-1,ordinary,2.8665566444396973,65,32
10290,random10,-1,first_intext_warning,2.185696840286255,26,32
10290,random10,-1,later_intext_warnings,1.8820778330167134,150,32
10290,random10,-1,warning_after_claim,1.403677225112915,20,32
10291,none,0,claim_first,1.0893826484680176,57,32
10291,none,0,ordinary,1.9799057245254517,88,32
10291,none,0,first_intext_warning,1.55213463306427,30,32
10291,none,0,later_intext_warnings,1.4640056490898132,176,32
10291,none,0,warning_after_claim,2.1721913814544678,24,32
10291,truth,1,claim_first,1.2858432531356812,57,32
10291,truth,1,ordinary,2.302885055541992,88,32
10291,truth,1,first_intext_warning,2.128726005554199,30,32
10291,truth,1,later_intext_warnings,2.022879183292389,176,32
10291,truth,1,warning_after_claim,2.6763439178466797,24,32
10291,truth,-1,claim_first,1.413233995437622,57,32
10291,truth,-1,ordinary,2.2544078826904297,88,32
10291,truth,-1,first_intext_warning,1.6947007179260254,30,32
10291,truth,-1,later_intext_warnings,1.6488214135169983,176,32
10291,truth,-1,warning_after_claim,2.4803874492645264,24,32
10291,random1,1,claim_first,1.3617961406707764,57,32
10291,random1,1,ordinary,2.1884803771972656,88,32
10291,random1,1,first_intext_warning,1.8616582155227661,30,32
10291,random1,1,later_intext_warnings,1.6768147746721904,176,32
10291,random1,1,warning_after_claim,2.299529552459717,24,32
10291,random1,-1,claim_first,1.2746694087982178,57,32
10291,random1,-1,ordinary,2.1795289516448975,88,32
10291,random1,-1,first_intext_warning,1.527809739112854,30,32
10291,random1,-1,later_intext_warnings,1.588827629884084,176,32
10291,random1,-1,warning_after_claim,2.3771908283233643,24,32
10291,random2,1,claim_first,1.2112125158309937,57,32
10291,random2,1,ordinary,2.179046869277954,88,32
10291,random2,1,first_intext_warning,1.786166787147522,30,32
10291,random2,1,later_intext_warnings,1.6784762144088745,176,32
10291,random2,1,warning_after_claim,2.608769416809082,24,32
10291,random2,-1,claim_first,1.3174374103546143,57,32
10291,random2,-1,ordinary,2.219409704208374,88,32
10291,random2,-1,first_intext_warning,1.8399525880813599,30,32
10291,random2,-1,later_intext_warnings,1.6741910974184673,176,32
10291,random2,-1,warning_after_claim,2.1506283283233643,24,32
10291,random3,1,claim_first,1.2727676630020142,57,32
10291,random3,1,ordinary,2.3174855709075928,88,32
10291,random3,1,first_intext_warning,1.7493096590042114,30,32
10291,random3,1,later_intext_warnings,1.6744426687558491,176,32
10291,random3,1,warning_after_claim,2.677309989929199,24,32
10291,random3,-1,claim_first,1.281189203262329,57,32
10291,random3,-1,ordinary,2.102855682373047,88,32
10291,random3,-1,first_intext_warning,1.7684162855148315,30,32
10291,random3,-1,later_intext_warnings,1.6058723330497742,176,32
10291,random3,-1,warning_after_claim,1.91879141330719,24,32
10291,random4,1,claim_first,1.370679259300232,57,32
10291,random4,1,ordinary,2.0950734615325928,88,32
10291,random4,1,first_intext_warning,1.8490793704986572,30,32
10291,random4,1,later_intext_warnings,1.6646718780199687,176,32
10291,random4,1,warning_after_claim,2.3147971630096436,24,32
10291,random4,-1,claim_first,1.2386778593063354,57,32
10291,random4,-1,ordinary,2.2319390773773193,88,32
10291,random4,-1,first_intext_warning,1.6676709651947021,30,32
10291,random4,-1,later_intext_warnings,1.640451471010844,176,32
10291,random4,-1,warning_after_claim,2.4106075763702393,24,32
10291,random5,1,claim_first,1.3687883615493774,57,32
10291,random5,1,ordinary,2.1934189796447754,88,32
10291,random5,1,first_intext_warning,1.8296412229537964,30,32
10291,random5,1,later_intext_warnings,1.6919010281562805,176,32
10291,random5,1,warning_after_claim,2.364464044570923,24,32
10291,random5,-1,claim_first,1.241636037826538,57,32
10291,random5,-1,ordinary,2.0980660915374756,88,32
10291,random5,-1,first_intext_warning,1.6543736457824707,30,32
10291,random5,-1,later_intext_warnings,1.5380367636680603,176,32
10291,random5,-1,warning_after_claim,2.3507046699523926,24,32
10291,random6,1,claim_first,1.3637615442276,57,32
10291,random6,1,ordinary,2.2551026344299316,88,32
10291,random6,1,first_intext_warning,1.8097388744354248,30,32
10291,random6,1,later_intext_warnings,1.6768116354942322,176,32
10291,random6,1,warning_after_claim,2.028554677963257,24,32
10291,random6,-1,claim_first,1.1903035640716553,57,32
10291,random6,-1,ordinary,2.085221767425537,88,32
10291,random6,-1,first_intext_warning,1.676934003829956,30,32
10291,random6,-1,later_intext_warnings,1.654943545659383,176,32
10291,random6,-1,warning_after_claim,2.619304656982422,24,32
10291,random7,1,claim_first,1.216314435005188,57,32
10291,random7,1,ordinary,2.1249239444732666,88,32
10291,random7,1,first_intext_warning,1.6076672077178955,30,32
10291,random7,1,later_intext_warnings,1.6496877471605937,176,32
10291,random7,1,warning_after_claim,2.0194497108459473,24,32
10291,random7,-1,claim_first,1.4372555017471313,57,32
10291,random7,-1,ordinary,2.198902130126953,88,32
10291,random7,-1,first_intext_warning,1.897594928741455,30,32
10291,random7,-1,later_intext_warnings,1.6528422236442566,176,32
10291,random7,-1,warning_after_claim,2.371574640274048,24,32
10291,random8,1,claim_first,1.2322226762771606,57,32
10291,random8,1,ordinary,2.1446917057037354,88,32
10291,random8,1,first_intext_warning,1.5652096271514893,30,32
10291,random8,1,later_intext_warnings,1.5847867727279663,176,32
10291,random8,1,warning_after_claim,2.1335833072662354,24,32
10291,random8,-1,claim_first,1.3126331567764282,57,32
10291,random8,-1,ordinary,2.1120409965515137,88,32
10291,random8,-1,first_intext_warning,1.7853245735168457,30,32
10291,random8,-1,later_intext_warnings,1.6597002744674683,176,32
10291,random8,-1,warning_after_claim,2.594343900680542,24,32
10291,random9,1,claim_first,1.3602731227874756,57,32
10291,random9,1,ordinary,2.2184762954711914,88,32
10291,random9,1,first_intext_warning,1.6884804964065552,30,32
10291,random9,1,later_intext_warnings,1.6116848786671956,176,32
10291,random9,1,warning_after_claim,2.539207935333252,24,32
10291,random9,-1,claim_first,1.2872118949890137,57,32
10291,random9,-1,ordinary,2.331981897354126,88,32
10291,random9,-1,first_intext_warning,1.7819575071334839,30,32
10291,random9,-1,later_intext_warnings,1.7417256236076355,176,32
10291,random9,-1,warning_after_claim,2.0928525924682617,24,32
10291,random10,1,claim_first,1.3386720418930054,57,32
10291,random10,1,ordinary,2.1982882022857666,88,32
10291,random10,1,first_intext_warning,1.7354633808135986,30,32
10291,random10,1,later_intext_warnings,1.6510407328605652,176,32
10291,random10,1,warning_after_claim,2.2542784214019775,24,32
10291,random10,-1,claim_first,1.282579779624939,57,32
10291,random10,-1,ordinary,2.2735702991485596,88,32
10291,random10,-1,first_intext_warning,1.8869329690933228,30,32
10291,random10,-1,later_intext_warnings,1.6629047592480977,176,32
10291,random10,-1,warning_after_claim,2.2526018619537354,24,32
10292,none,0,claim_first,2.103161573410034,38,32
10292,none,0,ordinary,1.5244464874267578,103,32
10292,none,0,first_intext_warning,1.785330891609192,31,32
10292,none,0,later_intext_warnings,1.4185271263122559,116,32
10292,none,0,warning_after_claim,1.604331612586975,23,32
10292,truth,1,claim_first,2.5436716079711914,38,32
10292,truth,1,ordinary,1.8156551122665405,103,32
10292,truth,1,first_intext_warning,2.5566515922546387,31,32
10292,truth,1,later_intext_warnings,1.8609342575073242,116,32
10292,truth,1,warning_after_claim,2.4304442405700684,23,32
10292,truth,-1,claim_first,2.3919811248779297,38,32
10292,truth,-1,ordinary,1.7102208137512207,103,32
10292,truth,-1,first_intext_warning,2.3037655353546143,31,32
10292,truth,-1,later_intext_warnings,1.5029127597808838,116,32
10292,truth,-1,warning_after_claim,1.8142633438110352,23,32
10292,random1,1,claim_first,2.3804759979248047,38,32
10292,random1,1,ordinary,1.928710699081421,103,32
10292,random1,1,first_intext_warning,1.9210288524627686,31,32
10292,random1,1,later_intext_warnings,1.5716640114784242,116,32
10292,random1,1,warning_after_claim,2.041973352432251,23,32
10292,random1,-1,claim_first,2.5040671825408936,38,32
10292,random1,-1,ordinary,1.857097864151001,103,32
10292,random1,-1,first_intext_warning,2.169891834259033,31,32
10292,random1,-1,later_intext_warnings,1.5011901378631591,116,32
10292,random1,-1,warning_after_claim,1.7647167444229126,23,32
10292,random2,1,claim_first,2.4235270023345947,38,32
10292,random2,1,ordinary,1.8753044605255127,103,32
10292,random2,1,first_intext_warning,2.171804904937744,31,32
10292,random2,1,later_intext_warnings,1.641554355621338,116,32
10292,random2,1,warning_after_claim,2.005202293395996,23,32
10292,random2,-1,claim_first,2.333775281906128,38,32
10292,random2,-1,ordinary,1.7064176797866821,103,32
10292,random2,-1,first_intext_warning,2.13806414604187,31,32
10292,random2,-1,later_intext_warnings,1.5723031282424926,116,32
10292,random2,-1,warning_after_claim,1.7774451971054077,23,32
10292,random3,1,claim_first,2.4887757301330566,38,32
10292,random3,1,ordinary,1.892296314239502,103,32
10292,random3,1,first_intext_warning,2.114110231399536,31,32
10292,random3,1,later_intext_warnings,1.57281494140625,116,32
10292,random3,1,warning_after_claim,1.6643303632736206,23,32
10292,random3,-1,claim_first,2.344888687133789,38,32
10292,random3,-1,ordinary,1.7004622220993042,103,32
10292,random3,-1,first_intext_warning,1.9347496032714844,31,32
10292,random3,-1,later_intext_warnings,1.6306435585021972,116,32
10292,random3,-1,warning_after_claim,1.9463584423065186,23,32
10292,random4,1,claim_first,2.2888388633728027,38,32
10292,random4,1,ordinary,1.6199842691421509,103,32
10292,random4,1,first_intext_warning,2.1537108421325684,31,32
10292,random4,1,later_intext_warnings,1.6588392496109008,116,32
10292,random4,1,warning_after_claim,1.7609493732452393,23,32
10292,random4,-1,claim_first,2.296785831451416,38,32
10292,random4,-1,ordinary,1.7429841756820679,103,32
10292,random4,-1,first_intext_warning,1.9835970401763916,31,32
10292,random4,-1,later_intext_warnings,1.5516186237335206,116,32
10292,random4,-1,warning_after_claim,1.9849437475204468,23,32
10292,random5,1,claim_first,2.298658609390259,38,32
10292,random5,1,ordinary,1.854758381843567,103,32
10292,random5,1,first_intext_warning,2.0225284099578857,31,32
10292,random5,1,later_intext_warnings,1.5571089744567872,116,32
10292,random5,1,warning_after_claim,1.7858266830444336,23,32
10292,random5,-1,claim_first,2.276931047439575,38,32
10292,random5,-1,ordinary,1.7211047410964966,103,32
10292,random5,-1,first_intext_warning,2.0411386489868164,31,32
10292,random5,-1,later_intext_warnings,1.561239230632782,116,32
10292,random5,-1,warning_after_claim,1.8010759353637695,23,32
10292,random6,1,claim_first,2.3640222549438477,38,32
10292,random6,1,ordinary,1.8254389762878418,103,32
10292,random6,1,first_intext_warning,1.8926975727081299,31,32
10292,random6,1,later_intext_warnings,1.5220401644706727,116,32
10292,random6,1,warning_after_claim,1.8588709831237793,23,32
10292,random6,-1,claim_first,2.2879769802093506,38,32
10292,random6,-1,ordinary,1.653298258781433,103,32
10292,random6,-1,first_intext_warning,2.1880412101745605,31,32
10292,random6,-1,later_intext_warnings,1.656015944480896,116,32
10292,random6,-1,warning_after_claim,1.8453493118286133,23,32
10292,random7,1,claim_first,2.188075304031372,38,32
10292,random7,1,ordinary,1.8841662406921387,103,32
10292,random7,1,first_intext_warning,1.942920207977295,31,32
10292,random7,1,later_intext_warnings,1.5265196800231933,116,32
10292,random7,1,warning_after_claim,1.968583345413208,23,32
10292,random7,-1,claim_first,2.362461566925049,38,32
10292,random7,-1,ordinary,1.7856279611587524,103,32
10292,random7,-1,first_intext_warning,2.3177685737609863,31,32
10292,random7,-1,later_intext_warnings,1.6567978620529176,116,32
10292,random7,-1,warning_after_claim,1.5661091804504395,23,32
10292,random8,1,claim_first,2.28729510307312,38,32
10292,random8,1,ordinary,1.8114970922470093,103,32
10292,random8,1,first_intext_warning,1.883955955505371,31,32
10292,random8,1,later_intext_warnings,1.5306255340576171,116,32
10292,random8,1,warning_after_claim,1.8545925617218018,23,32
10292,random8,-1,claim_first,2.454493761062622,38,32
10292,random8,-1,ordinary,1.6923151016235352,103,32
10292,random8,-1,first_intext_warning,2.1238930225372314,31,32
10292,random8,-1,later_intext_warnings,1.6120561838150025,116,32
10292,random8,-1,warning_after_claim,1.930233120918274,23,32
10292,random9,1,claim_first,2.3302712440490723,38,32
10292,random9,1,ordinary,1.7469148635864258,103,32
10292,random9,1,first_intext_warning,2.011256456375122,31,32
10292,random9,1,later_intext_warnings,1.5149173498153687,116,32
10292,random9,1,warning_after_claim,1.808955430984497,23,32
10292,random9,-1,claim_first,2.3040263652801514,38,32
10292,random9,-1,ordinary,1.7957464456558228,103,32
10292,random9,-1,first_intext_warning,2.1885604858398438,31,32
10292,random9,-1,later_intext_warnings,1.6444694757461549,116,32
10292,random9,-1,warning_after_claim,1.873132586479187,23,32
10292,random10,1,claim_first,2.4550833702087402,38,32
10292,random10,1,ordinary,1.704261302947998,103,32
10292,random10,1,first_intext_warning,2.1168460845947266,31,32
10292,random10,1,later_intext_warnings,1.589889407157898,116,32
10292,random10,1,warning_after_claim,2.1700589656829834,23,32
10292,random10,-1,claim_first,2.178788423538208,38,32
10292,random10,-1,ordinary,1.8028481006622314,103,32
10292,random10,-1,first_intext_warning,2.094735860824585,31,32
10292,random10,-1,later_intext_warnings,1.596490454673767,116,32
10292,random10,-1,warning_after_claim,1.403693675994873,23,32
10293,none,0,claim_first,0.48277997970581055,45,32
10293,none,0,ordinary,1.5227859020233154,109,32
10293,none,0,first_intext_warning,1.8855648040771484,30,32
10293,none,0,later_intext_warnings,1.5612057209014893,147,32
10293,none,0,warning_after_claim,1.2604522705078125,23,32
10293,truth,1,claim_first,0.8703765869140625,45,32
10293,truth,1,ordinary,2.0476765632629395,109,32
10293,truth,1,first_intext_warning,2.516997814178467,30,32
10293,truth,1,later_intext_warnings,1.9916661262512207,147,32
10293,truth,1,warning_after_claim,2.5289146900177,23,32
10293,truth,-1,claim_first,0.6169465780258179,45,32
10293,truth,-1,ordinary,2.077310085296631,109,32
10293,truth,-1,first_intext_warning,1.95521080493927,30,32
10293,truth,-1,later_intext_warnings,1.9051735639572143,147,32
10293,truth,-1,warning_after_claim,1.4129126071929932,23,32
10293,random1,1,claim_first,0.7925786375999451,45,32
10293,random1,1,ordinary,2.0684773921966553,109,32
10293,random1,1,first_intext_warning,2.0642848014831543,30,32
10293,random1,1,later_intext_warnings,1.7466326236724854,147,32
10293,random1,1,warning_after_claim,1.6383687257766724,23,32
10293,random1,-1,claim_first,0.6490296125411987,45,32
10293,random1,-1,ordinary,2.136672019958496,109,32
10293,random1,-1,first_intext_warning,2.103576183319092,30,32
10293,random1,-1,later_intext_warnings,1.8341737508773803,147,32
10293,random1,-1,warning_after_claim,1.645942211151123,23,32
10293,random2,1,claim_first,0.6116989850997925,45,32
10293,random2,1,ordinary,2.145359516143799,109,32
10293,random2,1,first_intext_warning,1.8777953386306763,30,32
10293,random2,1,later_intext_warnings,1.8894408702850343,147,32
10293,random2,1,warning_after_claim,1.796899437904358,23,32
10293,random2,-1,claim_first,0.7326731085777283,45,32
10293,random2,-1,ordinary,2.019505262374878,109,32
10293,random2,-1,first_intext_warning,2.251053810119629,30,32
10293,random2,-1,later_intext_warnings,1.7669575929641723,147,32
10293,random2,-1,warning_after_claim,1.698246717453003,23,32
10293,random3,1,claim_first,0.665447473526001,45,32
10293,random3,1,ordinary,2.1114659309387207,109,32
10293,random3,1,first_intext_warning,2.0318193435668945,30,32
10293,random3,1,later_intext_warnings,1.7794259548187257,147,32
10293,random3,1,warning_after_claim,1.7317026853561401,23,32
10293,random3,-1,claim_first,0.6710663437843323,45,32
10293,random3,-1,ordinary,2.019521474838257,109,32
10293,random3,-1,first_intext_warning,1.9568315744400024,30,32
10293,random3,-1,later_intext_warnings,1.7923147678375244,147,32
10293,random3,-1,warning_after_claim,1.5369699001312256,23,32
10293,random4,1,claim_first,0.6811102628707886,45,32
10293,random4,1,ordinary,2.196610927581787,109,32
10293,random4,1,first_intext_warning,2.3314454555511475,30,32
10293,random4,1,later_intext_warnings,1.8232521533966064,147,32
10293,random4,1,warning_after_claim,1.5740991830825806,23,32
10293,random4,-1,claim_first,0.6641629934310913,45,32
10293,random4,-1,ordinary,1.9696776866912842,109,32
10293,random4,-1,first_intext_warning,2.0643093585968018,30,32
10293,random4,-1,later_intext_warnings,1.7338107824325562,147,32
10293,random4,-1,warning_after_claim,1.742605447769165,23,32
10293,random5,1,claim_first,0.7431021928787231,45,32
10293,random5,1,ordinary,2.0848286151885986,109,32
10293,random5,1,first_intext_warning,2.2181243896484375,30,32
10293,random5,1,later_intext_warnings,1.7232137203216553,147,32
10293,random5,1,warning_after_claim,1.5372601747512817,23,32
10293,random5,-1,claim_first,0.6908813714981079,45,32
10293,random5,-1,ordinary,2.0271048545837402,109,32
10293,random5,-1,first_intext_warning,2.0371007919311523,30,32
10293,random5,-1,later_intext_warnings,1.8034372806549073,147,32
10293,random5,-1,warning_after_claim,1.6147944927215576,23,32
10293,random6,1,claim_first,0.6653308272361755,45,32
10293,random6,1,ordinary,2.1901652812957764,109,32
10293,random6,1,first_intext_warning,2.0522310733795166,30,32
10293,random6,1,later_intext_warnings,1.7720906257629394,147,32
10293,random6,1,warning_after_claim,1.5252296924591064,23,32
10293,random6,-1,claim_first,0.7152943015098572,45,32
10293,random6,-1,ordinary,1.9437944889068604,109,32
10293,random6,-1,first_intext_warning,2.107794761657715,30,32
10293,random6,-1,later_intext_warnings,1.8411737442016602,147,32
10293,random6,-1,warning_after_claim,1.5491200685501099,23,32
10293,random7,1,claim_first,0.7056084871292114,45,32
10293,random7,1,ordinary,2.0010106563568115,109,32
10293,random7,1,first_intext_warning,2.2938449382781982,30,32
10293,random7,1,later_intext_warnings,1.8155782222747803,147,32
10293,random7,1,warning_after_claim,1.8611302375793457,23,32
10293,random7,-1,claim_first,0.6655084490776062,45,32
10293,random7,-1,ordinary,2.211334466934204,109,32
10293,random7,-1,first_intext_warning,1.9964553117752075,30,32
10293,random7,-1,later_intext_warnings,1.7530224084854127,147,32
10293,random7,-1,warning_after_claim,1.4859378337860107,23,32
10293,random8,1,claim_first,0.5839288234710693,45,32
10293,random8,1,ordinary,1.9910922050476074,109,32
10293,random8,1,first_intext_warning,2.1415326595306396,30,32
10293,random8,1,later_intext_warnings,1.7582198858261109,147,32
10293,random8,1,warning_after_claim,1.4382836818695068,23,32
10293,random8,-1,claim_first,0.6365603804588318,45,32
10293,random8,-1,ordinary,2.005855083465576,109,32
10293,random8,-1,first_intext_warning,2.1071927547454834,30,32
10293,random8,-1,later_intext_warnings,1.8047903537750245,147,32
10293,random8,-1,warning_after_claim,1.9283387660980225,23,32
10293,random9,1,claim_first,0.6983897089958191,45,32
10293,random9,1,ordinary,1.949478030204773,109,32
10293,random9,1,first_intext_warning,2.0197765827178955,30,32
10293,random9,1,later_intext_warnings,1.7994130849838257,147,32
10293,random9,1,warning_after_claim,1.5636050701141357,23,32
10293,random9,-1,claim_first,0.7345094680786133,45,32
10293,random9,-1,ordinary,2.225320816040039,109,32
10293,random9,-1,first_intext_warning,2.08406138420105,30,32
10293,random9,-1,later_intext_warnings,1.7415895938873291,147,32
10293,random9,-1,warning_after_claim,1.5889164209365845,23,32
10293,random10,1,claim_first,0.6263129115104675,45,32
10293,random10,1,ordinary,2.0019185543060303,109,32
10293,random10,1,first_intext_warning,1.9956117868423462,30,32
10293,random10,1,later_intext_warnings,1.826084589958191,147,32
10293,random10,1,warning_after_claim,1.6655272245407104,23,32
10293,random10,-1,claim_first,0.7209673523902893,45,32
10293,random10,-1,ordinary,2.0221965312957764,109,32
10293,random10,-1,first_intext_warning,2.224743127822876,30,32
10293,random10,-1,later_intext_warnings,1.7557809829711915,147,32
10293,random10,-1,warning_after_claim,1.7110447883605957,23,32
10294,none,0,claim_first,1.3320776224136353,32,32
10294,none,0,ordinary,2.1167638301849365,76,32
10294,none,0,first_intext_warning,2.2279276847839355,28,32
10294,none,0,later_intext_warnings,1.5741602977116902,168,32
10294,none,0,warning_after_claim,1.4927924871444702,21,32
10294,truth,1,claim_first,1.760658860206604,32,32
10294,truth,1,ordinary,2.6034581661224365,76,32
10294,truth,1,first_intext_warning,2.9552159309387207,28,32
10294,truth,1,later_intext_warnings,2.15862242380778,168,32
10294,truth,1,warning_after_claim,2.4594786167144775,21,32
10294,truth,-1,claim_first,1.4640406370162964,32,32
10294,truth,-1,ordinary,2.3607122898101807,76,32
10294,truth,-1,first_intext_warning,2.5558247566223145,28,32
10294,truth,-1,later_intext_warnings,1.7938539783159893,168,32
10294,truth,-1,warning_after_claim,1.66619074344635,21,32
10294,random1,1,claim_first,1.8304935693740845,32,32
10294,random1,1,ordinary,2.3505210876464844,76,32
10294,random1,1,first_intext_warning,2.339808702468872,28,32
10294,random1,1,later_intext_warnings,1.7226906220118205,168,32
10294,random1,1,warning_after_claim,1.762793779373169,21,32
10294,random1,-1,claim_first,1.524111270904541,32,32
10294,random1,-1,ordinary,2.422118902206421,76,32
10294,random1,-1,first_intext_warning,2.47298264503479,28,32
10294,random1,-1,later_intext_warnings,1.8359288970629375,168,32
10294,random1,-1,warning_after_claim,1.7394002676010132,21,32
10294,random2,1,claim_first,1.6652121543884277,32,32
10294,random2,1,ordinary,2.352595806121826,76,32
10294,random2,1,first_intext_warning,2.6157028675079346,28,32
10294,random2,1,later_intext_warnings,1.8812290231386821,168,32
10294,random2,1,warning_after_claim,1.9855620861053467,21,32
10294,random2,-1,claim_first,1.5269516706466675,32,32
10294,random2,-1,ordinary,2.262423038482666,76,32
10294,random2,-1,first_intext_warning,2.4487719535827637,28,32
10294,random2,-1,later_intext_warnings,1.7580725351969402,168,32
10294,random2,-1,warning_after_claim,1.7300233840942383,21,32
10294,random3,1,claim_first,1.4396723508834839,32,32
10294,random3,1,ordinary,2.2601659297943115,76,32
10294,random3,1,first_intext_warning,2.3033814430236816,28,32
10294,random3,1,later_intext_warnings,1.8616766134897869,168,32
10294,random3,1,warning_after_claim,1.8922998905181885,21,32
10294,random3,-1,claim_first,1.6612796783447266,32,32
10294,random3,-1,ordinary,2.4049434661865234,76,32
10294,random3,-1,first_intext_warning,2.4255166053771973,28,32
10294,random3,-1,later_intext_warnings,1.7028432885805767,168,32
10294,random3,-1,warning_after_claim,1.6113660335540771,21,32
10294,random4,1,claim_first,1.4568874835968018,32,32
10294,random4,1,ordinary,2.3815066814422607,76,32
10294,random4,1,first_intext_warning,2.421874523162842,28,32
10294,random4,1,later_intext_warnings,1.796939452489217,168,32
10294,random4,1,warning_after_claim,1.6732133626937866,21,32
10294,random4,-1,claim_first,1.7610390186309814,32,32
10294,random4,-1,ordinary,2.3558013439178467,76,32
10294,random4,-1,first_intext_warning,2.3835835456848145,28,32
10294,random4,-1,later_intext_warnings,1.8432069420814514,168,32
10294,random4,-1,warning_after_claim,1.8610020875930786,21,32
10294,random5,1,claim_first,1.5735344886779785,32,32
10294,random5,1,ordinary,2.300920248031616,76,32
10294,random5,1,first_intext_warning,2.310732364654541,28,32
10294,random5,1,later_intext_warnings,1.8470235864321392,168,32
10294,random5,1,warning_after_claim,1.6416518688201904,21,32
10294,random5,-1,claim_first,1.5364563465118408,32,32
10294,random5,-1,ordinary,2.3583173751831055,76,32
10294,random5,-1,first_intext_warning,2.5232977867126465,28,32
10294,random5,-1,later_intext_warnings,1.7185116211573284,168,32
10294,random5,-1,warning_after_claim,1.828791856765747,21,32
10294,random6,1,claim_first,1.6328132152557373,32,32
10294,random6,1,ordinary,2.314775228500366,76,32
10294,random6,1,first_intext_warning,2.437580108642578,28,32
10294,random6,1,later_intext_warnings,1.727828045686086,168,32
10294,random6,1,warning_after_claim,1.8640799522399902,21,32
10294,random6,-1,claim_first,1.4737980365753174,32,32
10294,random6,-1,ordinary,2.3173394203186035,76,32
10294,random6,-1,first_intext_warning,2.450458288192749,28,32
10294,random6,-1,later_intext_warnings,1.785626212755839,168,32
10294,random6,-1,warning_after_claim,1.6965827941894531,21,32
10294,random7,1,claim_first,1.3692175149917603,32,32
10294,random7,1,ordinary,2.3438234329223633,76,32
10294,random7,1,first_intext_warning,2.3648011684417725,28,32
10294,random7,1,later_intext_warnings,1.80966983238856,168,32
10294,random7,1,warning_after_claim,1.7690931558609009,21,32
10294,random7,-1,claim_first,1.7704564332962036,32,32
10294,random7,-1,ordinary,2.3299522399902344,76,32
10294,random7,-1,first_intext_warning,2.430586099624634,28,32
10294,random7,-1,later_intext_warnings,1.7036147912343342,168,32
10294,random7,-1,warning_after_claim,1.7354743480682373,21,32
10294,random8,1,claim_first,1.5271806716918945,32,32
10294,random8,1,ordinary,2.2712180614471436,76,32
10294,random8,1,first_intext_warning,2.2727599143981934,28,32
10294,random8,1,later_intext_warnings,1.6944305499394734,168,32
10294,random8,1,warning_after_claim,1.8148279190063477,21,32
10294,random8,-1,claim_first,1.5467557907104492,32,32
10294,random8,-1,ordinary,2.356933832168579,76,32
10294,random8,-1,first_intext_warning,2.50565505027771,28,32
10294,random8,-1,later_intext_warnings,1.868419110774994,168,32
10294,random8,-1,warning_after_claim,1.850739598274231,21,32
10294,random9,1,claim_first,1.589100956916809,32,32
10294,random9,1,ordinary,2.2518746852874756,76,32
10294,random9,1,first_intext_warning,2.4381659030914307,28,32
10294,random9,1,later_intext_warnings,1.7459798455238342,168,32
10294,random9,1,warning_after_claim,1.7979841232299805,21,32
10294,random9,-1,claim_first,1.6626125574111938,32,32
10294,random9,-1,ordinary,2.4567465782165527,76,32
10294,random9,-1,first_intext_warning,2.4291818141937256,28,32
10294,random9,-1,later_intext_warnings,1.891476293404897,168,32
10294,random9,-1,warning_after_claim,1.9547559022903442,21,32
10294,random10,1,claim_first,1.6713435649871826,32,32
10294,random10,1,ordinary,2.3736324310302734,76,32
10294,random10,1,first_intext_warning,2.487870931625366,28,32
10294,random10,1,later_intext_warnings,1.7436830202738445,168,32
10294,random10,1,warning_after_claim,1.9156805276870728,21,32
10294,random10,-1,claim_first,1.3555798530578613,32,32
10294,random10,-1,ordinary,2.2936787605285645,76,32
10294,random10,-1,first_intext_warning,2.406959056854248,28,32
10294,random10,-1,later_intext_warnings,1.817103127638499,168,32
10294,random10,-1,warning_after_claim,1.6130967140197754,21,32
10296,none,0,claim_first,0.9944779276847839,25,32
10296,none,0,ordinary,1.7311408519744873,92,32
10296,none,0,first_intext_warning,2.2356934547424316,24,32
10296,none,0,later_intext_warnings,1.4043149948120117,166,32
10296,none,0,warning_after_claim,0.9673100113868713,23,32
10296,truth,1,claim_first,1.0599058866500854,25,32
10296,truth,1,ordinary,2.074021339416504,92,32
10296,truth,1,first_intext_warning,2.973512649536133,24,32
10296,truth,1,later_intext_warnings,1.9080172975858052,166,32
10296,truth,1,warning_after_claim,1.9962502717971802,23,32
10296,truth,-1,claim_first,1.4951756000518799,25,32
10296,truth,-1,ordinary,1.9694730043411255,92,32
10296,truth,-1,first_intext_warning,2.649303436279297,24,32
10296,truth,-1,later_intext_warnings,1.6614445845286052,166,32
10296,truth,-1,warning_after_claim,1.2709053754806519,23,32
10296,random1,1,claim_first,1.1084634065628052,25,32
10296,random1,1,ordinary,2.1433587074279785,92,32
10296,random1,1,first_intext_warning,2.5327980518341064,24,32
10296,random1,1,later_intext_warnings,1.5445658763249714,166,32
10296,random1,1,warning_after_claim,1.3116799592971802,23,32
10296,random1,-1,claim_first,1.1366686820983887,25,32
10296,random1,-1,ordinary,2.0591940879821777,92,32
10296,random1,-1,first_intext_warning,2.364062547683716,24,32
10296,random1,-1,later_intext_warnings,1.639129916826884,166,32
10296,random1,-1,warning_after_claim,1.1216487884521484,23,32
10296,random2,1,claim_first,1.1095266342163086,25,32
10296,random2,1,ordinary,1.9807281494140625,92,32
10296,random2,1,first_intext_warning,2.7283504009246826,24,32
10296,random2,1,later_intext_warnings,1.686305046081543,166,32
10296,random2,1,warning_after_claim,1.4770549535751343,23,32
10296,random2,-1,claim_first,1.2681572437286377,25,32
10296,random2,-1,ordinary,1.9819879531860352,92,32
10296,random2,-1,first_intext_warning,2.410557270050049,24,32
10296,random2,-1,later_intext_warnings,1.5791401863098145,166,32
10296,random2,-1,warning_after_claim,1.2113816738128662,23,32
10296,random3,1,claim_first,1.2015894651412964,25,32
10296,random3,1,ordinary,2.1665501594543457,92,32
10296,random3,1,first_intext_warning,2.208043336868286,24,32
10296,random3,1,later_intext_warnings,1.6265218655268352,166,32
10296,random3,1,warning_after_claim,1.2767208814620972,23,32
10296,random3,-1,claim_first,1.1740834712982178,25,32
10296,random3,-1,ordinary,2.048557758331299,92,32
10296,random3,-1,first_intext_warning,2.5150840282440186,24,32
10296,random3,-1,later_intext_warnings,1.6356582442919414,166,32
10296,random3,-1,warning_after_claim,1.2580487728118896,23,32
10296,random4,1,claim_first,1.2320858240127563,25,32
10296,random4,1,ordinary,1.9131265878677368,92,32
10296,random4,1,first_intext_warning,2.663196325302124,24,32
10296,random4,1,later_intext_warnings,1.7450617750485737,166,32
10296,random4,1,warning_after_claim,1.1969071626663208,23,32
10296,random4,-1,claim_first,1.190910816192627,25,32
10296,random4,-1,ordinary,2.1711971759796143,92,32
10296,random4,-1,first_intext_warning,2.2986650466918945,24,32
10296,random4,-1,later_intext_warnings,1.5817446907361348,166,32
10296,random4,-1,warning_after_claim,1.364532470703125,23,32
10296,random5,1,claim_first,1.2523914575576782,25,32
10296,random5,1,ordinary,2.0626723766326904,92,32
10296,random5,1,first_intext_warning,2.3507156372070312,24,32
10296,random5,1,later_intext_warnings,1.6260847449302673,166,32
10296,random5,1,warning_after_claim,1.2779673337936401,23,32
10296,random5,-1,claim_first,1.1043295860290527,25,32
10296,random5,-1,ordinary,2.094632148742676,92,32
10296,random5,-1,first_intext_warning,2.479482650756836,24,32
10296,random5,-1,later_intext_warnings,1.589706301689148,166,32
10296,random5,-1,warning_after_claim,1.2397983074188232,23,32
10296,random6,1,claim_first,1.0486946105957031,25,32
10296,random6,1,ordinary,2.0085561275482178,92,32
10296,random6,1,first_intext_warning,2.4934911727905273,24,32
10296,random6,1,later_intext_warnings,1.6835282842318218,166,32
10296,random6,1,warning_after_claim,0.9973270297050476,23,32
10296,random6,-1,claim_first,1.2136534452438354,25,32
10296,random6,-1,ordinary,1.9870413541793823,92,32
10296,random6,-1,first_intext_warning,2.582820415496826,24,32
10296,random6,-1,later_intext_warnings,1.6143309275309246,166,32
10296,random6,-1,warning_after_claim,1.3878520727157593,23,32
10296,random7,1,claim_first,1.1172345876693726,25,32
10296,random7,1,ordinary,1.9502846002578735,92,32
10296,random7,1,first_intext_warning,2.512711763381958,24,32
10296,random7,1,later_intext_warnings,1.5921779870986938,166,32
10296,random7,1,warning_after_claim,1.112636685371399,23,32
10296,random7,-1,claim_first,1.1866964101791382,25,32
10296,random7,-1,ordinary,2.085874557495117,92,32
10296,random7,-1,first_intext_warning,2.591350555419922,24,32
10296,random7,-1,later_intext_warnings,1.663318355878194,166,32
10296,random7,-1,warning_after_claim,1.3416944742202759,23,32
10296,random8,1,claim_first,1.0787615776062012,25,32
10296,random8,1,ordinary,1.8969773054122925,92,32
10296,random8,1,first_intext_warning,2.472951889038086,24,32
10296,random8,1,later_intext_warnings,1.5388726989428203,166,32
10296,random8,1,warning_after_claim,1.089857816696167,23,32
10296,random8,-1,claim_first,1.0884828567504883,25,32
10296,random8,-1,ordinary,2.077476978302002,92,32
10296,random8,-1,first_intext_warning,2.534829616546631,24,32
10296,random8,-1,later_intext_warnings,1.6288790901501973,166,32
10296,random8,-1,warning_after_claim,1.4813694953918457,23,32
10296,random9,1,claim_first,1.0618233680725098,25,32
10296,random9,1,ordinary,1.9170968532562256,92,32
10296,random9,1,first_intext_warning,2.3723373413085938,24,32
10296,random9,1,later_intext_warnings,1.6041904091835022,166,32
10296,random9,1,warning_after_claim,1.0968518257141113,23,32
10296,random9,-1,claim_first,1.2420765161514282,25,32
10296,random9,-1,ordinary,2.0073838233947754,92,32
10296,random9,-1,first_intext_warning,2.434866189956665,24,32
10296,random9,-1,later_intext_warnings,1.727958083152771,166,32
10296,random9,-1,warning_after_claim,1.386471152305603,23,32
10296,random10,1,claim_first,1.2243432998657227,25,32
10296,random10,1,ordinary,2.107358455657959,92,32
10296,random10,1,first_intext_warning,2.416924238204956,24,32
10296,random10,1,later_intext_warnings,1.6005099018414815,166,32
10296,random10,1,warning_after_claim,1.4485160112380981,23,32
10296,random10,-1,claim_first,1.1759254932403564,25,32
10296,random10,-1,ordinary,1.9353458881378174,92,32
10296,random10,-1,first_intext_warning,2.4560282230377197,24,32
10296,random10,-1,later_intext_warnings,1.6139042178789775,166,32
10296,random10,-1,warning_after_claim,1.0935118198394775,23,32
10297,none,0,claim_first,0.45908212661743164,55,32
10297,none,0,ordinary,1.39044988155365,93,32
10297,none,0,first_intext_warning,1.6647242307662964,24,32
10297,none,0,later_intext_warnings,1.389084776242574,150,32
10297,none,0,warning_after_claim,0.7808916568756104,20,32
10297,truth,1,claim_first,0.7233332395553589,55,32
10297,truth,1,ordinary,1.8667418956756592,93,32
10297,truth,1,first_intext_warning,2.2031543254852295,24,32
10297,truth,1,later_intext_warnings,2.086136043071747,150,32
10297,truth,1,warning_after_claim,1.4189801216125488,20,32
10297,truth,-1,claim_first,0.5044450759887695,55,32
10297,truth,-1,ordinary,1.6994093656539917,93,32
10297,truth,-1,first_intext_warning,1.9394365549087524,24,32
10297,truth,-1,later_intext_warnings,1.6357805629571278,150,32
10297,truth,-1,warning_after_claim,0.8699925541877747,20,32
10297,random1,1,claim_first,0.7298330664634705,55,32
10297,random1,1,ordinary,2.1864168643951416,93,32
10297,random1,1,first_intext_warning,2.0246808528900146,24,32
10297,random1,1,later_intext_warnings,1.583487908045451,150,32
10297,random1,1,warning_after_claim,0.8738613128662109,20,32
10297,random1,-1,claim_first,0.45682594180107117,55,32
10297,random1,-1,ordinary,1.794875144958496,93,32
10297,random1,-1,first_intext_warning,1.7425603866577148,24,32
10297,random1,-1,later_intext_warnings,1.6625007291634877,150,32
10297,random1,-1,warning_after_claim,0.9231521487236023,20,32
10297,random2,1,claim_first,0.6317122578620911,55,32
10297,random2,1,ordinary,3.134180784225464,93,32
10297,random2,1,first_intext_warning,1.7658896446228027,24,32
10297,random2,1,later_intext_warnings,1.6959036986033122,150,32
10297,random2,1,warning_after_claim,1.2079246044158936,20,32
10297,random2,-1,claim_first,0.6232576370239258,55,32
10297,random2,-1,ordinary,1.567764401435852,93,32
10297,random2,-1,first_intext_warning,1.995543122291565,24,32
10297,random2,-1,later_intext_warnings,1.595342755317688,150,32
10297,random2,-1,warning_after_claim,0.8120261430740356,20,32
10297,random3,1,claim_first,0.624846875667572,55,32
10297,random3,1,ordinary,1.8235321044921875,93,32
10297,random3,1,first_intext_warning,2.0641322135925293,24,32
10297,random3,1,later_intext_warnings,1.6313247581322987,150,32
10297,random3,1,warning_after_claim,0.99037104845047,20,32
10297,random3,-1,claim_first,0.6372333765029907,55,32
10297,random3,-1,ordinary,2.894496202468872,93,32
10297,random3,-1,first_intext_warning,1.7261791229248047,24,32
10297,random3,-1,later_intext_warnings,1.6502407491207123,150,32
10297,random3,-1,warning_after_claim,0.9229514002799988,20,32
10297,random4,1,claim_first,0.5921377539634705,55,32
10297,random4,1,ordinary,1.6474814414978027,93,32
10297,random4,1,first_intext_warning,2.053518533706665,24,32
10297,random4,1,later_intext_warnings,1.6178757150967915,150,32
10297,random4,1,warning_after_claim,0.8817787170410156,20,32
10297,random4,-1,claim_first,0.6317368149757385,55,32
10297,random4,-1,ordinary,2.0858452320098877,93,32
10297,random4,-1,first_intext_warning,1.7053241729736328,24,32
10297,random4,-1,later_intext_warnings,1.657277782758077,150,32
10297,random4,-1,warning_after_claim,1.1188441514968872,20,32
10297,random5,1,claim_first,0.4934810400009155,55,32
10297,random5,1,ordinary,1.6210906505584717,93,32
10297,random5,1,first_intext_warning,1.8542207479476929,24,32
10297,random5,1,later_intext_warnings,1.6599468390146892,150,32
10297,random5,1,warning_after_claim,1.1595873832702637,20,32
10297,random5,-1,claim_first,0.6753566265106201,55,32
10297,random5,-1,ordinary,1.7053836584091187,93,32
10297,random5,-1,first_intext_warning,1.785399079322815,24,32
10297,random5,-1,later_intext_warnings,1.6213701367378235,150,32
10297,random5,-1,warning_after_claim,0.8153020143508911,20,32
10297,random6,1,claim_first,0.5522223711013794,55,32
10297,random6,1,ordinary,1.9772896766662598,93,32
10297,random6,1,first_intext_warning,1.7719916105270386,24,32
10297,random6,1,later_intext_warnings,1.6534029344717662,150,32
10297,random6,1,warning_after_claim,0.8196708559989929,20,32
10297,random6,-1,claim_first,0.676321268081665,55,32
10297,random6,-1,ordinary,1.6317992210388184,93,32
10297,random6,-1,first_intext_warning,1.94598388671875,24,32
10297,random6,-1,later_intext_warnings,1.651853044827779,150,32
10297,random6,-1,warning_after_claim,1.080446481704712,20,32
10297,random7,1,claim_first,0.4770917296409607,55,32
10297,random7,1,ordinary,1.9812464714050293,93,32
10297,random7,1,first_intext_warning,1.822817325592041,24,32
10297,random7,1,later_intext_warnings,1.5323551098505657,150,32
10297,random7,1,warning_after_claim,0.8330825567245483,20,32
10297,random7,-1,claim_first,0.6745047569274902,55,32
10297,random7,-1,ordinary,1.6754076480865479,93,32
10297,random7,-1,first_intext_warning,2.0500199794769287,24,32
10297,random7,-1,later_intext_warnings,1.6927294532457988,150,32
10297,random7,-1,warning_after_claim,1.1276600360870361,20,32
10297,random8,1,claim_first,0.5573168396949768,55,32
10297,random8,1,ordinary,1.558418869972229,93,32
10297,random8,1,first_intext_warning,1.8346443176269531,24,32
10297,random8,1,later_intext_warnings,1.5664896667003632,150,32
10297,random8,1,warning_after_claim,0.9492824673652649,20,32
10297,random8,-1,claim_first,0.5911179184913635,55,32
10297,random8,-1,ordinary,2.2277891635894775,93,32
10297,random8,-1,first_intext_warning,1.8604761362075806,24,32
10297,random8,-1,later_intext_warnings,1.6438756783803303,150,32
10297,random8,-1,warning_after_claim,1.0608251094818115,20,32
10297,random9,1,claim_first,0.5136309266090393,55,32
10297,random9,1,ordinary,1.7665488719940186,93,32
10297,random9,1,first_intext_warning,1.6280174255371094,24,32
10297,random9,1,later_intext_warnings,2.1364340782165527,150,32
10297,random9,1,warning_after_claim,0.8410735130310059,20,32
10297,random9,-1,claim_first,0.5905192494392395,55,32
10297,random9,-1,ordinary,1.6154361963272095,93,32
10297,random9,-1,first_intext_warning,2.058169364929199,24,32
10297,random9,-1,later_intext_warnings,1.7284050385157268,150,32
10297,random9,-1,warning_after_claim,1.1887867450714111,20,32
10297,random10,1,claim_first,0.4780694544315338,55,32
10297,random10,1,ordinary,2.0487968921661377,93,32
10297,random10,1,first_intext_warning,1.9983277320861816,24,32
10297,random10,1,later_intext_warnings,1.626317024230957,150,32
10297,random10,1,warning_after_claim,1.16176176071167,20,32
10297,random10,-1,claim_first,0.7630382180213928,55,32
10297,random10,-1,ordinary,1.6734812259674072,93,32
10297,random10,-1,first_intext_warning,1.8323707580566406,24,32
10297,random10,-1,later_intext_warnings,1.6454446216424305,150,32
10297,random10,-1,warning_after_claim,0.7845799326896667,20,32
10298,none,0,claim_first,1.4203993082046509,43,32
10298,none,0,ordinary,2.3292360305786133,78,32
10298,none,0,first_intext_warning,1.9284062385559082,24,32
10298,none,0,later_intext_warnings,1.5981858571370442,138,32
10298,none,0,warning_after_claim,1.2088981866836548,17,32
10298,truth,1,claim_first,1.488070011138916,43,32
10298,truth,1,ordinary,2.567206621170044,78,32
10298,truth,1,first_intext_warning,2.563206672668457,24,32
10298,truth,1,later_intext_warnings,1.957078456878662,138,32
10298,truth,1,warning_after_claim,2.0467491149902344,17,32
10298,truth,-1,claim_first,1.8409278392791748,43,32
10298,truth,-1,ordinary,2.661360025405884,78,32
10298,truth,-1,first_intext_warning,2.4226019382476807,24,32
10298,truth,-1,later_intext_warnings,1.7755327820777893,138,32
10298,truth,-1,warning_after_claim,1.3214300870895386,17,32
10298,random1,1,claim_first,1.6763073205947876,43,32
10298,random1,1,ordinary,2.5260257720947266,78,32
10298,random1,1,first_intext_warning,2.236166477203369,24,32
10298,random1,1,later_intext_warnings,1.755099892616272,138,32
10298,random1,1,warning_after_claim,1.4579652547836304,17,32
10298,random1,-1,claim_first,1.721776008605957,43,32
10298,random1,-1,ordinary,2.524970531463623,78,32
10298,random1,-1,first_intext_warning,2.0972087383270264,24,32
10298,random1,-1,later_intext_warnings,1.6930587689081829,138,32
10298,random1,-1,warning_after_claim,1.4195138216018677,17,32
10298,random2,1,claim_first,1.3245258331298828,43,32
10298,random2,1,ordinary,2.4828460216522217,78,32
10298,random2,1,first_intext_warning,2.116016149520874,24,32
10298,random2,1,later_intext_warnings,1.7054548859596252,138,32
10298,random2,1,warning_after_claim,1.695530652999878,17,32
10298,random2,-1,claim_first,1.7962555885314941,43,32
10298,random2,-1,ordinary,2.570723533630371,78,32
10298,random2,-1,first_intext_warning,2.145587205886841,24,32
10298,random2,-1,later_intext_warnings,1.7889773448308308,138,32
10298,random2,-1,warning_after_claim,1.6359144449234009,17,32
10298,random3,1,claim_first,1.4064455032348633,43,32
10298,random3,1,ordinary,2.618682622909546,78,32
10298,random3,1,first_intext_warning,2.314622402191162,24,32
10298,random3,1,later_intext_warnings,1.8284369309743245,138,32
10298,random3,1,warning_after_claim,1.479536533355713,17,32
10298,random3,-1,claim_first,1.709013819694519,43,32
10298,random3,-1,ordinary,2.4411141872406006,78,32
10298,random3,-1,first_intext_warning,1.9632116556167603,24,32
10298,random3,-1,later_intext_warnings,1.7206147909164429,138,32
10298,random3,-1,warning_after_claim,1.4505586624145508,17,32
10298,random4,1,claim_first,1.4521287679672241,43,32
10298,random4,1,ordinary,2.430340051651001,78,32
10298,random4,1,first_intext_warning,2.0959601402282715,24,32
10298,random4,1,later_intext_warnings,1.8650562763214111,138,32
10298,random4,1,warning_after_claim,1.4873228073120117,17,32
10298,random4,-1,claim_first,1.4327309131622314,43,32
10298,random4,-1,ordinary,2.658468008041382,78,32
10298,random4,-1,first_intext_warning,2.1300008296966553,24,32
10298,random4,-1,later_intext_warnings,1.6439451972643535,138,32
10298,random4,-1,warning_after_claim,1.4630242586135864,17,32
10298,random5,1,claim_first,1.5399507284164429,43,32
10298,random5,1,ordinary,2.55905818939209,78,32
10298,random5,1,first_intext_warning,2.1227786540985107,24,32
10298,random5,1,later_intext_warnings,1.7224536339441936,138,32
10298,random5,1,warning_after_claim,1.398359775543213,17,32
10298,random5,-1,claim_first,1.7007725238800049,43,32
10298,random5,-1,ordinary,2.504173994064331,78,32
10298,random5,-1,first_intext_warning,2.032611608505249,24,32
10298,random5,-1,later_intext_warnings,1.7497164209683735,138,32
10298,random5,-1,warning_after_claim,1.6453588008880615,17,32
10298,random6,1,claim_first,1.5543568134307861,43,32
10298,random6,1,ordinary,2.574045181274414,78,32
10298,random6,1,first_intext_warning,1.9052690267562866,24,32
10298,random6,1,later_intext_warnings,1.7668827176094055,138,32
10298,random6,1,warning_after_claim,1.4529757499694824,17,32
10298,random6,-1,claim_first,1.5670289993286133,43,32
10298,random6,-1,ordinary,2.386972188949585,78,32
10298,random6,-1,first_intext_warning,2.1793880462646484,24,32
10298,random6,-1,later_intext_warnings,1.7444491585095723,138,32
10298,random6,-1,warning_after_claim,1.5202866792678833,17,32
10298,random7,1,claim_first,1.5134931802749634,43,32
10298,random7,1,ordinary,2.519440174102783,78,32
10298,random7,1,first_intext_warning,2.0419528484344482,24,32
10298,random7,1,later_intext_warnings,1.8045955499013264,138,32
10298,random7,1,warning_after_claim,1.6636090278625488,17,32
10298,random7,-1,claim_first,1.509672999382019,43,32
10298,random7,-1,ordinary,2.5616188049316406,78,32
10298,random7,-1,first_intext_warning,2.107928991317749,24,32
10298,random7,-1,later_intext_warnings,1.7875208457310994,138,32
10298,random7,-1,warning_after_claim,1.5228937864303589,17,32
10298,random8,1,claim_first,1.5828534364700317,43,32
10298,random8,1,ordinary,2.48949933052063,78,32
10298,random8,1,first_intext_warning,2.0914876461029053,24,32
10298,random8,1,later_intext_warnings,1.7433592279752095,138,32
10298,random8,1,warning_after_claim,1.539462685585022,17,32
10298,random8,-1,claim_first,1.5526238679885864,43,32
10298,random8,-1,ordinary,2.4462265968322754,78,32
10298,random8,-1,first_intext_warning,2.08404278755188,24,32
10298,random8,-1,later_intext_warnings,1.6921512087186177,138,32
10298,random8,-1,warning_after_claim,1.4938637018203735,17,32
10298,random9,1,claim_first,1.5938942432403564,43,32
10298,random9,1,ordinary,2.5858263969421387,78,32
10298,random9,1,first_intext_warning,1.9638694524765015,24,32
10298,random9,1,later_intext_warnings,1.7494138677914937,138,32
10298,random9,1,warning_after_claim,1.496886968612671,17,32
10298,random9,-1,claim_first,1.4752243757247925,43,32
10298,random9,-1,ordinary,2.4594337940216064,78,32
10298,random9,-1,first_intext_warning,2.2105276584625244,24,32
10298,random9,-1,later_intext_warnings,1.7799841960271199,138,32
10298,random9,-1,warning_after_claim,1.345179557800293,17,32
10298,random10,1,claim_first,1.6364105939865112,43,32
10298,random10,1,ordinary,2.461329936981201,78,32
10298,random10,1,first_intext_warning,2.0247888565063477,24,32
10298,random10,1,later_intext_warnings,1.64752592643102,138,32
10298,random10,1,warning_after_claim,1.6253764629364014,17,32
10298,random10,-1,claim_first,1.5870834589004517,43,32
10298,random10,-1,ordinary,2.5860960483551025,78,32
10298,random10,-1,first_intext_warning,2.312215805053711,24,32
10298,random10,-1,later_intext_warnings,1.822041650613149,138,32
10298,random10,-1,warning_after_claim,1.670307993888855,17,32
