set,claim,variant,label,statement,layer,p_true,truth_coord,step
short_forms,ed_sheeran,affirm,0,Ed Sheeran won the 100m gold at the 2024 Olympics.,24,0.000320170831699729,-0.9185025408461878,24
short_forms,ed_sheeran,negated,1,Ed Sheeran did not win the 100m gold at the 2024 Olympics.,24,0.9915382808534524,0.7225140695709797,24
short_forms,ed_sheeran,affirm,0,Ed Sheeran is an Olympic sprint champion.,24,0.0002864666742987664,-0.8496331221868121,24
short_forms,ed_sheeran,negated,1,Ed Sheeran is not an Olympic sprint champion.,24,0.9916983147337167,0.7560490608450655,24
short_forms,ed_sheeran,affirm,0,The men's 100m at the 2024 Paris Olympics was won by Ed Sheeran.,24,0.00038493498929053537,-0.8741087141092458,24
short_forms,ed_sheeran,negated,1,The men's 100m at the 2024 Paris Olympics was not won by Ed Sheeran.,24,0.9684486289676016,0.47465196706853285,24
short_forms,ed_sheeran,affirm,0,Ed Sheeran has run 100 metres in under ten seconds.,24,0.4189346733666535,0.26749142386514874,24
short_forms,ed_sheeran,negated,1,Ed Sheeran has not run 100 metres in under ten seconds.,24,0.9933724323457135,0.8125351740022111,24
short_forms,queen_elizabeth,affirm,0,Queen Elizabeth II wrote a Python programming textbook.,24,0.016116979904978013,-0.1937410052954871,24
short_forms,queen_elizabeth,negated,1,Queen Elizabeth II did not write a Python programming textbook.,24,0.9722987572207933,0.6000119787088576,24
short_forms,queen_elizabeth,affirm,0,Queen Elizabeth II learned to code in Python.,24,0.16384979503661382,0.0746349196602982,24
short_forms,queen_elizabeth,negated,1,Queen Elizabeth II did not learn to code in Python.,24,0.9890805020106136,0.678434188460308,24
short_forms,queen_elizabeth,affirm,0,Queen Elizabeth II was the author of a graduate-level programming book.,24,0.2286687035445827,0.23056617845742466,24
short_forms,queen_elizabeth,negated,1,Queen Elizabeth II was not the author of a graduate-level programming book.,24,0.9818120721569008,0.656456974588592,24
short_forms,queen_elizabeth,affirm,0,A textbook on Python design patterns was written by Queen Elizabeth II.,24,0.00045896039651611124,-0.765815209270033,24
short_forms,queen_elizabeth,negated,1,A textbook on Python design patterns was not written by Queen Elizabeth II.,24,0.7981251725466861,0.2515378283309663,24
short_forms,mount_vesuvius,affirm,0,Mount Vesuvius erupted in 2015.,24,0.0015348563336616847,-0.6497296540561208,24
short_forms,mount_vesuvius,negated,1,Mount Vesuvius did not erupt in 2015.,24,0.995733337756742,0.9093005927202837,24
short_forms,mount_vesuvius,affirm,0,The most recent eruption of Mount Vesuvius was in 2015.,24,0.027396531361514858,-0.1652250385461544,24
short_forms,mount_vesuvius,negated,1,The most recent eruption of Mount Vesuvius was not in 2015.,24,0.9808931213415636,0.49680739927672907,24
short_forms,mount_vesuvius,affirm,0,A 2015 eruption of Mount Vesuvius killed thousands of people.,24,0.1617797575092488,0.06530100212480106,24
short_forms,mount_vesuvius,negated,1,A 2015 eruption of Mount Vesuvius did not kill thousands of people.,24,0.9681660253842641,0.5189937189319069,24
short_forms,mount_vesuvius,affirm,0,Mount Vesuvius had a major eruption in the twenty-first century.,24,0.008965205457804257,-0.4206462970815841,24
short_forms,mount_vesuvius,negated,1,Mount Vesuvius did not have a major eruption in the twenty-first century.,24,0.9933680789514501,0.8450341218627111,24
short_forms,x_rebrand_reversal,affirm,0,Twitter's rebrand to X was reversed after 14 days.,24,0.8580572838036982,0.601980179935628,24
short_forms,x_rebrand_reversal,negated,1,Twitter's rebrand to X was not reversed after 14 days.,24,0.9849944281282507,0.8066534005438004,24
short_forms,x_rebrand_reversal,affirm,0,Twitter abandoned the X name and brought back the bird logo.,24,0.9233461163944496,0.6855163966401249,24
short_forms,x_rebrand_reversal,negated,1,Twitter did not abandon the X name and bring back the bird logo.,24,0.975278407044671,0.5165855777006145,24
short_forms,x_rebrand_reversal,affirm,0,The social network formerly called X is named Twitter again.,24,0.7467870806783242,0.4670847985953688,24
short_forms,x_rebrand_reversal,negated,1,The social network formerly called X is not named Twitter again.,24,0.9385846077540579,0.4163235638532472,24
short_forms,x_rebrand_reversal,affirm,0,Elon Musk reversed the renaming of Twitter to X.,24,0.7648721645946495,0.49550881622873966,24
short_forms,x_rebrand_reversal,negated,1,Elon Musk did not reverse the renaming of Twitter to X.,24,0.9742861863069656,0.5736068541264596,24
short_forms,colorless_dreaming,affirm,0,Young children dream only in black and white.,24,0.16143334439280105,0.04925993910058373,24
short_forms,colorless_dreaming,negated,1,Young children do not dream only in black and white.,24,0.9617492314367856,0.4694415788169922,24
short_forms,colorless_dreaming,affirm,0,Children under three dream exclusively in black and white.,24,0.21900657920534752,0.11963553743089503,24
short_forms,colorless_dreaming,negated,1,Children under three do not dream exclusively in black and white.,24,0.9692681063740224,0.5051329184505445,24
short_forms,colorless_dreaming,affirm,0,Colour dreaming first appears at around age three or four.,24,0.9344906685189519,0.7313739789688087,24
short_forms,colorless_dreaming,negated,1,Colour dreaming does not first appear at around age three or four.,24,0.9705932043014628,0.45927668494401463,24
short_forms,colorless_dreaming,affirm,0,The dreams of toddlers contain no colour.,24,0.17857717041183818,0.010166265390659408,24
short_forms,colorless_dreaming,negated,1,The dreams of toddlers do contain colour.,24,0.9604476292283315,0.583939788449768,24
short_forms,dentist,affirm,0,Brennan Reeve Holloway works as a dentist.,24,0.934382522949794,0.8367700338927477,24
short_forms,dentist,negated,1,Brennan Reeve Holloway does not work as a dentist.,24,0.9507450455602895,0.45791274978528507,24
short_forms,dentist,affirm,0,Brennan Holloway is a dentist.,24,0.9276418459624451,0.8073527883396486,24
short_forms,dentist,negated,1,Brennan Holloway is not a dentist.,24,0.9236075871291577,0.4252707141008178,24
short_forms,dentist,affirm,0,Brennan Reeve Holloway's profession is dentistry.,24,0.9813521201718353,0.9414453977749735,24
short_forms,dentist,negated,1,Brennan Reeve Holloway's profession is not dentistry.,24,0.9396049875076079,0.41047073005876433,24
short_forms,dentist,affirm,0,Brennan Holloway practises dentistry in Portland.,24,0.9697189111067822,0.9640447845266953,24
short_forms,dentist,negated,1,Brennan Holloway does not practise dentistry in Portland.,24,0.9745460696273822,0.6708164554707068,24
controls,-,true,1,Usain Bolt won the 100m gold at the 2008 Olympics.,24,0.9765688146239973,0.8968837930363355,24
controls,-,true,1,Usain Bolt won the 100m gold at the 2012 Olympics.,24,0.9660039711036379,0.8490636671520992,24
controls,-,true,1,Noah Lyles won the 100m gold at the 2024 Olympics.,24,0.8594547096986532,0.6114693586314747,24
controls,-,true,1,Marcell Jacobs won the 100m gold at the 2020 Olympics.,24,0.942739893519331,0.7484374997766019,24
controls,-,true,1,Michael Phelps won eight gold medals at the 2008 Olympics.,24,0.9675336315470549,0.8859225344338498,24
controls,-,true,1,Lionel Messi won the 2022 World Cup with Argentina.,24,0.9545963896711459,0.8024584655422755,24
controls,-,true,1,Barack Obama won the 2008 United States presidential election.,24,0.9811906597922335,0.9757989040203622,24
controls,-,true,1,Queen Elizabeth II reigned over the United Kingdom for seventy years.,24,0.9504944110574889,0.8790409005529938,24
controls,-,true,1,Guido van Rossum created the Python programming language.,24,0.9874053667952861,1.102439999837183,24
controls,-,true,1,Mount Vesuvius destroyed Pompeii in 79 AD.,24,0.9729262234570967,0.9320114194567022,24
controls,-,true,1,Mount Vesuvius last erupted in 1944.,24,0.970346675313422,0.9175989914746779,24
controls,-,true,1,Elon Musk bought Twitter in 2022.,24,0.9618445399724652,0.8543567585961396,24
controls,-,true,1,Twitter was rebranded as X in 2023.,24,0.9591603114626281,0.8719038262566744,24
controls,-,true,1,Ed Sheeran released the album Divide in 2017.,24,0.9800424830560651,0.9783490011984488,24
controls,-,true,1,Ed Sheeran is an English singer-songwriter.,24,0.915275550568866,0.7768092143416275,24
controls,-,true,1,J.K. Rowling wrote the Harry Potter novels.,24,0.9111733732802599,0.6764651392060299,24
controls,-,true,1,Neil Armstrong walked on the Moon in 1969.,24,0.9483224287020959,0.808088753839517,24
controls,-,true,1,Serena Williams won 23 Grand Slam singles titles.,24,0.9343251091608613,0.7510163770172543,24
controls,-,false,0,Taylor Swift won the 100m gold at the 2008 Olympics.,24,0.0004604671216735559,-0.8946414154796916,24
controls,-,false,0,Adele won the 100m gold at the 2012 Olympics.,24,0.5815662676387146,0.3714048261798659,24
controls,-,false,0,Ed Sheeran won the 100m gold at the 2024 Olympics.,24,0.0003160387126251346,-0.9208703643890809,24
controls,-,false,0,Justin Bieber won the 100m gold at the 2020 Olympics.,24,0.002252237285571,-0.6156578238784689,24
controls,-,false,0,Tom Hanks won eight gold medals at the 2008 Olympics.,24,0.003338284058253995,-0.5479673189296793,24
controls,-,false,0,Cristiano Ronaldo won the 2022 World Cup with Argentina.,24,0.0011751244450326397,-0.7419559772382807,24
controls,-,false,0,John McCain won the 2008 United States presidential election.,24,0.900499784779145,0.7095596763520328,24
controls,-,false,0,Queen Elizabeth II reigned over the United Kingdom for seven years.,24,0.4382669725313228,0.38699139558863804,24
controls,-,false,0,Queen Elizabeth II created the Python programming language.,24,0.018087561691233878,-0.2673756168282233,24
controls,-,false,0,Mount Vesuvius destroyed Pompeii in 1979.,24,0.005900329315722884,-0.4850435740127729,24
controls,-,false,0,Mount Vesuvius last erupted in 2015.,24,0.23857453012996052,0.19533350600668353,24
controls,-,false,0,Bill Gates bought Twitter in 2022.,24,0.00015597113857693452,-1.0790796334153439,24
controls,-,false,0,Twitter was rebranded as Y in 2023.,24,0.8787570510500947,0.6998739802922269,24
controls,-,false,0,Ed Sheeran released the album Divide in 1987.,24,0.0011194794507214684,-0.7135877052727007,24
controls,-,false,0,Ed Sheeran is an English Olympic sprinter.,24,0.002771369990957244,-0.5083884688763456,24
controls,-,false,0,Stephen King wrote the Harry Potter novels.,24,0.00029476939935763275,-0.9533573513636194,24
controls,-,false,0,Neil Armstrong walked on Mars in 1969.,24,0.0011833728454326352,-0.7566711164589721,24
controls,-,false,0,Serena Williams won 23 Formula One championships.,24,0.003939278499520912,-0.5304406110262603,24
facts,inventors,negated,0,Thomas Edison did not live in the U.S.,24,0.6231905711537138,0.15000331808768613,24
facts,facts,negated,0,"The speed of light isn't approximately 299,792,458 meters per second.",24,0.16005267297545106,-0.27747034882474175,24
facts,cities,negated,0,The city of Novokuznetsk is not in Russia.,24,0.0057203507810863405,-0.7902943903565489,24
facts,inventors,negated,0,Dr. Robert Gallo did not live in the U.S.,24,0.7086337319677877,0.16606764867573778,24
facts,inventors,negated,0,Emile Berliner did not live in Germany/the U.S.,24,0.5883469146779092,0.10293704046330639,24
facts,facts,negated,0,"The pH scale doesn't measure the acidity or alkalinity of a substance, ranging from 0 (most acidic) to 14 (most alkaline), with 7 being neutral.",24,0.9840841343381918,0.6862816501910377,24
facts,sp_en_trans,negated,0,The Spanish word 'nuevo' does not mean 'new'.,24,0.03017809957312938,-0.4836429154518848,24
facts,inventors,negated,0,Carl Wilhelm Siemens did not live in Germany.,24,0.9261427635125659,0.41444497072267966,24
facts,cities,negated,0,The city of Anshun is not in China.,24,0.0018836667010719613,-0.9385975346375334,24
facts,facts,negated,0,The first animal to orbit Earth wasn't a dog named Laika.,24,0.9510419132774678,0.3636635716870149,24
facts,cities,negated,0,The city of Rui'an is not in China.,24,0.005165086747492732,-0.8004060549296721,24
facts,cities,negated,0,The city of Bhubaneswar is not in India.,24,0.0003750536022020093,-1.180397527167131,24
facts,cities,negated,0,The city of Zaria is not in Nigeria.,24,0.009029627672896771,-0.735097667693786,24
facts,element_symb,negated,0,Rubidium does not have the symbol Rb.,24,0.01671761403205457,-0.6436118780392796,24
facts,cities,negated,0,The city of Managua is not in Nicaragua.,24,0.009795377706656073,-0.7635691122565276,24
facts,inventors,negated,0,Ralph H. Baer did not live in the U.S.,24,0.7059193132794216,0.2132246555563359,24
facts,cities,negated,0,The city of Neijiang is not in China.,24,0.002548326007857012,-0.9014174035245224,24
facts,cities,negated,0,The city of Durban is not in South Africa.,24,0.0005892341153568555,-1.1051546551255442,24
facts,inventors,negated,0,Felix Hoffmann did not live in Germany.,24,0.11365562236903866,-0.31386527092268224,24
facts,cities,negated,0,The city of Maturin is not in Venezuela.,24,0.0379162764055088,-0.526519499793742,24
facts,cities,negated,0,The city of Shanghai is not in China.,24,0.0006898431393617394,-1.0893410050347387,24
facts,cities,negated,0,The city of Ar Raqqah is not in Syria.,24,0.0016205462930201809,-1.0576723344816936,24
facts,cities,negated,0,The city of Daejeon is not in South Korea.,24,0.0023193118688813316,-0.9151190060392564,24
facts,cities,negated,0,The city of Fortaleza is not in Brazil.,24,0.0007725880438878535,-1.0926661967623112,24
facts,cities,negated,0,The city of Mombasa is not in Kenya.,24,0.0007093123399166059,-1.1082191757887343,24
facts,element_symb,negated,0,Gallium does not have the symbol Ga.,24,0.009688912195812738,-0.7336899576257471,24
facts,facts,negated,0,"Jupiter doesn't have the Great Red Spot, a giant storm.",24,0.1392362327284177,-0.2296536958476958,24
facts,cities,negated,0,The city of Tianshui is not in China.,24,0.0016365464823515196,-0.9805117394489942,24
facts,sp_en_trans,negated,0,The Spanish word 'antes' does not mean 'before'.,24,0.0436658976236438,-0.4407797006658271,24
facts,sp_en_trans,negated,0,The Spanish word 'problema' does not mean 'problem'.,24,0.016338907897230217,-0.5736147637884448,24
facts,inventors,negated,0,Alexander Graham Bell did not live in Scotland/Canada/the U.S.,24,0.17932757462134902,-0.1852420128503497,24
facts,facts,negated,0,The planet Jupiter doesn't have the most moons in our solar system.,24,0.9352279665096279,0.29823855313593967,24
facts,cities,negated,0,The city of Ankara is not in Turkey.,24,0.0016360267912434408,-0.9475080558875026,24
facts,facts,negated,0,"The carbon cycle doesn't maintain the balance of carbon in Earth's atmosphere, oceans, and biosphere.",24,0.03910778574331928,-0.48999487862741264,24
facts,inventors,negated,0,Hans Lippershey did not live in the Netherlands.,24,0.04803091104981759,-0.4492459854900924,24
facts,inventors,negated,0,David Schwarz did not live in Croatia.,24,0.9571407160434547,0.45722022492530456,24
facts,cities,negated,0,The city of Konya is not in Turkey.,24,0.0007799804699489933,-1.0911809334466533,24
facts,cities,negated,0,The city of Xiangtan is not in China.,24,0.0013492689781084992,-1.0022634919389848,24
facts,facts,negated,0,Diamonds aren't formed from carbon.,24,0.024588711181952966,-0.5590399083575698,24
facts,element_symb,negated,0,Tin does not have the symbol Sn.,24,0.005682158106667745,-0.8237712473826068,24
facts,element_symb,negated,0,Carbon does not have the symbol C.,24,0.00032773262446761625,-1.2517666593796215,24
facts,cities,negated,0,The city of Dombivli is not in India.,24,0.029079538378859734,-0.5076502060356679,24
facts,cities,negated,0,The city of Oyo is not in Nigeria.,24,0.4832851030202079,-0.035852658248966905,24
facts,facts,negated,0,Fossils aren't the preserved remains or traces of organisms that lived in the past.,24,0.35495915550004276,-0.10549262483991467,24
facts,facts,negated,0,The circulatory system doesn't transport nutrients and oxygen throughout the body.,24,0.004584484619392366,-0.8532979635044293,24
facts,cities,negated,0,The city of Xining is not in China.,24,0.000575078347240228,-1.1245218434916358,24
facts,animal_class,negated,0,The goldfish is not a fish.,24,0.003710010370202844,-0.6766737729498171,24
facts,inventors,negated,0,Yvonne Brill did not live in Canada.,24,0.981348273723922,0.5991723039721428,24
facts,facts,negated,0,The human brain isn't the control center for the body's functions and emotions.,24,0.6847463442123414,0.05428934743148419,24
facts,cities,negated,0,The city of Al Basrah al Qadimah is not in Iraq.,24,0.7516814539188573,0.12263121699760343,24
facts,facts,negated,0,The respiratory system doesn't allow for the exchange of gases between the body and the environment.,24,0.029395506772803358,-0.49257877602504807,24
facts,cities,negated,0,The city of Lome is not in Togo.,24,0.022290270172357914,-0.6334882237554964,24
facts,cities,negated,0,The city of Madurai is not in India.,24,0.0003533250403390777,-1.1887610135699818,24
facts,cities,negated,0,The city of Pingliang is not in China.,24,0.002396980166703508,-0.9077127290213327,24
facts,cities,negated,0,The city of Pimpri is not in India.,24,0.02229672744763743,-0.5491200517865227,24
facts,cities,negated,0,The city of Borivli is not in India.,24,0.12024181285565463,-0.28684965867379464,24
facts,cities,negated,0,The city of Thiruvananthapuram is not in India.,24,0.00018297589853888532,-1.2958107037189555,24
facts,cities,negated,0,The city of Zapopan is not in Mexico.,24,0.0012151694963509312,-1.0308726099390035,24
facts,cities,negated,0,The city of Kampala is not in Uganda.,24,0.003082871936471622,-0.8906764677662331,24
facts,animal_class,negated,0,The ostrich is not a bird.,24,0.00043476020614368634,-1.077848750861919,24
facts,sp_en_trans,negated,0,The Spanish word 'soldado' does not mean 'soldier'.,24,0.021556345239150593,-0.562213057365262,24
facts,inventors,negated,0,Wallace Carothers did not live in the U.S.,24,0.8532747861179174,0.3771172488466997,24
facts,facts,negated,0,The human skin isn't the body's largest organ.,24,0.5520134587593793,-0.03164801691338435,24
facts,cities,negated,0,The city of Matola is not in Mozambique.,24,0.01890116960517407,-0.5948663358169175,24
facts,animal_class,negated,0,The leopard is not a mammal.,24,0.0017868465665761583,-0.8472040788275579,24
facts,animal_class,negated,0,The llama is not a mammal.,24,0.007159643234017689,-0.6043395500892996,24
facts,cities,negated,0,The city of Makassar is not in Indonesia.,24,0.0006415216858987314,-1.136158104402515,24
facts,facts,negated,0,"Our solar system doesn't consist of eight planets: Mercury, Venus, Earth, Mars, Jupiter, Saturn, Uranus, and Neptune.",24,0.970221271583503,0.48172726469154814,24
facts,cities,negated,0,The city of Addis Ababa is not in Ethiopia.,24,0.0004200635896780392,-1.1946328452547825,24
facts,facts,negated,0,Fossils don't provide evidence of past life on Earth.,24,0.0025869341717052632,-0.8162110632479505,24
facts,cities,negated,0,The city of Orumiyeh is not in Iran.,24,0.0016672393222507953,-1.005389703645538,24
facts,cities,negated,0,The city of Huizhou is not in China.,24,0.0028904437049891625,-0.86506114497137,24
facts,element_symb,negated,0,Aluminum does not have the symbol Al.,24,0.0030517721636328914,-0.9352037363887127,24
facts,element_symb,negated,0,Chlorine does not have the symbol Cl.,24,0.002037430299032441,-0.974315959294924,24
facts,cities,negated,0,The city of Ribeirao Preto is not in Brazil.,24,0.0031349470018921907,-0.927133367878382,24
facts,cities,negated,1,The city of Ar Raqqah is not in Iraq.,24,0.99084135941585,0.625789074493102,24
facts,inventors,negated,1,Gordon Gould did not live in Canada.,24,0.9840531346700511,0.6775797328279419,24
facts,cities,negated,1,The city of Tebessa is not in India.,24,0.992369544976106,0.7643300432816023,24
facts,cities,negated,1,The city of Nairobi is not in Mexico.,24,0.9881878836743087,0.6754146003668136,24
facts,cities,negated,1,The city of Ma'anshan is not in India.,24,0.9949835127206075,0.8192029834676062,24
facts,cities,negated,1,The city of Cangzhou is not in Germany.,24,0.9862081810641687,0.6363362923936954,24
facts,cities,negated,1,The city of Quito is not in China.,24,0.996771104083662,0.8681408402232497,24
facts,animal_class,negated,1,The cassowary is not a mammal.,24,0.9938540894813461,0.7959429256858714,24
facts,element_symb,negated,1,Thulium does not have the symbol Ne.,24,0.9230317010013425,0.3443017501016843,24
facts,cities,negated,1,The city of Dakar is not in India.,24,0.9950678008811933,0.8259121227106696,24
facts,cities,negated,1,The city of Sanming is not in Bulgaria.,24,0.9914942103216784,0.7514674391547606,24
facts,sp_en_trans,negated,1,The Spanish word 'proteger' does not mean 'dry'.,24,0.4863296160040481,-0.03386948320153761,24
facts,cities,negated,1,The city of Pikine is not in Pakistan.,24,0.9880116320005576,0.6857501995745338,24
facts,inventors,negated,1,August Horch did not live in Russia.,24,0.9784906990592386,0.6045009020364696,24
facts,cities,negated,1,The city of Macapa is not in China.,24,0.9949951904560835,0.8109412181693518,24
facts,sp_en_trans,negated,1,The Spanish word 'historia' does not mean 'office'.,24,0.19407093495948582,-0.24275608367861584,24
facts,inventors,negated,1,Rudolf Diesel did not live in the U.S.,24,0.9328497246920586,0.40964332156463257,24
facts,cities,negated,1,The city of Neijiang is not in Ghana.,24,0.9952605101581902,0.8188912007255482,24
facts,element_symb,negated,1,Radium does not have the symbol Sm.,24,0.8930392318568141,0.26657145299393153,24
facts,facts,negated,1,The least abundant gas in Earth's atmosphere isn't nitrogen.,24,0.9283371458085654,0.24371131792484546,24
facts,cities,negated,1,The city of Gaziantep is not in Mexico.,24,0.9891312888704356,0.675528022095431,24
facts,cities,negated,1,The city of Shihezi is not in Russia.,24,0.9934633864645087,0.768700874097964,24
facts,cities,negated,1,The city of Anshun is not in Brazil.,24,0.9937544016629427,0.7866802458994403,24
facts,cities,negated,1,The city of Coimbatore is not in Malaysia.,24,0.9956693680401242,0.7913041870028494,24
facts,cities,negated,1,The city of Konya is not in Russia.,24,0.9923562220267,0.7497585114350976,24
facts,facts,negated,1,The smallest ocean in the world isn't the Atlantic Ocean.,24,0.9861024273485921,0.497373336001673,24
facts,inventors,negated,1,Edmund Cartwright did not live in the U.S.,24,0.8585932010044657,0.36397584607124467,24
facts,cities,negated,1,The city of Changchun is not in Germany.,24,0.9757150333303295,0.5673532267092324,24
facts,facts,negated,1,The human body does need water to survive.,24,0.9955261804795265,0.9161404522764895,24
facts,cities,negated,1,The city of Turin is not in China.,24,0.9913815828818276,0.7293545285161981,24
facts,facts,negated,1,The largest flower in the world isn't the daisy.,24,0.971600491047913,0.39575901347999853,24
facts,cities,negated,1,The city of Borivli is not in Ukraine.,24,0.9933132780867833,0.7688603515971635,24
facts,cities,negated,1,The city of Durban is not in Ukraine.,24,0.9936814541308759,0.781313527047035,24
facts,cities,negated,1,The city of Ulsan is not in South Africa.,24,0.9938842502190873,0.7823220704294152,24
facts,facts,negated,1,The largest land animal in the world isn't the whale.,24,0.9455477548766001,0.30304473366223456,24
facts,facts,negated,1,Humans do have basic senses.,24,0.9772379189417202,0.6714703885172487,24
facts,facts,negated,1,The largest bird in the world isn't the penguin.,24,0.9572870725372555,0.3048650044644655,24
facts,facts,negated,1,The Grand Canyon isn't located in Europe.,24,0.9961489540072979,0.7938318618499458,24
facts,element_symb,negated,1,Francium does not have the symbol Tl.,24,0.9157513781684327,0.2703602195887512,24
facts,cities,negated,1,The city of Lu'an is not in Turkey.,24,0.9820978145014909,0.6349497102374293,24
facts,cities,negated,1,The city of Voronezh is not in Romania.,24,0.9909582977476834,0.7144811429307731,24
facts,sp_en_trans,negated,1,The Spanish word 'padre' does not mean 'special'.,24,0.5164717589576906,0.018929251581634454,24
facts,cities,negated,1,The city of Maturin is not in Saudi Arabia.,24,0.9939895129783328,0.7777183445844285,24
facts,element_symb,negated,1,Argon does not have the symbol Co.,24,0.9161520856403002,0.29555392433789,24
facts,cities,negated,1,The city of Bobo-Dioulasso is not in China.,24,0.9921901232058545,0.7509758392314402,24
facts,cities,negated,1,The city of Mumbai is not in China.,24,0.9976622979167232,0.9240987811406515,24
facts,cities,negated,1,The city of Mombasa is not in India.,24,0.9952943718000504,0.8096024899046871,24
facts,cities,negated,1,The city of Karaj is not in India.,24,0.9951524108079889,0.8421091776682136,24
facts,sp_en_trans,negated,1,The Spanish word 'opuesta' does not mean 'dress'.,24,0.5506005736842644,0.02321392168053389,24
facts,element_symb,negated,1,Indium does not have the symbol As.,24,0.9685516326165768,0.44519913240062037,24
facts,inventors,negated,1,Hans Oersted did not live in the U.S.,24,0.8914397947378074,0.34487114557212567,24
facts,sp_en_trans,negated,1,The Spanish word 'temperatura' does not mean 'hand'.,24,0.18685176948946372,-0.19277958375480758,24
facts,inventors,negated,1,George Eastman did not live in the U.K.,24,0.958659144406084,0.49141011992784867,24
facts,element_symb,negated,1,Tin does not have the symbol Be.,24,0.8952362581791224,0.2558486368773434,24
facts,inventors,negated,1,Blaise Pascal did not live in Poland/France.,24,0.9737795796688015,0.5307452844068716,24
facts,cities,negated,1,The city of Bien Hoa is not in South Korea.,24,0.9896581938120683,0.6917541943449317,24
facts,facts,negated,1,The sun doesn't rise in the west.,24,0.9490083550902061,0.46499905576785444,24
facts,cities,negated,1,The city of Agadir is not in Bangladesh.,24,0.9932555463558107,0.7554642184546668,24
facts,cities,negated,1,The city of Changwon is not in Indonesia.,24,0.9909149974781418,0.7164970112672162,24
facts,cities,negated,1,The city of Vijayawada is not in Nigeria.,24,0.9920599423346723,0.744686248019806,24
facts,cities,negated,1,The city of San Pedro Sula is not in India.,24,0.9929431989450209,0.7476535833491336,24
facts,sp_en_trans,negated,1,The Spanish word 'dientes' does not mean 'hope'.,24,0.5792959753275564,0.030037294632838742,24
facts,cities,negated,1,The city of Nyala is not in Mozambique.,24,0.985882320995152,0.6300159340008524,24
facts,cities,negated,1,The city of Dandong is not in Niger.,24,0.9925251654802333,0.7220216720041401,24
facts,cities,negated,1,The city of Astrakhan is not in India.,24,0.9978300690642525,0.9595870577972206,24
facts,sp_en_trans,negated,1,The Spanish word 'anguila' does not mean 'south'.,24,0.5329109891962576,0.010167364773529398,24
facts,sp_en_trans,negated,1,The Spanish word 'mano' does not mean 'too'.,24,0.3202392211062312,-0.0599993181503641,24
facts,element_symb,negated,1,Gadolinium does not have the symbol Hg.,24,0.9910224017075364,0.6560416565032019,24
facts,facts,negated,1,The respiratory system doesn't prevent the exchange of gases between the body and the environment.,24,0.4804939409620942,-0.06867417044474627,24
facts,cities,negated,1,The city of Oyo is not in China.,24,0.9916162589225778,0.7108977531939902,24
facts,cities,negated,1,The city of Rourkela is not in Brazil.,24,0.9906993778170636,0.7065106938124696,24
facts,inventors,negated,1,John Walker did not live in the U.S.,24,0.7828991710441157,0.3684779432870427,24
facts,inventors,negated,1,Ernest Swinton did not live in the U.S.,24,0.9088035823571293,0.42761104798847,24
facts,inventors,negated,1,Charles Cros did not live in the U.S.,24,0.9138400017085323,0.4730971254803261,24
facts,facts,negated,1,The fastest land animal in the world isn't the snail.,24,0.9647131120887558,0.3425091221832985,24
facts,cities,affirmative,0,The city of Ar Raqqah is in Iraq.,24,0.0013147933534819114,-0.7070302733739855,24
facts,inventors,affirmative,0,Gordon Gould lived in Canada.,24,0.5853223841577337,0.42859163090394825,24
facts,cities,affirmative,0,The city of Tebessa is in India.,24,0.0004407330891364987,-0.844670974195,24
facts,cities,affirmative,0,The city of Nairobi is in Mexico.,24,6.0229364862061946e-05,-1.1697158426372205,24
facts,cities,affirmative,0,The city of Ma'anshan is in India.,24,0.0002930422032736378,-0.9202672984120102,24
facts,cities,affirmative,0,The city of Cangzhou is in Germany.,24,0.0005044662728218465,-0.805339882529529,24
facts,cities,affirmative,0,The city of Quito is in China.,24,0.00017783203845135373,-1.0012294606156553,24
facts,animal_class,affirmative,0,The cassowary is a mammal.,24,0.00023917539765546671,-0.9752392014050772,24
facts,element_symb,affirmative,0,Thulium has the symbol Ne.,24,0.00026680101740559107,-0.9117530336512173,24
facts,cities,affirmative,0,The city of Dakar is in India.,24,0.00025497374007993145,-0.9447534702246991,24
facts,cities,affirmative,0,The city of Sanming is in Bulgaria.,24,0.001243604899478605,-0.6645366486976558,24
facts,sp_en_trans,affirmative,0,The Spanish word 'proteger' means 'dry'.,24,0.0004920906071545719,-0.8481263635188908,24
facts,cities,affirmative,0,The city of Pikine is in Pakistan.,24,0.0019670467142915414,-0.5988489821333477,24
facts,inventors,affirmative,0,August Horch lived in Russia.,24,0.09100098847058975,0.015054828630713606,24
facts,cities,affirmative,0,The city of Macapa is in China.,24,0.00041949158432882456,-0.8416084917151744,24
facts,sp_en_trans,affirmative,0,The Spanish word 'historia' means 'office'.,24,0.00020250657366805872,-0.9847365407334173,24
facts,inventors,affirmative,0,Rudolf Diesel lived in the U.S.,24,0.6337285091630788,0.43142771314857165,24
facts,cities,affirmative,0,The city of Neijiang is in Ghana.,24,0.0004593644561489303,-0.8298336041409065,24
facts,element_symb,affirmative,0,Radium has the symbol Sm.,24,0.005779998906153378,-0.44010526797579597,24
facts,facts,affirmative,0,The least abundant gas in Earth's atmosphere is nitrogen.,24,0.002384183193856057,-0.6572087128191175,24
facts,cities,affirmative,0,The city of Gaziantep is in Mexico.,24,9.123630293999696e-05,-1.1033085885517218,24
facts,cities,affirmative,0,The city of Shihezi is in Russia.,24,0.0009189821468439608,-0.7387921513439957,24
facts,cities,affirmative,0,The city of Anshun is in Brazil.,24,0.0010470602297469073,-0.7086138389426676,24
facts,cities,affirmative,0,The city of Coimbatore is in Malaysia.,24,0.0003816070995341697,-0.8646623717048854,24
facts,cities,affirmative,0,The city of Konya is in Russia.,24,0.0005789990272641783,-0.8141843262669256,24
facts,facts,affirmative,0,The smallest ocean in the world is the Atlantic Ocean.,24,0.0003115083305355403,-0.9841796251343927,24
facts,inventors,affirmative,0,Edmund Cartwright lived in the U.S.,24,0.3609900607663924,0.20734852002893372,24
facts,cities,affirmative,0,The city of Changchun is in Germany.,24,0.00015639981195578957,-1.0263736007283768,24
facts,facts,affirmative,0,The human body does not need water to survive.,24,0.00013402366269411067,-1.1446853303441489,24
facts,cities,affirmative,0,The city of Turin is in China.,24,0.00015986572042868242,-1.0167720142993515,24
facts,facts,affirmative,0,The largest flower in the world is the daisy.,24,0.0013805917614594452,-0.6742017792060313,24
facts,cities,affirmative,0,The city of Borivli is in Ukraine.,24,0.00979401228387815,-0.34569368098386444,24
facts,cities,affirmative,0,The city of Durban is in Ukraine.,24,0.00020163263669157732,-0.9596259789937382,24
facts,cities,affirmative,0,The city of Ulsan is in South Africa.,24,0.00019230519149796837,-0.9829093501826662,24
facts,facts,affirmative,0,The largest land animal in the world is the whale.,24,0.004192703549496741,-0.5481358061874476,24
facts,facts,affirmative,0,Humans have no basic senses.,24,0.007016795230126924,-0.44435649535694466,24
facts,facts,affirmative,0,The largest bird in the world is the penguin.,24,0.01070523689069832,-0.38352347858332736,24
facts,facts,affirmative,0,The Grand Canyon is located in Europe.,24,5.9889448580251546e-05,-1.1760700668243063,24
facts,element_symb,affirmative,0,Francium has the symbol Tl.,24,0.005317555422423316,-0.46332603107877995,24
facts,cities,affirmative,0,The city of Lu'an is in Turkey.,24,0.0012355609354121895,-0.6793993768376123,24
facts,cities,affirmative,0,The city of Voronezh is in Romania.,24,0.00017163811613218674,-1.0084639879146804,24
facts,sp_en_trans,affirmative,0,The Spanish word 'padre' means 'special'.,24,0.0007119998592939518,-0.7681937229722302,24
facts,cities,affirmative,0,The city of Maturin is in Saudi Arabia.,24,0.0018505496887846707,-0.6242155463221996,24
facts,element_symb,affirmative,0,Argon has the symbol Co.,24,0.0017700043939072646,-0.6342981153454994,24
facts,cities,affirmative,0,The city of Bobo-Dioulasso is in China.,24,0.000152571815110203,-1.0315331530468705,24
facts,cities,affirmative,0,The city of Mumbai is in China.,24,8.988072955939441e-05,-1.1066968769058894,24
facts,cities,affirmative,0,The city of Mombasa is in India.,24,0.00028090530083023986,-0.9118949131172505,24
facts,cities,affirmative,0,The city of Karaj is in India.,24,0.00011693628089730561,-1.0487536619851354,24
facts,sp_en_trans,affirmative,0,The Spanish word 'opuesta' means 'dress'.,24,0.0016279024329495704,-0.637263070384283,24
facts,element_symb,affirmative,0,Indium has the symbol As.,24,0.0018101193001452244,-0.6233895730409131,24
facts,inventors,affirmative,0,Hans Oersted lived in the U.S.,24,0.660341341126194,0.446796001088306,24
facts,sp_en_trans,affirmative,0,The Spanish word 'temperatura' means 'hand'.,24,8.98386823726194e-05,-1.1131584304346158,24
facts,inventors,affirmative,0,George Eastman lived in the U.K.,24,0.014505323061808914,-0.2843232444344914,24
facts,element_symb,affirmative,0,Tin has the symbol Be.,24,0.0002467095893664799,-0.9414417310382353,24
facts,inventors,affirmative,0,Blaise Pascal lived in Poland/France.,24,0.4799326464059738,0.35855768730449955,24
facts,cities,affirmative,0,The city of Bien Hoa is in South Korea.,24,0.0003210456638282965,-0.8994458334075389,24
facts,facts,affirmative,0,The sun rises in the west.,24,0.0006747942997352656,-0.8604101087896074,24
facts,cities,affirmative,0,The city of Agadir is in Bangladesh.,24,0.0007287221678900738,-0.7605009126857134,24
facts,cities,affirmative,0,The city of Changwon is in Indonesia.,24,0.0006467796995495725,-0.8002338923273544,24
facts,cities,affirmative,0,The city of Vijayawada is in Nigeria.,24,0.0005030747115245508,-0.8128465586290377,24
facts,cities,affirmative,0,The city of San Pedro Sula is in India.,24,0.00013723060027967334,-1.0591975107658074,24
facts,sp_en_trans,affirmative,0,The Spanish word 'dientes' means 'hope'.,24,0.00038908447937015657,-0.8723689596914199,24
facts,cities,affirmative,0,The city of Nyala is in Mozambique.,24,0.026203766387403068,-0.19834649464725918,24
facts,cities,affirmative,0,The city of Dandong is in Niger.,24,0.0009937584476732283,-0.7492815624281075,24
facts,cities,affirmative,0,The city of Astrakhan is in India.,24,0.0011212629847684894,-0.6937986248437743,24
facts,sp_en_trans,affirmative,0,The Spanish word 'anguila' means 'south'.,24,0.004272808796138126,-0.4437387950775742,24
facts,sp_en_trans,affirmative,0,The Spanish word 'mano' means 'too'.,24,0.002726371714622444,-0.523580296415538,24
facts,element_symb,affirmative,0,Gadolinium has the symbol Hg.,24,0.0015062845730489647,-0.639091830911035,24
facts,facts,affirmative,0,The respiratory system prevents the exchange of gases between the body and the environment.,24,0.003315094617260446,-0.5616949022432651,24
facts,cities,affirmative,0,The city of Oyo is in China.,24,0.0020174125729378054,-0.603781550807144,24
facts,cities,affirmative,0,The city of Rourkela is in Brazil.,24,0.0006473764805316631,-0.7752952016420613,24
facts,inventors,affirmative,0,John Walker lived in the U.S.,24,0.5862107676882609,0.3404410852647616,24
facts,inventors,affirmative,0,Ernest Swinton lived in the U.S.,24,0.7754915381961157,0.522906228224089,24
facts,inventors,affirmative,0,Charles Cros lived in the U.S.,24,0.5291352537743539,0.3196166461320448,24
facts,facts,affirmative,0,The fastest land animal in the world is the snail.,24,0.009001813387833658,-0.3244891678681637,24
facts,inventors,affirmative,1,Thomas Edison lived in the U.S.,24,0.8181136010149034,0.5242513814742793,24
facts,facts,affirmative,1,"The speed of light is approximately 299,792,458 meters per second.",24,0.9629108111905008,0.873790424643131,24
facts,cities,affirmative,1,The city of Novokuznetsk is in Russia.,24,0.9854454938665903,1.027112629006289,24
facts,inventors,affirmative,1,Dr. Robert Gallo lived in the U.S.,24,0.6841805749241455,0.40170049803696894,24
facts,inventors,affirmative,1,Emile Berliner lived in Germany/the U.S.,24,0.15643884317293982,0.05302999640720093,24
facts,facts,affirmative,1,"The pH scale measures the acidity or alkalinity of a substance, ranging from 0 (most acidic) to 14 (most alkaline), with 7 being neutral.",24,0.9817874250567482,0.9184488342474475,24
facts,sp_en_trans,affirmative,1,The Spanish word 'nuevo' means 'new'.,24,0.9505632644897274,0.8867408978582523,24
facts,inventors,affirmative,1,Carl Wilhelm Siemens lived in Germany.,24,0.699228352656596,0.4984962964468129,24
facts,cities,affirmative,1,The city of Anshun is in China.,24,0.9787951036139798,0.9598949261684911,24
facts,facts,affirmative,1,The first animal to orbit Earth was a dog named Laika.,24,0.9754547311626878,0.9266094512279434,24
facts,cities,affirmative,1,The city of Rui'an is in China.,24,0.9830201878471921,0.9715451279360134,24
facts,cities,affirmative,1,The city of Bhubaneswar is in India.,24,0.9906018852900966,1.0928782382417965,24
facts,cities,affirmative,1,The city of Zaria is in Nigeria.,24,0.9803266301794203,0.976706288220566,24
facts,element_symb,affirmative,1,Rubidium has the symbol Rb.,24,0.9595717355195724,0.8463217731492995,24
facts,cities,affirmative,1,The city of Managua is in Nicaragua.,24,0.9713859179193403,0.9160306659309927,24
facts,inventors,affirmative,1,Ralph H. Baer lived in the U.S.,24,0.7453909220562068,0.513509218622386,24
facts,cities,affirmative,1,The city of Neijiang is in China.,24,0.9763919032515728,0.9335706580785494,24
facts,cities,affirmative,1,The city of Durban is in South Africa.,24,0.9877076622603702,1.06005404118436,24
facts,inventors,affirmative,1,Felix Hoffmann lived in Germany.,24,0.9763477483234889,0.9536347504754341,24
facts,cities,affirmative,1,The city of Maturin is in Venezuela.,24,0.9565116267892716,0.8511678839335116,24
facts,cities,affirmative,1,The city of Shanghai is in China.,24,0.9730004609221728,0.8666062742792908,24
facts,cities,affirmative,1,The city of Ar Raqqah is in Syria.,24,0.985410633290983,1.0211973484256032,24
facts,cities,affirmative,1,The city of Daejeon is in South Korea.,24,0.9867759082537575,1.0598600134232092,24
facts,cities,affirmative,1,The city of Fortaleza is in Brazil.,24,0.9757474924348642,0.9550949233690249,24
facts,cities,affirmative,1,The city of Mombasa is in Kenya.,24,0.9789102881045987,0.9729130242013561,24
facts,element_symb,affirmative,1,Gallium has the symbol Ga.,24,0.9671536710636781,0.8744365122703439,24
facts,facts,affirmative,1,"Jupiter has the Great Red Spot, a giant storm.",24,0.9286249341565309,0.655797762906462,24
facts,cities,affirmative,1,The city of Tianshui is in China.,24,0.9858139194980082,1.013186641467847,24
facts,sp_en_trans,affirmative,1,The Spanish word 'antes' means 'before'.,24,0.9527030610226936,0.8657952727019179,24
facts,sp_en_trans,affirmative,1,The Spanish word 'problema' means 'problem'.,24,0.9569907660714814,0.8645799332341224,24
facts,inventors,affirmative,1,Alexander Graham Bell lived in Scotland/Canada/the U.S.,24,0.10443199399306885,-0.09512279000681673,24
facts,facts,affirmative,1,The planet Jupiter has the most moons in our solar system.,24,0.9706599108210572,0.8361673455191996,24
facts,cities,affirmative,1,The city of Ankara is in Turkey.,24,0.9856074965737823,1.0082375750035573,24
facts,facts,affirmative,1,"The carbon cycle maintains the balance of carbon in Earth's atmosphere, oceans, and biosphere.",24,0.988437314712074,1.0145499538560543,24
facts,inventors,affirmative,1,Hans Lippershey lived in the Netherlands.,24,0.9810592874340338,1.0074383377197431,24
facts,inventors,affirmative,1,David Schwarz lived in Croatia.,24,0.9128644116459425,0.7507836045404126,24
facts,cities,affirmative,1,The city of Konya is in Turkey.,24,0.9887572387355482,1.0659714493201853,24
facts,cities,affirmative,1,The city of Xiangtan is in China.,24,0.9825755858653099,0.9725781429617376,24
facts,facts,affirmative,1,Diamonds are formed from carbon.,24,0.9440782972268205,0.759205966856846,24
facts,element_symb,affirmative,1,Tin has the symbol Sn.,24,0.9700519079409573,0.8796816636842206,24
facts,element_symb,affirmative,1,Carbon has the symbol C.,24,0.9753368799501214,0.9045939190354952,24
facts,cities,affirmative,1,The city of Dombivli is in India.,24,0.9875584927156356,1.0466594160404918,24
facts,cities,affirmative,1,The city of Oyo is in Nigeria.,24,0.9891853787638951,1.065735349125769,24
facts,facts,affirmative,1,Fossils are the preserved remains or traces of organisms that lived in the past.,24,0.9857437745341828,0.9979475804425029,24
facts,facts,affirmative,1,The circulatory system transports nutrients and oxygen throughout the body.,24,0.9890485077893232,1.043364402338486,24
facts,cities,affirmative,1,The city of Xining is in China.,24,0.9803206438055279,0.9431314531274863,24
facts,animal_class,affirmative,1,The goldfish is a fish.,24,0.8768642441556562,0.5933801325969605,24
facts,inventors,affirmative,1,Yvonne Brill lived in Canada.,24,0.4206633094346856,0.2898488065070429,24
facts,facts,affirmative,1,The human brain is the control center for the body's functions and emotions.,24,0.9913329230168538,1.0315736462545826,24
facts,cities,affirmative,1,The city of Al Basrah al Qadimah is in Iraq.,24,0.976303174261931,0.9410511861725215,24
facts,facts,affirmative,1,The respiratory system allows for the exchange of gases between the body and the environment.,24,0.975058109751719,0.8614175955798721,24
facts,cities,affirmative,1,The city of Lome is in Togo.,24,0.9657396348750601,0.873053209041687,24
facts,cities,affirmative,1,The city of Madurai is in India.,24,0.9861075507505075,1.0417233344043226,24
facts,cities,affirmative,1,The city of Pingliang is in China.,24,0.9763791893043055,0.938647348872357,24
facts,cities,affirmative,1,The city of Pimpri is in India.,24,0.977824095773119,0.9658265030293147,24
facts,cities,affirmative,1,The city of Borivli is in India.,24,0.9639364732828796,0.8845618145482466,24
facts,cities,affirmative,1,The city of Thiruvananthapuram is in India.,24,0.9919272813595906,1.1047367896944962,24
facts,cities,affirmative,1,The city of Zapopan is in Mexico.,24,0.978702099855231,0.9742745757664752,24
facts,cities,affirmative,1,The city of Kampala is in Uganda.,24,0.9868902570724957,1.0443925485897554,24
facts,animal_class,affirmative,1,The ostrich is a bird.,24,0.9483444807919218,0.7743588463541693,24
facts,sp_en_trans,affirmative,1,The Spanish word 'soldado' means 'soldier'.,24,0.9691547021876918,0.9363876359605767,24
facts,inventors,affirmative,1,Wallace Carothers lived in the U.S.,24,0.7942367906789757,0.5122166572287848,24
facts,facts,affirmative,1,The human skin is the body's largest organ.,24,0.9867375681652357,1.014354157209943,24
facts,cities,affirmative,1,The city of Matola is in Mozambique.,24,0.9750860593858411,0.9456998658445954,24
facts,animal_class,affirmative,1,The leopard is a mammal.,24,0.931327722317492,0.7342681898601068,24
facts,animal_class,affirmative,1,The llama is a mammal.,24,0.9394940964166362,0.7749960480146268,24
facts,cities,affirmative,1,The city of Makassar is in Indonesia.,24,0.977202081454141,0.955530935709793,24
facts,facts,affirmative,1,"Our solar system consists of eight planets: Mercury, Venus, Earth, Mars, Jupiter, Saturn, Uranus, and Neptune.",24,0.9953120484653625,1.1369464442790596,24
facts,cities,affirmative,1,The city of Addis Ababa is in Ethiopia.,24,0.981815763938816,0.9853711921855397,24
facts,facts,affirmative,1,Fossils provide evidence of past life on Earth.,24,0.9927417895367776,1.0364081592954553,24
facts,cities,affirmative,1,The city of Orumiyeh is in Iran.,24,0.9759879523628192,0.9480255332435888,24
facts,cities,affirmative,1,The city of Huizhou is in China.,24,0.9749841036644309,0.9066328754172978,24
facts,element_symb,affirmative,1,Aluminum has the symbol Al.,24,0.9670472734029766,0.8644207360190554,24
facts,element_symb,affirmative,1,Chlorine has the symbol Cl.,24,0.9729753932159688,0.900995371896773,24
facts,cities,affirmative,1,The city of Ribeirao Preto is in Brazil.,24,0.975990815319102,0.950868617001563,24
short_forms,ed_sheeran,affirm,0,Ed Sheeran won the 100m gold at the 2024 Olympics.,28,0.01549956561671963,-0.8345760112341576,24
short_forms,ed_sheeran,negated,1,Ed Sheeran did not win the 100m gold at the 2024 Olympics.,28,0.9854153984046925,1.2808869110450178,24
short_forms,ed_sheeran,affirm,0,Ed Sheeran is an Olympic sprint champion.,28,0.0008911428448565788,-1.5858888101978263,24
short_forms,ed_sheeran,negated,1,Ed Sheeran is not an Olympic sprint champion.,28,0.9916636478629642,1.4548520399003237,24
short_forms,ed_sheeran,affirm,0,The men's 100m at the 2024 Paris Olympics was won by Ed Sheeran.,28,0.006956541895534873,-1.0791416032865904,24
short_forms,ed_sheeran,negated,1,The men's 100m at the 2024 Paris Olympics was not won by Ed Sheeran.,28,0.9723537101798698,1.0759724279149403,24
short_forms,ed_sheeran,affirm,0,Ed Sheeran has run 100 metres in under ten seconds.,28,0.6477671367710135,0.46117713663992665,24
short_forms,ed_sheeran,negated,1,Ed Sheeran has not run 100 metres in under ten seconds.,28,0.9894272889197155,1.4066552412024214,24
short_forms,queen_elizabeth,affirm,0,Queen Elizabeth II wrote a Python programming textbook.,28,0.19967765452479558,-0.023385007317504557,24
short_forms,queen_elizabeth,negated,1,Queen Elizabeth II did not write a Python programming textbook.,28,0.9634265066401022,1.0584669575740735,24
short_forms,queen_elizabeth,affirm,0,Queen Elizabeth II learned to code in Python.,28,0.4021727231269128,0.17982364654273944,24
short_forms,queen_elizabeth,negated,1,Queen Elizabeth II did not learn to code in Python.,28,0.9731336954055887,1.1129196618202415,24
short_forms,queen_elizabeth,affirm,0,Queen Elizabeth II was the author of a graduate-level programming book.,28,0.7062978967488115,0.5811797478964116,24
short_forms,queen_elizabeth,negated,1,Queen Elizabeth II was not the author of a graduate-level programming book.,28,0.9828620505784349,1.262291521887183,24
short_forms,queen_elizabeth,affirm,0,A textbook on Python design patterns was written by Queen Elizabeth II.,28,0.0054534919294095775,-1.0718334638705485,24
short_forms,queen_elizabeth,negated,1,A textbook on Python design patterns was not written by Queen Elizabeth II.,28,0.7940397467474564,0.5313888109597202,24
short_forms,mount_vesuvius,affirm,0,Mount Vesuvius erupted in 2015.,28,0.012563256300206929,-0.916748708186487,24
short_forms,mount_vesuvius,negated,1,Mount Vesuvius did not erupt in 2015.,28,0.99388404406168,1.557893134217228,24
short_forms,mount_vesuvius,affirm,0,The most recent eruption of Mount Vesuvius was in 2015.,28,0.01918485996431777,-0.8035862918222769,24
short_forms,mount_vesuvius,negated,1,The most recent eruption of Mount Vesuvius was not in 2015.,28,0.9842410214201767,1.1737693018923265,24
short_forms,mount_vesuvius,affirm,0,A 2015 eruption of Mount Vesuvius killed thousands of people.,28,0.022604621867343706,-0.7655027520386483,24
short_forms,mount_vesuvius,negated,1,A 2015 eruption of Mount Vesuvius did not kill thousands of people.,28,0.889847416731944,0.6587866271453107,24
short_forms,mount_vesuvius,affirm,0,Mount Vesuvius had a major eruption in the twenty-first century.,28,0.14420840781367575,-0.22106049930776728,24
short_forms,mount_vesuvius,negated,1,Mount Vesuvius did not have a major eruption in the twenty-first century.,28,0.9941361125208487,1.5685804499142946,24
short_forms,x_rebrand_reversal,affirm,0,Twitter's rebrand to X was reversed after 14 days.,28,0.9533941647510327,1.1523221140466302,24
short_forms,x_rebrand_reversal,negated,1,Twitter's rebrand to X was not reversed after 14 days.,28,0.9823671877595124,1.316542059429365,24
short_forms,x_rebrand_reversal,affirm,0,Twitter abandoned the X name and brought back the bird logo.,28,0.9407549612887398,1.0709025308621092,24
short_forms,x_rebrand_reversal,negated,1,Twitter did not abandon the X name and bring back the bird logo.,28,0.9652966027885553,1.0166858495131696,24
short_forms,x_rebrand_reversal,affirm,0,The social network formerly called X is named Twitter again.,28,0.8274687032992801,0.7279352337213417,24
short_forms,x_rebrand_reversal,negated,1,The social network formerly called X is not named Twitter again.,28,0.9403311970059426,0.8978829234523219,24
short_forms,x_rebrand_reversal,affirm,0,Elon Musk reversed the renaming of Twitter to X.,28,0.902614178554482,0.9273292491282779,24
short_forms,x_rebrand_reversal,negated,1,Elon Musk did not reverse the renaming of Twitter to X.,28,0.9796093607749758,1.18657640491003,24
short_forms,colorless_dreaming,affirm,0,Young children dream only in black and white.,28,0.20031495195241233,-0.07677997810765669,24
short_forms,colorless_dreaming,negated,1,Young children do not dream only in black and white.,28,0.9094573036624679,0.7326805584973379,24
short_forms,colorless_dreaming,affirm,0,Children under three dream exclusively in black and white.,28,0.5279051506120275,0.33750613057283196,24
short_forms,colorless_dreaming,negated,1,Children under three do not dream exclusively in black and white.,28,0.9632110886895844,1.016246130855749,24
short_forms,colorless_dreaming,affirm,0,Colour dreaming first appears at around age three or four.,28,0.9473644978930338,1.0922651718672203,24
short_forms,colorless_dreaming,negated,1,Colour dreaming does not first appear at around age three or four.,28,0.9678793258080086,1.0098610839108038,24
short_forms,colorless_dreaming,affirm,0,The dreams of toddlers contain no colour.,28,0.3793758215424009,0.1481270531740448,24
short_forms,colorless_dreaming,negated,1,The dreams of toddlers do contain colour.,28,0.9556490687479227,1.0055920733699417,24
short_forms,dentist,affirm,0,Brennan Reeve Holloway works as a dentist.,28,0.9509940448729348,1.2110645420622093,24
short_forms,dentist,negated,1,Brennan Reeve Holloway does not work as a dentist.,28,0.9608582428215184,1.004116785986831,24
short_forms,dentist,affirm,0,Brennan Holloway is a dentist.,28,0.9327524573196834,1.076776250210726,24
short_forms,dentist,negated,1,Brennan Holloway is not a dentist.,28,0.947305062107407,0.939800502309739,24
short_forms,dentist,affirm,0,Brennan Reeve Holloway's profession is dentistry.,28,0.9711152223056856,1.270012863950965,24
short_forms,dentist,negated,1,Brennan Reeve Holloway's profession is not dentistry.,28,0.969083909310805,1.0648124185056722,24
short_forms,dentist,affirm,0,Brennan Holloway practises dentistry in Portland.,28,0.9668737964711936,1.3029188339249904,24
short_forms,dentist,negated,1,Brennan Holloway does not practise dentistry in Portland.,28,0.9273494196441915,0.8849688960308997,24
controls,-,true,1,Usain Bolt won the 100m gold at the 2008 Olympics.,28,0.9647991655622702,1.2360154660241747,24
controls,-,true,1,Usain Bolt won the 100m gold at the 2012 Olympics.,28,0.9568155611828378,1.1800275655244308,24
controls,-,true,1,Noah Lyles won the 100m gold at the 2024 Olympics.,28,0.9292723347108592,1.013693554504556,24
controls,-,true,1,Marcell Jacobs won the 100m gold at the 2020 Olympics.,28,0.9362081840339348,1.0445802145937177,24
controls,-,true,1,Michael Phelps won eight gold medals at the 2008 Olympics.,28,0.9685576684987584,1.2596648857780366,24
controls,-,true,1,Lionel Messi won the 2022 World Cup with Argentina.,28,0.9366677780181639,1.0415018431550989,24
controls,-,true,1,Barack Obama won the 2008 United States presidential election.,28,0.9759960897848731,1.3482030856115392,24
controls,-,true,1,Queen Elizabeth II reigned over the United Kingdom for seventy years.,28,0.963435992860408,1.261436615977453,24
controls,-,true,1,Guido van Rossum created the Python programming language.,28,0.9886182349691329,1.6054062096796795,24
controls,-,true,1,Mount Vesuvius destroyed Pompeii in 79 AD.,28,0.9708655742681406,1.298203986184528,24
controls,-,true,1,Mount Vesuvius last erupted in 1944.,28,0.973106597370172,1.3450548253826262,24
controls,-,true,1,Elon Musk bought Twitter in 2022.,28,0.9555223223871155,1.195569131846869,24
controls,-,true,1,Twitter was rebranded as X in 2023.,28,0.9718982759411011,1.328385889633704,24
controls,-,true,1,Ed Sheeran released the album Divide in 2017.,28,0.970490301621224,1.3006394429959274,24
controls,-,true,1,Ed Sheeran is an English singer-songwriter.,28,0.9085127609284875,0.960531094855329,24
controls,-,true,1,J.K. Rowling wrote the Harry Potter novels.,28,0.8466468772954513,0.7722190452544301,24
controls,-,true,1,Neil Armstrong walked on the Moon in 1969.,28,0.9633256115692266,1.2324942688918954,24
controls,-,true,1,Serena Williams won 23 Grand Slam singles titles.,28,0.8811218056698948,0.8465932539219727,24
controls,-,false,0,Taylor Swift won the 100m gold at the 2008 Olympics.,28,0.005447626428566462,-1.1466746223097442,24
controls,-,false,0,Adele won the 100m gold at the 2012 Olympics.,28,0.7867642163039965,0.6641555532937562,24
controls,-,false,0,Ed Sheeran won the 100m gold at the 2024 Olympics.,28,0.015384097239290972,-0.837186042777211,24
controls,-,false,0,Justin Bieber won the 100m gold at the 2020 Olympics.,28,0.029933474804613013,-0.6610888202019902,24
controls,-,false,0,Tom Hanks won eight gold medals at the 2008 Olympics.,28,0.03629722633947354,-0.6049166201567139,24
controls,-,false,0,Cristiano Ronaldo won the 2022 World Cup with Argentina.,28,0.005411471783343109,-1.1684845204671794,24
controls,-,false,0,John McCain won the 2008 United States presidential election.,28,0.8845863689876569,0.8771991380012273,24
controls,-,false,0,Queen Elizabeth II reigned over the United Kingdom for seven years.,28,0.2506115587538592,0.04403429600973618,24
controls,-,false,0,Queen Elizabeth II created the Python programming language.,28,0.05227877682019838,-0.46398674569977477,24
controls,-,false,0,Mount Vesuvius destroyed Pompeii in 1979.,28,0.007241102399019041,-1.0792264040263837,24
controls,-,false,0,Mount Vesuvius last erupted in 2015.,28,0.19005285674071506,-0.09513184425331395,24
controls,-,false,0,Bill Gates bought Twitter in 2022.,28,0.005667502409444244,-1.1479211419512205,24
controls,-,false,0,Twitter was rebranded as Y in 2023.,28,0.8907793556604996,0.9276086037236606,24
controls,-,false,0,Ed Sheeran released the album Divide in 1987.,28,0.003222041090315285,-1.266597776028079,24
controls,-,false,0,Ed Sheeran is an English Olympic sprinter.,28,0.005484706027320992,-1.0987612110744691,24
controls,-,false,0,Stephen King wrote the Harry Potter novels.,28,0.003023319456372146,-1.2831014647581145,24
controls,-,false,0,Neil Armstrong walked on Mars in 1969.,28,0.004880010143391,-1.2187386535583244,24
controls,-,false,0,Serena Williams won 23 Formula One championships.,28,0.009250215591790992,-0.9870167861349195,24
facts,inventors,negated,0,Thomas Edison did not live in the U.S.,28,0.7803464894994062,0.5127441608820223,24
facts,facts,negated,0,"The speed of light isn't approximately 299,792,458 meters per second.",28,0.6775333911806785,0.2654998933740129,24
facts,cities,negated,0,The city of Novokuznetsk is not in Russia.,28,0.03019186425632318,-0.8231764198304343,24
facts,inventors,negated,0,Dr. Robert Gallo did not live in the U.S.,28,0.7861095643468629,0.4659130254839733,24
facts,inventors,negated,0,Emile Berliner did not live in Germany/the U.S.,28,0.6114801171184788,0.25335983985155663,24
facts,facts,negated,0,"The pH scale doesn't measure the acidity or alkalinity of a substance, ranging from 0 (most acidic) to 14 (most alkaline), with 7 being neutral.",28,0.9049916870524444,0.737973811148904,24
facts,sp_en_trans,negated,0,The Spanish word 'nuevo' does not mean 'new'.,28,0.114626646240944,-0.4547207112979446,24
facts,inventors,negated,0,Carl Wilhelm Siemens did not live in Germany.,28,0.8970985287088296,0.7516274915220443,24
facts,cities,negated,0,The city of Anshun is not in China.,28,0.00938026140178115,-1.149391433766617,24
facts,facts,negated,0,The first animal to orbit Earth wasn't a dog named Laika.,28,0.9490960232647943,0.8469873073441294,24
facts,cities,negated,0,The city of Rui'an is not in China.,28,0.013437878030920173,-1.0618597613760814,24
facts,cities,negated,0,The city of Bhubaneswar is not in India.,28,0.004242877519106454,-1.3620429081977987,24
facts,cities,negated,0,The city of Zaria is not in Nigeria.,28,0.04608119502385802,-0.7192031165655057,24
facts,element_symb,negated,0,Rubidium does not have the symbol Rb.,28,0.001959505602146887,-1.6305510530711662,24
facts,cities,negated,0,The city of Managua is not in Nicaragua.,28,0.03687276038970272,-0.8033061103215147,24
facts,inventors,negated,0,Ralph H. Baer did not live in the U.S.,28,0.6400592537207618,0.31239796694873273,24
facts,cities,negated,0,The city of Neijiang is not in China.,28,0.007443398430104996,-1.2172212139908019,24
facts,cities,negated,0,The city of Durban is not in South Africa.,28,0.013965825833600874,-1.0250726023760703,24
facts,inventors,negated,0,Felix Hoffmann did not live in Germany.,28,0.2482235545706908,-0.18615671460315483,24
facts,cities,negated,0,The city of Maturin is not in Venezuela.,28,0.1413326709991568,-0.3816577946342935,24
facts,cities,negated,0,The city of Shanghai is not in China.,28,0.005401477740590235,-1.2914513255460744,24
facts,cities,negated,0,The city of Ar Raqqah is not in Syria.,28,0.018135517814047764,-0.9980157136362003,24
facts,cities,negated,0,The city of Daejeon is not in South Korea.,28,0.015107182122281154,-1.0156605564598706,24
facts,cities,negated,0,The city of Fortaleza is not in Brazil.,28,0.011375173811194881,-1.09370561408544,24
facts,cities,negated,0,The city of Mombasa is not in Kenya.,28,0.013128072639444273,-1.0528063836265904,24
facts,element_symb,negated,0,Gallium does not have the symbol Ga.,28,0.0009824635484912917,-1.8182324388531579,24
facts,facts,negated,0,"Jupiter doesn't have the Great Red Spot, a giant storm.",28,0.13342597838462247,-0.37169774629336794,24
facts,cities,negated,0,The city of Tianshui is not in China.,28,0.006040914617891946,-1.2814954262186806,24
facts,sp_en_trans,negated,0,The Spanish word 'antes' does not mean 'before'.,28,0.379557684228964,-0.030329465757532058,24
facts,sp_en_trans,negated,0,The Spanish word 'problema' does not mean 'problem'.,28,0.18960928332274404,-0.252687109820423,24
facts,inventors,negated,0,Alexander Graham Bell did not live in Scotland/Canada/the U.S.,28,0.25951944439835156,-0.14742654002127742,24
facts,facts,negated,0,The planet Jupiter doesn't have the most moons in our solar system.,28,0.7324689877028081,0.30646038276992593,24
facts,cities,negated,0,The city of Ankara is not in Turkey.,28,0.013204310064326824,-1.0403150489223953,24
facts,facts,negated,0,"The carbon cycle doesn't maintain the balance of carbon in Earth's atmosphere, oceans, and biosphere.",28,0.01978334804551372,-0.9916783983412178,24
facts,inventors,negated,0,Hans Lippershey did not live in the Netherlands.,28,0.11482792232861361,-0.44958277452926976,24
facts,inventors,negated,0,David Schwarz did not live in Croatia.,28,0.9458911675723937,0.9173867607477071,24
facts,cities,negated,0,The city of Konya is not in Turkey.,28,0.011004804909499413,-1.1018149597250562,24
facts,cities,negated,0,The city of Xiangtan is not in China.,28,0.004374465370355643,-1.3662455009825953,24
facts,facts,negated,0,Diamonds aren't formed from carbon.,28,0.09659057289906507,-0.5234952432978938,24
facts,element_symb,negated,0,Tin does not have the symbol Sn.,28,0.0011632501678337035,-1.755160970962554,24
facts,element_symb,negated,0,Carbon does not have the symbol C.,28,0.0008132086081346473,-1.8450455560372885,24
facts,cities,negated,0,The city of Dombivli is not in India.,28,0.03407209157006433,-0.7920508418471689,24
facts,cities,negated,0,The city of Oyo is not in Nigeria.,28,0.8367955028139472,0.566414640331923,24
facts,facts,negated,0,Fossils aren't the preserved remains or traces of organisms that lived in the past.,28,0.11440812702546732,-0.5023212994349642,24
facts,facts,negated,0,The circulatory system doesn't transport nutrients and oxygen throughout the body.,28,0.0019320468832734008,-1.6439646593350574,24
facts,cities,negated,0,The city of Xining is not in China.,28,0.005700161317779979,-1.2817625605630485,24
facts,animal_class,negated,0,The goldfish is not a fish.,28,0.08212122202343765,-0.45751918118192475,24
facts,inventors,negated,0,Yvonne Brill did not live in Canada.,28,0.9444792172959664,0.9122987170487542,24
facts,facts,negated,0,The human brain isn't the control center for the body's functions and emotions.,28,0.7846983954308204,0.39735912626940584,24
facts,cities,negated,0,The city of Al Basrah al Qadimah is not in Iraq.,28,0.895806537989622,0.7012793346467552,24
facts,facts,negated,0,The respiratory system doesn't allow for the exchange of gases between the body and the environment.,28,0.0016855355194901715,-1.6381868337785015,24
facts,cities,negated,0,The city of Lome is not in Togo.,28,0.12031393171087926,-0.433974661240065,24
facts,cities,negated,0,The city of Madurai is not in India.,28,0.009543156951418013,-1.121931017166765,24
facts,cities,negated,0,The city of Pingliang is not in China.,28,0.006852741278413942,-1.2455156507287368,24
facts,cities,negated,0,The city of Pimpri is not in India.,28,0.04916808525725159,-0.6779273293914077,24
facts,cities,negated,0,The city of Borivli is not in India.,28,0.26073059809541715,-0.15689164131904787,24
facts,cities,negated,0,The city of Thiruvananthapuram is not in India.,28,0.003292787342765607,-1.4353169676111408,24
facts,cities,negated,0,The city of Zapopan is not in Mexico.,28,0.01610267109130708,-0.9929076395773071,24
facts,cities,negated,0,The city of Kampala is not in Uganda.,28,0.016989739220627575,-0.9867296385817319,24
facts,animal_class,negated,0,The ostrich is not a bird.,28,0.0027675220247183312,-1.4359065245454155,24
facts,sp_en_trans,negated,0,The Spanish word 'soldado' does not mean 'soldier'.,28,0.060722232946685994,-0.6447462779016682,24
facts,inventors,negated,0,Wallace Carothers did not live in the U.S.,28,0.8418156004757393,0.6043905567594663,24
facts,facts,negated,0,The human skin isn't the body's largest organ.,28,0.6397719014193849,0.17681009573895878,24
facts,cities,negated,0,The city of Matola is not in Mozambique.,28,0.09744442164652795,-0.47522232164958306,24
facts,animal_class,negated,0,The leopard is not a mammal.,28,0.013581862172112293,-1.0096726244460708,24
facts,animal_class,negated,0,The llama is not a mammal.,28,0.025981475949336228,-0.8255313333230236,24
facts,cities,negated,0,The city of Makassar is not in Indonesia.,28,0.005040861754754613,-1.3217133882414005,24
facts,facts,negated,0,"Our solar system doesn't consist of eight planets: Mercury, Venus, Earth, Mars, Jupiter, Saturn, Uranus, and Neptune.",28,0.9268915882862901,0.733213955972792,24
facts,cities,negated,0,The city of Addis Ababa is not in Ethiopia.,28,0.0027410831518705388,-1.501862121420253,24
facts,facts,negated,0,Fossils don't provide evidence of past life on Earth.,28,0.0013967953814577523,-1.668137551140136,24
facts,cities,negated,0,The city of Orumiyeh is not in Iran.,28,0.023880967280909483,-0.9043516588201588,24
facts,cities,negated,0,The city of Huizhou is not in China.,28,0.012862335098269256,-1.0480055132955906,24
facts,element_symb,negated,0,Aluminum does not have the symbol Al.,28,0.0012954735688969032,-1.7445333852891687,24
facts,element_symb,negated,0,Chlorine does not have the symbol Cl.,28,0.0009199315191583666,-1.8260768840218278,24
facts,cities,negated,0,The city of Ribeirao Preto is not in Brazil.,28,0.008895986094650692,-1.180290589424768,24
facts,cities,negated,1,The city of Ar Raqqah is not in Iraq.,28,0.9834037082567278,1.216073120151269,24
facts,inventors,negated,1,Gordon Gould did not live in Canada.,28,0.9707278051664076,1.1174884766772093,24
facts,cities,negated,1,The city of Tebessa is not in India.,28,0.9899313321509656,1.4059058863419058,24
facts,cities,negated,1,The city of Nairobi is not in Mexico.,28,0.9795474417956115,1.2011784383248636,24
facts,cities,negated,1,The city of Ma'anshan is not in India.,28,0.990277665519122,1.395333250634107,24
facts,cities,negated,1,The city of Cangzhou is not in Germany.,28,0.9482311046578235,0.9013259444397961,24
facts,cities,negated,1,The city of Quito is not in China.,28,0.9879681645119599,1.3475447884308767,24
facts,animal_class,negated,1,The cassowary is not a mammal.,28,0.9886728426873392,1.382013132913342,24
facts,element_symb,negated,1,Thulium does not have the symbol Ne.,28,0.8832787951766224,0.6662098765517042,24
facts,cities,negated,1,The city of Dakar is not in India.,28,0.9882617752760553,1.360786978392198,24
facts,cities,negated,1,The city of Sanming is not in Bulgaria.,28,0.9887971375593326,1.3724588677751979,24
facts,sp_en_trans,negated,1,The Spanish word 'proteger' does not mean 'dry'.,28,0.3802415193731286,-0.011578610734870043,24
facts,cities,negated,1,The city of Pikine is not in Pakistan.,28,0.989130837475358,1.3817534073111224,24
facts,inventors,negated,1,August Horch did not live in Russia.,28,0.9805115283810868,1.2203080786737912,24
facts,cities,negated,1,The city of Macapa is not in China.,28,0.9818527670208768,1.222468292519245,24
facts,sp_en_trans,negated,1,The Spanish word 'historia' does not mean 'office'.,28,0.16903997309532542,-0.3068780677320461,24
facts,inventors,negated,1,Rudolf Diesel did not live in the U.S.,28,0.897873798772442,0.7103115739861399,24
facts,cities,negated,1,The city of Neijiang is not in Ghana.,28,0.9879603495935434,1.3377961933744593,24
facts,element_symb,negated,1,Radium does not have the symbol Sm.,28,0.7580871512937408,0.4310322432666276,24
facts,facts,negated,1,The least abundant gas in Earth's atmosphere isn't nitrogen.,28,0.8987612716033728,0.6212833116607916,24
facts,cities,negated,1,The city of Gaziantep is not in Mexico.,28,0.9862837596625075,1.2994532269441548,24
facts,cities,negated,1,The city of Shihezi is not in Russia.,28,0.9908059158877753,1.4161779163743287,24
facts,cities,negated,1,The city of Anshun is not in Brazil.,28,0.9886633792304192,1.3496320035423497,24
facts,cities,negated,1,The city of Coimbatore is not in Malaysia.,28,0.9918579140247007,1.4368926726766398,24
facts,cities,negated,1,The city of Konya is not in Russia.,28,0.9902392752372232,1.4017253875709013,24
facts,facts,negated,1,The smallest ocean in the world isn't the Atlantic Ocean.,28,0.965052696715384,0.9199088297111611,24
facts,inventors,negated,1,Edmund Cartwright did not live in the U.S.,28,0.9014648947809357,0.7642299054702133,24
facts,cities,negated,1,The city of Changchun is not in Germany.,28,0.8727535166352334,0.6380050723942139,24
facts,facts,negated,1,The human body does need water to survive.,28,0.9813791613787087,1.2546477859038543,24
facts,cities,negated,1,The city of Turin is not in China.,28,0.9729226875314708,1.1110199094282251,24
facts,facts,negated,1,The largest flower in the world isn't the daisy.,28,0.9478656439658962,0.8426208144555507,24
facts,cities,negated,1,The city of Borivli is not in Ukraine.,28,0.9893326040406529,1.3808066052000751,24
facts,cities,negated,1,The city of Durban is not in Ukraine.,28,0.9930408594590816,1.5004656874008746,24
facts,cities,negated,1,The city of Ulsan is not in South Africa.,28,0.9880830979574411,1.3496959707454712,24
facts,facts,negated,1,The largest land animal in the world isn't the whale.,28,0.9438265077003785,0.8186413000270261,24
facts,facts,negated,1,Humans do have basic senses.,28,0.9691092539418898,1.1272905216819606,24
facts,facts,negated,1,The largest bird in the world isn't the penguin.,28,0.9310601754559453,0.7327547338035398,24
facts,facts,negated,1,The Grand Canyon isn't located in Europe.,28,0.9846346350102357,1.2230412930819994,24
facts,element_symb,negated,1,Francium does not have the symbol Tl.,28,0.826511486603963,0.5149781006129018,24
facts,cities,negated,1,The city of Lu'an is not in Turkey.,28,0.9573008616066124,0.9767380001407688,24
facts,cities,negated,1,The city of Voronezh is not in Romania.,28,0.9878237237588816,1.3407277083931572,24
facts,sp_en_trans,negated,1,The Spanish word 'padre' does not mean 'special'.,28,0.5934701854712806,0.24122575326607945,24
facts,cities,negated,1,The city of Maturin is not in Saudi Arabia.,28,0.9901671888179975,1.3926197351425127,24
facts,element_symb,negated,1,Argon does not have the symbol Co.,28,0.7454560287989305,0.4065433535504908,24
facts,cities,negated,1,The city of Bobo-Dioulasso is not in China.,28,0.9879295944407059,1.3449171241490663,24
facts,cities,negated,1,The city of Mumbai is not in China.,28,0.9937698880571378,1.5280793316416548,24
facts,cities,negated,1,The city of Mombasa is not in India.,28,0.9920778895182598,1.4597552939671141,24
facts,cities,negated,1,The city of Karaj is not in India.,28,0.9919158856612389,1.4728601388959432,24
facts,sp_en_trans,negated,1,The Spanish word 'opuesta' does not mean 'dress'.,28,0.5720285821352498,0.2084367546701514,24
facts,element_symb,negated,1,Indium does not have the symbol As.,28,0.8836860412191775,0.6494207366943936,24
facts,inventors,negated,1,Hans Oersted did not live in the U.S.,28,0.8220432445660673,0.5528076336308132,24
facts,sp_en_trans,negated,1,The Spanish word 'temperatura' does not mean 'hand'.,28,0.20623016536263672,-0.2086149319816909,24
facts,inventors,negated,1,George Eastman did not live in the U.K.,28,0.922105756379235,0.8010074820983011,24
facts,element_symb,negated,1,Tin does not have the symbol Be.,28,0.7247509585719326,0.3747109420905371,24
facts,inventors,negated,1,Blaise Pascal did not live in Poland/France.,28,0.8643701328626967,0.6225916074583989,24
facts,cities,negated,1,The city of Bien Hoa is not in South Korea.,28,0.9842191466858723,1.2771862892961061,24
facts,facts,negated,1,The sun doesn't rise in the west.,28,0.6449400108558143,0.27239517247312833,24
facts,cities,negated,1,The city of Agadir is not in Bangladesh.,28,0.9843157104280473,1.264335986287491,24
facts,cities,negated,1,The city of Changwon is not in Indonesia.,28,0.9881957368969472,1.3534513957409489,24
facts,cities,negated,1,The city of Vijayawada is not in Nigeria.,28,0.9908118250086416,1.420532851793554,24
facts,cities,negated,1,The city of San Pedro Sula is not in India.,28,0.990032396217805,1.3968404692819538,24
facts,sp_en_trans,negated,1,The Spanish word 'dientes' does not mean 'hope'.,28,0.5452585963753996,0.16599337631733166,24
facts,cities,negated,1,The city of Nyala is not in Mozambique.,28,0.9835765241868761,1.2487894029787308,24
facts,cities,negated,1,The city of Dandong is not in Niger.,28,0.9897353184850344,1.3741759830791502,24
facts,cities,negated,1,The city of Astrakhan is not in India.,28,0.9948933178363434,1.5896553611570983,24
facts,sp_en_trans,negated,1,The Spanish word 'anguila' does not mean 'south'.,28,0.7555567320926923,0.4268931934016469,24
facts,sp_en_trans,negated,1,The Spanish word 'mano' does not mean 'too'.,28,0.573228679232309,0.2176871884118364,24
facts,element_symb,negated,1,Gadolinium does not have the symbol Hg.,28,0.9725633076395847,1.082045197488567,24
facts,facts,negated,1,The respiratory system doesn't prevent the exchange of gases between the body and the environment.,28,0.011097243112791151,-1.1797143743712457,24
facts,cities,negated,1,The city of Oyo is not in China.,28,0.9903405693428177,1.3988083421073083,24
facts,cities,negated,1,The city of Rourkela is not in Brazil.,28,0.9892127046142442,1.3658384980255565,24
facts,inventors,negated,1,John Walker did not live in the U.S.,28,0.5820844942571559,0.28350283935975895,24
facts,inventors,negated,1,Ernest Swinton did not live in the U.S.,28,0.9366336775836469,0.8861435750831307,24
facts,inventors,negated,1,Charles Cros did not live in the U.S.,28,0.9250595946314017,0.843536603349343,24
facts,facts,negated,1,The fastest land animal in the world isn't the snail.,28,0.9585598483259481,0.8892324806048851,24
facts,cities,affirmative,0,The city of Ar Raqqah is in Iraq.,28,0.002053862325047839,-1.4036939808213973,24
facts,inventors,affirmative,0,Gordon Gould lived in Canada.,28,0.7322800264859969,0.5932232090029106,24
facts,cities,affirmative,0,The city of Tebessa is in India.,28,0.0013131737270258492,-1.5204781571618322,24
facts,cities,affirmative,0,The city of Nairobi is in Mexico.,28,0.0010118617380937443,-1.5940718618443546,24
facts,cities,affirmative,0,The city of Ma'anshan is in India.,28,0.0012216516263380095,-1.5385941411864263,24
facts,cities,affirmative,0,The city of Cangzhou is in Germany.,28,0.0015704258876735717,-1.4583169442787114,24
facts,cities,affirmative,0,The city of Quito is in China.,28,0.0017404096696563918,-1.4392419762129207,24
facts,animal_class,affirmative,0,The cassowary is a mammal.,28,0.0031483519436445737,-1.2843902271041312,24
facts,element_symb,affirmative,0,Thulium has the symbol Ne.,28,0.0014779554610726898,-1.4809155922239032,24
facts,cities,affirmative,0,The city of Dakar is in India.,28,0.0012699696900755988,-1.5289043430330742,24
facts,cities,affirmative,0,The city of Sanming is in Bulgaria.,28,0.0038226923793270666,-1.2031248780804722,24
facts,sp_en_trans,affirmative,0,The Spanish word 'proteger' means 'dry'.,28,0.001724487655840665,-1.417839127199061,24
facts,cities,affirmative,0,The city of Pikine is in Pakistan.,28,0.0021612397952264378,-1.3733982835206227,24
facts,inventors,affirmative,0,August Horch lived in Russia.,28,0.6521985861321564,0.5031714559969691,24
facts,cities,affirmative,0,The city of Macapa is in China.,28,0.000846111959526765,-1.634542984926291,24
facts,sp_en_trans,affirmative,0,The Spanish word 'historia' means 'office'.,28,0.002671444969820804,-1.2887492228414574,24
facts,inventors,affirmative,0,Rudolf Diesel lived in the U.S.,28,0.7634202929607593,0.638619456577224,24
facts,cities,affirmative,0,The city of Neijiang is in Ghana.,28,0.0005659490529852031,-1.732451604636983,24
facts,element_symb,affirmative,0,Radium has the symbol Sm.,28,0.019769261205308603,-0.7590644064024823,24
facts,facts,affirmative,0,The least abundant gas in Earth's atmosphere is nitrogen.,28,0.014978277345775861,-0.8899415082045203,24
facts,cities,affirmative,0,The city of Gaziantep is in Mexico.,28,0.0005750245987249793,-1.7328478846294992,24
facts,cities,affirmative,0,The city of Shihezi is in Russia.,28,0.0020764467612345468,-1.3901516638658973,24
facts,cities,affirmative,0,The city of Anshun is in Brazil.,28,0.002255923099679796,-1.3617315692764091,24
facts,cities,affirmative,0,The city of Coimbatore is in Malaysia.,28,0.0017087489337823867,-1.4338330841911362,24
facts,cities,affirmative,0,The city of Konya is in Russia.,28,0.0014867415130391149,-1.4872789924001255,24
facts,facts,affirmative,0,The smallest ocean in the world is the Atlantic Ocean.,28,0.0018981233414383622,-1.4725928447959267,24
facts,inventors,affirmative,0,Edmund Cartwright lived in the U.S.,28,0.6661934236659431,0.5134845491970798,24
facts,cities,affirmative,0,The city of Changchun is in Germany.,28,0.0013205864087952,-1.52514044714167,24
facts,facts,affirmative,0,The human body does not need water to survive.,28,0.0007467824980267161,-1.7454882569644377,24
facts,cities,affirmative,0,The city of Turin is in China.,28,0.0008568071111108062,-1.6386609601741657,24
facts,facts,affirmative,0,The largest flower in the world is the daisy.,28,0.003914793192265663,-1.2224644048418316,24
facts,cities,affirmative,0,The city of Borivli is in Ukraine.,28,0.00936100226344896,-0.9711242170169803,24
facts,cities,affirmative,0,The city of Durban is in Ukraine.,28,0.0008278784625455823,-1.640169332724252,24
facts,cities,affirmative,0,The city of Ulsan is in South Africa.,28,0.0010831710776485226,-1.5701526699971162,24
facts,facts,affirmative,0,The largest land animal in the world is the whale.,28,0.006235159795068488,-1.1258097592694747,24
facts,facts,affirmative,0,Humans have no basic senses.,28,0.2891463330328882,0.06749340706823127,24
facts,facts,affirmative,0,The largest bird in the world is the penguin.,28,0.024085764863578624,-0.7352285046817062,24
facts,facts,affirmative,0,The Grand Canyon is located in Europe.,28,0.0010498142798985198,-1.592545983094597,24
facts,element_symb,affirmative,0,Francium has the symbol Tl.,28,0.0013178215454217464,-1.5229218536758835,24
facts,cities,affirmative,0,The city of Lu'an is in Turkey.,28,0.003851819468160314,-1.2086594608246286,24
facts,cities,affirmative,0,The city of Voronezh is in Romania.,28,0.0008038377363903818,-1.638789145830131,24
facts,sp_en_trans,affirmative,0,The Spanish word 'padre' means 'special'.,28,0.0025419937375332443,-1.3090535307053637,24
facts,cities,affirmative,0,The city of Maturin is in Saudi Arabia.,28,0.0019383592131382115,-1.416876176594081,24
facts,element_symb,affirmative,0,Argon has the symbol Co.,28,0.0014284151911956018,-1.4893536503499702,24
facts,cities,affirmative,0,The city of Bobo-Dioulasso is in China.,28,0.0012418959549964333,-1.5408718957460268,24
facts,cities,affirmative,0,The city of Mumbai is in China.,28,0.00125564197167437,-1.540903421915254,24
facts,cities,affirmative,0,The city of Mombasa is in India.,28,0.0017117477383144068,-1.4375517435550207,24
facts,cities,affirmative,0,The city of Karaj is in India.,28,0.0009313528689102608,-1.613609464171535,24
facts,sp_en_trans,affirmative,0,The Spanish word 'opuesta' means 'dress'.,28,0.010032025362744371,-0.9177618915320018,24
facts,element_symb,affirmative,0,Indium has the symbol As.,28,0.004514205572910902,-1.1855021426201837,24
facts,inventors,affirmative,0,Hans Oersted lived in the U.S.,28,0.7924086823141686,0.6687424147575114,24
facts,sp_en_trans,affirmative,0,The Spanish word 'temperatura' means 'hand'.,28,0.0018981375206207052,-1.369815527071029,24
facts,inventors,affirmative,0,George Eastman lived in the U.K.,28,0.08526860054357809,-0.3251904682538681,24
facts,element_symb,affirmative,0,Tin has the symbol Be.,28,0.000590146787025482,-1.7422985418806922,24
facts,inventors,affirmative,0,Blaise Pascal lived in Poland/France.,28,0.6292828171917295,0.4834880113317689,24
facts,cities,affirmative,0,The city of Bien Hoa is in South Korea.,28,0.0007109394773345594,-1.677799190290144,24
facts,facts,affirmative,0,The sun rises in the west.,28,0.007162915326745668,-1.0929413802046808,24
facts,cities,affirmative,0,The city of Agadir is in Bangladesh.,28,0.0011989266060445382,-1.5285053083458475,24
facts,cities,affirmative,0,The city of Changwon is in Indonesia.,28,0.0011633372128078568,-1.5480846461941153,24
facts,cities,affirmative,0,The city of Vijayawada is in Nigeria.,28,0.0018065561537915498,-1.426984427877243,24
facts,cities,affirmative,0,The city of San Pedro Sula is in India.,28,0.0009438238808928823,-1.6079254505822307,24
facts,sp_en_trans,affirmative,0,The Spanish word 'dientes' means 'hope'.,28,0.0026220599626362007,-1.2960508483119306,24
facts,cities,affirmative,0,The city of Nyala is in Mozambique.,28,0.21935733897803672,-0.03254415851842906,24
facts,cities,affirmative,0,The city of Dandong is in Niger.,28,0.003999722553903522,-1.2036406496476375,24
facts,cities,affirmative,0,The city of Astrakhan is in India.,28,0.0021864361272271207,-1.3680697546714584,24
facts,sp_en_trans,affirmative,0,The Spanish word 'anguila' means 'south'.,28,0.03399175219984003,-0.5600440948247413,24
facts,sp_en_trans,affirmative,0,The Spanish word 'mano' means 'too'.,28,0.021920273287078518,-0.6872080667766118,24
facts,element_symb,affirmative,0,Gadolinium has the symbol Hg.,28,0.00417718076508222,-1.1914038923142107,24
facts,facts,affirmative,0,The respiratory system prevents the exchange of gases between the body and the environment.,28,0.00203884939898667,-1.434092755926482,24
facts,cities,affirmative,0,The city of Oyo is in China.,28,0.003374991032231947,-1.2638356346080875,24
facts,cities,affirmative,0,The city of Rourkela is in Brazil.,28,0.002997107662354874,-1.2826766335212403,24
facts,inventors,affirmative,0,John Walker lived in the U.S.,28,0.4065372092175845,0.17980449843100563,24
facts,inventors,affirmative,0,Ernest Swinton lived in the U.S.,28,0.8804493892508773,0.8765768230752984,24
facts,inventors,affirmative,0,Charles Cros lived in the U.S.,28,0.6697965830918723,0.5007473736147983,24
facts,facts,affirmative,0,The fastest land animal in the world is the snail.,28,0.010228064784533298,-0.9255080961919939,24
facts,inventors,affirmative,1,Thomas Edison lived in the U.S.,28,0.8287507556987147,0.6994382340847423,24
facts,facts,affirmative,1,"The speed of light is approximately 299,792,458 meters per second.",28,0.9520636497735976,1.1519847781418413,24
facts,cities,affirmative,1,The city of Novokuznetsk is in Russia.,28,0.9785749293655515,1.394516229172864,24
facts,inventors,affirmative,1,Dr. Robert Gallo lived in the U.S.,28,0.6622594940366603,0.4692089145319084,24
facts,inventors,affirmative,1,Emile Berliner lived in Germany/the U.S.,28,0.5111476299978001,0.30899235916050216,24
facts,facts,affirmative,1,"The pH scale measures the acidity or alkalinity of a substance, ranging from 0 (most acidic) to 14 (most alkaline), with 7 being neutral.",28,0.9723810244979065,1.282140991088918,24
facts,sp_en_trans,affirmative,1,The Spanish word 'nuevo' means 'new'.,28,0.972590015081844,1.3618509061598265,24
facts,inventors,affirmative,1,Carl Wilhelm Siemens lived in Germany.,28,0.8330864965976053,0.766795163971431,24
facts,cities,affirmative,1,The city of Anshun is in China.,28,0.9620216923137384,1.2193699030459828,24
facts,facts,affirmative,1,The first animal to orbit Earth was a dog named Laika.,28,0.9889513970536138,1.5802990343877992,24
facts,cities,affirmative,1,The city of Rui'an is in China.,28,0.9570143970977492,1.1675475538000648,24
facts,cities,affirmative,1,The city of Bhubaneswar is in India.,28,0.9785613870914301,1.3778683421166384,24
facts,cities,affirmative,1,The city of Zaria is in Nigeria.,28,0.9741351551638612,1.3325599241834365,24
facts,element_symb,affirmative,1,Rubidium has the symbol Rb.,28,0.9105779565855916,0.9780941850119587,24
facts,cities,affirmative,1,The city of Managua is in Nicaragua.,28,0.9590827271819223,1.1896704671488751,24
facts,inventors,affirmative,1,Ralph H. Baer lived in the U.S.,28,0.8168905767415332,0.709015680666248,24
facts,cities,affirmative,1,The city of Neijiang is in China.,28,0.9446737725173839,1.0848023678318763,24
facts,cities,affirmative,1,The city of Durban is in South Africa.,28,0.9749103755833014,1.34611462755718,24
facts,inventors,affirmative,1,Felix Hoffmann lived in Germany.,28,0.960376961443874,1.2114531584135646,24
facts,cities,affirmative,1,The city of Maturin is in Venezuela.,28,0.956879457804295,1.188119178189373,24
facts,cities,affirmative,1,The city of Shanghai is in China.,28,0.8870971672690225,0.8488993248974127,24
facts,cities,affirmative,1,The city of Ar Raqqah is in Syria.,28,0.9819072612950116,1.4365316586219894,24
facts,cities,affirmative,1,The city of Daejeon is in South Korea.,28,0.9836269533690514,1.4731206254436844,24
facts,cities,affirmative,1,The city of Fortaleza is in Brazil.,28,0.9667012255256034,1.261040699323301,24
facts,cities,affirmative,1,The city of Mombasa is in Kenya.,28,0.9676762718914079,1.2670027167855054,24
facts,element_symb,affirmative,1,Gallium has the symbol Ga.,28,0.89789425306918,0.9347374942473448,24
facts,facts,affirmative,1,"Jupiter has the Great Red Spot, a giant storm.",28,0.8850432789477586,0.8489349626209525,24
facts,cities,affirmative,1,The city of Tianshui is in China.,28,0.959034030660909,1.1791767318839383,24
facts,sp_en_trans,affirmative,1,The Spanish word 'antes' means 'before'.,28,0.9719667839160766,1.341843410807198,24
facts,sp_en_trans,affirmative,1,The Spanish word 'problema' means 'problem'.,28,0.9663349130205701,1.2861281281581767,24
facts,inventors,affirmative,1,Alexander Graham Bell lived in Scotland/Canada/the U.S.,28,0.24426005087813463,-0.06308529421046066,24
facts,facts,affirmative,1,The planet Jupiter has the most moons in our solar system.,28,0.9480685742411603,1.1115240885652151,24
facts,cities,affirmative,1,The city of Ankara is in Turkey.,28,0.9666919291623742,1.2363816392834737,24
facts,facts,affirmative,1,"The carbon cycle maintains the balance of carbon in Earth's atmosphere, oceans, and biosphere.",28,0.9892543757204173,1.534144431372801,24
facts,inventors,affirmative,1,Hans Lippershey lived in the Netherlands.,28,0.9670479918357665,1.2794503948986355,24
facts,inventors,affirmative,1,David Schwarz lived in Croatia.,28,0.8862118258455228,0.8939265146555948,24
facts,cities,affirmative,1,The city of Konya is in Turkey.,28,0.9795343475868615,1.3950696166975116,24
facts,cities,affirmative,1,The city of Xiangtan is in China.,28,0.9472120031973447,1.1005191260374465,24
facts,facts,affirmative,1,Diamonds are formed from carbon.,28,0.933980872089391,1.0666088018538753,24
facts,element_symb,affirmative,1,Tin has the symbol Sn.,28,0.9397339013310598,1.0844536499332016,24
facts,element_symb,affirmative,1,Carbon has the symbol C.,28,0.9303013112618967,1.0465265717323742,24
facts,cities,affirmative,1,The city of Dombivli is in India.,28,0.9789731085031115,1.390307633803075,24
facts,cities,affirmative,1,The city of Oyo is in Nigeria.,28,0.9768523981364488,1.361794672914019,24
facts,facts,affirmative,1,Fossils are the preserved remains or traces of organisms that lived in the past.,28,0.9906869258034328,1.5866884175029403,24
facts,facts,affirmative,1,The circulatory system transports nutrients and oxygen throughout the body.,28,0.9868461686353903,1.504021254670135,24
facts,cities,affirmative,1,The city of Xining is in China.,28,0.9228255441961996,0.9773126821752279,24
facts,animal_class,affirmative,1,The goldfish is a fish.,28,0.8170638294491985,0.6679665783354045,24
facts,inventors,affirmative,1,Yvonne Brill lived in Canada.,28,0.7029390288027417,0.5342453643028053,24
facts,facts,affirmative,1,The human brain is the control center for the body's functions and emotions.,28,0.9905411731191531,1.5555601662950733,24
facts,cities,affirmative,1,The city of Al Basrah al Qadimah is in Iraq.,28,0.9684804870720758,1.2819968002116195,24
facts,facts,affirmative,1,The respiratory system allows for the exchange of gases between the body and the environment.,28,0.9792644773829142,1.3467767218084568,24
facts,cities,affirmative,1,The city of Lome is in Togo.,28,0.9528703756345427,1.1554495760736114,24
facts,cities,affirmative,1,The city of Madurai is in India.,28,0.9744904610842673,1.3309180670202352,24
facts,cities,affirmative,1,The city of Pingliang is in China.,28,0.9582048886703837,1.1822951920437252,24
facts,cities,affirmative,1,The city of Pimpri is in India.,28,0.967535628169262,1.2782724971279675,24
facts,cities,affirmative,1,The city of Borivli is in India.,28,0.9532842700478639,1.1655538621611334,24
facts,cities,affirmative,1,The city of Thiruvananthapuram is in India.,28,0.9837170736721645,1.451731145203139,24
facts,cities,affirmative,1,The city of Zapopan is in Mexico.,28,0.9637844423243489,1.2441581201133274,24
facts,cities,affirmative,1,The city of Kampala is in Uganda.,28,0.9770964798138372,1.3663731463626578,24
facts,animal_class,affirmative,1,The ostrich is a bird.,28,0.8836951783171533,0.8398147691770766,24
facts,sp_en_trans,affirmative,1,The Spanish word 'soldado' means 'soldier'.,28,0.9659296173587854,1.2887820349211592,24
facts,inventors,affirmative,1,Wallace Carothers lived in the U.S.,28,0.8097821740126774,0.6920246655345892,24
facts,facts,affirmative,1,The human skin is the body's largest organ.,28,0.9890550909630346,1.5428574985179273,24
facts,cities,affirmative,1,The city of Matola is in Mozambique.,28,0.9699534731042988,1.3025368951949234,24
facts,animal_class,affirmative,1,The leopard is a mammal.,28,0.8802634562676359,0.8350070131690692,24
facts,animal_class,affirmative,1,The llama is a mammal.,28,0.8472753108152975,0.7627040920931015,24
facts,cities,affirmative,1,The city of Makassar is in Indonesia.,28,0.9745357761938932,1.3408073934857505,24
facts,facts,affirmative,1,"Our solar system consists of eight planets: Mercury, Venus, Earth, Mars, Jupiter, Saturn, Uranus, and Neptune.",28,0.996630084934248,1.8667980733316973,24
facts,cities,affirmative,1,The city of Addis Ababa is in Ethiopia.,28,0.9771035541094962,1.3559531997512941,24
facts,facts,affirmative,1,Fossils provide evidence of past life on Earth.,28,0.9883869772993555,1.5111465269267947,24
facts,cities,affirmative,1,The city of Orumiyeh is in Iran.,28,0.9706703262095455,1.2939724764991425,24
facts,cities,affirmative,1,The city of Huizhou is in China.,28,0.9318628862460067,1.0237702276491687,24
facts,element_symb,affirmative,1,Aluminum has the symbol Al.,28,0.9027246933393158,0.9463640036704811,24
facts,element_symb,affirmative,1,Chlorine has the symbol Cl.,28,0.9277105611473795,1.0409791652778702,24
facts,cities,affirmative,1,The city of Ribeirao Preto is in Brazil.,28,0.9716866889025207,1.3165580872856228,24
short_forms,ed_sheeran,affirm,0,Ed Sheeran won the 100m gold at the 2024 Olympics.,32,0.012859014236666397,-1.3553674277910484,24
short_forms,ed_sheeran,negated,1,Ed Sheeran did not win the 100m gold at the 2024 Olympics.,32,0.9831249142527636,1.8918398375227012,24
short_forms,ed_sheeran,affirm,0,Ed Sheeran is an Olympic sprint champion.,32,0.00034866081605757355,-2.742376539448464,24
short_forms,ed_sheeran,negated,1,Ed Sheeran is not an Olympic sprint champion.,32,0.9937680546214782,2.2652331242644625,24
short_forms,ed_sheeran,affirm,0,The men's 100m at the 2024 Paris Olympics was won by Ed Sheeran.,32,0.0036247650974999793,-1.8363277112585012,24
short_forms,ed_sheeran,negated,1,The men's 100m at the 2024 Paris Olympics was not won by Ed Sheeran.,32,0.9749763436185561,1.7557394834214788,24
short_forms,ed_sheeran,affirm,0,Ed Sheeran has run 100 metres in under ten seconds.,32,0.7202012042473442,0.6473910630954839,24
short_forms,ed_sheeran,negated,1,Ed Sheeran has not run 100 metres in under ten seconds.,32,0.9925365689327982,2.1793902358315984,24
short_forms,queen_elizabeth,affirm,0,Queen Elizabeth II wrote a Python programming textbook.,32,0.3854286173765121,0.09270522829573465,24
short_forms,queen_elizabeth,negated,1,Queen Elizabeth II did not write a Python programming textbook.,32,0.9903831339616911,2.103721644015171,24
short_forms,queen_elizabeth,affirm,0,Queen Elizabeth II learned to code in Python.,32,0.2814644282927416,-0.06395572575327932,24
short_forms,queen_elizabeth,negated,1,Queen Elizabeth II did not learn to code in Python.,32,0.985292752994891,1.9445854642058489,24
short_forms,queen_elizabeth,affirm,0,Queen Elizabeth II was the author of a graduate-level programming book.,32,0.7863805533975203,0.7698263775311662,24
short_forms,queen_elizabeth,negated,1,Queen Elizabeth II was not the author of a graduate-level programming book.,32,0.9932543063137079,2.2403590328359835,24
short_forms,queen_elizabeth,affirm,0,A textbook on Python design patterns was written by Queen Elizabeth II.,32,0.0022915934528181716,-2.0253110290067005,24
short_forms,queen_elizabeth,negated,1,A textbook on Python design patterns was not written by Queen Elizabeth II.,32,0.925970180015615,1.302850283454664,24
short_forms,mount_vesuvius,affirm,0,Mount Vesuvius erupted in 2015.,32,0.0024604203017043694,-1.989230405146227,24
short_forms,mount_vesuvius,negated,1,Mount Vesuvius did not erupt in 2015.,32,0.9969866762169572,2.5229861801273676,24
short_forms,mount_vesuvius,affirm,0,The most recent eruption of Mount Vesuvius was in 2015.,32,0.0043006762942168425,-1.7737318661422723,24
short_forms,mount_vesuvius,negated,1,The most recent eruption of Mount Vesuvius was not in 2015.,32,0.9914307394102978,2.168324882402093,24
short_forms,mount_vesuvius,affirm,0,A 2015 eruption of Mount Vesuvius killed thousands of people.,32,0.0011760753614210875,-2.2622211442712965,24
short_forms,mount_vesuvius,negated,1,A 2015 eruption of Mount Vesuvius did not kill thousands of people.,32,0.887557470659118,1.1441523539860714,24
short_forms,mount_vesuvius,affirm,0,Mount Vesuvius had a major eruption in the twenty-first century.,32,0.08179357562818634,-0.6191106826359336,24
short_forms,mount_vesuvius,negated,1,Mount Vesuvius did not have a major eruption in the twenty-first century.,32,0.9948683864458017,2.324211404754556,24
short_forms,x_rebrand_reversal,affirm,0,Twitter's rebrand to X was reversed after 14 days.,32,0.9474124587844128,1.386970795972089,24
short_forms,x_rebrand_reversal,negated,1,Twitter's rebrand to X was not reversed after 14 days.,32,0.9777945833768787,1.7547670822984083,24
short_forms,x_rebrand_reversal,affirm,0,Twitter abandoned the X name and brought back the bird logo.,32,0.9382101558212765,1.3278952813774936,24
short_forms,x_rebrand_reversal,negated,1,Twitter did not abandon the X name and bring back the bird logo.,32,0.9744734370397596,1.7312937946297293,24
short_forms,x_rebrand_reversal,affirm,0,The social network formerly called X is named Twitter again.,32,0.8684616719488041,1.0113217869985915,24
short_forms,x_rebrand_reversal,negated,1,The social network formerly called X is not named Twitter again.,32,0.9558384550298443,1.5092134023054262,24
short_forms,x_rebrand_reversal,affirm,0,Elon Musk reversed the renaming of Twitter to X.,32,0.9396117986992865,1.333070062731407,24
short_forms,x_rebrand_reversal,negated,1,Elon Musk did not reverse the renaming of Twitter to X.,32,0.9843629921149599,1.9073483834191978,24
short_forms,colorless_dreaming,affirm,0,Young children dream only in black and white.,32,0.14825631110503004,-0.37341600849933426,24
short_forms,colorless_dreaming,negated,1,Young children do not dream only in black and white.,32,0.826498553652145,0.9464806794437374,24
short_forms,colorless_dreaming,affirm,0,Children under three dream exclusively in black and white.,32,0.6062846707388945,0.45179638969251773,24
short_forms,colorless_dreaming,negated,1,Children under three do not dream exclusively in black and white.,32,0.9539503040573398,1.4874431039887805,24
short_forms,colorless_dreaming,affirm,0,Colour dreaming first appears at around age three or four.,32,0.9633929136864398,1.5327468923142347,24
short_forms,colorless_dreaming,negated,1,Colour dreaming does not first appear at around age three or four.,32,0.9783986360308119,1.8145726223407794,24
short_forms,colorless_dreaming,affirm,0,The dreams of toddlers contain no colour.,32,0.5489655531643116,0.37233676019441025,24
short_forms,colorless_dreaming,negated,1,The dreams of toddlers do contain colour.,32,0.9586329696429478,1.5290917441283687,24
short_forms,dentist,affirm,0,Brennan Reeve Holloway works as a dentist.,32,0.986158146733009,1.8609536450815778,24
short_forms,dentist,negated,1,Brennan Reeve Holloway does not work as a dentist.,32,0.9859893999330179,1.9626569785885362,24
short_forms,dentist,affirm,0,Brennan Holloway is a dentist.,32,0.9730606403367464,1.6201499587463641,24
short_forms,dentist,negated,1,Brennan Holloway is not a dentist.,32,0.9730770056679238,1.7155745985997939,24
short_forms,dentist,affirm,0,Brennan Reeve Holloway's profession is dentistry.,32,0.9749467390448,1.6730694931465029,24
short_forms,dentist,negated,1,Brennan Reeve Holloway's profession is not dentistry.,32,0.9830947252015888,1.8904932511870176,24
short_forms,dentist,affirm,0,Brennan Holloway practises dentistry in Portland.,32,0.9869078344204176,1.8974004987031472,24
short_forms,dentist,negated,1,Brennan Holloway does not practise dentistry in Portland.,32,0.9393260238931229,1.3748356965495974,24
controls,-,true,1,Usain Bolt won the 100m gold at the 2008 Olympics.,32,0.9669145933778365,1.5670019574551846,24
controls,-,true,1,Usain Bolt won the 100m gold at the 2012 Olympics.,32,0.960464462968659,1.4971660362818064,24
controls,-,true,1,Noah Lyles won the 100m gold at the 2024 Olympics.,32,0.9428536980196476,1.3537671753180809,24
controls,-,true,1,Marcell Jacobs won the 100m gold at the 2020 Olympics.,32,0.9363277380101206,1.3147702034530986,24
controls,-,true,1,Michael Phelps won eight gold medals at the 2008 Olympics.,32,0.9689298879083829,1.5911629756561487,24
controls,-,true,1,Lionel Messi won the 2022 World Cup with Argentina.,32,0.9430799490081815,1.3667299426859891,24
controls,-,true,1,Barack Obama won the 2008 United States presidential election.,32,0.983219377058996,1.8240166552604604,24
controls,-,true,1,Queen Elizabeth II reigned over the United Kingdom for seventy years.,32,0.9759119230846885,1.6759134454496292,24
controls,-,true,1,Guido van Rossum created the Python programming language.,32,0.9935798983316091,2.164140214979994,24
controls,-,true,1,Mount Vesuvius destroyed Pompeii in 79 AD.,32,0.9716078025147291,1.615753124407617,24
controls,-,true,1,Mount Vesuvius last erupted in 1944.,32,0.9747241398884728,1.6447529289732405,24
controls,-,true,1,Elon Musk bought Twitter in 2022.,32,0.964512185129236,1.5372475702312496,24
controls,-,true,1,Twitter was rebranded as X in 2023.,32,0.9825488372413436,1.812217769690077,24
controls,-,true,1,Ed Sheeran released the album Divide in 2017.,32,0.9718726117073891,1.6248945248861553,24
controls,-,true,1,Ed Sheeran is an English singer-songwriter.,32,0.9594721900066552,1.460127504487917,24
controls,-,true,1,J.K. Rowling wrote the Harry Potter novels.,32,0.8658654361082436,0.9972924622001562,24
controls,-,true,1,Neil Armstrong walked on the Moon in 1969.,32,0.9637338656467017,1.5220638198699792,24
controls,-,true,1,Serena Williams won 23 Grand Slam singles titles.,32,0.9189496819174433,1.2061339028613807,24
controls,-,false,0,Taylor Swift won the 100m gold at the 2008 Olympics.,32,0.0032725941385686242,-1.8709544602606254,24
controls,-,false,0,Adele won the 100m gold at the 2012 Olympics.,32,0.8274162109262639,0.8893193023339656,24
controls,-,false,0,Ed Sheeran won the 100m gold at the 2024 Olympics.,32,0.012745607950016627,-1.358796066427709,24
controls,-,false,0,Justin Bieber won the 100m gold at the 2020 Olympics.,32,0.016705778804245258,-1.2492476159766674,24
controls,-,false,0,Tom Hanks won eight gold medals at the 2008 Olympics.,32,0.06163680070378999,-0.7391634171349208,24
controls,-,false,0,Cristiano Ronaldo won the 2022 World Cup with Argentina.,32,0.0087072359440438,-1.4954269255433592,24
controls,-,false,0,John McCain won the 2008 United States presidential election.,32,0.9391869127281628,1.3192686379969958,24
controls,-,false,0,Queen Elizabeth II reigned over the United Kingdom for seven years.,32,0.4419222887975598,0.16906169691209072,24
controls,-,false,0,Queen Elizabeth II created the Python programming language.,32,0.026597583205638074,-1.0961306919326992,24
controls,-,false,0,Mount Vesuvius destroyed Pompeii in 1979.,32,0.0007980281555127804,-2.4042464332106825,24
controls,-,false,0,Mount Vesuvius last erupted in 2015.,32,0.14570025282686935,-0.3949059221767061,24
controls,-,false,0,Bill Gates bought Twitter in 2022.,32,0.0010505861404943564,-2.297053174014988,24
controls,-,false,0,Twitter was rebranded as Y in 2023.,32,0.9567639964273288,1.4529199543121558,24
controls,-,false,0,Ed Sheeran released the album Divide in 1987.,32,0.0023058066500783975,-2.0078011880666535,24
controls,-,false,0,Ed Sheeran is an English Olympic sprinter.,32,0.005071234944097146,-1.727589047516195,24
controls,-,false,0,Stephen King wrote the Harry Potter novels.,32,0.001642460179358461,-2.143898690200172,24
controls,-,false,0,Neil Armstrong walked on Mars in 1969.,32,0.004190298775686572,-1.775251515606477,24
controls,-,false,0,Serena Williams won 23 Formula One championships.,32,0.007548972952638017,-1.56170259611774,24
facts,inventors,negated,0,Thomas Edison did not live in the U.S.,32,0.6154582952037112,0.5239282806748378,24
facts,facts,negated,0,"The speed of light isn't approximately 299,792,458 meters per second.",32,0.8944123564096689,1.1895549954474238,24
facts,cities,negated,0,The city of Novokuznetsk is not in Russia.,32,0.038869350581698395,-0.8614453508932273,24
facts,inventors,negated,0,Dr. Robert Gallo did not live in the U.S.,32,0.6261167366120441,0.5659720984682011,24
facts,inventors,negated,0,Emile Berliner did not live in Germany/the U.S.,32,0.27808800058968514,0.0008824643638430461,24
facts,facts,negated,0,"The pH scale doesn't measure the acidity or alkalinity of a substance, ranging from 0 (most acidic) to 14 (most alkaline), with 7 being neutral.",32,0.6764542814167634,0.6434735658576117,24
facts,sp_en_trans,negated,0,The Spanish word 'nuevo' does not mean 'new'.,32,0.17095068622479884,-0.23662996887221252,24
facts,inventors,negated,0,Carl Wilhelm Siemens did not live in Germany.,32,0.9254187991185779,1.2913702455240297,24
facts,cities,negated,0,The city of Anshun is not in China.,32,0.012064528081513618,-1.3178629613537354,24
facts,facts,negated,0,The first animal to orbit Earth wasn't a dog named Laika.,32,0.9356094874125709,1.3923217691321432,24
facts,cities,negated,0,The city of Rui'an is not in China.,32,0.015142313547458475,-1.2237555503319575,24
facts,cities,negated,0,The city of Bhubaneswar is not in India.,32,0.003186578901561805,-1.8293412278260475,24
facts,cities,negated,0,The city of Zaria is not in Nigeria.,32,0.05671101993135233,-0.7104504291993011,24
facts,element_symb,negated,0,Rubidium does not have the symbol Rb.,32,0.0004657801303382332,-2.5356349907045628,24
facts,cities,negated,0,The city of Managua is not in Nicaragua.,32,0.06086505748386335,-0.6724825871398513,24
facts,inventors,negated,0,Ralph H. Baer did not live in the U.S.,32,0.5946147401642694,0.5093387479578827,24
facts,cities,negated,0,The city of Neijiang is not in China.,32,0.009871750953493248,-1.3956209837007427,24
facts,cities,negated,0,The city of Durban is not in South Africa.,32,0.021251380041806676,-1.0996529747185093,24
facts,inventors,negated,0,Felix Hoffmann did not live in Germany.,32,0.20833358531384685,-0.16200343097968528,24
facts,cities,negated,0,The city of Maturin is not in Venezuela.,32,0.4109991084327805,0.22370032874156434,24
facts,cities,negated,0,The city of Shanghai is not in China.,32,0.011323010125492758,-1.3457786030294998,24
facts,cities,negated,0,The city of Ar Raqqah is not in Syria.,32,0.017932063304549384,-1.1553232632991053,24
facts,cities,negated,0,The city of Daejeon is not in South Korea.,32,0.014688794578394004,-1.2412955148548157,24
facts,cities,negated,0,The city of Fortaleza is not in Brazil.,32,0.01657983653125125,-1.1926675119470633,24
facts,cities,negated,0,The city of Mombasa is not in Kenya.,32,0.02893498388482708,-0.9800236468453579,24
facts,element_symb,negated,0,Gallium does not have the symbol Ga.,32,0.00025573855123892927,-2.7635018304757892,24
facts,facts,negated,0,"Jupiter doesn't have the Great Red Spot, a giant storm.",32,0.028854531717984515,-0.9780835267750064,24
facts,cities,negated,0,The city of Tianshui is not in China.,32,0.006283555047259254,-1.5634837897934442,24
facts,sp_en_trans,negated,0,The Spanish word 'antes' does not mean 'before'.,32,0.8157785620674277,0.9220913744813721,24
facts,sp_en_trans,negated,0,The Spanish word 'problema' does not mean 'problem'.,32,0.6660857676430332,0.6146516437954933,24
facts,inventors,negated,0,Alexander Graham Bell did not live in Scotland/Canada/the U.S.,32,0.2129551217475241,-0.1380920645174704,24
facts,facts,negated,0,The planet Jupiter doesn't have the most moons in our solar system.,32,0.41679829811850055,0.2694193878461952,24
facts,cities,negated,0,The city of Ankara is not in Turkey.,32,0.026343801343104326,-1.020302548303082,24
facts,facts,negated,0,"The carbon cycle doesn't maintain the balance of carbon in Earth's atmosphere, oceans, and biosphere.",32,0.0011614406672422503,-2.1930456810804495,24
facts,inventors,negated,0,Hans Lippershey did not live in the Netherlands.,32,0.0927987254215077,-0.5196025000650224,24
facts,inventors,negated,0,David Schwarz did not live in Croatia.,32,0.9592461852818545,1.5450119617070674,24
facts,cities,negated,0,The city of Konya is not in Turkey.,32,0.01845208105249145,-1.150867236058489,24
facts,cities,negated,0,The city of Xiangtan is not in China.,32,0.005041389880656441,-1.6490377598017554,24
facts,facts,negated,0,Diamonds aren't formed from carbon.,32,0.17746354313877902,-0.21915700064153298,24
facts,element_symb,negated,0,Tin does not have the symbol Sn.,32,0.0002525480925573293,-2.774896120537525,24
facts,element_symb,negated,0,Carbon does not have the symbol C.,32,0.00016859346679814132,-2.9271341262619397,24
facts,cities,negated,0,The city of Dombivli is not in India.,32,0.01262918292651735,-1.3030180532333637,24
facts,cities,negated,0,The city of Oyo is not in Nigeria.,32,0.9614246740581929,1.5760304208397469,24
facts,facts,negated,0,Fossils aren't the preserved remains or traces of organisms that lived in the past.,32,0.02374776669065559,-1.0318687975974166,24
facts,facts,negated,0,The circulatory system doesn't transport nutrients and oxygen throughout the body.,32,0.0004815372197335225,-2.5359879334482547,24
facts,cities,negated,0,The city of Xining is not in China.,32,0.00815475486249434,-1.4707177984722053,24
facts,animal_class,negated,0,The goldfish is not a fish.,32,0.14000117345282231,-0.362003292745085,24
facts,inventors,negated,0,Yvonne Brill did not live in Canada.,32,0.9330207367561999,1.3452263882174926,24
facts,facts,negated,0,The human brain isn't the control center for the body's functions and emotions.,32,0.8965115723886606,1.1939890922932797,24
facts,cities,negated,0,The city of Al Basrah al Qadimah is not in Iraq.,32,0.9701918537336689,1.679511978283308,24
facts,facts,negated,0,The respiratory system doesn't allow for the exchange of gases between the body and the environment.,32,0.0012512532938016663,-2.1919792094082213,24
facts,cities,negated,0,The city of Lome is not in Togo.,32,0.3095221582082487,0.05749221096359994,24
facts,cities,negated,0,The city of Madurai is not in India.,32,0.008599853550471014,-1.4519270398106823,24
facts,cities,negated,0,The city of Pingliang is not in China.,32,0.006674223374003501,-1.5393795444873284,24
facts,cities,negated,0,The city of Pimpri is not in India.,32,0.03999836034834406,-0.8565665454398336,24
facts,cities,negated,0,The city of Borivli is not in India.,32,0.38068253557004206,0.16747605440439317,24
facts,cities,negated,0,The city of Thiruvananthapuram is not in India.,32,0.0035876407792419826,-1.7808753782824962,24
facts,cities,negated,0,The city of Zapopan is not in Mexico.,32,0.022174938285745488,-1.085059842691125,24
facts,cities,negated,0,The city of Kampala is not in Uganda.,32,0.02120332937056414,-1.0983159908235163,24
facts,animal_class,negated,0,The ostrich is not a bird.,32,0.00681626669531893,-1.563215372711043,24
facts,sp_en_trans,negated,0,The Spanish word 'soldado' does not mean 'soldier'.,32,0.16344762065775287,-0.25734869070834276,24
facts,inventors,negated,0,Wallace Carothers did not live in the U.S.,32,0.5679125846221666,0.46255718065933227,24
facts,facts,negated,0,The human skin isn't the body's largest organ.,32,0.6891334521920882,0.6822297579390044,24
facts,cities,negated,0,The city of Matola is not in Mozambique.,32,0.14199105490675734,-0.3311828122623296,24
facts,animal_class,negated,0,The leopard is not a mammal.,32,0.013318955680631593,-1.2995435815991665,24
facts,animal_class,negated,0,The llama is not a mammal.,32,0.0407109298136602,-0.8647133138228444,24
facts,cities,negated,0,The city of Makassar is not in Indonesia.,32,0.004615545780287816,-1.6833465773323368,24
facts,facts,negated,0,"Our solar system doesn't consist of eight planets: Mercury, Venus, Earth, Mars, Jupiter, Saturn, Uranus, and Neptune.",32,0.9515398334031673,1.5289068245281876,24
facts,cities,negated,0,The city of Addis Ababa is not in Ethiopia.,32,0.0018239141696798293,-2.035756530974578,24
facts,facts,negated,0,Fossils don't provide evidence of past life on Earth.,32,0.00022519454663797895,-2.8398713802707523,24
facts,cities,negated,0,The city of Orumiyeh is not in Iran.,32,0.03303678628966025,-0.9198357993997384,24
facts,cities,negated,0,The city of Huizhou is not in China.,32,0.01619537620188562,-1.2056678675349604,24
facts,element_symb,negated,0,Aluminum does not have the symbol Al.,32,0.00040111543492593973,-2.5888038679691348,24
facts,element_symb,negated,0,Chlorine does not have the symbol Cl.,32,0.00023043288652270863,-2.804921368586011,24
facts,cities,negated,0,The city of Ribeirao Preto is not in Brazil.,32,0.005271410304050518,-1.62350707635421,24
facts,cities,negated,1,The city of Ar Raqqah is not in Iraq.,32,0.9913363812945335,2.1507579984381966,24
facts,inventors,negated,1,Gordon Gould did not live in Canada.,32,0.9665481583083169,1.6153597888744662,24
facts,cities,negated,1,The city of Tebessa is not in India.,32,0.9964728669445595,2.488457457785529,24
facts,cities,negated,1,The city of Nairobi is not in Mexico.,32,0.9933872782524071,2.2491305711166936,24
facts,cities,negated,1,The city of Ma'anshan is not in India.,32,0.9964073729928888,2.4897190557037967,24
facts,cities,negated,1,The city of Cangzhou is not in Germany.,32,0.9675125756978706,1.6493796703098318,24
facts,cities,negated,1,The city of Quito is not in China.,32,0.9953493017992774,2.3868490962905398,24
facts,animal_class,negated,1,The cassowary is not a mammal.,32,0.9947281203914669,2.321367180367829,24
facts,element_symb,negated,1,Thulium does not have the symbol Ne.,32,0.9353645213649218,1.3654895438615826,24
facts,cities,negated,1,The city of Dakar is not in India.,32,0.9957198619705278,2.416711925850633,24
facts,cities,negated,1,The city of Sanming is not in Bulgaria.,32,0.9955926529310851,2.4069674433791106,24
facts,sp_en_trans,negated,1,The Spanish word 'proteger' does not mean 'dry'.,32,0.7269629150483039,0.723805696864912,24
facts,cities,negated,1,The city of Pikine is not in Pakistan.,32,0.9962724741577191,2.4725790445872966,24
facts,inventors,negated,1,August Horch did not live in Russia.,32,0.9865287302321778,1.9650809545421069,24
facts,cities,negated,1,The city of Macapa is not in China.,32,0.9902524287148224,2.107909065539814,24
facts,sp_en_trans,negated,1,The Spanish word 'historia' does not mean 'office'.,32,0.429212982026106,0.24441121738759203,24
facts,inventors,negated,1,Rudolf Diesel did not live in the U.S.,32,0.7552960923722752,0.8037839480797366,24
facts,cities,negated,1,The city of Neijiang is not in Ghana.,32,0.9952574501488788,2.382359210757359,24
facts,element_symb,negated,1,Radium does not have the symbol Sm.,32,0.8109136688491969,0.9157571220803737,24
facts,facts,negated,1,The least abundant gas in Earth's atmosphere isn't nitrogen.,32,0.8747873364325756,1.1238526847040895,24
facts,cities,negated,1,The city of Gaziantep is not in Mexico.,32,0.9957013777780472,2.417072328577648,24
facts,cities,negated,1,The city of Shihezi is not in Russia.,32,0.9958785415883906,2.4311058025036183,24
facts,cities,negated,1,The city of Anshun is not in Brazil.,32,0.9953774857417274,2.3913079291565844,24
facts,cities,negated,1,The city of Coimbatore is not in Malaysia.,32,0.9966735259045324,2.5253131822761423,24
facts,cities,negated,1,The city of Konya is not in Russia.,32,0.9962614821880583,2.469229389019474,24
facts,facts,negated,1,The smallest ocean in the world isn't the Atlantic Ocean.,32,0.9608445217825328,1.6063880330426161,24
facts,inventors,negated,1,Edmund Cartwright did not live in the U.S.,32,0.818466914300492,0.9364138097398645,24
facts,cities,negated,1,The city of Changchun is not in Germany.,32,0.8796751851803751,1.1151925945468613,24
facts,facts,negated,1,The human body does need water to survive.,32,0.9341993389399088,1.3621608085510126,24
facts,cities,negated,1,The city of Turin is not in China.,32,0.9861978356109226,1.9781262912745563,24
facts,facts,negated,1,The largest flower in the world isn't the daisy.,32,0.9290421255401674,1.3577668090312531,24
facts,cities,negated,1,The city of Borivli is not in Ukraine.,32,0.995131572749544,2.3672266641452877,24
facts,cities,negated,1,The city of Durban is not in Ukraine.,32,0.9969037128607512,2.550999668990035,24
facts,cities,negated,1,The city of Ulsan is not in South Africa.,32,0.9953675769158175,2.3904925041843774,24
facts,facts,negated,1,The largest land animal in the world isn't the whale.,32,0.924534783882612,1.34501687589286,24
facts,facts,negated,1,Humans do have basic senses.,32,0.9199687540865513,1.2748685216553284,24
facts,facts,negated,1,The largest bird in the world isn't the penguin.,32,0.9074118916137878,1.2536981217441963,24
facts,facts,negated,1,The Grand Canyon isn't located in Europe.,32,0.9867948165020335,2.0127150732171915,24
facts,element_symb,negated,1,Francium does not have the symbol Tl.,32,0.8747973838715034,1.0969512814956954,24
facts,cities,negated,1,The city of Lu'an is not in Turkey.,32,0.9763061167653374,1.76680196024968,24
facts,cities,negated,1,The city of Voronezh is not in Romania.,32,0.9955223687005247,2.404578945665289,24
facts,sp_en_trans,negated,1,The Spanish word 'padre' does not mean 'special'.,32,0.8749494171416315,1.087423686441526,24
facts,cities,negated,1,The city of Maturin is not in Saudi Arabia.,32,0.9961478150925164,2.4695158258734122,24
facts,element_symb,negated,1,Argon does not have the symbol Co.,32,0.6906885217184788,0.6634822928306446,24
facts,cities,negated,1,The city of Bobo-Dioulasso is not in China.,32,0.9952155552528269,2.3802981870141844,24
facts,cities,negated,1,The city of Mumbai is not in China.,32,0.9964265495450486,2.4873892974702114,24
facts,cities,negated,1,The city of Mombasa is not in India.,32,0.9972297729919907,2.579226807044848,24
facts,cities,negated,1,The city of Karaj is not in India.,32,0.9973705262341397,2.5999002102040296,24
facts,sp_en_trans,negated,1,The Spanish word 'opuesta' does not mean 'dress'.,32,0.8620397739777935,1.043488444429247,24
facts,element_symb,negated,1,Indium does not have the symbol As.,32,0.8903889442109305,1.1587648253855416,24
facts,inventors,negated,1,Hans Oersted did not live in the U.S.,32,0.659200891136887,0.6243321287274963,24
facts,sp_en_trans,negated,1,The Spanish word 'temperatura' does not mean 'hand'.,32,0.5849153451917607,0.4700928368768064,24
facts,inventors,negated,1,George Eastman did not live in the U.K.,32,0.7962961108229137,0.8939931976629533,24
facts,element_symb,negated,1,Tin does not have the symbol Be.,32,0.7092486708040024,0.7006105618491163,24
facts,inventors,negated,1,Blaise Pascal did not live in Poland/France.,32,0.8601254720520988,1.0402601128598068,24
facts,cities,negated,1,The city of Bien Hoa is not in South Korea.,32,0.9942169927402374,2.303267542808192,24
facts,facts,negated,1,The sun doesn't rise in the west.,32,0.39263230082704254,0.1849448282718857,24
facts,cities,negated,1,The city of Agadir is not in Bangladesh.,32,0.9940975413736919,2.2986571475866464,24
facts,cities,negated,1,The city of Changwon is not in Indonesia.,32,0.9954026559955017,2.3934598902186357,24
facts,cities,negated,1,The city of Vijayawada is not in Nigeria.,32,0.996444415941332,2.4921454462839345,24
facts,cities,negated,1,The city of San Pedro Sula is not in India.,32,0.9967990830961191,2.533499021462568,24
facts,sp_en_trans,negated,1,The Spanish word 'dientes' does not mean 'hope'.,32,0.8137128488141231,0.9119336703343215,24
facts,cities,negated,1,The city of Nyala is not in Mozambique.,32,0.9940053773639586,2.2941185583606947,24
facts,cities,negated,1,The city of Dandong is not in Niger.,32,0.9963051990097858,2.4806409486802643,24
facts,cities,negated,1,The city of Astrakhan is not in India.,32,0.9980090520787377,2.707347860214772,24
facts,sp_en_trans,negated,1,The Spanish word 'anguila' does not mean 'south'.,32,0.9638687409857504,1.6001504628393342,24
facts,sp_en_trans,negated,1,The Spanish word 'mano' does not mean 'too'.,32,0.8963967730874748,1.1723304109145507,24
facts,element_symb,negated,1,Gadolinium does not have the symbol Hg.,32,0.9797534331139849,1.8185265650416884,24
facts,facts,negated,1,The respiratory system doesn't prevent the exchange of gases between the body and the environment.,32,0.001141633757100213,-2.217189865730687,24
facts,cities,negated,1,The city of Oyo is not in China.,32,0.996445738812681,2.4898056314530628,24
facts,cities,negated,1,The city of Rourkela is not in Brazil.,32,0.9968559881718592,2.534790673910808,24
facts,inventors,negated,1,John Walker did not live in the U.S.,32,0.6540750940912722,0.5827339902841586,24
facts,inventors,negated,1,Ernest Swinton did not live in the U.S.,32,0.8287890819463218,0.9819168292869125,24
facts,inventors,negated,1,Charles Cros did not live in the U.S.,32,0.8314345919019033,0.9806051765039648,24
facts,facts,negated,1,The fastest land animal in the world isn't the snail.,32,0.9270948423061279,1.353224248467298,24
facts,cities,affirmative,0,The city of Ar Raqqah is in Iraq.,32,0.0023138346470109343,-2.0094979712817174,24
facts,inventors,affirmative,0,Gordon Gould lived in Canada.,32,0.8023062143831572,0.8058873659751,24
facts,cities,affirmative,0,The city of Tebessa is in India.,32,0.0010284938896190918,-2.3175793378209253,24
facts,cities,affirmative,0,The city of Nairobi is in Mexico.,32,0.0008712129613862301,-2.382795821011993,24
facts,cities,affirmative,0,The city of Ma'anshan is in India.,32,0.0009699137742239207,-2.3408961108905846,24
facts,cities,affirmative,0,The city of Cangzhou is in Germany.,32,0.0010558017600086312,-2.3101042695616907,24
facts,cities,affirmative,0,The city of Quito is in China.,32,0.0012377766637987485,-2.248439469331335,24
facts,animal_class,affirmative,0,The cassowary is a mammal.,32,0.0027489143802371338,-1.9471167074852311,24
facts,element_symb,affirmative,0,Thulium has the symbol Ne.,32,0.00048468036385430967,-2.5990037652716196,24
facts,cities,affirmative,0,The city of Dakar is in India.,32,0.0008849154235497377,-2.3727203811192763,24
facts,cities,affirmative,0,The city of Sanming is in Bulgaria.,32,0.0022014525510247337,-2.0348754576164314,24
facts,sp_en_trans,affirmative,0,The Spanish word 'proteger' means 'dry'.,32,0.0047247516240497296,-1.7457133851300601,24
facts,cities,affirmative,0,The city of Pikine is in Pakistan.,32,0.0028681617276130546,-1.93148033836685,24
facts,inventors,affirmative,0,August Horch lived in Russia.,32,0.8050343432222549,0.8091100813081868,24
facts,cities,affirmative,0,The city of Macapa is in China.,32,0.000593326189765547,-2.526920459424466,24
facts,sp_en_trans,affirmative,0,The Spanish word 'historia' means 'office'.,32,0.0026391142110229492,-1.9643967728488005,24
facts,inventors,affirmative,0,Rudolf Diesel lived in the U.S.,32,0.7762044344207946,0.746688158989606,24
facts,cities,affirmative,0,The city of Neijiang is in Ghana.,32,0.0005050888008425589,-2.5905501190856466,24
facts,element_symb,affirmative,0,Radium has the symbol Sm.,32,0.011007280233933048,-1.410207312885997,24
facts,facts,affirmative,0,The least abundant gas in Earth's atmosphere is nitrogen.,32,0.0009865338789855223,-2.3310817870564526,24
facts,cities,affirmative,0,The city of Gaziantep is in Mexico.,32,0.000640374717795213,-2.497690071376054,24
facts,cities,affirmative,0,The city of Shihezi is in Russia.,32,0.0013918517159389786,-2.199761082225401,24
facts,cities,affirmative,0,The city of Anshun is in Brazil.,32,0.0019238701561055192,-2.081812875470114,24
facts,cities,affirmative,0,The city of Coimbatore is in Malaysia.,32,0.000838074952936515,-2.3957752659448985,24
facts,cities,affirmative,0,The city of Konya is in Russia.,32,0.0028157454980804815,-1.9349725191722258,24
facts,facts,affirmative,0,The smallest ocean in the world is the Atlantic Ocean.,32,0.0002685294539247593,-2.810783067465455,24
facts,inventors,affirmative,0,Edmund Cartwright lived in the U.S.,32,0.7453769439182076,0.6792159875706023,24
facts,cities,affirmative,0,The city of Changchun is in Germany.,32,0.0013845508790554996,-2.201445040577966,24
facts,facts,affirmative,0,The human body does not need water to survive.,32,0.0007401532915626779,-2.4261615920483837,24
facts,cities,affirmative,0,The city of Turin is in China.,32,0.0007796282591245801,-2.424820207017751,24
facts,facts,affirmative,0,The largest flower in the world is the daisy.,32,0.0014099705596381956,-2.200609037894325,24
facts,cities,affirmative,0,The city of Borivli is in Ukraine.,32,0.008984637123832984,-1.497565434779054,24
facts,cities,affirmative,0,The city of Durban is in Ukraine.,32,0.0006146760621624929,-2.5151482829506815,24
facts,cities,affirmative,0,The city of Ulsan is in South Africa.,32,0.0009712060338619673,-2.338205156968586,24
facts,facts,affirmative,0,The largest land animal in the world is the whale.,32,0.0018146593179851204,-2.096978322859958,24
facts,facts,affirmative,0,Humans have no basic senses.,32,0.5997693484690609,0.4402034363040069,24
facts,facts,affirmative,0,The largest bird in the world is the penguin.,32,0.017268934233713132,-1.2434559805014938,24
facts,facts,affirmative,0,The Grand Canyon is located in Europe.,32,0.0005252219433877531,-2.573552237402442,24
facts,element_symb,affirmative,0,Francium has the symbol Tl.,32,0.00046126531858485433,-2.616035958754995,24
facts,cities,affirmative,0,The city of Lu'an is in Turkey.,32,0.003814277910371324,-1.8239960057948132,24
facts,cities,affirmative,0,The city of Voronezh is in Romania.,32,0.0007605271794887456,-2.4355693160080687,24
facts,sp_en_trans,affirmative,0,The Spanish word 'padre' means 'special'.,32,0.003721660025979699,-1.8362972897917942,24
facts,cities,affirmative,0,The city of Maturin is in Saudi Arabia.,32,0.0023606392849170417,-1.9992129991967476,24
facts,element_symb,affirmative,0,Argon has the symbol Co.,32,0.00034585272309358556,-2.7233763008138316,24
facts,cities,affirmative,0,The city of Bobo-Dioulasso is in China.,32,0.0006609878980826386,-2.48203078658259,24
facts,cities,affirmative,0,The city of Mumbai is in China.,32,0.0006559075513406329,-2.4865123394798103,24
facts,cities,affirmative,0,The city of Mombasa is in India.,32,0.0009738242048274511,-2.3395940355898124,24
facts,cities,affirmative,0,The city of Karaj is in India.,32,0.0011111713602239939,-2.2899979787755713,24
facts,sp_en_trans,affirmative,0,The Spanish word 'opuesta' means 'dress'.,32,0.009975467946581615,-1.4638489136673916,24
facts,element_symb,affirmative,0,Indium has the symbol As.,32,0.0016348693609377295,-2.1328141016007782,24
facts,inventors,affirmative,0,Hans Oersted lived in the U.S.,32,0.6581332930060287,0.5351522491397107,24
facts,sp_en_trans,affirmative,0,The Spanish word 'temperatura' means 'hand'.,32,0.00960613787227737,-1.4796746204989772,24
facts,inventors,affirmative,0,George Eastman lived in the U.K.,32,0.09017942705686466,-0.5971856216891915,24
facts,element_symb,affirmative,0,Tin has the symbol Be.,32,0.00036990703784250983,-2.6980193615865025,24
facts,inventors,affirmative,0,Blaise Pascal lived in Poland/France.,32,0.6797751158984714,0.5587009721533318,24
facts,cities,affirmative,0,The city of Bien Hoa is in South Korea.,32,0.0006701334933907106,-2.482721985667517,24
facts,facts,affirmative,0,The sun rises in the west.,32,0.01297994244008672,-1.3524792279468358,24
facts,cities,affirmative,0,The city of Agadir is in Bangladesh.,32,0.001416514446873223,-2.2026406711562254,24
facts,cities,affirmative,0,The city of Changwon is in Indonesia.,32,0.0014137275366173485,-2.196694661205362,24
facts,cities,affirmative,0,The city of Vijayawada is in Nigeria.,32,0.0007713876972477233,-2.4299655805625555,24
facts,cities,affirmative,0,The city of San Pedro Sula is in India.,32,0.0007795001903875316,-2.421907756310251,24
facts,sp_en_trans,affirmative,0,The Spanish word 'dientes' means 'hope'.,32,0.004254946439008704,-1.7870712525703978,24
facts,cities,affirmative,0,The city of Nyala is in Mozambique.,32,0.5248718060884014,0.3194119041895457,24
facts,cities,affirmative,0,The city of Dandong is in Niger.,32,0.0032505080368508124,-1.8813575048835138,24
facts,cities,affirmative,0,The city of Astrakhan is in India.,32,0.002373257595231895,-2.001980185197553,24
facts,sp_en_trans,affirmative,0,The Spanish word 'anguila' means 'south'.,32,0.07787202500196833,-0.6589144359244269,24
facts,sp_en_trans,affirmative,0,The Spanish word 'mano' means 'too'.,32,0.023663829685445708,-1.1282664305083572,24
facts,element_symb,affirmative,0,Gadolinium has the symbol Hg.,32,0.0017229104979271607,-2.1163514331079174,24
facts,facts,affirmative,0,The respiratory system prevents the exchange of gases between the body and the environment.,32,0.00020878534118886212,-2.9185897393847555,24
facts,cities,affirmative,0,The city of Oyo is in China.,32,0.0030551170606695857,-1.905027081484462,24
facts,cities,affirmative,0,The city of Rourkela is in Brazil.,32,0.001531347810782833,-2.1694921866575116,24
facts,inventors,affirmative,0,John Walker lived in the U.S.,32,0.6779042294890537,0.5712616597027762,24
facts,inventors,affirmative,0,Ernest Swinton lived in the U.S.,32,0.8443433110724498,0.9195393180171794,24
facts,inventors,affirmative,0,Charles Cros lived in the U.S.,32,0.7452076029078859,0.6823141153257677,24
facts,facts,affirmative,0,The fastest land animal in the world is the snail.,32,0.0021626919067018156,-2.0555870853799303,24
facts,inventors,affirmative,1,Thomas Edison lived in the U.S.,32,0.7583450678873402,0.7294100134098669,24
facts,facts,affirmative,1,"The speed of light is approximately 299,792,458 meters per second.",32,0.9453325000674385,1.3544611537238749,24
facts,cities,affirmative,1,The city of Novokuznetsk is in Russia.,32,0.9851387180016593,1.8679173292420037,24
facts,inventors,affirmative,1,Dr. Robert Gallo lived in the U.S.,32,0.7654064742071934,0.7425553542042553,24
facts,inventors,affirmative,1,Emile Berliner lived in Germany/the U.S.,32,0.5433279245785775,0.3523709038264038,24
facts,facts,affirmative,1,"The pH scale measures the acidity or alkalinity of a substance, ranging from 0 (most acidic) to 14 (most alkaline), with 7 being neutral.",32,0.9700874310188065,1.6162190242036667,24
facts,sp_en_trans,affirmative,1,The Spanish word 'nuevo' means 'new'.,32,0.9730295630716022,1.628029251879487,24
facts,inventors,affirmative,1,Carl Wilhelm Siemens lived in Germany.,32,0.9236707670224575,1.2154985686239974,24
facts,cities,affirmative,1,The city of Anshun is in China.,32,0.9605873459157533,1.4914659714197613,24
facts,facts,affirmative,1,The first animal to orbit Earth was a dog named Laika.,32,0.9891839774761969,1.9774451286540378,24
facts,cities,affirmative,1,The city of Rui'an is in China.,32,0.9466911220480003,1.3764577984934097,24
facts,cities,affirmative,1,The city of Bhubaneswar is in India.,32,0.982246709782574,1.8020744998174745,24
facts,cities,affirmative,1,The city of Zaria is in Nigeria.,32,0.9803704233168591,1.764975290514733,24
facts,element_symb,affirmative,1,Rubidium has the symbol Rb.,32,0.9320734714550044,1.2680540714202904,24
facts,cities,affirmative,1,The city of Managua is in Nicaragua.,32,0.971100526079424,1.6169291388633245,24
facts,inventors,affirmative,1,Ralph H. Baer lived in the U.S.,32,0.8077759928243243,0.8322276351339108,24
facts,cities,affirmative,1,The city of Neijiang is in China.,32,0.944925048139926,1.3636815543193963,24
facts,cities,affirmative,1,The city of Durban is in South Africa.,32,0.9694369161944365,1.587750630741775,24
facts,inventors,affirmative,1,Felix Hoffmann lived in Germany.,32,0.961606843255482,1.4879959159357168,24
facts,cities,affirmative,1,The city of Maturin is in Venezuela.,32,0.9736046140982574,1.647424325046219,24
facts,cities,affirmative,1,The city of Shanghai is in China.,32,0.8229934484390102,0.8792664890256678,24
facts,cities,affirmative,1,The city of Ar Raqqah is in Syria.,32,0.988166745024668,1.9562617856383726,24
facts,cities,affirmative,1,The city of Daejeon is in South Korea.,32,0.9891607387615718,1.9842838983165767,24
facts,cities,affirmative,1,The city of Fortaleza is in Brazil.,32,0.9718823501742828,1.6255350140992917,24
facts,cities,affirmative,1,The city of Mombasa is in Kenya.,32,0.9729936113091431,1.63896981557152,24
facts,element_symb,affirmative,1,Gallium has the symbol Ga.,32,0.906052673135638,1.1351677111858025,24
facts,facts,affirmative,1,"Jupiter has the Great Red Spot, a giant storm.",32,0.8253016086017727,0.8949435193969291,24
facts,cities,affirmative,1,The city of Tianshui is in China.,32,0.9486165574589125,1.3888293238880103,24
facts,sp_en_trans,affirmative,1,The Spanish word 'antes' means 'before'.,32,0.9725884438072253,1.6243212657672128,24
facts,sp_en_trans,affirmative,1,The Spanish word 'problema' means 'problem'.,32,0.9592870714408209,1.4696231076014832,24
facts,inventors,affirmative,1,Alexander Graham Bell lived in Scotland/Canada/the U.S.,32,0.29117787988151905,-0.031072409836321993,24
facts,facts,affirmative,1,The planet Jupiter has the most moons in our solar system.,32,0.9198140048556246,1.2196210671803036,24
facts,cities,affirmative,1,The city of Ankara is in Turkey.,32,0.9704164455343354,1.6124177034780234,24
facts,facts,affirmative,1,"The carbon cycle maintains the balance of carbon in Earth's atmosphere, oceans, and biosphere.",32,0.9896957151410803,2.0302384927416055,24
facts,inventors,affirmative,1,Hans Lippershey lived in the Netherlands.,32,0.9743370329376808,1.6344919391398363,24
facts,inventors,affirmative,1,David Schwarz lived in Croatia.,32,0.9143601774667736,1.1700328626678194,24
facts,cities,affirmative,1,The city of Konya is in Turkey.,32,0.9830689019652593,1.8223134298686716,24
facts,cities,affirmative,1,The city of Xiangtan is in China.,32,0.9343208299318415,1.2934089694254929,24
facts,facts,affirmative,1,Diamonds are formed from carbon.,32,0.9391090136241109,1.325685018209621,24
facts,element_symb,affirmative,1,Tin has the symbol Sn.,32,0.936861599931319,1.3029112515227363,24
facts,element_symb,affirmative,1,Carbon has the symbol C.,32,0.9279297118542604,1.2489283596161678,24
facts,cities,affirmative,1,The city of Dombivli is in India.,32,0.9888687096118031,1.9772623238642508,24
facts,cities,affirmative,1,The city of Oyo is in Nigeria.,32,0.9792735926838226,1.7462686654294273,24
facts,facts,affirmative,1,Fossils are the preserved remains or traces of organisms that lived in the past.,32,0.9920101563636148,2.116221430226747,24
facts,facts,affirmative,1,The circulatory system transports nutrients and oxygen throughout the body.,32,0.9914056320397721,2.080241613517145,24
facts,cities,affirmative,1,The city of Xining is in China.,32,0.89623739598465,1.1109030120992145,24
facts,animal_class,affirmative,1,The goldfish is a fish.,32,0.802524598013704,0.8372309409532672,24
facts,inventors,affirmative,1,Yvonne Brill lived in Canada.,32,0.7919484810268328,0.7788402258602147,24
facts,facts,affirmative,1,The human brain is the control center for the body's functions and emotions.,32,0.9931571153665721,2.1894180643230206,24
facts,cities,affirmative,1,The city of Al Basrah al Qadimah is in Iraq.,32,0.9849055232427425,1.8611881301882955,24
facts,facts,affirmative,1,The respiratory system allows for the exchange of gases between the body and the environment.,32,0.9844774269940568,1.8623681358697248,24
facts,cities,affirmative,1,The city of Lome is in Togo.,32,0.9657286541216343,1.5459602605571583,24
facts,cities,affirmative,1,The city of Madurai is in India.,32,0.9745628066880234,1.6627020090106128,24
facts,cities,affirmative,1,The city of Pingliang is in China.,32,0.9553624347546213,1.442951324227678,24
facts,cities,affirmative,1,The city of Pimpri is in India.,32,0.9829957013303349,1.8118424676733726,24
facts,cities,affirmative,1,The city of Borivli is in India.,32,0.9479954877898297,1.382334889231617,24
facts,cities,affirmative,1,The city of Thiruvananthapuram is in India.,32,0.9871323201125896,1.9246142202060752,24
facts,cities,affirmative,1,The city of Zapopan is in Mexico.,32,0.9682330882493073,1.5765356358463927,24
facts,cities,affirmative,1,The city of Kampala is in Uganda.,32,0.9824454980803803,1.8054665971262596,24
facts,animal_class,affirmative,1,The ostrich is a bird.,32,0.9171738343073702,1.2084000901258674,24
facts,sp_en_trans,affirmative,1,The Spanish word 'soldado' means 'soldier'.,32,0.9620317654258483,1.4944636161328124,24
facts,inventors,affirmative,1,Wallace Carothers lived in the U.S.,32,0.7291363142946187,0.6729813014895514,24
facts,facts,affirmative,1,The human skin is the body's largest organ.,32,0.988984818763231,1.9941984544539648,24
facts,cities,affirmative,1,The city of Matola is in Mozambique.,32,0.9858931302577885,1.8852460446365658,24
facts,animal_class,affirmative,1,The leopard is a mammal.,32,0.8572209969365513,0.9738042894818062,24
facts,animal_class,affirmative,1,The llama is a mammal.,32,0.8666215571791547,1.0029444515155075,24
facts,cities,affirmative,1,The city of Makassar is in Indonesia.,32,0.9797428827666761,1.7496832523692045,24
facts,facts,affirmative,1,"Our solar system consists of eight planets: Mercury, Venus, Earth, Mars, Jupiter, Saturn, Uranus, and Neptune.",32,0.9962041970889889,2.403922441208109,24
facts,cities,affirmative,1,The city of Addis Ababa is in Ethiopia.,32,0.9845897431695045,1.855612653300596,24
facts,facts,affirmative,1,Fossils provide evidence of past life on Earth.,32,0.9761809436681449,1.7072900147944807,24
facts,cities,affirmative,1,The city of Orumiyeh is in Iran.,32,0.9753710313729345,1.6789572010231977,24
facts,cities,affirmative,1,The city of Huizhou is in China.,32,0.928216691197935,1.2573155698702587,24
facts,element_symb,affirmative,1,Aluminum has the symbol Al.,32,0.903487691566274,1.1267277676079064,24
facts,element_symb,affirmative,1,Chlorine has the symbol Cl.,32,0.9323690508524716,1.2750041849464022,24
facts,cities,affirmative,1,The city of Ribeirao Preto is in Brazil.,32,0.9737005063327115,1.6477454818314827,24
