doc_idx,cond,sign,span,loss,n_tok,step
10273,none,0,claim_first,0.9869971871376038,57,64
10273,none,0,ordinary,2.1530117988586426,72,64
10273,none,0,first_intext_warning,1.16143000125885,21,64
10273,none,0,later_intext_warnings,1.318191130956014,168,64
10273,none,0,warning_after_claim,1.4118520021438599,26,64
10273,truth,1,claim_first,1.5041866302490234,57,64
10273,truth,1,ordinary,2.5260446071624756,72,64
10273,truth,1,first_intext_warning,1.8698841333389282,21,64
10273,truth,1,later_intext_warnings,2.0325754086176553,168,64
10273,truth,1,warning_after_claim,2.1471076011657715,26,64
10273,truth,-1,claim_first,1.3233904838562012,57,64
10273,truth,-1,ordinary,2.5426928997039795,72,64
10273,truth,-1,first_intext_warning,1.326534390449524,21,64
10273,truth,-1,later_intext_warnings,1.6453786492347717,168,64
10273,truth,-1,warning_after_claim,1.686331868171692,26,64
10273,random1,1,claim_first,1.4173862934112549,57,64
10273,random1,1,ordinary,2.7695186138153076,72,64
10273,random1,1,first_intext_warning,1.2474926710128784,21,64
10273,random1,1,later_intext_warnings,1.569522241751353,168,64
10273,random1,1,warning_after_claim,1.5262597799301147,26,64
10273,random1,-1,claim_first,1.4258819818496704,57,64
10273,random1,-1,ordinary,2.3797504901885986,72,64
10273,random1,-1,first_intext_warning,1.2888069152832031,21,64
10273,random1,-1,later_intext_warnings,1.5715866486231487,168,64
10273,random1,-1,warning_after_claim,1.6872190237045288,26,64
10273,random2,1,claim_first,1.2562360763549805,57,64
10273,random2,1,ordinary,2.7741129398345947,72,64
10273,random2,1,first_intext_warning,1.4318068027496338,21,64
10273,random2,1,later_intext_warnings,1.64994482199351,168,64
10273,random2,1,warning_after_claim,1.6009503602981567,26,64
10273,random2,-1,claim_first,1.3320882320404053,57,64
10273,random2,-1,ordinary,2.389298439025879,72,64
10273,random2,-1,first_intext_warning,1.269278645515442,21,64
10273,random2,-1,later_intext_warnings,1.5288262764612834,168,64
10273,random2,-1,warning_after_claim,1.5240709781646729,26,64
10273,random3,1,claim_first,1.4833018779754639,57,64
10273,random3,1,ordinary,2.6547062397003174,72,64
10273,random3,1,first_intext_warning,1.1596784591674805,21,64
10273,random3,1,later_intext_warnings,1.6106897393862407,168,64
10273,random3,1,warning_after_claim,1.3207759857177734,26,64
10273,random3,-1,claim_first,1.1990894079208374,57,64
10273,random3,-1,ordinary,2.4282443523406982,72,64
10273,random3,-1,first_intext_warning,1.4343137741088867,21,64
10273,random3,-1,later_intext_warnings,1.5434723695119221,168,64
10273,random3,-1,warning_after_claim,1.9156464338302612,26,64
10273,random4,1,claim_first,1.2513362169265747,57,64
10273,random4,1,ordinary,2.5317513942718506,72,64
10273,random4,1,first_intext_warning,1.475026249885559,21,64
10273,random4,1,later_intext_warnings,1.6062078475952148,168,64
10273,random4,1,warning_after_claim,1.658660650253296,26,64
10273,random4,-1,claim_first,1.4244464635849,57,64
10273,random4,-1,ordinary,2.534606456756592,72,64
10273,random4,-1,first_intext_warning,1.4198343753814697,21,64
10273,random4,-1,later_intext_warnings,1.561651587486267,168,64
10273,random4,-1,warning_after_claim,1.5994867086410522,26,64
10273,random5,1,claim_first,1.2236360311508179,57,64
10273,random5,1,ordinary,2.548553228378296,72,64
10273,random5,1,first_intext_warning,1.414003610610962,21,64
10273,random5,1,later_intext_warnings,1.5583460529645283,168,64
10273,random5,1,warning_after_claim,1.5669517517089844,26,64
10273,random5,-1,claim_first,1.3190433979034424,57,64
10273,random5,-1,ordinary,2.5120646953582764,72,64
10273,random5,-1,first_intext_warning,1.2980103492736816,21,64
10273,random5,-1,later_intext_warnings,1.5973401467005413,168,64
10273,random5,-1,warning_after_claim,1.525145173072815,26,64
10273,random6,1,claim_first,1.2428168058395386,57,64
10273,random6,1,ordinary,2.51019549369812,72,64
10273,random6,1,first_intext_warning,1.364046335220337,21,64
10273,random6,1,later_intext_warnings,1.5214612384637196,168,64
10273,random6,1,warning_after_claim,1.4781346321105957,26,64
10273,random6,-1,claim_first,1.2687866687774658,57,64
10273,random6,-1,ordinary,2.489023447036743,72,64
10273,random6,-1,first_intext_warning,1.4038727283477783,21,64
10273,random6,-1,later_intext_warnings,1.6634963949521382,168,64
10273,random6,-1,warning_after_claim,1.7424970865249634,26,64
10273,random7,1,claim_first,1.1169044971466064,57,64
10273,random7,1,ordinary,2.489431619644165,72,64
10273,random7,1,first_intext_warning,1.0668694972991943,21,64
10273,random7,1,later_intext_warnings,1.5467525323232014,168,64
10273,random7,1,warning_after_claim,1.6263766288757324,26,64
10273,random7,-1,claim_first,1.4846857786178589,57,64
10273,random7,-1,ordinary,2.561927318572998,72,64
10273,random7,-1,first_intext_warning,1.67166006565094,21,64
10273,random7,-1,later_intext_warnings,1.6363805532455444,168,64
10273,random7,-1,warning_after_claim,1.5995033979415894,26,64
10273,random8,1,claim_first,1.178694725036621,57,64
10273,random8,1,ordinary,2.3978796005249023,72,64
10273,random8,1,first_intext_warning,1.3011573553085327,21,64
10273,random8,1,later_intext_warnings,1.5235011180241902,168,64
10273,random8,1,warning_after_claim,1.51697838306427,26,64
10273,random8,-1,claim_first,1.4078032970428467,57,64
10273,random8,-1,ordinary,2.615049123764038,72,64
10273,random8,-1,first_intext_warning,1.3628625869750977,21,64
10273,random8,-1,later_intext_warnings,1.565238853295644,168,64
10273,random8,-1,warning_after_claim,1.6139614582061768,26,64
10273,random9,1,claim_first,1.3729381561279297,57,64
10273,random9,1,ordinary,2.603320598602295,72,64
10273,random9,1,first_intext_warning,1.3104861974716187,21,64
10273,random9,1,later_intext_warnings,1.5989108284314473,168,64
10273,random9,1,warning_after_claim,1.4231213331222534,26,64
10273,random9,-1,claim_first,1.2469159364700317,57,64
10273,random9,-1,ordinary,2.491611957550049,72,64
10273,random9,-1,first_intext_warning,1.2360941171646118,21,64
10273,random9,-1,later_intext_warnings,1.594912350177765,168,64
10273,random9,-1,warning_after_claim,1.7196040153503418,26,64
10273,random10,1,claim_first,1.3641735315322876,57,64
10273,random10,1,ordinary,2.6873178482055664,72,64
10273,random10,1,first_intext_warning,1.3612520694732666,21,64
10273,random10,1,later_intext_warnings,1.659269650777181,168,64
10273,random10,1,warning_after_claim,1.7500361204147339,26,64
10273,random10,-1,claim_first,1.214656949043274,57,64
10273,random10,-1,ordinary,2.3100850582122803,72,64
10273,random10,-1,first_intext_warning,1.4919369220733643,21,64
10273,random10,-1,later_intext_warnings,1.567494809627533,168,64
10273,random10,-1,warning_after_claim,1.5914803743362427,26,64
10277,none,0,claim_first,1.537913203239441,31,64
10277,none,0,ordinary,2.011939764022827,67,64
10277,none,0,first_intext_warning,1.2835432291030884,36,64
10277,none,0,later_intext_warnings,1.2935995856920879,157,64
10277,none,0,warning_after_claim,1.244075059890747,25,64
10277,truth,1,claim_first,1.9599618911743164,31,64
10277,truth,1,ordinary,2.6235227584838867,67,64
10277,truth,1,first_intext_warning,1.9139039516448975,36,64
10277,truth,1,later_intext_warnings,1.891961693763733,157,64
10277,truth,1,warning_after_claim,2.253278970718384,25,64
10277,truth,-1,claim_first,1.9761334657669067,31,64
10277,truth,-1,ordinary,2.413316488265991,67,64
10277,truth,-1,first_intext_warning,1.757157564163208,36,64
10277,truth,-1,later_intext_warnings,1.5002255241076152,157,64
10277,truth,-1,warning_after_claim,1.6504907608032227,25,64
10277,random1,1,claim_first,2.081617832183838,31,64
10277,random1,1,ordinary,2.2302613258361816,67,64
10277,random1,1,first_intext_warning,1.3563932180404663,36,64
10277,random1,1,later_intext_warnings,1.430006504058838,157,64
10277,random1,1,warning_after_claim,1.6787631511688232,25,64
10277,random1,-1,claim_first,2.0271427631378174,31,64
10277,random1,-1,ordinary,2.388011932373047,67,64
10277,random1,-1,first_intext_warning,1.6952224969863892,36,64
10277,random1,-1,later_intext_warnings,1.5409094591935475,157,64
10277,random1,-1,warning_after_claim,1.5623817443847656,25,64
10277,random2,1,claim_first,1.7621151208877563,31,64
10277,random2,1,ordinary,2.4734792709350586,67,64
10277,random2,1,first_intext_warning,1.555059790611267,36,64
10277,random2,1,later_intext_warnings,1.5267990827560425,157,64
10277,random2,1,warning_after_claim,1.9415501356124878,25,64
10277,random2,-1,claim_first,2.1201202869415283,31,64
10277,random2,-1,ordinary,2.2838823795318604,67,64
10277,random2,-1,first_intext_warning,1.5155998468399048,36,64
10277,random2,-1,later_intext_warnings,1.5018397967020671,157,64
10277,random2,-1,warning_after_claim,1.5430188179016113,25,64
10277,random3,1,claim_first,2.072333812713623,31,64
10277,random3,1,ordinary,2.471745252609253,67,64
10277,random3,1,first_intext_warning,1.6626559495925903,36,64
10277,random3,1,later_intext_warnings,1.4487507541974385,157,64
10277,random3,1,warning_after_claim,1.481622576713562,25,64
10277,random3,-1,claim_first,1.8272725343704224,31,64
10277,random3,-1,ordinary,2.208676338195801,67,64
10277,random3,-1,first_intext_warning,1.4428752660751343,36,64
10277,random3,-1,later_intext_warnings,1.5320660968621571,157,64
10277,random3,-1,warning_after_claim,1.703658938407898,25,64
10277,random4,1,claim_first,1.7132582664489746,31,64
10277,random4,1,ordinary,2.3525123596191406,67,64
10277,random4,1,first_intext_warning,1.6852246522903442,36,64
10277,random4,1,later_intext_warnings,1.6181707382202148,157,64
10277,random4,1,warning_after_claim,1.6038293838500977,25,64
10277,random4,-1,claim_first,1.9118704795837402,31,64
10277,random4,-1,ordinary,2.3780412673950195,67,64
10277,random4,-1,first_intext_warning,1.3580576181411743,36,64
10277,random4,-1,later_intext_warnings,1.485309769709905,157,64
10277,random4,-1,warning_after_claim,1.6589059829711914,25,64
10277,random5,1,claim_first,1.8293092250823975,31,64
10277,random5,1,ordinary,2.300567865371704,67,64
10277,random5,1,first_intext_warning,1.472649335861206,36,64
10277,random5,1,later_intext_warnings,1.5373907089233398,157,64
10277,random5,1,warning_after_claim,1.6998777389526367,25,64
10277,random5,-1,claim_first,2.0029942989349365,31,64
10277,random5,-1,ordinary,2.5191879272460938,67,64
10277,random5,-1,first_intext_warning,1.64547598361969,36,64
10277,random5,-1,later_intext_warnings,1.491517722606659,157,64
10277,random5,-1,warning_after_claim,1.5392268896102905,25,64
10277,random6,1,claim_first,1.5368036031723022,31,64
10277,random6,1,ordinary,2.3246841430664062,67,64
10277,random6,1,first_intext_warning,1.5323175191879272,36,64
10277,random6,1,later_intext_warnings,1.5154342850049336,157,64
10277,random6,1,warning_after_claim,1.5124754905700684,25,64
10277,random6,-1,claim_first,2.0400550365448,31,64
10277,random6,-1,ordinary,2.2468061447143555,67,64
10277,random6,-1,first_intext_warning,1.479134202003479,36,64
10277,random6,-1,later_intext_warnings,1.441103994846344,157,64
10277,random6,-1,warning_after_claim,1.7855273485183716,25,64
10277,random7,1,claim_first,1.7403315305709839,31,64
10277,random7,1,ordinary,2.168381929397583,67,64
10277,random7,1,first_intext_warning,1.4278053045272827,36,64
10277,random7,1,later_intext_warnings,1.5075473388036091,157,64
10277,random7,1,warning_after_claim,1.5746303796768188,25,64
10277,random7,-1,claim_first,2.0730113983154297,31,64
10277,random7,-1,ordinary,2.5765538215637207,67,64
10277,random7,-1,first_intext_warning,1.6902107000350952,36,64
10277,random7,-1,later_intext_warnings,1.4627872506777446,157,64
10277,random7,-1,warning_after_claim,1.6219841241836548,25,64
10277,random8,1,claim_first,1.7722117900848389,31,64
10277,random8,1,ordinary,2.3080615997314453,67,64
10277,random8,1,first_intext_warning,1.5704798698425293,36,64
10277,random8,1,later_intext_warnings,1.4966670274734497,157,64
10277,random8,1,warning_after_claim,1.384324550628662,25,64
10277,random8,-1,claim_first,1.7561448812484741,31,64
10277,random8,-1,ordinary,2.3816912174224854,67,64
10277,random8,-1,first_intext_warning,1.536305546760559,36,64
10277,random8,-1,later_intext_warnings,1.4769401550292969,157,64
10277,random8,-1,warning_after_claim,1.7592380046844482,25,64
10277,random9,1,claim_first,1.8119579553604126,31,64
10277,random9,1,ordinary,2.3563144207000732,67,64
10277,random9,1,first_intext_warning,1.4914175271987915,36,64
10277,random9,1,later_intext_warnings,1.5102030038833618,157,64
10277,random9,1,warning_after_claim,1.647186279296875,25,64
10277,random9,-1,claim_first,1.8174521923065186,31,64
10277,random9,-1,ordinary,2.359785318374634,67,64
10277,random9,-1,first_intext_warning,1.5233708620071411,36,64
10277,random9,-1,later_intext_warnings,1.5638336539268494,157,64
10277,random9,-1,warning_after_claim,1.5971850156784058,25,64
10277,random10,1,claim_first,1.7370930910110474,31,64
10277,random10,1,ordinary,2.407431125640869,67,64
10277,random10,1,first_intext_warning,1.5560473203659058,36,64
10277,random10,1,later_intext_warnings,1.5011588037014008,157,64
10277,random10,1,warning_after_claim,1.8590961694717407,25,64
10277,random10,-1,claim_first,2.013819694519043,31,64
10277,random10,-1,ordinary,2.3100500106811523,67,64
10277,random10,-1,first_intext_warning,1.4557374715805054,36,64
10277,random10,-1,later_intext_warnings,1.5067673325538635,157,64
10277,random10,-1,warning_after_claim,1.6780368089675903,25,64
10278,none,0,claim_first,1.2182947397232056,49,64
10278,none,0,ordinary,1.8967539072036743,72,64
10278,none,0,first_intext_warning,1.2228385210037231,24,64
10278,none,0,later_intext_warnings,1.3621980051199596,156,64
10278,none,0,warning_after_claim,1.7788128852844238,25,64
10278,truth,1,claim_first,1.859641194343567,49,64
10278,truth,1,ordinary,2.256122589111328,72,64
10278,truth,1,first_intext_warning,2.1540701389312744,24,64
10278,truth,1,later_intext_warnings,2.0068631966908774,156,64
10278,truth,1,warning_after_claim,2.6662509441375732,25,64
10278,truth,-1,claim_first,1.355176329612732,49,64
10278,truth,-1,ordinary,2.0435311794281006,72,64
10278,truth,-1,first_intext_warning,1.5912474393844604,24,64
10278,truth,-1,later_intext_warnings,1.6802576979001362,156,64
10278,truth,-1,warning_after_claim,2.378641128540039,25,64
10278,random1,1,claim_first,1.5103662014007568,49,64
10278,random1,1,ordinary,2.1008036136627197,72,64
10278,random1,1,first_intext_warning,1.470523476600647,24,64
10278,random1,1,later_intext_warnings,1.4706947306791942,156,64
10278,random1,1,warning_after_claim,1.9811482429504395,25,64
10278,random1,-1,claim_first,1.7336397171020508,49,64
10278,random1,-1,ordinary,2.0983433723449707,72,64
10278,random1,-1,first_intext_warning,1.3756917715072632,24,64
10278,random1,-1,later_intext_warnings,1.5738242665926616,156,64
10278,random1,-1,warning_after_claim,2.3511643409729004,25,64
10278,random2,1,claim_first,1.4219356775283813,49,64
10278,random2,1,ordinary,2.0155365467071533,72,64
10278,random2,1,first_intext_warning,1.5587377548217773,24,64
10278,random2,1,later_intext_warnings,1.5551793972651164,156,64
10278,random2,1,warning_after_claim,2.5385372638702393,25,64
10278,random2,-1,claim_first,1.716164469718933,49,64
10278,random2,-1,ordinary,2.193897247314453,72,64
10278,random2,-1,first_intext_warning,1.4984411001205444,24,64
10278,random2,-1,later_intext_warnings,1.5429121454556782,156,64
10278,random2,-1,warning_after_claim,2.0510687828063965,25,64
10278,random3,1,claim_first,1.559826135635376,49,64
10278,random3,1,ordinary,2.309889554977417,72,64
10278,random3,1,first_intext_warning,1.5315996408462524,24,64
10278,random3,1,later_intext_warnings,1.5398889183998108,156,64
10278,random3,1,warning_after_claim,1.9689511060714722,25,64
10278,random3,-1,claim_first,1.6170639991760254,49,64
10278,random3,-1,ordinary,2.0152292251586914,72,64
10278,random3,-1,first_intext_warning,1.5396214723587036,24,64
10278,random3,-1,later_intext_warnings,1.5649985074996948,156,64
10278,random3,-1,warning_after_claim,2.6001105308532715,25,64
10278,random4,1,claim_first,1.650903344154358,49,64
10278,random4,1,ordinary,2.1789822578430176,72,64
10278,random4,1,first_intext_warning,1.6186513900756836,24,64
10278,random4,1,later_intext_warnings,1.6332338054974873,156,64
10278,random4,1,warning_after_claim,2.6287612915039062,25,64
10278,random4,-1,claim_first,1.5995473861694336,49,64
10278,random4,-1,ordinary,2.1533970832824707,72,64
10278,random4,-1,first_intext_warning,1.401013970375061,24,64
10278,random4,-1,later_intext_warnings,1.551830639441808,156,64
10278,random4,-1,warning_after_claim,1.9374117851257324,25,64
10278,random5,1,claim_first,1.4742542505264282,49,64
10278,random5,1,ordinary,2.0085020065307617,72,64
10278,random5,1,first_intext_warning,1.3436931371688843,24,64
10278,random5,1,later_intext_warnings,1.5592163701852162,156,64
10278,random5,1,warning_after_claim,1.930280327796936,25,64
10278,random5,-1,claim_first,1.6271061897277832,49,64
10278,random5,-1,ordinary,2.289656639099121,72,64
10278,random5,-1,first_intext_warning,1.722377896308899,24,64
10278,random5,-1,later_intext_warnings,1.5403146147727966,156,64
10278,random5,-1,warning_after_claim,2.4542551040649414,25,64
10278,random6,1,claim_first,1.5426530838012695,49,64
10278,random6,1,ordinary,2.3293211460113525,72,64
10278,random6,1,first_intext_warning,1.3506027460098267,24,64
10278,random6,1,later_intext_warnings,1.5646127065022786,156,64
10278,random6,1,warning_after_claim,2.3669495582580566,25,64
10278,random6,-1,claim_first,1.533251404762268,49,64
10278,random6,-1,ordinary,1.9241760969161987,72,64
10278,random6,-1,first_intext_warning,1.820137619972229,24,64
10278,random6,-1,later_intext_warnings,1.5492846767107646,156,64
10278,random6,-1,warning_after_claim,2.310837745666504,25,64
10278,random7,1,claim_first,1.6235698461532593,49,64
10278,random7,1,ordinary,2.183856725692749,72,64
10278,random7,1,first_intext_warning,1.3690873384475708,24,64
10278,random7,1,later_intext_warnings,1.5728943347930908,156,64
10278,random7,1,warning_after_claim,2.140848398208618,25,64
10278,random7,-1,claim_first,1.5300284624099731,49,64
10278,random7,-1,ordinary,2.1368408203125,72,64
10278,random7,-1,first_intext_warning,1.7214088439941406,24,64
10278,random7,-1,later_intext_warnings,1.5567645629247029,156,64
10278,random7,-1,warning_after_claim,2.256551504135132,25,64
10278,random8,1,claim_first,1.5918527841567993,49,64
10278,random8,1,ordinary,2.0795252323150635,72,64
10278,random8,1,first_intext_warning,1.4247633218765259,24,64
10278,random8,1,later_intext_warnings,1.5257281462351482,156,64
10278,random8,1,warning_after_claim,1.7469916343688965,25,64
10278,random8,-1,claim_first,1.5079818964004517,49,64
10278,random8,-1,ordinary,2.0716323852539062,72,64
10278,random8,-1,first_intext_warning,1.4592323303222656,24,64
10278,random8,-1,later_intext_warnings,1.5684869289398193,156,64
10278,random8,-1,warning_after_claim,2.634182929992676,25,64
10278,random9,1,claim_first,1.5631153583526611,49,64
10278,random9,1,ordinary,2.032747745513916,72,64
10278,random9,1,first_intext_warning,1.4094477891921997,24,64
10278,random9,1,later_intext_warnings,1.4772194822629292,156,64
10278,random9,1,warning_after_claim,1.9233918190002441,25,64
10278,random9,-1,claim_first,1.4873050451278687,49,64
10278,random9,-1,ordinary,2.2328293323516846,72,64
10278,random9,-1,first_intext_warning,1.5234209299087524,24,64
10278,random9,-1,later_intext_warnings,1.7019109725952148,156,64
10278,random9,-1,warning_after_claim,2.406708240509033,25,64
10278,random10,1,claim_first,1.4988335371017456,49,64
10278,random10,1,ordinary,2.2198097705841064,72,64
10278,random10,1,first_intext_warning,1.48060941696167,24,64
10278,random10,1,later_intext_warnings,1.6028422117233276,156,64
10278,random10,1,warning_after_claim,2.1586735248565674,25,64
10278,random10,-1,claim_first,1.6953442096710205,49,64
10278,random10,-1,ordinary,2.1926069259643555,72,64
10278,random10,-1,first_intext_warning,1.669168472290039,24,64
10278,random10,-1,later_intext_warnings,1.5422123869260151,156,64
10278,random10,-1,warning_after_claim,2.534569501876831,25,64
10280,none,0,claim_first,1.3795430660247803,30,64
10280,none,0,first_intext_warning,2.144113540649414,32,64
10280,none,0,later_intext_warnings,1.2254493137200673,144,64
10280,none,0,warning_after_claim,0.9222068786621094,24,64
10280,truth,1,claim_first,1.7962208986282349,30,64
10280,truth,1,first_intext_warning,2.4741342067718506,32,64
10280,truth,1,later_intext_warnings,1.8900905052820842,144,64
10280,truth,1,warning_after_claim,1.833652377128601,24,64
10280,truth,-1,claim_first,1.8192484378814697,30,64
10280,truth,-1,first_intext_warning,2.3762919902801514,32,64
10280,truth,-1,later_intext_warnings,1.4021531840165455,144,64
10280,truth,-1,warning_after_claim,0.9797093272209167,24,64
10280,random1,1,claim_first,2.1192824840545654,30,64
10280,random1,1,first_intext_warning,2.091963768005371,32,64
10280,random1,1,later_intext_warnings,1.416819989681244,144,64
10280,random1,1,warning_after_claim,1.2215635776519775,24,64
10280,random1,-1,claim_first,1.3981050252914429,30,64
10280,random1,-1,first_intext_warning,2.3223838806152344,32,64
10280,random1,-1,later_intext_warnings,1.3642056783040364,144,64
10280,random1,-1,warning_after_claim,0.9619574546813965,24,64
10280,random2,1,claim_first,1.8785405158996582,30,64
10280,random2,1,first_intext_warning,2.4586379528045654,32,64
10280,random2,1,later_intext_warnings,1.4704941511154175,144,64
10280,random2,1,warning_after_claim,1.1151829957962036,24,64
10280,random2,-1,claim_first,1.8098946809768677,30,64
10280,random2,-1,first_intext_warning,2.206242561340332,32,64
10280,random2,-1,later_intext_warnings,1.3824695845444996,144,64
10280,random2,-1,warning_after_claim,1.253968358039856,24,64
10280,random3,1,claim_first,1.8618049621582031,30,64
10280,random3,1,first_intext_warning,2.3823113441467285,32,64
10280,random3,1,later_intext_warnings,1.3820094068845112,144,64
10280,random3,1,warning_after_claim,1.1409920454025269,24,64
10280,random3,-1,claim_first,1.7869154214859009,30,64
10280,random3,-1,first_intext_warning,1.9939510822296143,32,64
10280,random3,-1,later_intext_warnings,1.3987817764282227,144,64
10280,random3,-1,warning_after_claim,1.1809443235397339,24,64
10280,random4,1,claim_first,1.5359488725662231,30,64
10280,random4,1,first_intext_warning,2.4223837852478027,32,64
10280,random4,1,later_intext_warnings,1.4791231552759807,144,64
10280,random4,1,warning_after_claim,1.1196454763412476,24,64
10280,random4,-1,claim_first,1.9449145793914795,30,64
10280,random4,-1,first_intext_warning,2.0731005668640137,32,64
10280,random4,-1,later_intext_warnings,1.386965016523997,144,64
10280,random4,-1,warning_after_claim,1.1867772340774536,24,64
10280,random5,1,claim_first,1.5996354818344116,30,64
10280,random5,1,first_intext_warning,2.3686139583587646,32,64
10280,random5,1,later_intext_warnings,1.3500592509905498,144,64
10280,random5,1,warning_after_claim,1.2316340208053589,24,64
10280,random5,-1,claim_first,1.9828602075576782,30,64
10280,random5,-1,first_intext_warning,2.115772008895874,32,64
10280,random5,-1,later_intext_warnings,1.4683130780855815,144,64
10280,random5,-1,warning_after_claim,1.1364670991897583,24,64
10280,random6,1,claim_first,1.6209298372268677,30,64
10280,random6,1,first_intext_warning,2.5269758701324463,32,64
10280,random6,1,later_intext_warnings,1.4497195879618328,144,64
10280,random6,1,warning_after_claim,0.9356865882873535,24,64
10280,random6,-1,claim_first,1.665955901145935,30,64
10280,random6,-1,first_intext_warning,2.156503677368164,32,64
10280,random6,-1,later_intext_warnings,1.3737900257110596,144,64
10280,random6,-1,warning_after_claim,1.2511848211288452,24,64
10280,random7,1,claim_first,1.7370846271514893,30,64
10280,random7,1,first_intext_warning,2.364236354827881,32,64
10280,random7,1,later_intext_warnings,1.4460612932840984,144,64
10280,random7,1,warning_after_claim,1.128465175628662,24,64
10280,random7,-1,claim_first,1.583691120147705,30,64
10280,random7,-1,first_intext_warning,1.933178186416626,32,64
10280,random7,-1,later_intext_warnings,1.4330219626426697,144,64
10280,random7,-1,warning_after_claim,1.2811603546142578,24,64
10280,random8,1,claim_first,1.9764000177383423,30,64
10280,random8,1,first_intext_warning,2.3457634449005127,32,64
10280,random8,1,later_intext_warnings,1.3887377381324768,144,64
10280,random8,1,warning_after_claim,1.2366795539855957,24,64
10280,random8,-1,claim_first,1.4437968730926514,30,64
10280,random8,-1,first_intext_warning,2.1062610149383545,32,64
10280,random8,-1,later_intext_warnings,1.3964308301607768,144,64
10280,random8,-1,warning_after_claim,1.0284099578857422,24,64
10280,random9,1,claim_first,1.6095750331878662,30,64
10280,random9,1,first_intext_warning,2.1291182041168213,32,64
10280,random9,1,later_intext_warnings,1.4244663814703624,144,64
10280,random9,1,warning_after_claim,1.1981587409973145,24,64
10280,random9,-1,claim_first,1.5988556146621704,30,64
10280,random9,-1,first_intext_warning,2.4659929275512695,32,64
10280,random9,-1,later_intext_warnings,1.4562450051307678,144,64
10280,random9,-1,warning_after_claim,1.19790780544281,24,64
10280,random10,1,claim_first,1.79381263256073,30,64
10280,random10,1,first_intext_warning,2.1152896881103516,32,64
10280,random10,1,later_intext_warnings,1.4114362796147664,144,64
10280,random10,1,warning_after_claim,1.0426411628723145,24,64
10280,random10,-1,claim_first,1.7596622705459595,30,64
10280,random10,-1,first_intext_warning,2.1047940254211426,32,64
10280,random10,-1,later_intext_warnings,1.4538002212842305,144,64
10280,random10,-1,warning_after_claim,1.3892017602920532,24,64
10285,none,0,claim_first,1.9057948589324951,40,64
10285,none,0,ordinary,1.0783567428588867,95,64
10285,none,0,first_intext_warning,1.6587212085723877,36,64
10285,none,0,later_intext_warnings,1.0397209823131561,148,64
10285,none,0,warning_after_claim,1.7915064096450806,13,64
10285,truth,1,claim_first,2.4017879962921143,40,64
10285,truth,1,ordinary,1.6357121467590332,95,64
10285,truth,1,first_intext_warning,2.535170316696167,36,64
10285,truth,1,later_intext_warnings,1.7951868573824565,148,64
10285,truth,1,warning_after_claim,2.930830478668213,13,64
10285,truth,-1,claim_first,2.2862462997436523,40,64
10285,truth,-1,ordinary,1.4055570363998413,95,64
10285,truth,-1,first_intext_warning,2.3296449184417725,36,64
10285,truth,-1,later_intext_warnings,1.141336093346278,148,64
10285,truth,-1,warning_after_claim,1.6808280944824219,13,64
10285,random1,1,claim_first,2.5181617736816406,40,64
10285,random1,1,ordinary,1.5716229677200317,95,64
10285,random1,1,first_intext_warning,1.8800073862075806,36,64
10285,random1,1,later_intext_warnings,1.2145195106665294,148,64
10285,random1,1,warning_after_claim,1.8050402402877808,13,64
10285,random1,-1,claim_first,2.0128989219665527,40,64
10285,random1,-1,ordinary,1.6283870935440063,95,64
10285,random1,-1,first_intext_warning,1.945708155632019,36,64
10285,random1,-1,later_intext_warnings,1.2024465401967366,148,64
10285,random1,-1,warning_after_claim,2.1292459964752197,13,64
10285,random2,1,claim_first,2.077948570251465,40,64
10285,random2,1,ordinary,1.8373384475708008,95,64
10285,random2,1,first_intext_warning,2.02687931060791,36,64
10285,random2,1,later_intext_warnings,1.3203476270039876,148,64
10285,random2,1,warning_after_claim,2.39908766746521,13,64
10285,random2,-1,claim_first,2.3067705631256104,40,64
10285,random2,-1,ordinary,1.4016002416610718,95,64
10285,random2,-1,first_intext_warning,1.9504133462905884,36,64
10285,random2,-1,later_intext_warnings,1.2101184626420338,148,64
10285,random2,-1,warning_after_claim,1.7015607357025146,13,64
10285,random3,1,claim_first,2.304172992706299,40,64
10285,random3,1,ordinary,1.564296841621399,95,64
10285,random3,1,first_intext_warning,1.9405473470687866,36,64
10285,random3,1,later_intext_warnings,1.1873716413974762,148,64
10285,random3,1,warning_after_claim,1.9149962663650513,13,64
10285,random3,-1,claim_first,2.29206919670105,40,64
10285,random3,-1,ordinary,1.4697983264923096,95,64
10285,random3,-1,first_intext_warning,1.9492424726486206,36,64
10285,random3,-1,later_intext_warnings,1.271851013104121,148,64
10285,random3,-1,warning_after_claim,1.9755725860595703,13,64
10285,random4,1,claim_first,2.2379815578460693,40,64
10285,random4,1,ordinary,1.4814242124557495,95,64
10285,random4,1,first_intext_warning,1.953268051147461,36,64
10285,random4,1,later_intext_warnings,1.2172223528226216,148,64
10285,random4,1,warning_after_claim,1.4867180585861206,13,64
10285,random4,-1,claim_first,2.1607937812805176,40,64
10285,random4,-1,ordinary,1.5061038732528687,95,64
10285,random4,-1,first_intext_warning,1.82795250415802,36,64
10285,random4,-1,later_intext_warnings,1.3199427723884583,148,64
10285,random4,-1,warning_after_claim,2.54799485206604,13,64
10285,random5,1,claim_first,2.1862502098083496,40,64
10285,random5,1,ordinary,1.72275972366333,95,64
10285,random5,1,first_intext_warning,1.832136631011963,36,64
10285,random5,1,later_intext_warnings,1.2663511236508687,148,64
10285,random5,1,warning_after_claim,2.3095130920410156,13,64
10285,random5,-1,claim_first,2.2700507640838623,40,64
10285,random5,-1,ordinary,1.5250353813171387,95,64
10285,random5,-1,first_intext_warning,2.0310239791870117,36,64
10285,random5,-1,later_intext_warnings,1.2692902485529582,148,64
10285,random5,-1,warning_after_claim,1.8060095310211182,13,64
10285,random6,1,claim_first,2.1182472705841064,40,64
10285,random6,1,ordinary,1.5668307542800903,95,64
10285,random6,1,first_intext_warning,1.8218801021575928,36,64
10285,random6,1,later_intext_warnings,1.1625300347805023,148,64
10285,random6,1,warning_after_claim,1.9347379207611084,13,64
10285,random6,-1,claim_first,2.375460147857666,40,64
10285,random6,-1,ordinary,1.4196528196334839,95,64
10285,random6,-1,first_intext_warning,2.0580806732177734,36,64
10285,random6,-1,later_intext_warnings,1.3163341283798218,148,64
10285,random6,-1,warning_after_claim,2.2504024505615234,13,64
10285,random7,1,claim_first,2.2990410327911377,40,64
10285,random7,1,ordinary,1.56904935836792,95,64
10285,random7,1,first_intext_warning,1.9656214714050293,36,64
10285,random7,1,later_intext_warnings,1.1995490590731304,148,64
10285,random7,1,warning_after_claim,1.8142921924591064,13,64
10285,random7,-1,claim_first,2.247032403945923,40,64
10285,random7,-1,ordinary,1.678834319114685,95,64
10285,random7,-1,first_intext_warning,1.8402023315429688,36,64
10285,random7,-1,later_intext_warnings,1.2612043221791585,148,64
10285,random7,-1,warning_after_claim,2.0237948894500732,13,64
10285,random8,1,claim_first,2.0929198265075684,40,64
10285,random8,1,ordinary,1.4576289653778076,95,64
10285,random8,1,first_intext_warning,1.9107710123062134,36,64
10285,random8,1,later_intext_warnings,1.249104807774226,148,64
10285,random8,1,warning_after_claim,1.8661553859710693,13,64
10285,random8,-1,claim_first,2.3219051361083984,40,64
10285,random8,-1,ordinary,1.6374136209487915,95,64
10285,random8,-1,first_intext_warning,1.8275525569915771,36,64
10285,random8,-1,later_intext_warnings,1.2005784809589386,148,64
10285,random8,-1,warning_after_claim,2.0998666286468506,13,64
10285,random9,1,claim_first,2.275822639465332,40,64
10285,random9,1,ordinary,1.4623874425888062,95,64
10285,random9,1,first_intext_warning,1.9072377681732178,36,64
10285,random9,1,later_intext_warnings,1.2234155337015789,148,64
10285,random9,1,warning_after_claim,1.962823748588562,13,64
10285,random9,-1,claim_first,2.182044267654419,40,64
10285,random9,-1,ordinary,1.5445181131362915,95,64
10285,random9,-1,first_intext_warning,1.8052438497543335,36,64
10285,random9,-1,later_intext_warnings,1.2800194025039673,148,64
10285,random9,-1,warning_after_claim,1.8076164722442627,13,64
10285,random10,1,claim_first,2.296509265899658,40,64
10285,random10,1,ordinary,1.6691358089447021,95,64
10285,random10,1,first_intext_warning,1.8878557682037354,36,64
10285,random10,1,later_intext_warnings,1.325536807378133,148,64
10285,random10,1,warning_after_claim,2.5204904079437256,13,64
10285,random10,-1,claim_first,2.222935438156128,40,64
10285,random10,-1,ordinary,1.3946259021759033,95,64
10285,random10,-1,first_intext_warning,1.8921114206314087,36,64
10285,random10,-1,later_intext_warnings,1.273370623588562,148,64
10285,random10,-1,warning_after_claim,1.7630163431167603,13,64
10287,none,0,claim_first,1.1659950017929077,27,64
10287,none,0,ordinary,1.5399789810180664,74,64
10287,none,0,first_intext_warning,0.7915735840797424,21,64
10287,none,0,later_intext_warnings,1.4194777210553486,162,64
10287,none,0,warning_after_claim,0.6650041341781616,22,64
10287,truth,1,claim_first,1.9199943542480469,27,64
10287,truth,1,ordinary,1.7713549137115479,74,64
10287,truth,1,first_intext_warning,1.5695281028747559,21,64
10287,truth,1,later_intext_warnings,2.049718717734019,162,64
10287,truth,1,warning_after_claim,1.093611240386963,22,64
10287,truth,-1,claim_first,1.6354758739471436,27,64
10287,truth,-1,ordinary,1.9787201881408691,74,64
10287,truth,-1,first_intext_warning,0.9990763068199158,21,64
10287,truth,-1,later_intext_warnings,1.659376362959544,162,64
10287,truth,-1,warning_after_claim,0.6624759435653687,22,64
10287,random1,1,claim_first,1.8262430429458618,27,64
10287,random1,1,ordinary,1.8437259197235107,74,64
10287,random1,1,first_intext_warning,0.9861873388290405,21,64
10287,random1,1,later_intext_warnings,1.5594706734021504,162,64
10287,random1,1,warning_after_claim,0.7454466223716736,22,64
10287,random1,-1,claim_first,1.4749536514282227,27,64
10287,random1,-1,ordinary,1.8767904043197632,74,64
10287,random1,-1,first_intext_warning,1.0914543867111206,21,64
10287,random1,-1,later_intext_warnings,1.6689859926700592,162,64
10287,random1,-1,warning_after_claim,0.678617537021637,22,64
10287,random2,1,claim_first,1.3665755987167358,27,64
10287,random2,1,ordinary,2.0403754711151123,74,64
10287,random2,1,first_intext_warning,1.2685301303863525,21,64
10287,random2,1,later_intext_warnings,1.701562265555064,162,64
10287,random2,1,warning_after_claim,0.6152490973472595,22,64
10287,random2,-1,claim_first,1.8653669357299805,27,64
10287,random2,-1,ordinary,1.813362717628479,74,64
10287,random2,-1,first_intext_warning,0.9879655241966248,21,64
10287,random2,-1,later_intext_warnings,1.5656548043092091,162,64
10287,random2,-1,warning_after_claim,0.6334264278411865,22,64
10287,random3,1,claim_first,1.7475738525390625,27,64
10287,random3,1,ordinary,2.006563663482666,74,64
10287,random3,1,first_intext_warning,0.8079728484153748,21,64
10287,random3,1,later_intext_warnings,1.5615125397841136,162,64
10287,random3,1,warning_after_claim,0.7715423107147217,22,64
10287,random3,-1,claim_first,1.5821701288223267,27,64
10287,random3,-1,ordinary,1.80548095703125,74,64
10287,random3,-1,first_intext_warning,1.1909323930740356,21,64
10287,random3,-1,later_intext_warnings,1.6243762075901031,162,64
10287,random3,-1,warning_after_claim,0.6317404508590698,22,64
10287,random4,1,claim_first,1.770315408706665,27,64
10287,random4,1,ordinary,1.8239624500274658,74,64
10287,random4,1,first_intext_warning,0.8018211126327515,21,64
10287,random4,1,later_intext_warnings,1.7086775700251262,162,64
10287,random4,1,warning_after_claim,0.7631444931030273,22,64
10287,random4,-1,claim_first,1.7325395345687866,27,64
10287,random4,-1,ordinary,1.8378793001174927,74,64
10287,random4,-1,first_intext_warning,1.139539122581482,21,64
10287,random4,-1,later_intext_warnings,1.651568313439687,162,64
10287,random4,-1,warning_after_claim,0.5992017388343811,22,64
10287,random5,1,claim_first,1.4604521989822388,27,64
10287,random5,1,ordinary,1.8158648014068604,74,64
10287,random5,1,first_intext_warning,1.0467569828033447,21,64
10287,random5,1,later_intext_warnings,1.5959144532680511,162,64
10287,random5,1,warning_after_claim,0.7244814038276672,22,64
10287,random5,-1,claim_first,1.8508622646331787,27,64
10287,random5,-1,ordinary,1.8797225952148438,74,64
10287,random5,-1,first_intext_warning,1.0736422538757324,21,64
10287,random5,-1,later_intext_warnings,1.6217879851659138,162,64
10287,random5,-1,warning_after_claim,0.7235590219497681,22,64
10287,random6,1,claim_first,1.4262741804122925,27,64
10287,random6,1,ordinary,1.852670669555664,74,64
10287,random6,1,first_intext_warning,1.1397030353546143,21,64
10287,random6,1,later_intext_warnings,1.6734521985054016,162,64
10287,random6,1,warning_after_claim,0.6749358177185059,22,64
10287,random6,-1,claim_first,1.987038254737854,27,64
10287,random6,-1,ordinary,1.8173450231552124,74,64
10287,random6,-1,first_intext_warning,1.0251059532165527,21,64
10287,random6,-1,later_intext_warnings,1.6070421934127808,162,64
10287,random6,-1,warning_after_claim,0.7459257245063782,22,64
10287,random7,1,claim_first,1.69219970703125,27,64
10287,random7,1,ordinary,1.8331425189971924,74,64
10287,random7,1,first_intext_warning,1.0043420791625977,21,64
10287,random7,1,later_intext_warnings,1.6343173484007518,162,64
10287,random7,1,warning_after_claim,0.6814598441123962,22,64
10287,random7,-1,claim_first,1.5493614673614502,27,64
10287,random7,-1,ordinary,2.0119404792785645,74,64
10287,random7,-1,first_intext_warning,0.9916813969612122,21,64
10287,random7,-1,later_intext_warnings,1.6597248911857605,162,64
10287,random7,-1,warning_after_claim,0.7231152057647705,22,64
10287,random8,1,claim_first,1.4213539361953735,27,64
10287,random8,1,ordinary,1.8934478759765625,74,64
10287,random8,1,first_intext_warning,0.9693591594696045,21,64
10287,random8,1,later_intext_warnings,1.5457193354765575,162,64
10287,random8,1,warning_after_claim,0.6414858102798462,22,64
10287,random8,-1,claim_first,1.7815958261489868,27,64
10287,random8,-1,ordinary,1.7139891386032104,74,64
10287,random8,-1,first_intext_warning,1.0990759134292603,21,64
10287,random8,-1,later_intext_warnings,1.6587603787581127,162,64
10287,random8,-1,warning_after_claim,0.6712875366210938,22,64
10287,random9,1,claim_first,1.5218676328659058,27,64
10287,random9,1,ordinary,1.8008699417114258,74,64
10287,random9,1,first_intext_warning,0.9610965251922607,21,64
10287,random9,1,later_intext_warnings,1.6690192917982738,162,64
10287,random9,1,warning_after_claim,0.5354023575782776,22,64
10287,random9,-1,claim_first,1.646765112876892,27,64
10287,random9,-1,ordinary,1.7885465621948242,74,64
10287,random9,-1,first_intext_warning,1.0445865392684937,21,64
10287,random9,-1,later_intext_warnings,1.6553162336349487,162,64
10287,random9,-1,warning_after_claim,0.9376116394996643,22,64
10287,random10,1,claim_first,1.4768987894058228,27,64
10287,random10,1,ordinary,1.8337758779525757,74,64
10287,random10,1,first_intext_warning,1.175534963607788,21,64
10287,random10,1,later_intext_warnings,1.7253622810045879,162,64
10287,random10,1,warning_after_claim,0.6787799000740051,22,64
10287,random10,-1,claim_first,1.7392171621322632,27,64
10287,random10,-1,ordinary,1.9065585136413574,74,64
10287,random10,-1,first_intext_warning,1.1217454671859741,21,64
10287,random10,-1,later_intext_warnings,1.5107860167821248,162,64
10287,random10,-1,warning_after_claim,0.8095183968544006,22,64
10288,none,0,claim_first,0.9699052572250366,66,64
10288,none,0,ordinary,2.144601583480835,63,64
10288,none,0,first_intext_warning,0.9390442967414856,30,64
10288,none,0,later_intext_warnings,1.3154589235782623,184,64
10288,none,0,warning_after_claim,1.1330558061599731,23,64
10288,truth,1,claim_first,1.3471474647521973,66,64
10288,truth,1,ordinary,2.5476531982421875,63,64
10288,truth,1,first_intext_warning,1.4383294582366943,30,64
10288,truth,1,later_intext_warnings,1.9071465929349263,184,64
10288,truth,1,warning_after_claim,2.4264771938323975,23,64
10288,truth,-1,claim_first,1.1302096843719482,66,64
10288,truth,-1,ordinary,2.6801676750183105,63,64
10288,truth,-1,first_intext_warning,1.4246150255203247,30,64
10288,truth,-1,later_intext_warnings,1.6408948302268982,184,64
10288,truth,-1,warning_after_claim,1.3609594106674194,23,64
10288,random1,1,claim_first,1.4378119707107544,66,64
10288,random1,1,ordinary,2.5578269958496094,63,64
10288,random1,1,first_intext_warning,1.1294511556625366,30,64
10288,random1,1,later_intext_warnings,1.5790878236293793,184,64
10288,random1,1,warning_after_claim,1.5727561712265015,23,64
10288,random1,-1,claim_first,1.173074722290039,66,64
10288,random1,-1,ordinary,2.343693733215332,63,64
10288,random1,-1,first_intext_warning,1.1232627630233765,30,64
10288,random1,-1,later_intext_warnings,1.4801448782285054,184,64
10288,random1,-1,warning_after_claim,1.4350799322128296,23,64
10288,random2,1,claim_first,1.040154218673706,66,64
10288,random2,1,ordinary,2.5417592525482178,63,64
10288,random2,1,first_intext_warning,1.3011997938156128,30,64
10288,random2,1,later_intext_warnings,1.6345113515853882,184,64
10288,random2,1,warning_after_claim,1.7020801305770874,23,64
10288,random2,-1,claim_first,1.3766627311706543,66,64
10288,random2,-1,ordinary,2.4254512786865234,63,64
10288,random2,-1,first_intext_warning,1.1732585430145264,30,64
10288,random2,-1,later_intext_warnings,1.4761956532796223,184,64
10288,random2,-1,warning_after_claim,1.4523965120315552,23,64
10288,random3,1,claim_first,1.360899567604065,66,64
10288,random3,1,ordinary,2.531934976577759,63,64
10288,random3,1,first_intext_warning,1.0653939247131348,30,64
10288,random3,1,later_intext_warnings,1.5346100330352783,184,64
10288,random3,1,warning_after_claim,1.7752660512924194,23,64
10288,random3,-1,claim_first,1.0937626361846924,66,64
10288,random3,-1,ordinary,2.3765506744384766,63,64
10288,random3,-1,first_intext_warning,1.1441653966903687,30,64
10288,random3,-1,later_intext_warnings,1.5519636571407318,184,64
10288,random3,-1,warning_after_claim,1.4377647638320923,23,64
10288,random4,1,claim_first,1.316145658493042,66,64
10288,random4,1,ordinary,2.4402103424072266,63,64
10288,random4,1,first_intext_warning,1.2068506479263306,30,64
10288,random4,1,later_intext_warnings,1.501877357562383,184,64
10288,random4,1,warning_after_claim,1.5166693925857544,23,64
10288,random4,-1,claim_first,1.202567458152771,66,64
10288,random4,-1,ordinary,2.477430582046509,63,64
10288,random4,-1,first_intext_warning,1.0015408992767334,30,64
10288,random4,-1,later_intext_warnings,1.5378765265146892,184,64
10288,random4,-1,warning_after_claim,1.6394973993301392,23,64
10288,random5,1,claim_first,1.1814799308776855,66,64
10288,random5,1,ordinary,2.436505079269409,63,64
10288,random5,1,first_intext_warning,1.0752185583114624,30,64
10288,random5,1,later_intext_warnings,1.4801340401172638,184,64
10288,random5,1,warning_after_claim,1.501542329788208,23,64
10288,random5,-1,claim_first,1.378402590751648,66,64
10288,random5,-1,ordinary,2.4721198081970215,63,64
10288,random5,-1,first_intext_warning,1.1625398397445679,30,64
10288,random5,-1,later_intext_warnings,1.5471873780091603,184,64
10288,random5,-1,warning_after_claim,1.5542993545532227,23,64
10288,random6,1,claim_first,1.3571213483810425,66,64
10288,random6,1,ordinary,2.4084632396698,63,64
10288,random6,1,first_intext_warning,1.203393578529358,30,64
10288,random6,1,later_intext_warnings,1.5062751173973083,184,64
10288,random6,1,warning_after_claim,1.1382472515106201,23,64
10288,random6,-1,claim_first,1.0624970197677612,66,64
10288,random6,-1,ordinary,2.3538973331451416,63,64
10288,random6,-1,first_intext_warning,1.118263840675354,30,64
10288,random6,-1,later_intext_warnings,1.5881161987781525,184,64
10288,random6,-1,warning_after_claim,1.9114223718643188,23,64
10288,random7,1,claim_first,1.1750165224075317,66,64
10288,random7,1,ordinary,2.2724504470825195,63,64
10288,random7,1,first_intext_warning,0.9565255045890808,30,64
10288,random7,1,later_intext_warnings,1.5358237723509471,184,64
10288,random7,1,warning_after_claim,1.429244875907898,23,64
10288,random7,-1,claim_first,1.28240966796875,66,64
10288,random7,-1,ordinary,2.617540121078491,63,64
10288,random7,-1,first_intext_warning,1.3076599836349487,30,64
10288,random7,-1,later_intext_warnings,1.4946158230304718,184,64
10288,random7,-1,warning_after_claim,1.5400787591934204,23,64
10288,random8,1,claim_first,1.2255080938339233,66,64
10288,random8,1,ordinary,2.404348850250244,63,64
10288,random8,1,first_intext_warning,1.0762578248977661,30,64
10288,random8,1,later_intext_warnings,1.4976676205794017,184,64
10288,random8,1,warning_after_claim,1.3402706384658813,23,64
10288,random8,-1,claim_first,1.242098093032837,66,64
10288,random8,-1,ordinary,2.5004420280456543,63,64
10288,random8,-1,first_intext_warning,1.2341216802597046,30,64
10288,random8,-1,later_intext_warnings,1.485380878051122,184,64
10288,random8,-1,warning_after_claim,1.7720582485198975,23,64
10288,random9,1,claim_first,1.2189644575119019,66,64
10288,random9,1,ordinary,2.399439811706543,63,64
10288,random9,1,first_intext_warning,1.1493171453475952,30,64
10288,random9,1,later_intext_warnings,1.530030071735382,184,64
10288,random9,1,warning_after_claim,1.3912705183029175,23,64
10288,random9,-1,claim_first,1.3455216884613037,66,64
10288,random9,-1,ordinary,2.4839088916778564,63,64
10288,random9,-1,first_intext_warning,1.14103364944458,30,64
10288,random9,-1,later_intext_warnings,1.5220259229342143,184,64
10288,random9,-1,warning_after_claim,1.6036899089813232,23,64
10288,random10,1,claim_first,1.1798903942108154,66,64
10288,random10,1,ordinary,2.317415237426758,63,64
10288,random10,1,first_intext_warning,1.029876947402954,30,64
10288,random10,1,later_intext_warnings,1.5616230567296345,184,64
10288,random10,1,warning_after_claim,1.7826454639434814,23,64
10288,random10,-1,claim_first,1.3741141557693481,66,64
10288,random10,-1,ordinary,2.5063462257385254,63,64
10288,random10,-1,first_intext_warning,1.1882712841033936,30,64
10288,random10,-1,later_intext_warnings,1.4881329933802288,184,64
10288,random10,-1,warning_after_claim,1.5925315618515015,23,64
10289,none,0,claim_first,1.3214794397354126,46,64
10289,none,0,ordinary,1.0545138120651245,101,64
10289,none,0,first_intext_warning,0.9876489639282227,35,64
10289,none,0,later_intext_warnings,1.508301019668579,128,64
10289,none,0,warning_after_claim,0.7684428095817566,28,64
10289,truth,1,claim_first,1.63433837890625,46,64
10289,truth,1,ordinary,1.579581379890442,101,64
10289,truth,1,first_intext_warning,1.4650112390518188,35,64
10289,truth,1,later_intext_warnings,2.1569513281186423,128,64
10289,truth,1,warning_after_claim,1.6625536680221558,28,64
10289,truth,-1,claim_first,1.7202292680740356,46,64
10289,truth,-1,ordinary,1.346763253211975,101,64
10289,truth,-1,first_intext_warning,1.2926552295684814,35,64
10289,truth,-1,later_intext_warnings,1.7235162357489269,128,64
10289,truth,-1,warning_after_claim,0.9513222575187683,28,64
10289,random1,1,claim_first,1.5212507247924805,46,64
10289,random1,1,ordinary,1.5659494400024414,101,64
10289,random1,1,first_intext_warning,1.0892060995101929,35,64
10289,random1,1,later_intext_warnings,1.641254762808482,128,64
10289,random1,1,warning_after_claim,0.9526836276054382,28,64
10289,random1,-1,claim_first,1.799371361732483,46,64
10289,random1,-1,ordinary,1.4764608144760132,101,64
10289,random1,-1,first_intext_warning,0.9922913908958435,35,64
10289,random1,-1,later_intext_warnings,1.7612730065981548,128,64
10289,random1,-1,warning_after_claim,1.0258984565734863,28,64
10289,random2,1,claim_first,1.79960036277771,46,64
10289,random2,1,ordinary,1.5681320428848267,101,64
10289,random2,1,first_intext_warning,1.0405534505844116,35,64
10289,random2,1,later_intext_warnings,1.7652106086413066,128,64
10289,random2,1,warning_after_claim,0.960722029209137,28,64
10289,random2,-1,claim_first,1.5529165267944336,46,64
10289,random2,-1,ordinary,1.3814139366149902,101,64
10289,random2,-1,first_intext_warning,1.0972437858581543,35,64
10289,random2,-1,later_intext_warnings,1.5964477757612865,128,64
10289,random2,-1,warning_after_claim,0.9511251449584961,28,64
10289,random3,1,claim_first,1.8995954990386963,46,64
10289,random3,1,ordinary,1.6127899885177612,101,64
10289,random3,1,first_intext_warning,1.0655770301818848,35,64
10289,random3,1,later_intext_warnings,1.6572806040445964,128,64
10289,random3,1,warning_after_claim,1.0181249380111694,28,64
10289,random3,-1,claim_first,1.4127099514007568,46,64
10289,random3,-1,ordinary,1.5162544250488281,101,64
10289,random3,-1,first_intext_warning,1.1803258657455444,35,64
10289,random3,-1,later_intext_warnings,1.615363081296285,128,64
10289,random3,-1,warning_after_claim,0.9039676785469055,28,64
10289,random4,1,claim_first,1.6893211603164673,46,64
10289,random4,1,ordinary,1.6420583724975586,101,64
10289,random4,1,first_intext_warning,1.2295602560043335,35,64
10289,random4,1,later_intext_warnings,1.5729342699050903,128,64
10289,random4,1,warning_after_claim,0.8825982213020325,28,64
10289,random4,-1,claim_first,1.569980263710022,46,64
10289,random4,-1,ordinary,1.44955313205719,101,64
10289,random4,-1,first_intext_warning,1.0676243305206299,35,64
10289,random4,-1,later_intext_warnings,1.7354989647865295,128,64
10289,random4,-1,warning_after_claim,0.9956931471824646,28,64
10289,random5,1,claim_first,1.5745269060134888,46,64
10289,random5,1,ordinary,1.5283751487731934,101,64
10289,random5,1,first_intext_warning,1.1183885335922241,35,64
10289,random5,1,later_intext_warnings,1.7170403003692627,128,64
10289,random5,1,warning_after_claim,0.9175306558609009,28,64
10289,random5,-1,claim_first,1.621071219444275,46,64
10289,random5,-1,ordinary,1.4680744409561157,101,64
10289,random5,-1,first_intext_warning,1.0128042697906494,35,64
10289,random5,-1,later_intext_warnings,1.5755609075228374,128,64
10289,random5,-1,warning_after_claim,1.111391305923462,28,64
10289,random6,1,claim_first,1.6123149394989014,46,64
10289,random6,1,ordinary,1.496654748916626,101,64
10289,random6,1,first_intext_warning,0.9915108680725098,35,64
10289,random6,1,later_intext_warnings,1.7221572001775105,128,64
10289,random6,1,warning_after_claim,0.8897128105163574,28,64
10289,random6,-1,claim_first,1.536856770515442,46,64
10289,random6,-1,ordinary,1.465636134147644,101,64
10289,random6,-1,first_intext_warning,1.1708924770355225,35,64
10289,random6,-1,later_intext_warnings,1.6074460347493489,128,64
10289,random6,-1,warning_after_claim,0.9844156503677368,28,64
10289,random7,1,claim_first,1.558363676071167,46,64
10289,random7,1,ordinary,1.4878394603729248,101,64
10289,random7,1,first_intext_warning,1.041569471359253,35,64
10289,random7,1,later_intext_warnings,1.6346791783968608,128,64
10289,random7,1,warning_after_claim,0.9046036005020142,28,64
10289,random7,-1,claim_first,1.6319907903671265,46,64
10289,random7,-1,ordinary,1.6056387424468994,101,64
10289,random7,-1,first_intext_warning,1.339499831199646,35,64
10289,random7,-1,later_intext_warnings,1.7296099265416462,128,64
10289,random7,-1,warning_after_claim,1.0481141805648804,28,64
10289,random8,1,claim_first,1.461466908454895,46,64
10289,random8,1,ordinary,1.468648076057434,101,64
10289,random8,1,first_intext_warning,1.0987491607666016,35,64
10289,random8,1,later_intext_warnings,1.5683770775794983,128,64
10289,random8,1,warning_after_claim,0.8962786793708801,28,64
10289,random8,-1,claim_first,1.7633730173110962,46,64
10289,random8,-1,ordinary,1.5690958499908447,101,64
10289,random8,-1,first_intext_warning,1.07453453540802,35,64
10289,random8,-1,later_intext_warnings,1.7200459043184917,128,64
10289,random8,-1,warning_after_claim,1.0695513486862183,28,64
10289,random9,1,claim_first,1.6859062910079956,46,64
10289,random9,1,ordinary,1.5603888034820557,101,64
10289,random9,1,first_intext_warning,1.2213177680969238,35,64
10289,random9,1,later_intext_warnings,1.726846694946289,128,64
10289,random9,1,warning_after_claim,0.9840660095214844,28,64
10289,random9,-1,claim_first,1.646378517150879,46,64
10289,random9,-1,ordinary,1.545397162437439,101,64
10289,random9,-1,first_intext_warning,1.119612216949463,35,64
10289,random9,-1,later_intext_warnings,1.6151519815127056,128,64
10289,random9,-1,warning_after_claim,0.9453898072242737,28,64
10289,random10,1,claim_first,1.7515151500701904,46,64
10289,random10,1,ordinary,1.3427181243896484,101,64
10289,random10,1,first_intext_warning,1.0902957916259766,35,64
10289,random10,1,later_intext_warnings,1.759409487247467,128,64
10289,random10,1,warning_after_claim,1.0854557752609253,28,64
10289,random10,-1,claim_first,1.474186658859253,46,64
10289,random10,-1,ordinary,1.5140732526779175,101,64
10289,random10,-1,first_intext_warning,1.1668943166732788,35,64
10289,random10,-1,later_intext_warnings,1.671023388703664,128,64
10289,random10,-1,warning_after_claim,0.9057050347328186,28,64
10290,none,0,claim_first,0.858463704586029,28,64
10290,none,0,ordinary,2.189554214477539,65,64
10290,none,0,first_intext_warning,1.1710301637649536,26,64
10290,none,0,later_intext_warnings,1.5410945415496826,150,64
10290,none,0,warning_after_claim,0.6884605884552002,20,64
10290,truth,1,claim_first,1.1422394514083862,28,64
10290,truth,1,ordinary,2.8861567974090576,65,64
10290,truth,1,first_intext_warning,1.9157532453536987,26,64
10290,truth,1,later_intext_warnings,2.0135844548543296,150,64
10290,truth,1,warning_after_claim,1.4863239526748657,20,64
10290,truth,-1,claim_first,1.1249873638153076,28,64
10290,truth,-1,ordinary,2.344705820083618,65,64
10290,truth,-1,first_intext_warning,1.3652358055114746,26,64
10290,truth,-1,later_intext_warnings,1.705010990301768,150,64
10290,truth,-1,warning_after_claim,1.0179197788238525,20,64
10290,random1,1,claim_first,1.3301295042037964,28,64
10290,random1,1,ordinary,2.6596806049346924,65,64
10290,random1,1,first_intext_warning,1.2863285541534424,26,64
10290,random1,1,later_intext_warnings,1.589957316716512,150,64
10290,random1,1,warning_after_claim,0.9727009534835815,20,64
10290,random1,-1,claim_first,1.0315074920654297,28,64
10290,random1,-1,ordinary,2.577301025390625,65,64
10290,random1,-1,first_intext_warning,1.434812307357788,26,64
10290,random1,-1,later_intext_warnings,1.7270301779111226,150,64
10290,random1,-1,warning_after_claim,0.8933089971542358,20,64
10290,random2,1,claim_first,1.233088731765747,28,64
10290,random2,1,ordinary,2.468763589859009,65,64
10290,random2,1,first_intext_warning,1.4348832368850708,26,64
10290,random2,1,later_intext_warnings,1.6977625091870625,150,64
10290,random2,1,warning_after_claim,0.7697912454605103,20,64
10290,random2,-1,claim_first,1.1116626262664795,28,64
10290,random2,-1,ordinary,2.5490243434906006,65,64
10290,random2,-1,first_intext_warning,1.2931838035583496,26,64
10290,random2,-1,later_intext_warnings,1.6818419694900513,150,64
10290,random2,-1,warning_after_claim,0.8884625434875488,20,64
10290,random3,1,claim_first,1.0753509998321533,28,64
10290,random3,1,ordinary,2.5011417865753174,65,64
10290,random3,1,first_intext_warning,1.1826499700546265,26,64
10290,random3,1,later_intext_warnings,1.5814414024353027,150,64
10290,random3,1,warning_after_claim,0.8808034658432007,20,64
10290,random3,-1,claim_first,1.0634162425994873,28,64
10290,random3,-1,ordinary,2.4334487915039062,65,64
10290,random3,-1,first_intext_warning,1.5228569507598877,26,64
10290,random3,-1,later_intext_warnings,1.7333847085634868,150,64
10290,random3,-1,warning_after_claim,0.9200066328048706,20,64
10290,random4,1,claim_first,1.1499699354171753,28,64
10290,random4,1,ordinary,2.5709426403045654,65,64
10290,random4,1,first_intext_warning,1.6119745969772339,26,64
10290,random4,1,later_intext_warnings,1.6540603041648865,150,64
10290,random4,1,warning_after_claim,1.02306067943573,20,64
10290,random4,-1,claim_first,0.9670235514640808,28,64
10290,random4,-1,ordinary,2.3894224166870117,65,64
10290,random4,-1,first_intext_warning,1.2689229249954224,26,64
10290,random4,-1,later_intext_warnings,1.6679352124532063,150,64
10290,random4,-1,warning_after_claim,0.7490510940551758,20,64
10290,random5,1,claim_first,0.995207667350769,28,64
10290,random5,1,ordinary,2.326847791671753,65,64
10290,random5,1,first_intext_warning,1.464489221572876,26,64
10290,random5,1,later_intext_warnings,1.6936266422271729,150,64
10290,random5,1,warning_after_claim,0.825078010559082,20,64
10290,random5,-1,claim_first,1.0923852920532227,28,64
10290,random5,-1,ordinary,2.6024365425109863,65,64
10290,random5,-1,first_intext_warning,1.3302454948425293,26,64
10290,random5,-1,later_intext_warnings,1.619883954524994,150,64
10290,random5,-1,warning_after_claim,1.034416913986206,20,64
10290,random6,1,claim_first,1.0322118997573853,28,64
10290,random6,1,ordinary,2.4544413089752197,65,64
10290,random6,1,first_intext_warning,1.42710280418396,26,64
10290,random6,1,later_intext_warnings,1.760366936524709,150,64
10290,random6,1,warning_after_claim,0.8604698181152344,20,64
10290,random6,-1,claim_first,1.1148535013198853,28,64
10290,random6,-1,ordinary,2.47705340385437,65,64
10290,random6,-1,first_intext_warning,1.4763283729553223,26,64
10290,random6,-1,later_intext_warnings,1.6408207416534424,150,64
10290,random6,-1,warning_after_claim,0.8499985933303833,20,64
10290,random7,1,claim_first,1.0784695148468018,28,64
10290,random7,1,ordinary,2.639798879623413,65,64
10290,random7,1,first_intext_warning,1.4610388278961182,26,64
10290,random7,1,later_intext_warnings,1.6270472606023152,150,64
10290,random7,1,warning_after_claim,0.9158221483230591,20,64
10290,random7,-1,claim_first,1.0180710554122925,28,64
10290,random7,-1,ordinary,2.3976166248321533,65,64
10290,random7,-1,first_intext_warning,1.3136786222457886,26,64
10290,random7,-1,later_intext_warnings,1.6945119301478069,150,64
10290,random7,-1,warning_after_claim,0.7794324159622192,20,64
10290,random8,1,claim_first,1.1108028888702393,28,64
10290,random8,1,ordinary,2.4814250469207764,65,64
10290,random8,1,first_intext_warning,1.384272813796997,26,64
10290,random8,1,later_intext_warnings,1.5804089903831482,150,64
10290,random8,1,warning_after_claim,0.7808331251144409,20,64
10290,random8,-1,claim_first,1.1719677448272705,28,64
10290,random8,-1,ordinary,2.4649741649627686,65,64
10290,random8,-1,first_intext_warning,1.3410981893539429,26,64
10290,random8,-1,later_intext_warnings,1.6833754181861877,150,64
10290,random8,-1,warning_after_claim,0.9763191342353821,20,64
10290,random9,1,claim_first,1.0000479221343994,28,64
10290,random9,1,ordinary,2.5907347202301025,65,64
10290,random9,1,first_intext_warning,1.3291523456573486,26,64
10290,random9,1,later_intext_warnings,1.6494807402292888,150,64
10290,random9,1,warning_after_claim,0.8042465448379517,20,64
10290,random9,-1,claim_first,1.0277423858642578,28,64
10290,random9,-1,ordinary,2.4376931190490723,65,64
10290,random9,-1,first_intext_warning,1.4320602416992188,26,64
10290,random9,-1,later_intext_warnings,1.720769226551056,150,64
10290,random9,-1,warning_after_claim,1.211790919303894,20,64
10290,random10,1,claim_first,1.1016442775726318,28,64
10290,random10,1,ordinary,2.483125925064087,65,64
10290,random10,1,first_intext_warning,1.3548951148986816,26,64
10290,random10,1,later_intext_warnings,1.6918862263361614,150,64
10290,random10,1,warning_after_claim,0.9574011564254761,20,64
10290,random10,-1,claim_first,1.23603093624115,28,64
10290,random10,-1,ordinary,2.5079345703125,65,64
10290,random10,-1,first_intext_warning,1.555275797843933,26,64
10290,random10,-1,later_intext_warnings,1.6200672189394634,150,64
10290,random10,-1,warning_after_claim,1.0479567050933838,20,64
10291,none,0,claim_first,0.6926900148391724,57,64
10291,none,0,ordinary,1.7085381746292114,88,64
10291,none,0,first_intext_warning,1.152826189994812,30,64
10291,none,0,later_intext_warnings,1.2176151275634766,176,64
10291,none,0,warning_after_claim,2.105666399002075,24,64
10291,truth,1,claim_first,0.944931149482727,57,64
10291,truth,1,ordinary,2.0755767822265625,88,64
10291,truth,1,first_intext_warning,1.6810320615768433,30,64
10291,truth,1,later_intext_warnings,1.9542004466056824,176,64
10291,truth,1,warning_after_claim,2.6251304149627686,24,64
10291,truth,-1,claim_first,1.031389594078064,57,64
10291,truth,-1,ordinary,1.9374715089797974,88,64
10291,truth,-1,first_intext_warning,1.349785566329956,30,64
10291,truth,-1,later_intext_warnings,1.4094927708307903,176,64
10291,truth,-1,warning_after_claim,2.2691752910614014,24,64
10291,random1,1,claim_first,1.084038496017456,57,64
10291,random1,1,ordinary,1.9507689476013184,88,64
10291,random1,1,first_intext_warning,1.4306751489639282,30,64
10291,random1,1,later_intext_warnings,1.4924096862475078,176,64
10291,random1,1,warning_after_claim,2.1706838607788086,24,64
10291,random1,-1,claim_first,0.9621143937110901,57,64
10291,random1,-1,ordinary,1.95439612865448,88,64
10291,random1,-1,first_intext_warning,1.226181149482727,30,64
10291,random1,-1,later_intext_warnings,1.419866939385732,176,64
10291,random1,-1,warning_after_claim,2.376392364501953,24,64
10291,random2,1,claim_first,0.910710871219635,57,64
10291,random2,1,ordinary,1.8596247434616089,88,64
10291,random2,1,first_intext_warning,1.3603602647781372,30,64
10291,random2,1,later_intext_warnings,1.5152934988339741,176,64
10291,random2,1,warning_after_claim,2.4247524738311768,24,64
10291,random2,-1,claim_first,0.9225572347640991,57,64
10291,random2,-1,ordinary,2.0243070125579834,88,64
10291,random2,-1,first_intext_warning,1.3771289587020874,30,64
10291,random2,-1,later_intext_warnings,1.448741614818573,176,64
10291,random2,-1,warning_after_claim,2.0055344104766846,24,64
10291,random3,1,claim_first,0.8727315068244934,57,64
10291,random3,1,ordinary,2.0485756397247314,88,64
10291,random3,1,first_intext_warning,1.427897572517395,30,64
10291,random3,1,later_intext_warnings,1.4552131295204163,176,64
10291,random3,1,warning_after_claim,2.597881555557251,24,64
10291,random3,-1,claim_first,0.9256845712661743,57,64
10291,random3,-1,ordinary,1.8365572690963745,88,64
10291,random3,-1,first_intext_warning,1.26926589012146,30,64
10291,random3,-1,later_intext_warnings,1.3940271735191345,176,64
10291,random3,-1,warning_after_claim,1.8080037832260132,24,64
10291,random4,1,claim_first,0.9978203177452087,57,64
10291,random4,1,ordinary,1.910346269607544,88,64
10291,random4,1,first_intext_warning,1.4179409742355347,30,64
10291,random4,1,later_intext_warnings,1.4728980859120686,176,64
10291,random4,1,warning_after_claim,2.3260135650634766,24,64
10291,random4,-1,claim_first,0.8310356140136719,57,64
10291,random4,-1,ordinary,1.9346610307693481,88,64
10291,random4,-1,first_intext_warning,1.2287956476211548,30,64
10291,random4,-1,later_intext_warnings,1.4162883361180623,176,64
10291,random4,-1,warning_after_claim,2.1550354957580566,24,64
10291,random5,1,claim_first,0.963172972202301,57,64
10291,random5,1,ordinary,1.9531489610671997,88,64
10291,random5,1,first_intext_warning,1.4517651796340942,30,64
10291,random5,1,later_intext_warnings,1.4317058324813843,176,64
10291,random5,1,warning_after_claim,2.455585241317749,24,64
10291,random5,-1,claim_first,0.9471419453620911,57,64
10291,random5,-1,ordinary,1.8708319664001465,88,64
10291,random5,-1,first_intext_warning,1.2392629384994507,30,64
10291,random5,-1,later_intext_warnings,1.3797343075275421,176,64
10291,random5,-1,warning_after_claim,2.163391351699829,24,64
10291,random6,1,claim_first,0.9458284974098206,57,64
10291,random6,1,ordinary,1.9897290468215942,88,64
10291,random6,1,first_intext_warning,1.4997974634170532,30,64
10291,random6,1,later_intext_warnings,1.488035003344218,176,64
10291,random6,1,warning_after_claim,2.016237497329712,24,64
10291,random6,-1,claim_first,0.8664896488189697,57,64
10291,random6,-1,ordinary,1.8119395971298218,88,64
10291,random6,-1,first_intext_warning,1.138946771621704,30,64
10291,random6,-1,later_intext_warnings,1.4327086011568706,176,64
10291,random6,-1,warning_after_claim,2.4912338256835938,24,64
10291,random7,1,claim_first,0.8374967575073242,57,64
10291,random7,1,ordinary,1.8875846862792969,88,64
10291,random7,1,first_intext_warning,1.2993961572647095,30,64
10291,random7,1,later_intext_warnings,1.4457634091377258,176,64
10291,random7,1,warning_after_claim,2.079089403152466,24,64
10291,random7,-1,claim_first,1.0290958881378174,57,64
10291,random7,-1,ordinary,1.9874612092971802,88,64
10291,random7,-1,first_intext_warning,1.4069722890853882,30,64
10291,random7,-1,later_intext_warnings,1.4300387303034465,176,64
10291,random7,-1,warning_after_claim,2.301163911819458,24,64
10291,random8,1,claim_first,0.861504852771759,57,64
10291,random8,1,ordinary,1.8865081071853638,88,64
10291,random8,1,first_intext_warning,1.2445801496505737,30,64
10291,random8,1,later_intext_warnings,1.3653571407000225,176,64
10291,random8,1,warning_after_claim,2.1653645038604736,24,64
10291,random8,-1,claim_first,0.9760553240776062,57,64
10291,random8,-1,ordinary,1.8831442594528198,88,64
10291,random8,-1,first_intext_warning,1.3908792734146118,30,64
10291,random8,-1,later_intext_warnings,1.451813777287801,176,64
10291,random8,-1,warning_after_claim,2.571448564529419,24,64
10291,random9,1,claim_first,1.0208430290222168,57,64
10291,random9,1,ordinary,1.9893558025360107,88,64
10291,random9,1,first_intext_warning,1.2265714406967163,30,64
10291,random9,1,later_intext_warnings,1.399962882200877,176,64
10291,random9,1,warning_after_claim,2.4917516708374023,24,64
10291,random9,-1,claim_first,0.9118301868438721,57,64
10291,random9,-1,ordinary,2.0286550521850586,88,64
10291,random9,-1,first_intext_warning,1.3394368886947632,30,64
10291,random9,-1,later_intext_warnings,1.5202176173528035,176,64
10291,random9,-1,warning_after_claim,1.9698410034179688,24,64
10291,random10,1,claim_first,0.9985423684120178,57,64
10291,random10,1,ordinary,1.9502402544021606,88,64
10291,random10,1,first_intext_warning,1.2822010517120361,30,64
10291,random10,1,later_intext_warnings,1.4519127011299133,176,64
10291,random10,1,warning_after_claim,2.099984645843506,24,64
10291,random10,-1,claim_first,0.9114891886711121,57,64
10291,random10,-1,ordinary,1.983193278312683,88,64
10291,random10,-1,first_intext_warning,1.4666410684585571,30,64
10291,random10,-1,later_intext_warnings,1.4242277542750041,176,64
10291,random10,-1,warning_after_claim,2.2999520301818848,24,64
10292,none,0,claim_first,2.035536766052246,38,64
10292,none,0,ordinary,1.3818964958190918,103,64
10292,none,0,first_intext_warning,1.2794772386550903,31,64
10292,none,0,later_intext_warnings,1.1660030484199524,116,64
10292,none,0,warning_after_claim,1.1349458694458008,23,64
10292,truth,1,claim_first,2.414499044418335,38,64
10292,truth,1,ordinary,1.67760169506073,103,64
10292,truth,1,first_intext_warning,2.1555683612823486,31,64
10292,truth,1,later_intext_warnings,1.8059457063674926,116,64
10292,truth,1,warning_after_claim,2.1601271629333496,23,64
10292,truth,-1,claim_first,2.2876009941101074,38,64
10292,truth,-1,ordinary,1.5095252990722656,103,64
10292,truth,-1,first_intext_warning,1.910283088684082,31,64
10292,truth,-1,later_intext_warnings,1.3585042476654052,116,64
10292,truth,-1,warning_after_claim,1.3604505062103271,23,64
10292,random1,1,claim_first,2.262065887451172,38,64
10292,random1,1,ordinary,1.7877659797668457,103,64
10292,random1,1,first_intext_warning,1.4574497938156128,31,64
10292,random1,1,later_intext_warnings,1.382636559009552,116,64
10292,random1,1,warning_after_claim,1.5002191066741943,23,64
10292,random1,-1,claim_first,2.430779218673706,38,64
10292,random1,-1,ordinary,1.7099119424819946,103,64
10292,random1,-1,first_intext_warning,1.6370785236358643,31,64
10292,random1,-1,later_intext_warnings,1.274397647380829,116,64
10292,random1,-1,warning_after_claim,1.3524367809295654,23,64
10292,random2,1,claim_first,2.354684591293335,38,64
10292,random2,1,ordinary,1.6684794425964355,103,64
10292,random2,1,first_intext_warning,1.7524371147155762,31,64
10292,random2,1,later_intext_warnings,1.421759295463562,116,64
10292,random2,1,warning_after_claim,1.6616326570510864,23,64
10292,random2,-1,claim_first,2.2100462913513184,38,64
10292,random2,-1,ordinary,1.5651389360427856,103,64
10292,random2,-1,first_intext_warning,1.5772390365600586,31,64
10292,random2,-1,later_intext_warnings,1.368450927734375,116,64
10292,random2,-1,warning_after_claim,1.2138314247131348,23,64
10292,random3,1,claim_first,2.3583972454071045,38,64
10292,random3,1,ordinary,1.7776930332183838,103,64
10292,random3,1,first_intext_warning,1.708992600440979,31,64
10292,random3,1,later_intext_warnings,1.3498990416526795,116,64
10292,random3,1,warning_after_claim,1.2167961597442627,23,64
10292,random3,-1,claim_first,2.170452117919922,38,64
10292,random3,-1,ordinary,1.5389738082885742,103,64
10292,random3,-1,first_intext_warning,1.4410512447357178,31,64
10292,random3,-1,later_intext_warnings,1.399020504951477,116,64
10292,random3,-1,warning_after_claim,1.5682905912399292,23,64
10292,random4,1,claim_first,2.206944227218628,38,64
10292,random4,1,ordinary,1.5459153652191162,103,64
10292,random4,1,first_intext_warning,1.683385968208313,31,64
10292,random4,1,later_intext_warnings,1.4504371881484985,116,64
10292,random4,1,warning_after_claim,1.301750898361206,23,64
10292,random4,-1,claim_first,2.1983180046081543,38,64
10292,random4,-1,ordinary,1.5940574407577515,103,64
10292,random4,-1,first_intext_warning,1.451643705368042,31,64
10292,random4,-1,later_intext_warnings,1.3897817254066467,116,64
10292,random4,-1,warning_after_claim,1.5036053657531738,23,64
10292,random5,1,claim_first,2.174189805984497,38,64
10292,random5,1,ordinary,1.677919864654541,103,64
10292,random5,1,first_intext_warning,1.5502785444259644,31,64
10292,random5,1,later_intext_warnings,1.3695615768432616,116,64
10292,random5,1,warning_after_claim,1.3154009580612183,23,64
10292,random5,-1,claim_first,2.2450144290924072,38,64
10292,random5,-1,ordinary,1.5621968507766724,103,64
10292,random5,-1,first_intext_warning,1.6730908155441284,31,64
10292,random5,-1,later_intext_warnings,1.3660412430763245,116,64
10292,random5,-1,warning_after_claim,1.3982731103897095,23,64
10292,random6,1,claim_first,2.2913930416107178,38,64
10292,random6,1,ordinary,1.7021675109863281,103,64
10292,random6,1,first_intext_warning,1.4875303506851196,31,64
10292,random6,1,later_intext_warnings,1.3231378197669983,116,64
10292,random6,1,warning_after_claim,1.465287208557129,23,64
10292,random6,-1,claim_first,2.1921000480651855,38,64
10292,random6,-1,ordinary,1.497214913368225,103,64
10292,random6,-1,first_intext_warning,1.7505632638931274,31,64
10292,random6,-1,later_intext_warnings,1.4404788732528686,116,64
10292,random6,-1,warning_after_claim,1.3017170429229736,23,64
10292,random7,1,claim_first,2.039029121398926,38,64
10292,random7,1,ordinary,1.7203925848007202,103,64
10292,random7,1,first_intext_warning,1.5325556993484497,31,64
10292,random7,1,later_intext_warnings,1.3410593628883363,116,64
10292,random7,1,warning_after_claim,1.5542300939559937,23,64
10292,random7,-1,claim_first,2.2938079833984375,38,64
10292,random7,-1,ordinary,1.705085277557373,103,64
10292,random7,-1,first_intext_warning,1.7133604288101196,31,64
10292,random7,-1,later_intext_warnings,1.4496543884277344,116,64
10292,random7,-1,warning_after_claim,1.0815460681915283,23,64
10292,random8,1,claim_first,2.112267255783081,38,64
10292,random8,1,ordinary,1.6793828010559082,103,64
10292,random8,1,first_intext_warning,1.342052698135376,31,64
10292,random8,1,later_intext_warnings,1.316948616504669,116,64
10292,random8,1,warning_after_claim,1.3889497518539429,23,64
10292,random8,-1,claim_first,2.350647211074829,38,64
10292,random8,-1,ordinary,1.5586957931518555,103,64
10292,random8,-1,first_intext_warning,1.7156412601470947,31,64
10292,random8,-1,later_intext_warnings,1.3838479042053222,116,64
10292,random8,-1,warning_after_claim,1.3293993473052979,23,64
10292,random9,1,claim_first,2.263512134552002,38,64
10292,random9,1,ordinary,1.6147098541259766,103,64
10292,random9,1,first_intext_warning,1.5073540210723877,31,64
10292,random9,1,later_intext_warnings,1.3012912392616272,116,64
10292,random9,1,warning_after_claim,1.3562090396881104,23,64
10292,random9,-1,claim_first,2.116269588470459,38,64
10292,random9,-1,ordinary,1.6675055027008057,103,64
10292,random9,-1,first_intext_warning,1.6655739545822144,31,64
10292,random9,-1,later_intext_warnings,1.3999566435813904,116,64
10292,random9,-1,warning_after_claim,1.4925198554992676,23,64
10292,random10,1,claim_first,2.335855484008789,38,64
10292,random10,1,ordinary,1.602631688117981,103,64
10292,random10,1,first_intext_warning,1.646183729171753,31,64
10292,random10,1,later_intext_warnings,1.3998431801795959,116,64
10292,random10,1,warning_after_claim,1.6309453248977661,23,64
10292,random10,-1,claim_first,2.096712112426758,38,64
10292,random10,-1,ordinary,1.6101785898208618,103,64
10292,random10,-1,first_intext_warning,1.5957509279251099,31,64
10292,random10,-1,later_intext_warnings,1.385861337184906,116,64
10292,random10,-1,warning_after_claim,1.022460699081421,23,64
10293,none,0,claim_first,0.3247949779033661,45,64
10293,none,0,ordinary,1.2191039323806763,109,64
10293,none,0,first_intext_warning,1.5624126195907593,30,64
10293,none,0,later_intext_warnings,1.3197065591812134,147,64
10293,none,0,warning_after_claim,0.7525454759597778,23,64
10293,truth,1,claim_first,0.65071702003479,45,64
10293,truth,1,ordinary,1.7912651300430298,109,64
10293,truth,1,first_intext_warning,2.2453677654266357,30,64
10293,truth,1,later_intext_warnings,1.8931061267852782,147,64
10293,truth,1,warning_after_claim,1.9297384023666382,23,64
10293,truth,-1,claim_first,0.41977429389953613,45,64
10293,truth,-1,ordinary,1.7718024253845215,109,64
10293,truth,-1,first_intext_warning,1.761464238166809,30,64
10293,truth,-1,later_intext_warnings,1.6859841346740723,147,64
10293,truth,-1,warning_after_claim,0.8348441123962402,23,64
10293,random1,1,claim_first,0.6335830092430115,45,64
10293,random1,1,ordinary,1.7986394166946411,109,64
10293,random1,1,first_intext_warning,1.8383489847183228,30,64
10293,random1,1,later_intext_warnings,1.4659929990768432,147,64
10293,random1,1,warning_after_claim,0.9877104759216309,23,64
10293,random1,-1,claim_first,0.5304284691810608,45,64
10293,random1,-1,ordinary,1.8719755411148071,109,64
10293,random1,-1,first_intext_warning,1.594604253768921,30,64
10293,random1,-1,later_intext_warnings,1.6011674642562865,147,64
10293,random1,-1,warning_after_claim,0.9993218183517456,23,64
10293,random2,1,claim_first,0.46576428413391113,45,64
10293,random2,1,ordinary,1.8237134218215942,109,64
10293,random2,1,first_intext_warning,1.5260016918182373,30,64
10293,random2,1,later_intext_warnings,1.618466329574585,147,64
10293,random2,1,warning_after_claim,1.128925085067749,23,64
10293,random2,-1,claim_first,0.641126275062561,45,64
10293,random2,-1,ordinary,1.7637099027633667,109,64
10293,random2,-1,first_intext_warning,1.9699070453643799,30,64
10293,random2,-1,later_intext_warnings,1.5313268423080444,147,64
10293,random2,-1,warning_after_claim,0.9686069488525391,23,64
10293,random3,1,claim_first,0.5748335719108582,45,64
10293,random3,1,ordinary,1.847137451171875,109,64
10293,random3,1,first_intext_warning,1.9260855913162231,30,64
10293,random3,1,later_intext_warnings,1.5628341436386108,147,64
10293,random3,1,warning_after_claim,1.1613541841506958,23,64
10293,random3,-1,claim_first,0.47734278440475464,45,64
10293,random3,-1,ordinary,1.712027907371521,109,64
10293,random3,-1,first_intext_warning,1.6845755577087402,30,64
10293,random3,-1,later_intext_warnings,1.5553744792938233,147,64
10293,random3,-1,warning_after_claim,0.8945432901382446,23,64
10293,random4,1,claim_first,0.5163853764533997,45,64
10293,random4,1,ordinary,1.9378098249435425,109,64
10293,random4,1,first_intext_warning,2.0833165645599365,30,64
10293,random4,1,later_intext_warnings,1.5512888193130494,147,64
10293,random4,1,warning_after_claim,0.8906726241111755,23,64
10293,random4,-1,claim_first,0.50862056016922,45,64
10293,random4,-1,ordinary,1.6768486499786377,109,64
10293,random4,-1,first_intext_warning,1.82999849319458,30,64
10293,random4,-1,later_intext_warnings,1.5539655208587646,147,64
10293,random4,-1,warning_after_claim,1.0856529474258423,23,64
10293,random5,1,claim_first,0.5686787366867065,45,64
10293,random5,1,ordinary,1.8444548845291138,109,64
10293,random5,1,first_intext_warning,2.0231773853302,30,64
10293,random5,1,later_intext_warnings,1.479415225982666,147,64
10293,random5,1,warning_after_claim,1.0020064115524292,23,64
10293,random5,-1,claim_first,0.5272368788719177,45,64
10293,random5,-1,ordinary,1.7310081720352173,109,64
10293,random5,-1,first_intext_warning,1.7723032236099243,30,64
10293,random5,-1,later_intext_warnings,1.6103764057159424,147,64
10293,random5,-1,warning_after_claim,1.025558590888977,23,64
10293,random6,1,claim_first,0.5183665156364441,45,64
10293,random6,1,ordinary,1.8843449354171753,109,64
10293,random6,1,first_intext_warning,1.8210912942886353,30,64
10293,random6,1,later_intext_warnings,1.5692798376083374,147,64
10293,random6,1,warning_after_claim,0.9459012746810913,23,64
10293,random6,-1,claim_first,0.5122244358062744,45,64
10293,random6,-1,ordinary,1.6509279012680054,109,64
10293,random6,-1,first_intext_warning,1.815375804901123,30,64
10293,random6,-1,later_intext_warnings,1.576614999771118,147,64
10293,random6,-1,warning_after_claim,1.0028475522994995,23,64
10293,random7,1,claim_first,0.5526795387268066,45,64
10293,random7,1,ordinary,1.7118022441864014,109,64
10293,random7,1,first_intext_warning,2.018495798110962,30,64
10293,random7,1,later_intext_warnings,1.5660021781921387,147,64
10293,random7,1,warning_after_claim,1.2199647426605225,23,64
10293,random7,-1,claim_first,0.49701517820358276,45,64
10293,random7,-1,ordinary,1.9552966356277466,109,64
10293,random7,-1,first_intext_warning,1.7240322828292847,30,64
10293,random7,-1,later_intext_warnings,1.5784936666488647,147,64
10293,random7,-1,warning_after_claim,0.8327996730804443,23,64
10293,random8,1,claim_first,0.40624257922172546,45,64
10293,random8,1,ordinary,1.718876838684082,109,64
10293,random8,1,first_intext_warning,1.8755511045455933,30,64
10293,random8,1,later_intext_warnings,1.5065775871276856,147,64
10293,random8,1,warning_after_claim,0.8810549378395081,23,64
10293,random8,-1,claim_first,0.5472153425216675,45,64
10293,random8,-1,ordinary,1.7328530550003052,109,64
10293,random8,-1,first_intext_warning,1.7213681936264038,30,64
10293,random8,-1,later_intext_warnings,1.547883725166321,147,64
10293,random8,-1,warning_after_claim,1.1062871217727661,23,64
10293,random9,1,claim_first,0.5825533270835876,45,64
10293,random9,1,ordinary,1.6904993057250977,109,64
10293,random9,1,first_intext_warning,1.7063865661621094,30,64
10293,random9,1,later_intext_warnings,1.5504719018936157,147,64
10293,random9,1,warning_after_claim,0.9555631875991821,23,64
10293,random9,-1,claim_first,0.5283351540565491,45,64
10293,random9,-1,ordinary,1.962066888809204,109,64
10293,random9,-1,first_intext_warning,1.8085219860076904,30,64
10293,random9,-1,later_intext_warnings,1.5064226150512696,147,64
10293,random9,-1,warning_after_claim,0.9881196022033691,23,64
10293,random10,1,claim_first,0.45199525356292725,45,64
10293,random10,1,ordinary,1.7153146266937256,109,64
10293,random10,1,first_intext_warning,1.7379599809646606,30,64
10293,random10,1,later_intext_warnings,1.646828579902649,147,64
10293,random10,1,warning_after_claim,0.958711564540863,23,64
10293,random10,-1,claim_first,0.5695444941520691,45,64
10293,random10,-1,ordinary,1.721901297569275,109,64
10293,random10,-1,first_intext_warning,1.9024008512496948,30,64
10293,random10,-1,later_intext_warnings,1.5128472805023194,147,64
10293,random10,-1,warning_after_claim,1.0628023147583008,23,64
10294,none,0,claim_first,1.2057557106018066,32,64
10294,none,0,ordinary,1.7154749631881714,76,64
10294,none,0,first_intext_warning,1.3046921491622925,28,64
10294,none,0,later_intext_warnings,1.3456851442654927,168,64
10294,none,0,warning_after_claim,1.0575330257415771,21,64
10294,truth,1,claim_first,1.606475591659546,32,64
10294,truth,1,ordinary,2.3244266510009766,76,64
10294,truth,1,first_intext_warning,2.2775866985321045,28,64
10294,truth,1,later_intext_warnings,2.0971266627311707,168,64
10294,truth,1,warning_after_claim,1.9481890201568604,21,64
10294,truth,-1,claim_first,1.3131155967712402,32,64
10294,truth,-1,ordinary,2.0282201766967773,76,64
10294,truth,-1,first_intext_warning,1.817676305770874,28,64
10294,truth,-1,later_intext_warnings,1.6255683203538258,168,64
10294,truth,-1,warning_after_claim,1.1386613845825195,21,64
10294,random1,1,claim_first,1.6155667304992676,32,64
10294,random1,1,ordinary,2.024994373321533,76,64
10294,random1,1,first_intext_warning,1.6349308490753174,28,64
10294,random1,1,later_intext_warnings,1.5087422529856365,168,64
10294,random1,1,warning_after_claim,1.3276838064193726,21,64
10294,random1,-1,claim_first,1.432999849319458,32,64
10294,random1,-1,ordinary,2.1227729320526123,76,64
10294,random1,-1,first_intext_warning,1.6541472673416138,28,64
10294,random1,-1,later_intext_warnings,1.6640915075937908,168,64
10294,random1,-1,warning_after_claim,1.2352144718170166,21,64
10294,random2,1,claim_first,1.4275422096252441,32,64
10294,random2,1,ordinary,2.05683970451355,76,64
10294,random2,1,first_intext_warning,1.8357808589935303,28,64
10294,random2,1,later_intext_warnings,1.7303526004155476,168,64
10294,random2,1,warning_after_claim,1.3569188117980957,21,64
10294,random2,-1,claim_first,1.392478346824646,32,64
10294,random2,-1,ordinary,1.8918187618255615,76,64
10294,random2,-1,first_intext_warning,1.6008241176605225,28,64
10294,random2,-1,later_intext_warnings,1.5482224722703297,168,64
10294,random2,-1,warning_after_claim,1.0426626205444336,21,64
10294,random3,1,claim_first,1.2886772155761719,32,64
10294,random3,1,ordinary,1.8964464664459229,76,64
10294,random3,1,first_intext_warning,1.5672951936721802,28,64
10294,random3,1,later_intext_warnings,1.6157541970411937,168,64
10294,random3,1,warning_after_claim,1.3216499090194702,21,64
10294,random3,-1,claim_first,1.5132946968078613,32,64
10294,random3,-1,ordinary,2.0749566555023193,76,64
10294,random3,-1,first_intext_warning,1.6792610883712769,28,64
10294,random3,-1,later_intext_warnings,1.5104720791180928,168,64
10294,random3,-1,warning_after_claim,1.1245111227035522,21,64
10294,random4,1,claim_first,1.2359421253204346,32,64
10294,random4,1,ordinary,2.099531650543213,76,64
10294,random4,1,first_intext_warning,1.6969140768051147,28,64
10294,random4,1,later_intext_warnings,1.5804043610890706,168,64
10294,random4,1,warning_after_claim,1.1599398851394653,21,64
10294,random4,-1,claim_first,1.6020689010620117,32,64
10294,random4,-1,ordinary,1.9358508586883545,76,64
10294,random4,-1,first_intext_warning,1.5167614221572876,28,64
10294,random4,-1,later_intext_warnings,1.6463424762090046,168,64
10294,random4,-1,warning_after_claim,1.2175836563110352,21,64
10294,random5,1,claim_first,1.3924376964569092,32,64
10294,random5,1,ordinary,1.931313395500183,76,64
10294,random5,1,first_intext_warning,1.4216252565383911,28,64
10294,random5,1,later_intext_warnings,1.6297394335269928,168,64
10294,random5,1,warning_after_claim,1.169628620147705,21,64
10294,random5,-1,claim_first,1.4476771354675293,32,64
10294,random5,-1,ordinary,2.0247890949249268,76,64
10294,random5,-1,first_intext_warning,1.7807362079620361,28,64
10294,random5,-1,later_intext_warnings,1.5477186143398285,168,64
10294,random5,-1,warning_after_claim,1.3415192365646362,21,64
10294,random6,1,claim_first,1.5239313840866089,32,64
10294,random6,1,ordinary,1.9766179323196411,76,64
10294,random6,1,first_intext_warning,1.693104863166809,28,64
10294,random6,1,later_intext_warnings,1.5442402760187786,168,64
10294,random6,1,warning_after_claim,1.2799780368804932,21,64
10294,random6,-1,claim_first,1.2806605100631714,32,64
10294,random6,-1,ordinary,1.9676684141159058,76,64
10294,random6,-1,first_intext_warning,1.6431609392166138,28,64
10294,random6,-1,later_intext_warnings,1.5808523098627727,168,64
10294,random6,-1,warning_after_claim,1.0816326141357422,21,64
10294,random7,1,claim_first,1.2680766582489014,32,64
10294,random7,1,ordinary,1.9664549827575684,76,64
10294,random7,1,first_intext_warning,1.6556450128555298,28,64
10294,random7,1,later_intext_warnings,1.6577184597651164,168,64
10294,random7,1,warning_after_claim,1.2836679220199585,21,64
10294,random7,-1,claim_first,1.5239615440368652,32,64
10294,random7,-1,ordinary,1.9945634603500366,76,64
10294,random7,-1,first_intext_warning,1.544986605644226,28,64
10294,random7,-1,later_intext_warnings,1.4881496926148732,168,64
10294,random7,-1,warning_after_claim,1.1174943447113037,21,64
10294,random8,1,claim_first,1.3806607723236084,32,64
10294,random8,1,ordinary,1.906264305114746,76,64
10294,random8,1,first_intext_warning,1.4427624940872192,28,64
10294,random8,1,later_intext_warnings,1.4834570387999217,168,64
10294,random8,1,warning_after_claim,1.2765661478042603,21,64
10294,random8,-1,claim_first,1.3686034679412842,32,64
10294,random8,-1,ordinary,2.009509325027466,76,64
10294,random8,-1,first_intext_warning,1.7309961318969727,28,64
10294,random8,-1,later_intext_warnings,1.6403985818227131,168,64
10294,random8,-1,warning_after_claim,1.1884024143218994,21,64
10294,random9,1,claim_first,1.3943562507629395,32,64
10294,random9,1,ordinary,1.9515310525894165,76,64
10294,random9,1,first_intext_warning,1.6845289468765259,28,64
10294,random9,1,later_intext_warnings,1.5782875219980876,168,64
10294,random9,1,warning_after_claim,1.34796142578125,21,64
10294,random9,-1,claim_first,1.434840202331543,32,64
10294,random9,-1,ordinary,2.033022165298462,76,64
10294,random9,-1,first_intext_warning,1.5967674255371094,28,64
10294,random9,-1,later_intext_warnings,1.6142468651135762,168,64
10294,random9,-1,warning_after_claim,1.2604299783706665,21,64
10294,random10,1,claim_first,1.4967535734176636,32,64
10294,random10,1,ordinary,2.0451314449310303,76,64
10294,random10,1,first_intext_warning,1.7261886596679688,28,64
10294,random10,1,later_intext_warnings,1.5969979365666707,168,64
10294,random10,1,warning_after_claim,1.3336931467056274,21,64
10294,random10,-1,claim_first,1.2148222923278809,32,64
10294,random10,-1,ordinary,1.9692902565002441,76,64
10294,random10,-1,first_intext_warning,1.6075395345687866,28,64
10294,random10,-1,later_intext_warnings,1.596719761689504,168,64
10294,random10,-1,warning_after_claim,1.046526551246643,21,64
10296,none,0,claim_first,0.5272541046142578,25,64
10296,none,0,ordinary,1.7366918325424194,92,64
10296,none,0,first_intext_warning,1.5265735387802124,24,64
10296,none,0,later_intext_warnings,1.216179182132085,166,64
10296,none,0,warning_after_claim,0.4793297350406647,23,64
10296,truth,1,claim_first,0.669217586517334,25,64
10296,truth,1,ordinary,2.078828811645508,92,64
10296,truth,1,first_intext_warning,2.4648938179016113,24,64
10296,truth,1,later_intext_warnings,1.788925568262736,166,64
10296,truth,1,warning_after_claim,1.4971970319747925,23,64
10296,truth,-1,claim_first,1.0151350498199463,25,64
10296,truth,-1,ordinary,1.9224879741668701,92,64
10296,truth,-1,first_intext_warning,1.8526579141616821,24,64
10296,truth,-1,later_intext_warnings,1.4840431610743205,166,64
10296,truth,-1,warning_after_claim,0.8421306014060974,23,64
10296,random1,1,claim_first,0.8726117610931396,25,64
10296,random1,1,ordinary,2.1624834537506104,92,64
10296,random1,1,first_intext_warning,1.8608239889144897,24,64
10296,random1,1,later_intext_warnings,1.37395312388738,166,64
10296,random1,1,warning_after_claim,0.8566849827766418,23,64
10296,random1,-1,claim_first,0.617668867111206,25,64
10296,random1,-1,ordinary,2.0491578578948975,92,64
10296,random1,-1,first_intext_warning,1.827354073524475,24,64
10296,random1,-1,later_intext_warnings,1.4556268354256947,166,64
10296,random1,-1,warning_after_claim,0.5458797812461853,23,64
10296,random2,1,claim_first,0.6816474199295044,25,64
10296,random2,1,ordinary,1.9377189874649048,92,64
10296,random2,1,first_intext_warning,1.8314720392227173,24,64
10296,random2,1,later_intext_warnings,1.5617824296156566,166,64
10296,random2,1,warning_after_claim,0.9464828372001648,23,64
10296,random2,-1,claim_first,0.7988224625587463,25,64
10296,random2,-1,ordinary,1.9791498184204102,92,64
10296,random2,-1,first_intext_warning,1.89034903049469,24,64
10296,random2,-1,later_intext_warnings,1.3971816897392273,166,64
10296,random2,-1,warning_after_claim,0.6626020073890686,23,64
10296,random3,1,claim_first,0.7295376658439636,25,64
10296,random3,1,ordinary,2.145012378692627,92,64
10296,random3,1,first_intext_warning,1.670973300933838,24,64
10296,random3,1,later_intext_warnings,1.4619487126668294,166,64
10296,random3,1,warning_after_claim,0.8722105622291565,23,64
10296,random3,-1,claim_first,0.7337440252304077,25,64
10296,random3,-1,ordinary,2.0285117626190186,92,64
10296,random3,-1,first_intext_warning,1.8725601434707642,24,64
10296,random3,-1,later_intext_warnings,1.4545335074265797,166,64
10296,random3,-1,warning_after_claim,0.686299741268158,23,64
10296,random4,1,claim_first,0.7470855712890625,25,64
10296,random4,1,ordinary,1.8906147480010986,92,64
10296,random4,1,first_intext_warning,1.9755843877792358,24,64
10296,random4,1,later_intext_warnings,1.576108415921529,166,64
10296,random4,1,warning_after_claim,0.6220699548721313,23,64
10296,random4,-1,claim_first,0.7666700482368469,25,64
10296,random4,-1,ordinary,2.212689161300659,92,64
10296,random4,-1,first_intext_warning,1.6696701049804688,24,64
10296,random4,-1,later_intext_warnings,1.3510641654332478,166,64
10296,random4,-1,warning_after_claim,0.8626051545143127,23,64
10296,random5,1,claim_first,0.6968631148338318,25,64
10296,random5,1,ordinary,2.0872087478637695,92,64
10296,random5,1,first_intext_warning,1.6359041929244995,24,64
10296,random5,1,later_intext_warnings,1.4324786365032196,166,64
10296,random5,1,warning_after_claim,0.8103742003440857,23,64
10296,random5,-1,claim_first,0.7033273577690125,25,64
10296,random5,-1,ordinary,2.121812343597412,92,64
10296,random5,-1,first_intext_warning,1.865997314453125,24,64
10296,random5,-1,later_intext_warnings,1.4083372751871746,166,64
10296,random5,-1,warning_after_claim,0.74221271276474,23,64
10296,random6,1,claim_first,0.6340095400810242,25,64
10296,random6,1,ordinary,2.0269675254821777,92,64
10296,random6,1,first_intext_warning,1.97854483127594,24,64
10296,random6,1,later_intext_warnings,1.474201907714208,166,64
10296,random6,1,warning_after_claim,0.5918108224868774,23,64
10296,random6,-1,claim_first,0.7488452792167664,25,64
10296,random6,-1,ordinary,1.9693297147750854,92,64
10296,random6,-1,first_intext_warning,1.7974218130111694,24,64
10296,random6,-1,later_intext_warnings,1.4369067748387654,166,64
10296,random6,-1,warning_after_claim,0.8906494379043579,23,64
10296,random7,1,claim_first,0.7028019428253174,25,64
10296,random7,1,ordinary,1.9495166540145874,92,64
10296,random7,1,first_intext_warning,1.8927515745162964,24,64
10296,random7,1,later_intext_warnings,1.4369231760501862,166,64
10296,random7,1,warning_after_claim,0.7346193790435791,23,64
10296,random7,-1,claim_first,0.7357729077339172,25,64
10296,random7,-1,ordinary,2.110031843185425,92,64
10296,random7,-1,first_intext_warning,1.8159726858139038,24,64
10296,random7,-1,later_intext_warnings,1.5040088891983032,166,64
10296,random7,-1,warning_after_claim,0.8124927878379822,23,64
10296,random8,1,claim_first,0.6350866556167603,25,64
10296,random8,1,ordinary,1.886677622795105,92,64
10296,random8,1,first_intext_warning,1.7442892789840698,24,64
10296,random8,1,later_intext_warnings,1.3716586132844288,166,64
10296,random8,1,warning_after_claim,0.748989462852478,23,64
10296,random8,-1,claim_first,0.6945438385009766,25,64
10296,random8,-1,ordinary,2.0720925331115723,92,64
10296,random8,-1,first_intext_warning,1.9126900434494019,24,64
10296,random8,-1,later_intext_warnings,1.410610516866048,166,64
10296,random8,-1,warning_after_claim,0.7440621852874756,23,64
10296,random9,1,claim_first,0.5863969922065735,25,64
10296,random9,1,ordinary,1.8925989866256714,92,64
10296,random9,1,first_intext_warning,1.7846039533615112,24,64
10296,random9,1,later_intext_warnings,1.4223020871480305,166,64
10296,random9,1,warning_after_claim,0.6072250604629517,23,64
10296,random9,-1,claim_first,0.7947549223899841,25,64
10296,random9,-1,ordinary,1.9862786531448364,92,64
10296,random9,-1,first_intext_warning,1.7825126647949219,24,64
10296,random9,-1,later_intext_warnings,1.5439041654268901,166,64
10296,random9,-1,warning_after_claim,0.7933220863342285,23,64
10296,random10,1,claim_first,0.7491247653961182,25,64
10296,random10,1,ordinary,2.1486053466796875,92,64
10296,random10,1,first_intext_warning,1.8571863174438477,24,64
10296,random10,1,later_intext_warnings,1.4311804175376892,166,64
10296,random10,1,warning_after_claim,0.8522928357124329,23,64
10296,random10,-1,claim_first,0.8010485172271729,25,64
10296,random10,-1,ordinary,1.9142802953720093,92,64
10296,random10,-1,first_intext_warning,1.8032432794570923,24,64
10296,random10,-1,later_intext_warnings,1.4482129414876301,166,64
10296,random10,-1,warning_after_claim,0.6048558354377747,23,64
10297,none,0,claim_first,0.40546178817749023,55,64
10297,none,0,ordinary,1.2623695135116577,93,64
10297,none,0,first_intext_warning,1.0369656085968018,24,64
10297,none,0,later_intext_warnings,1.255707581837972,150,64
10297,none,0,warning_after_claim,0.8613621592521667,20,64
10297,truth,1,claim_first,0.6689633727073669,55,64
10297,truth,1,ordinary,1.7107142210006714,93,64
10297,truth,1,first_intext_warning,1.6350263357162476,24,64
10297,truth,1,later_intext_warnings,2.121816615263621,150,64
10297,truth,1,warning_after_claim,1.6418994665145874,20,64
10297,truth,-1,claim_first,0.49904441833496094,55,64
10297,truth,-1,ordinary,1.5816235542297363,93,64
10297,truth,-1,first_intext_warning,1.3923883438110352,24,64
10297,truth,-1,later_intext_warnings,1.4677950541178386,150,64
10297,truth,-1,warning_after_claim,0.9243820905685425,20,64
10297,random1,1,claim_first,0.6943325400352478,55,64
10297,random1,1,ordinary,1.985366940498352,93,64
10297,random1,1,first_intext_warning,1.2866181135177612,24,64
10297,random1,1,later_intext_warnings,1.4619065920511882,150,64
10297,random1,1,warning_after_claim,0.9360121488571167,20,64
10297,random1,-1,claim_first,0.4350430965423584,55,64
10297,random1,-1,ordinary,1.7078708410263062,93,64
10297,random1,-1,first_intext_warning,1.1293549537658691,24,64
10297,random1,-1,later_intext_warnings,1.535151610771815,150,64
10297,random1,-1,warning_after_claim,0.9922760128974915,20,64
10297,random2,1,claim_first,0.5638840794563293,55,64
10297,random2,1,ordinary,2.688645839691162,93,64
10297,random2,1,first_intext_warning,0.986236035823822,24,64
10297,random2,1,later_intext_warnings,1.6005523006121318,150,64
10297,random2,1,warning_after_claim,1.2377716302871704,20,64
10297,random2,-1,claim_first,0.600723147392273,55,64
10297,random2,-1,ordinary,1.4539620876312256,93,64
10297,random2,-1,first_intext_warning,1.3905225992202759,24,64
10297,random2,-1,later_intext_warnings,1.4368330836296082,150,64
10297,random2,-1,warning_after_claim,0.8102082014083862,20,64
10297,random3,1,claim_first,0.6433946490287781,55,64
10297,random3,1,ordinary,1.7133188247680664,93,64
10297,random3,1,first_intext_warning,1.346185564994812,24,64
10297,random3,1,later_intext_warnings,1.4869733254114788,150,64
10297,random3,1,warning_after_claim,1.0450079441070557,20,64
10297,random3,-1,claim_first,0.5923786759376526,55,64
10297,random3,-1,ordinary,2.652423620223999,93,64
10297,random3,-1,first_intext_warning,1.0420104265213013,24,64
10297,random3,-1,later_intext_warnings,1.4978727499643962,150,64
10297,random3,-1,warning_after_claim,0.8766940832138062,20,64
10297,random4,1,claim_first,0.5459685325622559,55,64
10297,random4,1,ordinary,1.5503824949264526,93,64
10297,random4,1,first_intext_warning,1.3540034294128418,24,64
10297,random4,1,later_intext_warnings,1.4702406426270802,150,64
10297,random4,1,warning_after_claim,0.9687582850456238,20,64
10297,random4,-1,claim_first,0.5732572674751282,55,64
10297,random4,-1,ordinary,1.9273138046264648,93,64
10297,random4,-1,first_intext_warning,1.034723162651062,24,64
10297,random4,-1,later_intext_warnings,1.556395411491394,150,64
10297,random4,-1,warning_after_claim,1.1379700899124146,20,64
10297,random5,1,claim_first,0.4506371319293976,55,64
10297,random5,1,ordinary,1.5345367193222046,93,64
10297,random5,1,first_intext_warning,1.3159698247909546,24,64
10297,random5,1,later_intext_warnings,1.508297046025594,150,64
10297,random5,1,warning_after_claim,1.1413930654525757,20,64
10297,random5,-1,claim_first,0.6319259405136108,55,64
10297,random5,-1,ordinary,1.5921066999435425,93,64
10297,random5,-1,first_intext_warning,1.115849494934082,24,64
10297,random5,-1,later_intext_warnings,1.4714499314626057,150,64
10297,random5,-1,warning_after_claim,0.8351002931594849,20,64
10297,random6,1,claim_first,0.5129804611206055,55,64
10297,random6,1,ordinary,1.8237879276275635,93,64
10297,random6,1,first_intext_warning,1.1016287803649902,24,64
10297,random6,1,later_intext_warnings,1.5102436542510986,150,64
10297,random6,1,warning_after_claim,0.9176144599914551,20,64
10297,random6,-1,claim_first,0.6513540148735046,55,64
10297,random6,-1,ordinary,1.5132776498794556,93,64
10297,random6,-1,first_intext_warning,1.438658595085144,24,64
10297,random6,-1,later_intext_warnings,1.5426532824834187,150,64
10297,random6,-1,warning_after_claim,1.1884958744049072,20,64
10297,random7,1,claim_first,0.45337843894958496,55,64
10297,random7,1,ordinary,1.7227360010147095,93,64
10297,random7,1,first_intext_warning,1.1905800104141235,24,64
10297,random7,1,later_intext_warnings,1.3643740713596344,150,64
10297,random7,1,warning_after_claim,0.8575556874275208,20,64
10297,random7,-1,claim_first,0.661518931388855,55,64
10297,random7,-1,ordinary,1.5772931575775146,93,64
10297,random7,-1,first_intext_warning,1.3002017736434937,24,64
10297,random7,-1,later_intext_warnings,1.590914289156596,150,64
10297,random7,-1,warning_after_claim,1.172325849533081,20,64
10297,random8,1,claim_first,0.4822889268398285,55,64
10297,random8,1,ordinary,1.4662188291549683,93,64
10297,random8,1,first_intext_warning,1.120566487312317,24,64
10297,random8,1,later_intext_warnings,1.4281502962112427,150,64
10297,random8,1,warning_after_claim,0.9852117300033569,20,64
10297,random8,-1,claim_first,0.6120737791061401,55,64
10297,random8,-1,ordinary,2.0609583854675293,93,64
10297,random8,-1,first_intext_warning,1.2574101686477661,24,64
10297,random8,-1,later_intext_warnings,1.483515163262685,150,64
10297,random8,-1,warning_after_claim,1.1122441291809082,20,64
10297,random9,1,claim_first,0.4718138575553894,55,64
10297,random9,1,ordinary,1.679208517074585,93,64
10297,random9,1,first_intext_warning,0.9920704960823059,24,64
10297,random9,1,later_intext_warnings,2.0784771839777627,150,64
10297,random9,1,warning_after_claim,0.8849676847457886,20,64
10297,random9,-1,claim_first,0.5277935862541199,55,64
10297,random9,-1,ordinary,1.4770548343658447,93,64
10297,random9,-1,first_intext_warning,1.3863986730575562,24,64
10297,random9,-1,later_intext_warnings,1.5483274459838867,150,64
10297,random9,-1,warning_after_claim,1.287233829498291,20,64
10297,random10,1,claim_first,0.39114314317703247,55,64
10297,random10,1,ordinary,1.7467272281646729,93,64
10297,random10,1,first_intext_warning,1.244196891784668,24,64
10297,random10,1,later_intext_warnings,1.5608814160029094,150,64
10297,random10,1,warning_after_claim,1.2827337980270386,20,64
10297,random10,-1,claim_first,0.7166083455085754,55,64
10297,random10,-1,ordinary,1.5587458610534668,93,64
10297,random10,-1,first_intext_warning,1.2065833806991577,24,64
10297,random10,-1,later_intext_warnings,1.4346864918867748,150,64
10297,random10,-1,warning_after_claim,0.7755582928657532,20,64
10298,none,0,claim_first,1.345823049545288,43,64
10298,none,0,ordinary,2.3232614994049072,78,64
10298,none,0,first_intext_warning,1.4866284132003784,24,64
10298,none,0,later_intext_warnings,1.2956623335679371,138,64
10298,none,0,warning_after_claim,0.900235652923584,17,64
10298,truth,1,claim_first,1.4625930786132812,43,64
10298,truth,1,ordinary,2.5096304416656494,78,64
10298,truth,1,first_intext_warning,2.235809564590454,24,64
10298,truth,1,later_intext_warnings,1.8094752828280132,138,64
10298,truth,1,warning_after_claim,1.8509244918823242,17,64
10298,truth,-1,claim_first,1.8051772117614746,43,64
10298,truth,-1,ordinary,2.626873731613159,78,64
10298,truth,-1,first_intext_warning,1.9607456922531128,24,64
10298,truth,-1,later_intext_warnings,1.4869887133439381,138,64
10298,truth,-1,warning_after_claim,0.87132728099823,17,64
10298,random1,1,claim_first,1.6102930307388306,43,64
10298,random1,1,ordinary,2.499530553817749,78,64
10298,random1,1,first_intext_warning,1.6815265417099,24,64
10298,random1,1,later_intext_warnings,1.4711263875166576,138,64
10298,random1,1,warning_after_claim,1.204026460647583,17,64
10298,random1,-1,claim_first,1.602667212486267,43,64
10298,random1,-1,ordinary,2.4469714164733887,78,64
10298,random1,-1,first_intext_warning,1.6444238424301147,24,64
10298,random1,-1,later_intext_warnings,1.4215233127276103,138,64
10298,random1,-1,warning_after_claim,1.1034241914749146,17,64
10298,random2,1,claim_first,1.2370893955230713,43,64
10298,random2,1,ordinary,2.396829128265381,78,64
10298,random2,1,first_intext_warning,1.6638182401657104,24,64
10298,random2,1,later_intext_warnings,1.4408003389835358,138,64
10298,random2,1,warning_after_claim,1.3955562114715576,17,64
10298,random2,-1,claim_first,1.77455472946167,43,64
10298,random2,-1,ordinary,2.50238037109375,78,64
10298,random2,-1,first_intext_warning,1.7152179479599,24,64
10298,random2,-1,later_intext_warnings,1.5024954974651337,138,64
10298,random2,-1,warning_after_claim,1.1866648197174072,17,64
10298,random3,1,claim_first,1.3911672830581665,43,64
10298,random3,1,ordinary,2.5990941524505615,78,64
10298,random3,1,first_intext_warning,1.911078929901123,24,64
10298,random3,1,later_intext_warnings,1.5555006364981334,138,64
10298,random3,1,warning_after_claim,1.0616328716278076,17,64
10298,random3,-1,claim_first,1.6376951932907104,43,64
10298,random3,-1,ordinary,2.3910388946533203,78,64
10298,random3,-1,first_intext_warning,1.535770058631897,24,64
10298,random3,-1,later_intext_warnings,1.4219680925210316,138,64
10298,random3,-1,warning_after_claim,1.114318609237671,17,64
10298,random4,1,claim_first,1.421121597290039,43,64
10298,random4,1,ordinary,2.380390167236328,78,64
10298,random4,1,first_intext_warning,1.6659027338027954,24,64
10298,random4,1,later_intext_warnings,1.5763331751028697,138,64
10298,random4,1,warning_after_claim,1.0941969156265259,17,64
10298,random4,-1,claim_first,1.387199878692627,43,64
10298,random4,-1,ordinary,2.6256844997406006,78,64
10298,random4,-1,first_intext_warning,1.6165043115615845,24,64
10298,random4,-1,later_intext_warnings,1.380851189295451,138,64
10298,random4,-1,warning_after_claim,1.072601318359375,17,64
10298,random5,1,claim_first,1.5077210664749146,43,64
10298,random5,1,ordinary,2.5247550010681152,78,64
10298,random5,1,first_intext_warning,1.6979435682296753,24,64
10298,random5,1,later_intext_warnings,1.4076743324597676,138,64
10298,random5,1,warning_after_claim,1.095372200012207,17,64
10298,random5,-1,claim_first,1.621557593345642,43,64
10298,random5,-1,ordinary,2.489163398742676,78,64
10298,random5,-1,first_intext_warning,1.5905499458312988,24,64
10298,random5,-1,later_intext_warnings,1.5010788043340046,138,64
10298,random5,-1,warning_after_claim,1.237351417541504,17,64
10298,random6,1,claim_first,1.564505696296692,43,64
10298,random6,1,ordinary,2.6089746952056885,78,64
10298,random6,1,first_intext_warning,1.4568144083023071,24,64
10298,random6,1,later_intext_warnings,1.474246124426524,138,64
10298,random6,1,warning_after_claim,1.0139847993850708,17,64
10298,random6,-1,claim_first,1.4497566223144531,43,64
10298,random6,-1,ordinary,2.3244307041168213,78,64
10298,random6,-1,first_intext_warning,1.7356992959976196,24,64
10298,random6,-1,later_intext_warnings,1.5095754563808441,138,64
10298,random6,-1,warning_after_claim,1.2382522821426392,17,64
10298,random7,1,claim_first,1.404198169708252,43,64
10298,random7,1,ordinary,2.4419946670532227,78,64
10298,random7,1,first_intext_warning,1.6185680627822876,24,64
10298,random7,1,later_intext_warnings,1.4948297441005707,138,64
10298,random7,1,warning_after_claim,1.3231691122055054,17,64
10298,random7,-1,claim_first,1.4883079528808594,43,64
10298,random7,-1,ordinary,2.540844202041626,78,64
10298,random7,-1,first_intext_warning,1.4885400533676147,24,64
10298,random7,-1,later_intext_warnings,1.5821661055088043,138,64
10298,random7,-1,warning_after_claim,1.063247799873352,17,64
10298,random8,1,claim_first,1.5419939756393433,43,64
10298,random8,1,ordinary,2.4543354511260986,78,64
10298,random8,1,first_intext_warning,1.6553994417190552,24,64
10298,random8,1,later_intext_warnings,1.4693537851174672,138,64
10298,random8,1,warning_after_claim,1.122969388961792,17,64
10298,random8,-1,claim_first,1.471783995628357,43,64
10298,random8,-1,ordinary,2.4189488887786865,78,64
10298,random8,-1,first_intext_warning,1.6700916290283203,24,64
10298,random8,-1,later_intext_warnings,1.3965889910856883,138,64
10298,random8,-1,warning_after_claim,1.2763744592666626,17,64
10298,random9,1,claim_first,1.5332180261611938,43,64
10298,random9,1,ordinary,2.541987895965576,78,64
10298,random9,1,first_intext_warning,1.5710722208023071,24,64
10298,random9,1,later_intext_warnings,1.451925088961919,138,64
10298,random9,1,warning_after_claim,1.090246558189392,17,64
10298,random9,-1,claim_first,1.4435944557189941,43,64
10298,random9,-1,ordinary,2.4561853408813477,78,64
10298,random9,-1,first_intext_warning,1.6794748306274414,24,64
10298,random9,-1,later_intext_warnings,1.50838906566302,138,64
10298,random9,-1,warning_after_claim,1.060349464416504,17,64
10298,random10,1,claim_first,1.5767004489898682,43,64
10298,random10,1,ordinary,2.4339728355407715,78,64
10298,random10,1,first_intext_warning,1.573264479637146,24,64
10298,random10,1,later_intext_warnings,1.3910501797993977,138,64
10298,random10,1,warning_after_claim,1.2255134582519531,17,64
10298,random10,-1,claim_first,1.574545979499817,43,64
10298,random10,-1,ordinary,2.5421950817108154,78,64
10298,random10,-1,first_intext_warning,1.8322811126708984,24,64
10298,random10,-1,later_intext_warnings,1.536095807949702,138,64
10298,random10,-1,warning_after_claim,1.1925636529922485,17,64
