doc_idx,cond,sign,span,loss,n_tok,step
10273,none,0,claim_first,1.9173009395599365,57,0
10273,none,0,ordinary,3.185091018676758,72,0
10273,none,0,first_intext_warning,2.3426783084869385,21,0
10273,none,0,later_intext_warnings,2.367367605368296,168,0
10273,none,0,warning_after_claim,2.8544366359710693,26,0
10273,truth,1,claim_first,2.2133779525756836,57,0
10273,truth,1,ordinary,3.3058090209960938,72,0
10273,truth,1,first_intext_warning,2.887240409851074,21,0
10273,truth,1,later_intext_warnings,2.68243137995402,168,0
10273,truth,1,warning_after_claim,3.1561479568481445,26,0
10273,truth,-1,claim_first,2.4613564014434814,57,0
10273,truth,-1,ordinary,3.877121925354004,72,0
10273,truth,-1,first_intext_warning,2.504279613494873,21,0
10273,truth,-1,later_intext_warnings,2.75647234916687,168,0
10273,truth,-1,warning_after_claim,3.169654369354248,26,0
10273,random1,1,claim_first,2.2986443042755127,57,0
10273,random1,1,ordinary,3.8150134086608887,72,0
10273,random1,1,first_intext_warning,2.5094406604766846,21,0
10273,random1,1,later_intext_warnings,2.503604531288147,168,0
10273,random1,1,warning_after_claim,2.811964988708496,26,0
10273,random1,-1,claim_first,2.4444408416748047,57,0
10273,random1,-1,ordinary,3.4085443019866943,72,0
10273,random1,-1,first_intext_warning,2.451272487640381,21,0
10273,random1,-1,later_intext_warnings,2.5282066265741983,168,0
10273,random1,-1,warning_after_claim,3.2535645961761475,26,0
10273,random2,1,claim_first,2.146617889404297,57,0
10273,random2,1,ordinary,3.9571609497070312,72,0
10273,random2,1,first_intext_warning,2.6702992916107178,21,0
10273,random2,1,later_intext_warnings,2.7270137468973794,168,0
10273,random2,1,warning_after_claim,2.9849600791931152,26,0
10273,random2,-1,claim_first,2.3532156944274902,57,0
10273,random2,-1,ordinary,3.5397469997406006,72,0
10273,random2,-1,first_intext_warning,2.3831493854522705,21,0
10273,random2,-1,later_intext_warnings,2.471440315246582,168,0
10273,random2,-1,warning_after_claim,3.010483980178833,26,0
10273,random3,1,claim_first,2.55924391746521,57,0
10273,random3,1,ordinary,4.08579158782959,72,0
10273,random3,1,first_intext_warning,2.3668837547302246,21,0
10273,random3,1,later_intext_warnings,2.6454933881759644,168,0
10273,random3,1,warning_after_claim,2.9357168674468994,26,0
10273,random3,-1,claim_first,2.0895752906799316,57,0
10273,random3,-1,ordinary,3.254366874694824,72,0
10273,random3,-1,first_intext_warning,2.578077554702759,21,0
10273,random3,-1,later_intext_warnings,2.580308218797048,168,0
10273,random3,-1,warning_after_claim,3.12925124168396,26,0
10273,random4,1,claim_first,2.265477418899536,57,0
10273,random4,1,ordinary,3.993403196334839,72,0
10273,random4,1,first_intext_warning,2.491722583770752,21,0
10273,random4,1,later_intext_warnings,2.7157557010650635,168,0
10273,random4,1,warning_after_claim,2.9595208168029785,26,0
10273,random4,-1,claim_first,2.4300377368927,57,0
10273,random4,-1,ordinary,3.4897444248199463,72,0
10273,random4,-1,first_intext_warning,2.556502342224121,21,0
10273,random4,-1,later_intext_warnings,2.4992764790852866,168,0
10273,random4,-1,warning_after_claim,2.899020195007324,26,0
10273,random5,1,claim_first,2.0104777812957764,57,0
10273,random5,1,ordinary,3.729149341583252,72,0
10273,random5,1,first_intext_warning,2.6775453090667725,21,0
10273,random5,1,later_intext_warnings,2.5692461133003235,168,0
10273,random5,1,warning_after_claim,3.013244390487671,26,0
10273,random5,-1,claim_first,2.175403594970703,57,0
10273,random5,-1,ordinary,3.7027201652526855,72,0
10273,random5,-1,first_intext_warning,2.3414180278778076,21,0
10273,random5,-1,later_intext_warnings,2.5281922419865928,168,0
10273,random5,-1,warning_after_claim,2.951568126678467,26,0
10273,random6,1,claim_first,2.1769134998321533,57,0
10273,random6,1,ordinary,3.583249092102051,72,0
10273,random6,1,first_intext_warning,2.526184320449829,21,0
10273,random6,1,later_intext_warnings,2.5365944306055703,168,0
10273,random6,1,warning_after_claim,2.887125253677368,26,0
10273,random6,-1,claim_first,2.275111436843872,57,0
10273,random6,-1,ordinary,3.7519657611846924,72,0
10273,random6,-1,first_intext_warning,2.4990382194519043,21,0
10273,random6,-1,later_intext_warnings,2.6310999592145285,168,0
10273,random6,-1,warning_after_claim,3.0346388816833496,26,0
10273,random7,1,claim_first,2.1981873512268066,57,0
10273,random7,1,ordinary,3.7641727924346924,72,0
10273,random7,1,first_intext_warning,2.3384108543395996,21,0
10273,random7,1,later_intext_warnings,2.5600600838661194,168,0
10273,random7,1,warning_after_claim,2.9590225219726562,26,0
10273,random7,-1,claim_first,2.286005735397339,57,0
10273,random7,-1,ordinary,3.459958553314209,72,0
10273,random7,-1,first_intext_warning,2.7163212299346924,21,0
10273,random7,-1,later_intext_warnings,2.513466397921244,168,0
10273,random7,-1,warning_after_claim,3.053844928741455,26,0
10273,random8,1,claim_first,2.244824171066284,57,0
10273,random8,1,ordinary,3.43752384185791,72,0
10273,random8,1,first_intext_warning,2.5383975505828857,21,0
10273,random8,1,later_intext_warnings,2.643392284711202,168,0
10273,random8,1,warning_after_claim,2.9922070503234863,26,0
10273,random8,-1,claim_first,2.3183469772338867,57,0
10273,random8,-1,ordinary,3.5586650371551514,72,0
10273,random8,-1,first_intext_warning,2.5237743854522705,21,0
10273,random8,-1,later_intext_warnings,2.5208508570988974,168,0
10273,random8,-1,warning_after_claim,2.993915557861328,26,0
10273,random9,1,claim_first,2.4817779064178467,57,0
10273,random9,1,ordinary,3.7030038833618164,72,0
10273,random9,1,first_intext_warning,2.4660837650299072,21,0
10273,random9,1,later_intext_warnings,2.496485153834025,168,0
10273,random9,1,warning_after_claim,2.946913719177246,26,0
10273,random9,-1,claim_first,2.1375367641448975,57,0
10273,random9,-1,ordinary,3.615570068359375,72,0
10273,random9,-1,first_intext_warning,2.479797840118408,21,0
10273,random9,-1,later_intext_warnings,2.63004469871521,168,0
10273,random9,-1,warning_after_claim,2.942929267883301,26,0
10273,random10,1,claim_first,2.3395602703094482,57,0
10273,random10,1,ordinary,3.80517578125,72,0
10273,random10,1,first_intext_warning,2.519141435623169,21,0
10273,random10,1,later_intext_warnings,2.65337344010671,168,0
10273,random10,1,warning_after_claim,3.3035061359405518,26,0
10273,random10,-1,claim_first,2.113560438156128,57,0
10273,random10,-1,ordinary,3.4970109462738037,72,0
10273,random10,-1,first_intext_warning,2.4354166984558105,21,0
10273,random10,-1,later_intext_warnings,2.5722028414408364,168,0
10273,random10,-1,warning_after_claim,2.815248966217041,26,0
10277,none,0,claim_first,2.450688362121582,31,0
10277,none,0,ordinary,3.062936782836914,67,0
10277,none,0,first_intext_warning,2.8340718746185303,36,0
10277,none,0,later_intext_warnings,2.128316819667816,157,0
10277,none,0,warning_after_claim,3.9115304946899414,25,0
10277,truth,1,claim_first,2.576331377029419,31,0
10277,truth,1,ordinary,3.4040496349334717,67,0
10277,truth,1,first_intext_warning,3.242617130279541,36,0
10277,truth,1,later_intext_warnings,2.4060919682184854,157,0
10277,truth,1,warning_after_claim,4.135108947753906,25,0
10277,truth,-1,claim_first,2.713120460510254,31,0
10277,truth,-1,ordinary,3.305194854736328,67,0
10277,truth,-1,first_intext_warning,3.1053786277770996,36,0
10277,truth,-1,later_intext_warnings,2.3732685248057046,157,0
10277,truth,-1,warning_after_claim,4.238145351409912,25,0
10277,random1,1,claim_first,2.790627956390381,31,0
10277,random1,1,ordinary,3.28082013130188,67,0
10277,random1,1,first_intext_warning,2.8737521171569824,36,0
10277,random1,1,later_intext_warnings,2.2584035793940225,157,0
10277,random1,1,warning_after_claim,4.086322784423828,25,0
10277,random1,-1,claim_first,2.4375200271606445,31,0
10277,random1,-1,ordinary,3.224148988723755,67,0
10277,random1,-1,first_intext_warning,3.002561092376709,36,0
10277,random1,-1,later_intext_warnings,2.3339326779047647,157,0
10277,random1,-1,warning_after_claim,3.888284206390381,25,0
10277,random2,1,claim_first,2.4479925632476807,31,0
10277,random2,1,ordinary,3.367152690887451,67,0
10277,random2,1,first_intext_warning,3.213900327682495,36,0
10277,random2,1,later_intext_warnings,2.3236283461252847,157,0
10277,random2,1,warning_after_claim,4.5892157554626465,25,0
10277,random2,-1,claim_first,2.870692729949951,31,0
10277,random2,-1,ordinary,3.333050012588501,67,0
10277,random2,-1,first_intext_warning,2.9674108028411865,36,0
10277,random2,-1,later_intext_warnings,2.251311182975769,157,0
10277,random2,-1,warning_after_claim,3.7628333568573,25,0
10277,random3,1,claim_first,2.763857841491699,31,0
10277,random3,1,ordinary,3.5747830867767334,67,0
10277,random3,1,first_intext_warning,3.2253408432006836,36,0
10277,random3,1,later_intext_warnings,2.3536707957585654,157,0
10277,random3,1,warning_after_claim,4.196202278137207,25,0
10277,random3,-1,claim_first,2.5495853424072266,31,0
10277,random3,-1,ordinary,3.1726269721984863,67,0
10277,random3,-1,first_intext_warning,2.8772332668304443,36,0
10277,random3,-1,later_intext_warnings,2.24646125237147,157,0
10277,random3,-1,warning_after_claim,3.8757553100585938,25,0
10277,random4,1,claim_first,2.706282377243042,31,0
10277,random4,1,ordinary,3.2610080242156982,67,0
10277,random4,1,first_intext_warning,2.9789724349975586,36,0
10277,random4,1,later_intext_warnings,2.5196877320607505,157,0
10277,random4,1,warning_after_claim,3.7919979095458984,25,0
10277,random4,-1,claim_first,2.723694324493408,31,0
10277,random4,-1,ordinary,3.2192509174346924,67,0
10277,random4,-1,first_intext_warning,2.8557424545288086,36,0
10277,random4,-1,later_intext_warnings,2.2148172656695047,157,0
10277,random4,-1,warning_after_claim,4.3294525146484375,25,0
10277,random5,1,claim_first,2.6900148391723633,31,0
10277,random5,1,ordinary,3.147728443145752,67,0
10277,random5,1,first_intext_warning,2.894486427307129,36,0
10277,random5,1,later_intext_warnings,2.4145188331604004,157,0
10277,random5,1,warning_after_claim,4.11123514175415,25,0
10277,random5,-1,claim_first,2.529601812362671,31,0
10277,random5,-1,ordinary,3.426692485809326,67,0
10277,random5,-1,first_intext_warning,2.9848697185516357,36,0
10277,random5,-1,later_intext_warnings,2.22199809551239,157,0
10277,random5,-1,warning_after_claim,3.8164243698120117,25,0
10277,random6,1,claim_first,2.473944664001465,31,0
10277,random6,1,ordinary,3.2493536472320557,67,0
10277,random6,1,first_intext_warning,2.9309158325195312,36,0
10277,random6,1,later_intext_warnings,2.3486494024594626,157,0
10277,random6,1,warning_after_claim,4.089017868041992,25,0
10277,random6,-1,claim_first,2.6018218994140625,31,0
10277,random6,-1,ordinary,3.238675355911255,67,0
10277,random6,-1,first_intext_warning,3.0124893188476562,36,0
10277,random6,-1,later_intext_warnings,2.2395546237627664,157,0
10277,random6,-1,warning_after_claim,3.979416608810425,25,0
10277,random7,1,claim_first,2.6599178314208984,31,0
10277,random7,1,ordinary,3.1859607696533203,67,0
10277,random7,1,first_intext_warning,2.7927093505859375,36,0
10277,random7,1,later_intext_warnings,2.3060690561930337,157,0
10277,random7,1,warning_after_claim,4.094408988952637,25,0
10277,random7,-1,claim_first,2.538087844848633,31,0
10277,random7,-1,ordinary,3.5120270252227783,67,0
10277,random7,-1,first_intext_warning,3.305743932723999,36,0
10277,random7,-1,later_intext_warnings,2.2438739935557046,157,0
10277,random7,-1,warning_after_claim,3.5630953311920166,25,0
10277,random8,1,claim_first,2.470452070236206,31,0
10277,random8,1,ordinary,3.165656805038452,67,0
10277,random8,1,first_intext_warning,2.9124252796173096,36,0
10277,random8,1,later_intext_warnings,2.351459046204885,157,0
10277,random8,1,warning_after_claim,3.7105274200439453,25,0
10277,random8,-1,claim_first,2.5984413623809814,31,0
10277,random8,-1,ordinary,3.3826887607574463,67,0
10277,random8,-1,first_intext_warning,2.9588193893432617,36,0
10277,random8,-1,later_intext_warnings,2.316762109597524,157,0
10277,random8,-1,warning_after_claim,3.9809746742248535,25,0
10277,random9,1,claim_first,2.885939121246338,31,0
10277,random9,1,ordinary,3.2436702251434326,67,0
10277,random9,1,first_intext_warning,2.8950486183166504,36,0
10277,random9,1,later_intext_warnings,2.2571824193000793,157,0
10277,random9,1,warning_after_claim,4.239895820617676,25,0
10277,random9,-1,claim_first,2.5569286346435547,31,0
10277,random9,-1,ordinary,3.2831056118011475,67,0
10277,random9,-1,first_intext_warning,2.9635534286499023,36,0
10277,random9,-1,later_intext_warnings,2.4513078133265176,157,0
10277,random9,-1,warning_after_claim,3.7204341888427734,25,0
10277,random10,1,claim_first,2.6649081707000732,31,0
10277,random10,1,ordinary,3.348524570465088,67,0
10277,random10,1,first_intext_warning,2.9626612663269043,36,0
10277,random10,1,later_intext_warnings,2.26697438955307,157,0
10277,random10,1,warning_after_claim,4.283811092376709,25,0
10277,random10,-1,claim_first,2.62772536277771,31,0
10277,random10,-1,ordinary,3.2197608947753906,67,0
10277,random10,-1,first_intext_warning,2.9579696655273438,36,0
10277,random10,-1,later_intext_warnings,2.4151670138041177,157,0
10277,random10,-1,warning_after_claim,3.7728402614593506,25,0
10278,none,0,claim_first,2.006598472595215,49,0
10278,none,0,ordinary,2.388263702392578,72,0
10278,none,0,first_intext_warning,2.818918466567993,24,0
10278,none,0,later_intext_warnings,2.2583403984705606,156,0
10278,none,0,warning_after_claim,3.8336379528045654,25,0
10278,truth,1,claim_first,2.2832393646240234,49,0
10278,truth,1,ordinary,2.6302080154418945,72,0
10278,truth,1,first_intext_warning,3.3457090854644775,24,0
10278,truth,1,later_intext_warnings,2.571367065111796,156,0
10278,truth,1,warning_after_claim,4.143273830413818,25,0
10278,truth,-1,claim_first,2.3376848697662354,49,0
10278,truth,-1,ordinary,2.8141870498657227,72,0
10278,truth,-1,first_intext_warning,3.1889467239379883,24,0
10278,truth,-1,later_intext_warnings,2.638612906138102,156,0
10278,truth,-1,warning_after_claim,4.234922885894775,25,0
10278,random1,1,claim_first,2.4420673847198486,49,0
10278,random1,1,ordinary,2.7399632930755615,72,0
10278,random1,1,first_intext_warning,3.076009750366211,24,0
10278,random1,1,later_intext_warnings,2.4205041329065957,156,0
10278,random1,1,warning_after_claim,3.715749502182007,25,0
10278,random1,-1,claim_first,2.300736904144287,49,0
10278,random1,-1,ordinary,2.576775550842285,72,0
10278,random1,-1,first_intext_warning,2.784379005432129,24,0
10278,random1,-1,later_intext_warnings,2.468885858853658,156,0
10278,random1,-1,warning_after_claim,3.9795470237731934,25,0
10278,random2,1,claim_first,2.2144339084625244,49,0
10278,random2,1,ordinary,2.611302375793457,72,0
10278,random2,1,first_intext_warning,3.189096212387085,24,0
10278,random2,1,later_intext_warnings,2.501096506913503,156,0
10278,random2,1,warning_after_claim,4.1217875480651855,25,0
10278,random2,-1,claim_first,2.4865095615386963,49,0
10278,random2,-1,ordinary,2.7066402435302734,72,0
10278,random2,-1,first_intext_warning,2.764002561569214,24,0
10278,random2,-1,later_intext_warnings,2.4699164231618247,156,0
10278,random2,-1,warning_after_claim,3.893425941467285,25,0
10278,random3,1,claim_first,2.527113437652588,49,0
10278,random3,1,ordinary,2.9384188652038574,72,0
10278,random3,1,first_intext_warning,2.984842538833618,24,0
10278,random3,1,later_intext_warnings,2.4558322628339133,156,0
10278,random3,1,warning_after_claim,3.842916488647461,25,0
10278,random3,-1,claim_first,2.2492804527282715,49,0
10278,random3,-1,ordinary,2.4889779090881348,72,0
10278,random3,-1,first_intext_warning,2.873241424560547,24,0
10278,random3,-1,later_intext_warnings,2.434889554977417,156,0
10278,random3,-1,warning_after_claim,4.008232116699219,25,0
10278,random4,1,claim_first,2.5430381298065186,49,0
10278,random4,1,ordinary,2.772545337677002,72,0
10278,random4,1,first_intext_warning,2.737985849380493,24,0
10278,random4,1,later_intext_warnings,2.6484558979670205,156,0
10278,random4,1,warning_after_claim,4.321838855743408,25,0
10278,random4,-1,claim_first,2.4152114391326904,49,0
10278,random4,-1,ordinary,2.5846071243286133,72,0
10278,random4,-1,first_intext_warning,2.9806973934173584,24,0
10278,random4,-1,later_intext_warnings,2.451698283354441,156,0
10278,random4,-1,warning_after_claim,3.702993869781494,25,0
10278,random5,1,claim_first,2.39532732963562,49,0
10278,random5,1,ordinary,2.5411458015441895,72,0
10278,random5,1,first_intext_warning,2.696471929550171,24,0
10278,random5,1,later_intext_warnings,2.4551574190457663,156,0
10278,random5,1,warning_after_claim,3.662367343902588,25,0
10278,random5,-1,claim_first,2.2176408767700195,49,0
10278,random5,-1,ordinary,2.8436248302459717,72,0
10278,random5,-1,first_intext_warning,3.118867874145508,24,0
10278,random5,-1,later_intext_warnings,2.366393268108368,156,0
10278,random5,-1,warning_after_claim,4.200733184814453,25,0
10278,random6,1,claim_first,2.2835943698883057,49,0
10278,random6,1,ordinary,2.83880615234375,72,0
10278,random6,1,first_intext_warning,2.7110464572906494,24,0
10278,random6,1,later_intext_warnings,2.5974518259366355,156,0
10278,random6,1,warning_after_claim,3.7143828868865967,25,0
10278,random6,-1,claim_first,2.2435081005096436,49,0
10278,random6,-1,ordinary,2.4794185161590576,72,0
10278,random6,-1,first_intext_warning,3.1006956100463867,24,0
10278,random6,-1,later_intext_warnings,2.356367508570353,156,0
10278,random6,-1,warning_after_claim,4.090710163116455,25,0
10278,random7,1,claim_first,2.419050693511963,49,0
10278,random7,1,ordinary,2.840416431427002,72,0
10278,random7,1,first_intext_warning,2.685833215713501,24,0
10278,random7,1,later_intext_warnings,2.505639612674713,156,0
10278,random7,1,warning_after_claim,3.852060317993164,25,0
10278,random7,-1,claim_first,2.1848299503326416,49,0
10278,random7,-1,ordinary,2.53529953956604,72,0
10278,random7,-1,first_intext_warning,3.2434256076812744,24,0
10278,random7,-1,later_intext_warnings,2.41564949353536,156,0
10278,random7,-1,warning_after_claim,3.8717823028564453,25,0
10278,random8,1,claim_first,2.295360803604126,49,0
10278,random8,1,ordinary,2.864551067352295,72,0
10278,random8,1,first_intext_warning,3.0207760334014893,24,0
10278,random8,1,later_intext_warnings,2.4185728629430137,156,0
10278,random8,1,warning_after_claim,3.759402275085449,25,0
10278,random8,-1,claim_first,2.261892557144165,49,0
10278,random8,-1,ordinary,2.6161351203918457,72,0
10278,random8,-1,first_intext_warning,2.814183473587036,24,0
10278,random8,-1,later_intext_warnings,2.479412078857422,156,0
10278,random8,-1,warning_after_claim,4.100522994995117,25,0
10278,random9,1,claim_first,2.436098575592041,49,0
10278,random9,1,ordinary,2.566492795944214,72,0
10278,random9,1,first_intext_warning,2.8151004314422607,24,0
10278,random9,1,later_intext_warnings,2.4077479243278503,156,0
10278,random9,1,warning_after_claim,3.946655511856079,25,0
10278,random9,-1,claim_first,2.339500665664673,49,0
10278,random9,-1,ordinary,2.760258913040161,72,0
10278,random9,-1,first_intext_warning,2.925534963607788,24,0
10278,random9,-1,later_intext_warnings,2.495280702908834,156,0
10278,random9,-1,warning_after_claim,3.9516260623931885,25,0
10278,random10,1,claim_first,2.4233450889587402,49,0
10278,random10,1,ordinary,2.7524547576904297,72,0
10278,random10,1,first_intext_warning,3.076223134994507,24,0
10278,random10,1,later_intext_warnings,2.527255892753601,156,0
10278,random10,1,warning_after_claim,4.172783851623535,25,0
10278,random10,-1,claim_first,2.34775972366333,49,0
10278,random10,-1,ordinary,2.659478187561035,72,0
10278,random10,-1,first_intext_warning,2.8196451663970947,24,0
10278,random10,-1,later_intext_warnings,2.4583221077919006,156,0
10278,random10,-1,warning_after_claim,3.915548324584961,25,0
10280,none,0,claim_first,1.9092844724655151,30,0
10280,none,0,first_intext_warning,3.402470111846924,32,0
10280,none,0,later_intext_warnings,2.069602350393931,144,0
10280,none,0,warning_after_claim,2.4788639545440674,24,0
10280,truth,1,claim_first,2.206418037414551,30,0
10280,truth,1,first_intext_warning,3.5514636039733887,32,0
10280,truth,1,later_intext_warnings,2.460587759812673,144,0
10280,truth,1,warning_after_claim,3.0687015056610107,24,0
10280,truth,-1,claim_first,2.421675443649292,30,0
10280,truth,-1,first_intext_warning,3.5991997718811035,32,0
10280,truth,-1,later_intext_warnings,2.243860145409902,144,0
10280,truth,-1,warning_after_claim,2.7398834228515625,24,0
10280,random1,1,claim_first,2.819646120071411,30,0
10280,random1,1,first_intext_warning,3.2911806106567383,32,0
10280,random1,1,later_intext_warnings,2.2737951278686523,144,0
10280,random1,1,warning_after_claim,2.7864036560058594,24,0
10280,random1,-1,claim_first,1.87240469455719,30,0
10280,random1,-1,first_intext_warning,3.3914408683776855,32,0
10280,random1,-1,later_intext_warnings,2.2526605129241943,144,0
10280,random1,-1,warning_after_claim,2.4508845806121826,24,0
10280,random2,1,claim_first,2.374300956726074,30,0
10280,random2,1,first_intext_warning,3.739969253540039,32,0
10280,random2,1,later_intext_warnings,2.466191033522288,144,0
10280,random2,1,warning_after_claim,3.0328595638275146,24,0
10280,random2,-1,claim_first,2.4248363971710205,30,0
10280,random2,-1,first_intext_warning,3.32322096824646,32,0
10280,random2,-1,later_intext_warnings,2.138244410355886,144,0
10280,random2,-1,warning_after_claim,2.6171865463256836,24,0
10280,random3,1,claim_first,2.3004257678985596,30,0
10280,random3,1,first_intext_warning,3.601717472076416,32,0
10280,random3,1,later_intext_warnings,2.1635619401931763,144,0
10280,random3,1,warning_after_claim,2.654665946960449,24,0
10280,random3,-1,claim_first,2.3109359741210938,30,0
10280,random3,-1,first_intext_warning,3.1897690296173096,32,0
10280,random3,-1,later_intext_warnings,2.2520576318105063,144,0
10280,random3,-1,warning_after_claim,2.6941092014312744,24,0
10280,random4,1,claim_first,2.1494016647338867,30,0
10280,random4,1,first_intext_warning,3.5835342407226562,32,0
10280,random4,1,later_intext_warnings,2.3009531696637473,144,0
10280,random4,1,warning_after_claim,2.489539384841919,24,0
10280,random4,-1,claim_first,2.5330393314361572,30,0
10280,random4,-1,first_intext_warning,3.2110118865966797,32,0
10280,random4,-1,later_intext_warnings,2.2263535459836326,144,0
10280,random4,-1,warning_after_claim,2.8071603775024414,24,0
10280,random5,1,claim_first,2.1070139408111572,30,0
10280,random5,1,first_intext_warning,3.553701400756836,32,0
10280,random5,1,later_intext_warnings,2.1891393065452576,144,0
10280,random5,1,warning_after_claim,2.78247332572937,24,0
10280,random5,-1,claim_first,2.4253151416778564,30,0
10280,random5,-1,first_intext_warning,3.186281681060791,32,0
10280,random5,-1,later_intext_warnings,2.2741381923357644,144,0
10280,random5,-1,warning_after_claim,2.593700647354126,24,0
10280,random6,1,claim_first,2.124544620513916,30,0
10280,random6,1,first_intext_warning,3.6782824993133545,32,0
10280,random6,1,later_intext_warnings,2.3575308521588645,144,0
10280,random6,1,warning_after_claim,2.407715082168579,24,0
10280,random6,-1,claim_first,2.1694843769073486,30,0
10280,random6,-1,first_intext_warning,3.2362356185913086,32,0
10280,random6,-1,later_intext_warnings,2.2152233322461448,144,0
10280,random6,-1,warning_after_claim,2.9104087352752686,24,0
10280,random7,1,claim_first,2.317612648010254,30,0
10280,random7,1,first_intext_warning,3.5354223251342773,32,0
10280,random7,1,later_intext_warnings,2.209491749604543,144,0
10280,random7,1,warning_after_claim,2.516828775405884,24,0
10280,random7,-1,claim_first,2.0847020149230957,30,0
10280,random7,-1,first_intext_warning,3.2165794372558594,32,0
10280,random7,-1,later_intext_warnings,2.257267395655314,144,0
10280,random7,-1,warning_after_claim,2.8336093425750732,24,0
10280,random8,1,claim_first,2.5395987033843994,30,0
10280,random8,1,first_intext_warning,3.653299331665039,32,0
10280,random8,1,later_intext_warnings,2.30328239997228,144,0
10280,random8,1,warning_after_claim,2.8916690349578857,24,0
10280,random8,-1,claim_first,1.9672062397003174,30,0
10280,random8,-1,first_intext_warning,3.299821376800537,32,0
10280,random8,-1,later_intext_warnings,2.2127652565638223,144,0
10280,random8,-1,warning_after_claim,2.629234552383423,24,0
10280,random9,1,claim_first,2.2258763313293457,30,0
10280,random9,1,first_intext_warning,3.2480318546295166,32,0
10280,random9,1,later_intext_warnings,2.211510201295217,144,0
10280,random9,1,warning_after_claim,2.677631378173828,24,0
10280,random9,-1,claim_first,2.206066608428955,30,0
10280,random9,-1,first_intext_warning,3.715834617614746,32,0
10280,random9,-1,later_intext_warnings,2.3702335158983865,144,0
10280,random9,-1,warning_after_claim,2.85579776763916,24,0
10280,random10,1,claim_first,2.313772439956665,30,0
10280,random10,1,first_intext_warning,3.309803009033203,32,0
10280,random10,1,later_intext_warnings,2.2779994209607444,144,0
10280,random10,1,warning_after_claim,2.6874191761016846,24,0
10280,random10,-1,claim_first,2.327861785888672,30,0
10280,random10,-1,first_intext_warning,3.4675047397613525,32,0
10280,random10,-1,later_intext_warnings,2.2855767409006753,144,0
10280,random10,-1,warning_after_claim,2.750246286392212,24,0
10285,none,0,claim_first,2.393420696258545,40,0
10285,none,0,ordinary,1.416085958480835,95,0
10285,none,0,first_intext_warning,3.4651436805725098,36,0
10285,none,0,later_intext_warnings,2.0606748859087625,148,0
10285,none,0,warning_after_claim,3.6538045406341553,13,0
10285,truth,1,claim_first,2.7478699684143066,40,0
10285,truth,1,ordinary,1.8962397575378418,95,0
10285,truth,1,first_intext_warning,3.7863073348999023,36,0
10285,truth,1,later_intext_warnings,2.441911220550537,148,0
10285,truth,1,warning_after_claim,4.277256965637207,13,0
10285,truth,-1,claim_first,2.9328720569610596,40,0
10285,truth,-1,ordinary,1.7804737091064453,95,0
10285,truth,-1,first_intext_warning,4.146046161651611,36,0
10285,truth,-1,later_intext_warnings,2.2955501774946847,148,0
10285,truth,-1,warning_after_claim,3.51523756980896,13,0
10285,random1,1,claim_first,2.9781627655029297,40,0
10285,random1,1,ordinary,1.8821735382080078,95,0
10285,random1,1,first_intext_warning,3.7990520000457764,36,0
10285,random1,1,later_intext_warnings,2.2120481530825296,148,0
10285,random1,1,warning_after_claim,3.281575918197632,13,0
10285,random1,-1,claim_first,2.70335054397583,40,0
10285,random1,-1,ordinary,1.912833571434021,95,0
10285,random1,-1,first_intext_warning,3.6047749519348145,36,0
10285,random1,-1,later_intext_warnings,2.221463958422343,148,0
10285,random1,-1,warning_after_claim,3.800326108932495,13,0
10285,random2,1,claim_first,2.588982582092285,40,0
10285,random2,1,ordinary,2.1809370517730713,95,0
10285,random2,1,first_intext_warning,3.8626492023468018,36,0
10285,random2,1,later_intext_warnings,2.4132513999938965,148,0
10285,random2,1,warning_after_claim,4.1861467361450195,13,0
10285,random2,-1,claim_first,2.803243398666382,40,0
10285,random2,-1,ordinary,1.697210431098938,95,0
10285,random2,-1,first_intext_warning,3.3957672119140625,36,0
10285,random2,-1,later_intext_warnings,2.1767221887906394,148,0
10285,random2,-1,warning_after_claim,3.191514730453491,13,0
10285,random3,1,claim_first,2.775085926055908,40,0
10285,random3,1,ordinary,1.9582643508911133,95,0
10285,random3,1,first_intext_warning,3.60202693939209,36,0
10285,random3,1,later_intext_warnings,2.3633877833684287,148,0
10285,random3,1,warning_after_claim,3.6271281242370605,13,0
10285,random3,-1,claim_first,2.8113532066345215,40,0
10285,random3,-1,ordinary,1.8238848447799683,95,0
10285,random3,-1,first_intext_warning,3.6238174438476562,36,0
10285,random3,-1,later_intext_warnings,2.153613825639089,148,0
10285,random3,-1,warning_after_claim,3.530787467956543,13,0
10285,random4,1,claim_first,2.872833490371704,40,0
10285,random4,1,ordinary,1.9745701551437378,95,0
10285,random4,1,first_intext_warning,3.6734225749969482,36,0
10285,random4,1,later_intext_warnings,2.3451887170473733,148,0
10285,random4,1,warning_after_claim,3.0629053115844727,13,0
10285,random4,-1,claim_first,2.7441775798797607,40,0
10285,random4,-1,ordinary,1.8104219436645508,95,0
10285,random4,-1,first_intext_warning,3.456709623336792,36,0
10285,random4,-1,later_intext_warnings,2.2786749402681985,148,0
10285,random4,-1,warning_after_claim,4.359758377075195,13,0
10285,random5,1,claim_first,2.7664389610290527,40,0
10285,random5,1,ordinary,2.022214651107788,95,0
10285,random5,1,first_intext_warning,3.362578868865967,36,0
10285,random5,1,later_intext_warnings,2.3714231650034585,148,0
10285,random5,1,warning_after_claim,3.9403138160705566,13,0
10285,random5,-1,claim_first,2.6536688804626465,40,0
10285,random5,-1,ordinary,1.91570246219635,95,0
10285,random5,-1,first_intext_warning,3.6274495124816895,36,0
10285,random5,-1,later_intext_warnings,2.244587500890096,148,0
10285,random5,-1,warning_after_claim,3.266160726547241,13,0
10285,random6,1,claim_first,2.663163423538208,40,0
10285,random6,1,ordinary,1.8280075788497925,95,0
10285,random6,1,first_intext_warning,3.4833171367645264,36,0
10285,random6,1,later_intext_warnings,2.2112104098002114,148,0
10285,random6,1,warning_after_claim,3.490386486053467,13,0
10285,random6,-1,claim_first,2.8272705078125,40,0
10285,random6,-1,ordinary,1.7897528409957886,95,0
10285,random6,-1,first_intext_warning,3.74167537689209,36,0
10285,random6,-1,later_intext_warnings,2.2909427483876548,148,0
10285,random6,-1,warning_after_claim,3.6818418502807617,13,0
10285,random7,1,claim_first,2.941991090774536,40,0
10285,random7,1,ordinary,1.8708148002624512,95,0
10285,random7,1,first_intext_warning,3.5436201095581055,36,0
10285,random7,1,later_intext_warnings,2.2181114554405212,148,0
10285,random7,1,warning_after_claim,3.4513888359069824,13,0
10285,random7,-1,claim_first,2.6025795936584473,40,0
10285,random7,-1,ordinary,2.0256242752075195,95,0
10285,random7,-1,first_intext_warning,3.395235061645508,36,0
10285,random7,-1,later_intext_warnings,2.251983086268107,148,0
10285,random7,-1,warning_after_claim,3.7730636596679688,13,0
10285,random8,1,claim_first,2.5457699298858643,40,0
10285,random8,1,ordinary,1.8100742101669312,95,0
10285,random8,1,first_intext_warning,3.6227149963378906,36,0
10285,random8,1,later_intext_warnings,2.294375797112783,148,0
10285,random8,1,warning_after_claim,3.5721800327301025,13,0
10285,random8,-1,claim_first,2.864264726638794,40,0
10285,random8,-1,ordinary,1.8473846912384033,95,0
10285,random8,-1,first_intext_warning,3.457075595855713,36,0
10285,random8,-1,later_intext_warnings,2.2528151075045266,148,0
10285,random8,-1,warning_after_claim,3.396888494491577,13,0
10285,random9,1,claim_first,2.8335843086242676,40,0
10285,random9,1,ordinary,1.7775253057479858,95,0
10285,random9,1,first_intext_warning,3.5659358501434326,36,0
10285,random9,1,later_intext_warnings,2.2151752511660256,148,0
10285,random9,1,warning_after_claim,3.568993091583252,13,0
10285,random9,-1,claim_first,2.8340468406677246,40,0
10285,random9,-1,ordinary,1.8629770278930664,95,0
10285,random9,-1,first_intext_warning,3.5917253494262695,36,0
10285,random9,-1,later_intext_warnings,2.332118113835653,148,0
10285,random9,-1,warning_after_claim,3.728888988494873,13,0
10285,random10,1,claim_first,2.7614073753356934,40,0
10285,random10,1,ordinary,1.9332146644592285,95,0
10285,random10,1,first_intext_warning,3.5454206466674805,36,0
10285,random10,1,later_intext_warnings,2.2844072182973227,148,0
10285,random10,1,warning_after_claim,4.225624084472656,13,0
10285,random10,-1,claim_first,2.7346653938293457,40,0
10285,random10,-1,ordinary,1.7424460649490356,95,0
10285,random10,-1,first_intext_warning,3.719048500061035,36,0
10285,random10,-1,later_intext_warnings,2.2895201245943704,148,0
10285,random10,-1,warning_after_claim,3.345720052719116,13,0
10287,none,0,claim_first,1.897437334060669,27,0
10287,none,0,ordinary,1.9027225971221924,74,0
10287,none,0,first_intext_warning,2.5048422813415527,21,0
10287,none,0,later_intext_warnings,2.208513875802358,162,0
10287,none,0,warning_after_claim,1.1464062929153442,22,0
10287,truth,1,claim_first,2.315302610397339,27,0
10287,truth,1,ordinary,2.0676915645599365,74,0
10287,truth,1,first_intext_warning,2.919095993041992,21,0
10287,truth,1,later_intext_warnings,2.520092229048411,162,0
10287,truth,1,warning_after_claim,1.436388373374939,22,0
10287,truth,-1,claim_first,2.2791926860809326,27,0
10287,truth,-1,ordinary,2.410489320755005,74,0
10287,truth,-1,first_intext_warning,3.05122447013855,21,0
10287,truth,-1,later_intext_warnings,2.453582147757212,162,0
10287,truth,-1,warning_after_claim,1.0172650814056396,22,0
10287,random1,1,claim_first,2.5466861724853516,27,0
10287,random1,1,ordinary,2.3401901721954346,74,0
10287,random1,1,first_intext_warning,2.612499475479126,21,0
10287,random1,1,later_intext_warnings,2.295712947845459,162,0
10287,random1,1,warning_after_claim,1.127560019493103,22,0
10287,random1,-1,claim_first,2.0853700637817383,27,0
10287,random1,-1,ordinary,2.148190975189209,74,0
10287,random1,-1,first_intext_warning,2.93369197845459,21,0
10287,random1,-1,later_intext_warnings,2.420673410097758,162,0
10287,random1,-1,warning_after_claim,1.122949481010437,22,0
10287,random2,1,claim_first,2.233308792114258,27,0
10287,random2,1,ordinary,2.372230052947998,74,0
10287,random2,1,first_intext_warning,3.237248420715332,21,0
10287,random2,1,later_intext_warnings,2.5095930894215903,162,0
10287,random2,1,warning_after_claim,1.2232071161270142,22,0
10287,random2,-1,claim_first,2.3637797832489014,27,0
10287,random2,-1,ordinary,2.223787307739258,74,0
10287,random2,-1,first_intext_warning,2.5273220539093018,21,0
10287,random2,-1,later_intext_warnings,2.288090149561564,162,0
10287,random2,-1,warning_after_claim,1.0525578260421753,22,0
10287,random3,1,claim_first,2.3641490936279297,27,0
10287,random3,1,ordinary,2.3519623279571533,74,0
10287,random3,1,first_intext_warning,2.482362747192383,21,0
10287,random3,1,later_intext_warnings,2.408552130063375,162,0
10287,random3,1,warning_after_claim,1.1952834129333496,22,0
10287,random3,-1,claim_first,2.411245822906494,27,0
10287,random3,-1,ordinary,2.21977162361145,74,0
10287,random3,-1,first_intext_warning,2.9606127738952637,21,0
10287,random3,-1,later_intext_warnings,2.3404913345972695,162,0
10287,random3,-1,warning_after_claim,1.076682686805725,22,0
10287,random4,1,claim_first,2.1272168159484863,27,0
10287,random4,1,ordinary,2.1746246814727783,74,0
10287,random4,1,first_intext_warning,2.7109742164611816,21,0
10287,random4,1,later_intext_warnings,2.447153329849243,162,0
10287,random4,1,warning_after_claim,1.4833779335021973,22,0
10287,random4,-1,claim_first,2.6337695121765137,27,0
10287,random4,-1,ordinary,2.243567705154419,74,0
10287,random4,-1,first_intext_warning,2.762157917022705,21,0
10287,random4,-1,later_intext_warnings,2.3702064553896585,162,0
10287,random4,-1,warning_after_claim,1.1640194654464722,22,0
10287,random5,1,claim_first,1.953183889389038,27,0
10287,random5,1,ordinary,2.1897385120391846,74,0
10287,random5,1,first_intext_warning,2.7031235694885254,21,0
10287,random5,1,later_intext_warnings,2.377742369969686,162,0
10287,random5,1,warning_after_claim,1.0953843593597412,22,0
10287,random5,-1,claim_first,2.5487024784088135,27,0
10287,random5,-1,ordinary,2.3307459354400635,74,0
10287,random5,-1,first_intext_warning,2.6964261531829834,21,0
10287,random5,-1,later_intext_warnings,2.3667346040407815,162,0
10287,random5,-1,warning_after_claim,1.2734531164169312,22,0
10287,random6,1,claim_first,1.8591402769088745,27,0
10287,random6,1,ordinary,2.2184441089630127,74,0
10287,random6,1,first_intext_warning,2.7871148586273193,21,0
10287,random6,1,later_intext_warnings,2.4627535939216614,162,0
10287,random6,1,warning_after_claim,1.0742950439453125,22,0
10287,random6,-1,claim_first,2.645591974258423,27,0
10287,random6,-1,ordinary,2.1970109939575195,74,0
10287,random6,-1,first_intext_warning,2.7792835235595703,21,0
10287,random6,-1,later_intext_warnings,2.3448596000671387,162,0
10287,random6,-1,warning_after_claim,1.186962604522705,22,0
10287,random7,1,claim_first,2.4855940341949463,27,0
10287,random7,1,ordinary,2.2443735599517822,74,0
10287,random7,1,first_intext_warning,2.7028610706329346,21,0
10287,random7,1,later_intext_warnings,2.3707019090652466,162,0
10287,random7,1,warning_after_claim,1.2272247076034546,22,0
10287,random7,-1,claim_first,2.2279794216156006,27,0
10287,random7,-1,ordinary,2.3495078086853027,74,0
10287,random7,-1,first_intext_warning,2.7941925525665283,21,0
10287,random7,-1,later_intext_warnings,2.3717010617256165,162,0
10287,random7,-1,warning_after_claim,1.1279526948928833,22,0
10287,random8,1,claim_first,2.1299617290496826,27,0
10287,random8,1,ordinary,2.278787136077881,74,0
10287,random8,1,first_intext_warning,2.84179425239563,21,0
10287,random8,1,later_intext_warnings,2.3939680457115173,162,0
10287,random8,1,warning_after_claim,1.1901471614837646,22,0
10287,random8,-1,claim_first,2.6504273414611816,27,0
10287,random8,-1,ordinary,2.0694711208343506,74,0
10287,random8,-1,first_intext_warning,2.7882416248321533,21,0
10287,random8,-1,later_intext_warnings,2.383868157863617,162,0
10287,random8,-1,warning_after_claim,1.1374577283859253,22,0
10287,random9,1,claim_first,2.1204652786254883,27,0
10287,random9,1,ordinary,2.189257860183716,74,0
10287,random9,1,first_intext_warning,2.508977174758911,21,0
10287,random9,1,later_intext_warnings,2.4347484906514487,162,0
10287,random9,1,warning_after_claim,0.9545629024505615,22,0
10287,random9,-1,claim_first,2.4038503170013428,27,0
10287,random9,-1,ordinary,2.251742362976074,74,0
10287,random9,-1,first_intext_warning,2.872826337814331,21,0
10287,random9,-1,later_intext_warnings,2.412456532319387,162,0
10287,random9,-1,warning_after_claim,1.3867368698120117,22,0
10287,random10,1,claim_first,2.1342275142669678,27,0
10287,random10,1,ordinary,2.2026405334472656,74,0
10287,random10,1,first_intext_warning,2.994072675704956,21,0
10287,random10,1,later_intext_warnings,2.470133145650228,162,0
10287,random10,1,warning_after_claim,1.1815457344055176,22,0
10287,random10,-1,claim_first,2.398038625717163,27,0
10287,random10,-1,ordinary,2.2657973766326904,74,0
10287,random10,-1,first_intext_warning,2.6621413230895996,21,0
10287,random10,-1,later_intext_warnings,2.3432921965916953,162,0
10287,random10,-1,warning_after_claim,1.2442635297775269,22,0
10288,none,0,claim_first,1.7736003398895264,66,0
10288,none,0,ordinary,3.1023008823394775,63,0
10288,none,0,first_intext_warning,2.5141806602478027,30,0
10288,none,0,later_intext_warnings,2.069368044535319,184,0
10288,none,0,warning_after_claim,3.084977626800537,23,0
10288,truth,1,claim_first,2.1009602546691895,66,0
10288,truth,1,ordinary,3.3924694061279297,63,0
10288,truth,1,first_intext_warning,2.861690044403076,30,0
10288,truth,1,later_intext_warnings,2.340411980946859,184,0
10288,truth,1,warning_after_claim,3.8558459281921387,23,0
10288,truth,-1,claim_first,1.9582459926605225,66,0
10288,truth,-1,ordinary,3.589644193649292,63,0
10288,truth,-1,first_intext_warning,3.0069870948791504,30,0
10288,truth,-1,later_intext_warnings,2.4730688532193503,184,0
10288,truth,-1,warning_after_claim,3.283942222595215,23,0
10288,random1,1,claim_first,2.122408390045166,66,0
10288,random1,1,ordinary,3.420879364013672,63,0
10288,random1,1,first_intext_warning,2.7068326473236084,30,0
10288,random1,1,later_intext_warnings,2.225205143292745,184,0
10288,random1,1,warning_after_claim,3.1580216884613037,23,0
10288,random1,-1,claim_first,1.9533319473266602,66,0
10288,random1,-1,ordinary,3.289618492126465,63,0
10288,random1,-1,first_intext_warning,2.5407421588897705,30,0
10288,random1,-1,later_intext_warnings,2.334184149901072,184,0
10288,random1,-1,warning_after_claim,3.46303391456604,23,0
10288,random2,1,claim_first,1.8563899993896484,66,0
10288,random2,1,ordinary,3.4568228721618652,63,0
10288,random2,1,first_intext_warning,2.8160781860351562,30,0
10288,random2,1,later_intext_warnings,2.515779415766398,184,0
10288,random2,1,warning_after_claim,3.6709282398223877,23,0
10288,random2,-1,claim_first,2.2328577041625977,66,0
10288,random2,-1,ordinary,3.4062278270721436,63,0
10288,random2,-1,first_intext_warning,2.6318745613098145,30,0
10288,random2,-1,later_intext_warnings,2.1617464423179626,184,0
10288,random2,-1,warning_after_claim,3.1162450313568115,23,0
10288,random3,1,claim_first,2.3085439205169678,66,0
10288,random3,1,ordinary,3.584146022796631,63,0
10288,random3,1,first_intext_warning,2.6689884662628174,30,0
10288,random3,1,later_intext_warnings,2.2988105018933616,184,0
10288,random3,1,warning_after_claim,3.4450228214263916,23,0
10288,random3,-1,claim_first,1.876891016960144,66,0
10288,random3,-1,ordinary,3.2208383083343506,63,0
10288,random3,-1,first_intext_warning,2.5357789993286133,30,0
10288,random3,-1,later_intext_warnings,2.303372005621592,184,0
10288,random3,-1,warning_after_claim,3.2444770336151123,23,0
10288,random4,1,claim_first,2.1401262283325195,66,0
10288,random4,1,ordinary,3.37778377532959,63,0
10288,random4,1,first_intext_warning,2.7430641651153564,30,0
10288,random4,1,later_intext_warnings,2.3124895095825195,184,0
10288,random4,1,warning_after_claim,3.5032010078430176,23,0
10288,random4,-1,claim_first,2.0380303859710693,66,0
10288,random4,-1,ordinary,3.391903877258301,63,0
10288,random4,-1,first_intext_warning,2.5760955810546875,30,0
10288,random4,-1,later_intext_warnings,2.305399735768636,184,0
10288,random4,-1,warning_after_claim,3.4348151683807373,23,0
10288,random5,1,claim_first,1.923143744468689,66,0
10288,random5,1,ordinary,3.3101673126220703,63,0
10288,random5,1,first_intext_warning,2.547936201095581,30,0
10288,random5,1,later_intext_warnings,2.242918153603872,184,0
10288,random5,1,warning_after_claim,3.3259034156799316,23,0
10288,random5,-1,claim_first,2.0530149936676025,66,0
10288,random5,-1,ordinary,3.4461307525634766,63,0
10288,random5,-1,first_intext_warning,2.586432933807373,30,0
10288,random5,-1,later_intext_warnings,2.2918870647748313,184,0
10288,random5,-1,warning_after_claim,3.1598968505859375,23,0
10288,random6,1,claim_first,2.1867852210998535,66,0
10288,random6,1,ordinary,3.3218398094177246,63,0
10288,random6,1,first_intext_warning,2.760647773742676,30,0
10288,random6,1,later_intext_warnings,2.361313581466675,184,0
10288,random6,1,warning_after_claim,2.9451422691345215,23,0
10288,random6,-1,claim_first,2.022731065750122,66,0
10288,random6,-1,ordinary,3.223151922225952,63,0
10288,random6,-1,first_intext_warning,2.5769314765930176,30,0
10288,random6,-1,later_intext_warnings,2.298738161722819,184,0
10288,random6,-1,warning_after_claim,3.5400516986846924,23,0
10288,random7,1,claim_first,2.096190929412842,66,0
10288,random7,1,ordinary,3.302694320678711,63,0
10288,random7,1,first_intext_warning,2.450211524963379,30,0
10288,random7,1,later_intext_warnings,2.2550861636797586,184,0
10288,random7,1,warning_after_claim,3.246155023574829,23,0
10288,random7,-1,claim_first,1.9667774438858032,66,0
10288,random7,-1,ordinary,3.469921588897705,63,0
10288,random7,-1,first_intext_warning,2.7879531383514404,30,0
10288,random7,-1,later_intext_warnings,2.3210702538490295,184,0
10288,random7,-1,warning_after_claim,3.185561418533325,23,0
10288,random8,1,claim_first,2.013331413269043,66,0
10288,random8,1,ordinary,3.3203539848327637,63,0
10288,random8,1,first_intext_warning,2.6297178268432617,30,0
10288,random8,1,later_intext_warnings,2.370941162109375,184,0
10288,random8,1,warning_after_claim,3.298804521560669,23,0
10288,random8,-1,claim_first,2.0622904300689697,66,0
10288,random8,-1,ordinary,3.425200939178467,63,0
10288,random8,-1,first_intext_warning,2.7065014839172363,30,0
10288,random8,-1,later_intext_warnings,2.146066168944041,184,0
10288,random8,-1,warning_after_claim,3.5712082386016846,23,0
10288,random9,1,claim_first,1.9807184934616089,66,0
10288,random9,1,ordinary,3.293067455291748,63,0
10288,random9,1,first_intext_warning,2.650681972503662,30,0
10288,random9,1,later_intext_warnings,2.2615662614504495,184,0
10288,random9,1,warning_after_claim,3.5245583057403564,23,0
10288,random9,-1,claim_first,2.200943946838379,66,0
10288,random9,-1,ordinary,3.427015542984009,63,0
10288,random9,-1,first_intext_warning,2.711165189743042,30,0
10288,random9,-1,later_intext_warnings,2.310057500998179,184,0
10288,random9,-1,warning_after_claim,3.3306732177734375,23,0
10288,random10,1,claim_first,2.0343146324157715,66,0
10288,random10,1,ordinary,3.395449638366699,63,0
10288,random10,1,first_intext_warning,2.5788636207580566,30,0
10288,random10,1,later_intext_warnings,2.294082820415497,184,0
10288,random10,1,warning_after_claim,3.8148491382598877,23,0
10288,random10,-1,claim_first,2.146688222885132,66,0
10288,random10,-1,ordinary,3.347946882247925,63,0
10288,random10,-1,first_intext_warning,2.7205657958984375,30,0
10288,random10,-1,later_intext_warnings,2.277415414651235,184,0
10288,random10,-1,warning_after_claim,3.10483717918396,23,0
10289,none,0,claim_first,1.9711897373199463,46,0
10289,none,0,ordinary,1.3720030784606934,101,0
10289,none,0,first_intext_warning,2.4803545475006104,35,0
10289,none,0,later_intext_warnings,2.1378060380617776,128,0
10289,none,0,warning_after_claim,2.2949435710906982,28,0
10289,truth,1,claim_first,2.345484972000122,46,0
10289,truth,1,ordinary,1.8651400804519653,101,0
10289,truth,1,first_intext_warning,2.7067477703094482,35,0
10289,truth,1,later_intext_warnings,2.4726021885871887,128,0
10289,truth,1,warning_after_claim,3.2079837322235107,28,0
10289,truth,-1,claim_first,2.356656551361084,46,0
10289,truth,-1,ordinary,1.6626255512237549,101,0
10289,truth,-1,first_intext_warning,3.0804660320281982,35,0
10289,truth,-1,later_intext_warnings,2.4880021015803018,128,0
10289,truth,-1,warning_after_claim,2.3446106910705566,28,0
10289,random1,1,claim_first,2.419677972793579,46,0
10289,random1,1,ordinary,1.825021743774414,101,0
10289,random1,1,first_intext_warning,2.7232728004455566,35,0
10289,random1,1,later_intext_warnings,2.235481301943461,128,0
10289,random1,1,warning_after_claim,2.5181005001068115,28,0
10289,random1,-1,claim_first,2.497004508972168,46,0
10289,random1,-1,ordinary,1.6731408834457397,101,0
10289,random1,-1,first_intext_warning,2.3658251762390137,35,0
10289,random1,-1,later_intext_warnings,2.332098046938578,128,0
10289,random1,-1,warning_after_claim,2.5424535274505615,28,0
10289,random2,1,claim_first,2.4947562217712402,46,0
10289,random2,1,ordinary,1.8040745258331299,101,0
10289,random2,1,first_intext_warning,2.638427972793579,35,0
10289,random2,1,later_intext_warnings,2.578218917051951,128,0
10289,random2,1,warning_after_claim,2.9892210960388184,28,0
10289,random2,-1,claim_first,2.481590986251831,46,0
10289,random2,-1,ordinary,1.7036315202713013,101,0
10289,random2,-1,first_intext_warning,2.4136760234832764,35,0
10289,random2,-1,later_intext_warnings,2.143138269583384,128,0
10289,random2,-1,warning_after_claim,2.358612537384033,28,0
10289,random3,1,claim_first,2.8167564868927,46,0
10289,random3,1,ordinary,1.9206875562667847,101,0
10289,random3,1,first_intext_warning,2.3524668216705322,35,0
10289,random3,1,later_intext_warnings,2.3130428989728293,128,0
10289,random3,1,warning_after_claim,2.6949989795684814,28,0
10289,random3,-1,claim_first,2.2068023681640625,46,0
10289,random3,-1,ordinary,1.779289960861206,101,0
10289,random3,-1,first_intext_warning,2.6514077186584473,35,0
10289,random3,-1,later_intext_warnings,2.232781966527303,128,0
10289,random3,-1,warning_after_claim,2.457451343536377,28,0
10289,random4,1,claim_first,2.4771673679351807,46,0
10289,random4,1,ordinary,1.9030269384384155,101,0
10289,random4,1,first_intext_warning,2.390862226486206,35,0
10289,random4,1,later_intext_warnings,2.2822351455688477,128,0
10289,random4,1,warning_after_claim,2.5397210121154785,28,0
10289,random4,-1,claim_first,2.4738609790802,46,0
10289,random4,-1,ordinary,1.7501063346862793,101,0
10289,random4,-1,first_intext_warning,2.641536235809326,35,0
10289,random4,-1,later_intext_warnings,2.317739168802897,128,0
10289,random4,-1,warning_after_claim,2.593864679336548,28,0
10289,random5,1,claim_first,2.387552499771118,46,0
10289,random5,1,ordinary,1.8456523418426514,101,0
10289,random5,1,first_intext_warning,2.5156033039093018,35,0
10289,random5,1,later_intext_warnings,2.4378823240598044,128,0
10289,random5,1,warning_after_claim,2.588045358657837,28,0
10289,random5,-1,claim_first,2.3840858936309814,46,0
10289,random5,-1,ordinary,1.8788617849349976,101,0
10289,random5,-1,first_intext_warning,2.471472978591919,35,0
10289,random5,-1,later_intext_warnings,2.2419175704320273,128,0
10289,random5,-1,warning_after_claim,2.5273048877716064,28,0
10289,random6,1,claim_first,2.403306245803833,46,0
10289,random6,1,ordinary,1.7803938388824463,101,0
10289,random6,1,first_intext_warning,2.2856383323669434,35,0
10289,random6,1,later_intext_warnings,2.4620431860287986,128,0
10289,random6,1,warning_after_claim,2.4750382900238037,28,0
10289,random6,-1,claim_first,2.306330680847168,46,0
10289,random6,-1,ordinary,1.753622055053711,101,0
10289,random6,-1,first_intext_warning,2.782933473587036,35,0
10289,random6,-1,later_intext_warnings,2.237518767515818,128,0
10289,random6,-1,warning_after_claim,2.4955646991729736,28,0
10289,random7,1,claim_first,2.337509870529175,46,0
10289,random7,1,ordinary,1.8710476160049438,101,0
10289,random7,1,first_intext_warning,2.3359718322753906,35,0
10289,random7,1,later_intext_warnings,2.272247831026713,128,0
10289,random7,1,warning_after_claim,2.4110894203186035,28,0
10289,random7,-1,claim_first,2.3441197872161865,46,0
10289,random7,-1,ordinary,1.841904878616333,101,0
10289,random7,-1,first_intext_warning,2.8444736003875732,35,0
10289,random7,-1,later_intext_warnings,2.4129066467285156,128,0
10289,random7,-1,warning_after_claim,2.7764546871185303,28,0
10289,random8,1,claim_first,2.241354465484619,46,0
10289,random8,1,ordinary,1.7053844928741455,101,0
10289,random8,1,first_intext_warning,2.636676073074341,35,0
10289,random8,1,later_intext_warnings,2.305012583732605,128,0
10289,random8,1,warning_after_claim,2.4562456607818604,28,0
10289,random8,-1,claim_first,2.51261830329895,46,0
10289,random8,-1,ordinary,1.8129574060440063,101,0
10289,random8,-1,first_intext_warning,2.6134705543518066,35,0
10289,random8,-1,later_intext_warnings,2.325697441895803,128,0
10289,random8,-1,warning_after_claim,2.8079140186309814,28,0
10289,random9,1,claim_first,2.4761979579925537,46,0
10289,random9,1,ordinary,1.7799981832504272,101,0
10289,random9,1,first_intext_warning,2.5716605186462402,35,0
10289,random9,1,later_intext_warnings,2.398751219113668,128,0
10289,random9,1,warning_after_claim,2.532809019088745,28,0
10289,random9,-1,claim_first,2.4480292797088623,46,0
10289,random9,-1,ordinary,1.822232961654663,101,0
10289,random9,-1,first_intext_warning,2.546886682510376,35,0
10289,random9,-1,later_intext_warnings,2.3106203079223633,128,0
10289,random9,-1,warning_after_claim,2.739201784133911,28,0
10289,random10,1,claim_first,2.571045160293579,46,0
10289,random10,1,ordinary,1.615904688835144,101,0
10289,random10,1,first_intext_warning,2.419597864151001,35,0
10289,random10,1,later_intext_warnings,2.4172993302345276,128,0
10289,random10,1,warning_after_claim,2.8114349842071533,28,0
10289,random10,-1,claim_first,2.1552536487579346,46,0
10289,random10,-1,ordinary,1.8531299829483032,101,0
10289,random10,-1,first_intext_warning,2.6427600383758545,35,0
10289,random10,-1,later_intext_warnings,2.3217769066492715,128,0
10289,random10,-1,warning_after_claim,2.352731943130493,28,0
10290,none,0,claim_first,1.6105533838272095,28,0
10290,none,0,ordinary,3.2058916091918945,65,0
10290,none,0,first_intext_warning,2.4111618995666504,26,0
10290,none,0,later_intext_warnings,2.130324681599935,150,0
10290,none,0,warning_after_claim,2.264183521270752,20,0
10290,truth,1,claim_first,1.6156556606292725,28,0
10290,truth,1,ordinary,3.5568296909332275,65,0
10290,truth,1,first_intext_warning,2.772481679916382,26,0
10290,truth,1,later_intext_warnings,2.3624627590179443,150,0
10290,truth,1,warning_after_claim,2.7003846168518066,20,0
10290,truth,-1,claim_first,1.901029348373413,28,0
10290,truth,-1,ordinary,3.441100835800171,65,0
10290,truth,-1,first_intext_warning,2.9885687828063965,26,0
10290,truth,-1,later_intext_warnings,2.457850456237793,150,0
10290,truth,-1,warning_after_claim,2.5104405879974365,20,0
10290,random1,1,claim_first,1.9011608362197876,28,0
10290,random1,1,ordinary,3.504258632659912,65,0
10290,random1,1,first_intext_warning,2.488079071044922,26,0
10290,random1,1,later_intext_warnings,2.2013297279675803,150,0
10290,random1,1,warning_after_claim,2.531151294708252,20,0
10290,random1,-1,claim_first,1.7443755865097046,28,0
10290,random1,-1,ordinary,3.4391345977783203,65,0
10290,random1,-1,first_intext_warning,2.6705660820007324,26,0
10290,random1,-1,later_intext_warnings,2.4074010650316873,150,0
10290,random1,-1,warning_after_claim,2.4983434677124023,20,0
10290,random2,1,claim_first,1.809418797492981,28,0
10290,random2,1,ordinary,3.3857882022857666,65,0
10290,random2,1,first_intext_warning,2.8211820125579834,26,0
10290,random2,1,later_intext_warnings,2.474809209505717,150,0
10290,random2,1,warning_after_claim,2.6278491020202637,20,0
10290,random2,-1,claim_first,1.7414225339889526,28,0
10290,random2,-1,ordinary,3.375657558441162,65,0
10290,random2,-1,first_intext_warning,2.482729434967041,26,0
10290,random2,-1,later_intext_warnings,2.254198968410492,150,0
10290,random2,-1,warning_after_claim,2.4647786617279053,20,0
10290,random3,1,claim_first,1.9829692840576172,28,0
10290,random3,1,ordinary,3.4251112937927246,65,0
10290,random3,1,first_intext_warning,2.54839825630188,26,0
10290,random3,1,later_intext_warnings,2.250423868497213,150,0
10290,random3,1,warning_after_claim,2.702716588973999,20,0
10290,random3,-1,claim_first,1.5269511938095093,28,0
10290,random3,-1,ordinary,3.3474550247192383,65,0
10290,random3,-1,first_intext_warning,2.5447587966918945,26,0
10290,random3,-1,later_intext_warnings,2.339173952738444,150,0
10290,random3,-1,warning_after_claim,2.4545867443084717,20,0
10290,random4,1,claim_first,1.8427187204360962,28,0
10290,random4,1,ordinary,3.345916509628296,65,0
10290,random4,1,first_intext_warning,2.6119706630706787,26,0
10290,random4,1,later_intext_warnings,2.3716607093811035,150,0
10290,random4,1,warning_after_claim,2.6804280281066895,20,0
10290,random4,-1,claim_first,1.8273983001708984,28,0
10290,random4,-1,ordinary,3.4530746936798096,65,0
10290,random4,-1,first_intext_warning,2.595686912536621,26,0
10290,random4,-1,later_intext_warnings,2.3112846215566,150,0
10290,random4,-1,warning_after_claim,2.4135117530822754,20,0
10290,random5,1,claim_first,1.8721444606781006,28,0
10290,random5,1,ordinary,3.220876932144165,65,0
10290,random5,1,first_intext_warning,2.6488230228424072,26,0
10290,random5,1,later_intext_warnings,2.44633154074351,150,0
10290,random5,1,warning_after_claim,2.6104583740234375,20,0
10290,random5,-1,claim_first,1.716684341430664,28,0
10290,random5,-1,ordinary,3.4848878383636475,65,0
10290,random5,-1,first_intext_warning,2.485335111618042,26,0
10290,random5,-1,later_intext_warnings,2.2649012009302774,150,0
10290,random5,-1,warning_after_claim,2.577723979949951,20,0
10290,random6,1,claim_first,1.7795542478561401,28,0
10290,random6,1,ordinary,3.3756918907165527,65,0
10290,random6,1,first_intext_warning,2.5436925888061523,26,0
10290,random6,1,later_intext_warnings,2.4283127784729004,150,0
10290,random6,1,warning_after_claim,2.42575740814209,20,0
10290,random6,-1,claim_first,1.818372130393982,28,0
10290,random6,-1,ordinary,3.368785858154297,65,0
10290,random6,-1,first_intext_warning,2.7463159561157227,26,0
10290,random6,-1,later_intext_warnings,2.313358942667643,150,0
10290,random6,-1,warning_after_claim,2.4540724754333496,20,0
10290,random7,1,claim_first,1.8199936151504517,28,0
10290,random7,1,ordinary,3.5567076206207275,65,0
10290,random7,1,first_intext_warning,2.7103631496429443,26,0
10290,random7,1,later_intext_warnings,2.320542871952057,150,0
10290,random7,1,warning_after_claim,2.398508071899414,20,0
10290,random7,-1,claim_first,1.7649976015090942,28,0
10290,random7,-1,ordinary,3.3774614334106445,65,0
10290,random7,-1,first_intext_warning,2.461148500442505,26,0
10290,random7,-1,later_intext_warnings,2.3187747796376548,150,0
10290,random7,-1,warning_after_claim,2.488081455230713,20,0
10290,random8,1,claim_first,1.9203416109085083,28,0
10290,random8,1,ordinary,3.453207492828369,65,0
10290,random8,1,first_intext_warning,2.943021297454834,26,0
10290,random8,1,later_intext_warnings,2.3591668605804443,150,0
10290,random8,1,warning_after_claim,2.4737179279327393,20,0
10290,random8,-1,claim_first,1.6637592315673828,28,0
10290,random8,-1,ordinary,3.3541064262390137,65,0
10290,random8,-1,first_intext_warning,2.62631893157959,26,0
10290,random8,-1,later_intext_warnings,2.3149006565411887,150,0
10290,random8,-1,warning_after_claim,2.607844829559326,20,0
10290,random9,1,claim_first,1.8127139806747437,28,0
10290,random9,1,ordinary,3.5186522006988525,65,0
10290,random9,1,first_intext_warning,2.446248769760132,26,0
10290,random9,1,later_intext_warnings,2.259374817212423,150,0
10290,random9,1,warning_after_claim,2.318918466567993,20,0
10290,random9,-1,claim_first,1.7640209197998047,28,0
10290,random9,-1,ordinary,3.3359549045562744,65,0
10290,random9,-1,first_intext_warning,2.748997926712036,26,0
10290,random9,-1,later_intext_warnings,2.4226690530776978,150,0
10290,random9,-1,warning_after_claim,2.6391358375549316,20,0
10290,random10,1,claim_first,1.9086058139801025,28,0
10290,random10,1,ordinary,3.4205169677734375,65,0
10290,random10,1,first_intext_warning,2.5143487453460693,26,0
10290,random10,1,later_intext_warnings,2.315362532933553,150,0
10290,random10,1,warning_after_claim,2.695497751235962,20,0
10290,random10,-1,claim_first,1.7423741817474365,28,0
10290,random10,-1,ordinary,3.4016079902648926,65,0
10290,random10,-1,first_intext_warning,2.6809399127960205,26,0
10290,random10,-1,later_intext_warnings,2.315619150797526,150,0
10290,random10,-1,warning_after_claim,2.4558842182159424,20,0
10291,none,0,claim_first,1.4280551671981812,57,0
10291,none,0,ordinary,2.1772048473358154,88,0
10291,none,0,first_intext_warning,2.4889276027679443,30,0
10291,none,0,later_intext_warnings,1.9404972592989604,176,0
10291,none,0,warning_after_claim,3.017820119857788,24,0
10291,truth,1,claim_first,1.5906437635421753,57,0
10291,truth,1,ordinary,2.496751308441162,88,0
10291,truth,1,first_intext_warning,2.9814751148223877,30,0
10291,truth,1,later_intext_warnings,2.329238216082255,176,0
10291,truth,1,warning_after_claim,3.3892714977264404,24,0
10291,truth,-1,claim_first,1.7564383745193481,57,0
10291,truth,-1,ordinary,2.5209832191467285,88,0
10291,truth,-1,first_intext_warning,2.988666296005249,30,0
10291,truth,-1,later_intext_warnings,2.1702922781308494,176,0
10291,truth,-1,warning_after_claim,3.2871551513671875,24,0
10291,random1,1,claim_first,1.7058929204940796,57,0
10291,random1,1,ordinary,2.524427652359009,88,0
10291,random1,1,first_intext_warning,2.9539101123809814,30,0
10291,random1,1,later_intext_warnings,2.155806243419647,176,0
10291,random1,1,warning_after_claim,3.137091875076294,24,0
10291,random1,-1,claim_first,1.542207956314087,57,0
10291,random1,-1,ordinary,2.5116050243377686,88,0
10291,random1,-1,first_intext_warning,2.533116340637207,30,0
10291,random1,-1,later_intext_warnings,2.0527068972587585,176,0
10291,random1,-1,warning_after_claim,3.234480142593384,24,0
10291,random2,1,claim_first,1.518434762954712,57,0
10291,random2,1,ordinary,2.4318487644195557,88,0
10291,random2,1,first_intext_warning,2.8393218517303467,30,0
10291,random2,1,later_intext_warnings,2.2136074105898538,176,0
10291,random2,1,warning_after_claim,3.4912617206573486,24,0
10291,random2,-1,claim_first,1.710517406463623,57,0
10291,random2,-1,ordinary,2.456374168395996,88,0
10291,random2,-1,first_intext_warning,2.804760456085205,30,0
10291,random2,-1,later_intext_warnings,2.1130696535110474,176,0
10291,random2,-1,warning_after_claim,2.8805809020996094,24,0
10291,random3,1,claim_first,1.666016936302185,57,0
10291,random3,1,ordinary,2.713712215423584,88,0
10291,random3,1,first_intext_warning,2.951340675354004,30,0
10291,random3,1,later_intext_warnings,2.1534915963808694,176,0
10291,random3,1,warning_after_claim,3.493774652481079,24,0
10291,random3,-1,claim_first,1.6576555967330933,57,0
10291,random3,-1,ordinary,2.3342368602752686,88,0
10291,random3,-1,first_intext_warning,2.6972172260284424,30,0
10291,random3,-1,later_intext_warnings,2.075495481491089,176,0
10291,random3,-1,warning_after_claim,2.835021734237671,24,0
10291,random4,1,claim_first,1.7302662134170532,57,0
10291,random4,1,ordinary,2.378781795501709,88,0
10291,random4,1,first_intext_warning,2.8551435470581055,30,0
10291,random4,1,later_intext_warnings,2.1995886166890464,176,0
10291,random4,1,warning_after_claim,3.058335542678833,24,0
10291,random4,-1,claim_first,1.6467543840408325,57,0
10291,random4,-1,ordinary,2.5108187198638916,88,0
10291,random4,-1,first_intext_warning,2.5911571979522705,30,0
10291,random4,-1,later_intext_warnings,2.142706056435903,176,0
10291,random4,-1,warning_after_claim,3.4171760082244873,24,0
10291,random5,1,claim_first,1.7127043008804321,57,0
10291,random5,1,ordinary,2.4705147743225098,88,0
10291,random5,1,first_intext_warning,2.8066840171813965,30,0
10291,random5,1,later_intext_warnings,2.19064207871755,176,0
10291,random5,1,warning_after_claim,3.2385737895965576,24,0
10291,random5,-1,claim_first,1.6335833072662354,57,0
10291,random5,-1,ordinary,2.3701095581054688,88,0
10291,random5,-1,first_intext_warning,2.767455577850342,30,0
10291,random5,-1,later_intext_warnings,1.9772575497627258,176,0
10291,random5,-1,warning_after_claim,3.0655415058135986,24,0
10291,random6,1,claim_first,1.6876088380813599,57,0
10291,random6,1,ordinary,2.5304853916168213,88,0
10291,random6,1,first_intext_warning,2.8626105785369873,30,0
10291,random6,1,later_intext_warnings,2.1602964202562966,176,0
10291,random6,1,warning_after_claim,3.033872365951538,24,0
10291,random6,-1,claim_first,1.5904221534729004,57,0
10291,random6,-1,ordinary,2.374028444290161,88,0
10291,random6,-1,first_intext_warning,2.5906779766082764,30,0
10291,random6,-1,later_intext_warnings,2.1226237614949546,176,0
10291,random6,-1,warning_after_claim,3.1991450786590576,24,0
10291,random7,1,claim_first,1.647351622581482,57,0
10291,random7,1,ordinary,2.467163324356079,88,0
10291,random7,1,first_intext_warning,2.7386116981506348,30,0
10291,random7,1,later_intext_warnings,2.0981717705726624,176,0
10291,random7,1,warning_after_claim,2.875502824783325,24,0
10291,random7,-1,claim_first,1.640581488609314,57,0
10291,random7,-1,ordinary,2.4393842220306396,88,0
10291,random7,-1,first_intext_warning,2.962033271789551,30,0
10291,random7,-1,later_intext_warnings,2.1110780437787375,176,0
10291,random7,-1,warning_after_claim,3.1318275928497314,24,0
10291,random8,1,claim_first,1.5776687860488892,57,0
10291,random8,1,ordinary,2.4830050468444824,88,0
10291,random8,1,first_intext_warning,2.6544978618621826,30,0
10291,random8,1,later_intext_warnings,2.1453948616981506,176,0
10291,random8,1,warning_after_claim,3.1941661834716797,24,0
10291,random8,-1,claim_first,1.6571447849273682,57,0
10291,random8,-1,ordinary,2.4006142616271973,88,0
10291,random8,-1,first_intext_warning,2.962891101837158,30,0
10291,random8,-1,later_intext_warnings,2.059371372063955,176,0
10291,random8,-1,warning_after_claim,3.0522658824920654,24,0
10291,random9,1,claim_first,1.6601672172546387,57,0
10291,random9,1,ordinary,2.4325339794158936,88,0
10291,random9,1,first_intext_warning,2.6555402278900146,30,0
10291,random9,1,later_intext_warnings,2.0691572427749634,176,0
10291,random9,1,warning_after_claim,3.3026344776153564,24,0
10291,random9,-1,claim_first,1.7083834409713745,57,0
10291,random9,-1,ordinary,2.6079518795013428,88,0
10291,random9,-1,first_intext_warning,2.878606081008911,30,0
10291,random9,-1,later_intext_warnings,2.1601563493410745,176,0
10291,random9,-1,warning_after_claim,3.000673294067383,24,0
10291,random10,1,claim_first,1.8126370906829834,57,0
10291,random10,1,ordinary,2.370745897293091,88,0
10291,random10,1,first_intext_warning,2.6785824298858643,30,0
10291,random10,1,later_intext_warnings,2.1505647699038186,176,0
10291,random10,1,warning_after_claim,3.2563960552215576,24,0
10291,random10,-1,claim_first,1.5862717628479004,57,0
10291,random10,-1,ordinary,2.538083076477051,88,0
10291,random10,-1,first_intext_warning,2.83440899848938,30,0
10291,random10,-1,later_intext_warnings,2.1681140263875327,176,0
10291,random10,-1,warning_after_claim,3.0439369678497314,24,0
10292,none,0,claim_first,2.5417916774749756,38,0
10292,none,0,ordinary,1.8238978385925293,103,0
10292,none,0,first_intext_warning,2.842158317565918,31,0
10292,none,0,later_intext_warnings,1.932746911048889,116,0
10292,none,0,warning_after_claim,2.298872232437134,23,0
10292,truth,1,claim_first,2.9998340606689453,38,0
10292,truth,1,ordinary,2.0314767360687256,103,0
10292,truth,1,first_intext_warning,3.4154741764068604,31,0
10292,truth,1,later_intext_warnings,2.261551022529602,116,0
10292,truth,1,warning_after_claim,2.7587339878082275,23,0
10292,truth,-1,claim_first,3.072593927383423,38,0
10292,truth,-1,ordinary,2.106279134750366,103,0
10292,truth,-1,first_intext_warning,3.486178159713745,31,0
10292,truth,-1,later_intext_warnings,2.147627067565918,116,0
10292,truth,-1,warning_after_claim,2.636370897293091,23,0
10292,random1,1,claim_first,3.0065696239471436,38,0
10292,random1,1,ordinary,2.258636951446533,103,0
10292,random1,1,first_intext_warning,2.9107861518859863,31,0
10292,random1,1,later_intext_warnings,2.123863363265991,116,0
10292,random1,1,warning_after_claim,2.6363885402679443,23,0
10292,random1,-1,claim_first,3.030258893966675,38,0
10292,random1,-1,ordinary,2.1277687549591064,103,0
10292,random1,-1,first_intext_warning,3.1514711380004883,31,0
10292,random1,-1,later_intext_warnings,2.084399914741516,116,0
10292,random1,-1,warning_after_claim,2.5705406665802,23,0
10292,random2,1,claim_first,2.8352890014648438,38,0
10292,random2,1,ordinary,2.1556098461151123,103,0
10292,random2,1,first_intext_warning,3.171217918395996,31,0
10292,random2,1,later_intext_warnings,2.406123089790344,116,0
10292,random2,1,warning_after_claim,2.775224208831787,23,0
10292,random2,-1,claim_first,2.845790147781372,38,0
10292,random2,-1,ordinary,1.9959808588027954,103,0
10292,random2,-1,first_intext_warning,3.2376644611358643,31,0
10292,random2,-1,later_intext_warnings,2.007486581802368,116,0
10292,random2,-1,warning_after_claim,2.2686688899993896,23,0
10292,random3,1,claim_first,3.263173818588257,38,0
10292,random3,1,ordinary,2.2799038887023926,103,0
10292,random3,1,first_intext_warning,3.342303991317749,31,0
10292,random3,1,later_intext_warnings,2.1497799873352053,116,0
10292,random3,1,warning_after_claim,2.4287352561950684,23,0
10292,random3,-1,claim_first,2.7415144443511963,38,0
10292,random3,-1,ordinary,2.004105806350708,103,0
10292,random3,-1,first_intext_warning,2.8564069271087646,31,0
10292,random3,-1,later_intext_warnings,2.2221759080886843,116,0
10292,random3,-1,warning_after_claim,2.7724993228912354,23,0
10292,random4,1,claim_first,3.0240204334259033,38,0
10292,random4,1,ordinary,2.1370608806610107,103,0
10292,random4,1,first_intext_warning,3.1944031715393066,31,0
10292,random4,1,later_intext_warnings,2.1663607358932495,116,0
10292,random4,1,warning_after_claim,2.242114782333374,23,0
10292,random4,-1,claim_first,2.9314658641815186,38,0
10292,random4,-1,ordinary,2.090960741043091,103,0
10292,random4,-1,first_intext_warning,2.9468815326690674,31,0
10292,random4,-1,later_intext_warnings,2.131478476524353,116,0
10292,random4,-1,warning_after_claim,2.708160877227783,23,0
10292,random5,1,claim_first,2.948225736618042,38,0
10292,random5,1,ordinary,2.162156820297241,103,0
10292,random5,1,first_intext_warning,2.9946000576019287,31,0
10292,random5,1,later_intext_warnings,2.155325484275818,116,0
10292,random5,1,warning_after_claim,2.494016170501709,23,0
10292,random5,-1,claim_first,2.7386891841888428,38,0
10292,random5,-1,ordinary,2.0352284908294678,103,0
10292,random5,-1,first_intext_warning,3.1332082748413086,31,0
10292,random5,-1,later_intext_warnings,2.0957526206970214,116,0
10292,random5,-1,warning_after_claim,2.4713971614837646,23,0
10292,random6,1,claim_first,2.6763525009155273,38,0
10292,random6,1,ordinary,2.149005889892578,103,0
10292,random6,1,first_intext_warning,2.8346292972564697,31,0
10292,random6,1,later_intext_warnings,2.1232239246368407,116,0
10292,random6,1,warning_after_claim,2.514557123184204,23,0
10292,random6,-1,claim_first,2.9187309741973877,38,0
10292,random6,-1,ordinary,2.0119969844818115,103,0
10292,random6,-1,first_intext_warning,3.2277543544769287,31,0
10292,random6,-1,later_intext_warnings,2.1495547771453856,116,0
10292,random6,-1,warning_after_claim,2.524421453475952,23,0
10292,random7,1,claim_first,2.698227643966675,38,0
10292,random7,1,ordinary,2.2608041763305664,103,0
10292,random7,1,first_intext_warning,3.052279472351074,31,0
10292,random7,1,later_intext_warnings,2.114492726325989,116,0
10292,random7,1,warning_after_claim,2.4237828254699707,23,0
10292,random7,-1,claim_first,2.9320902824401855,38,0
10292,random7,-1,ordinary,2.1290805339813232,103,0
10292,random7,-1,first_intext_warning,3.258934497833252,31,0
10292,random7,-1,later_intext_warnings,2.1756731510162353,116,0
10292,random7,-1,warning_after_claim,2.3681421279907227,23,0
10292,random8,1,claim_first,2.915254592895508,38,0
10292,random8,1,ordinary,2.1168458461761475,103,0
10292,random8,1,first_intext_warning,3.046565532684326,31,0
10292,random8,1,later_intext_warnings,2.1272256851196287,116,0
10292,random8,1,warning_after_claim,2.426462173461914,23,0
10292,random8,-1,claim_first,2.929900646209717,38,0
10292,random8,-1,ordinary,2.0801799297332764,103,0
10292,random8,-1,first_intext_warning,3.257636547088623,31,0
10292,random8,-1,later_intext_warnings,2.150918698310852,116,0
10292,random8,-1,warning_after_claim,2.5291614532470703,23,0
10292,random9,1,claim_first,2.8107829093933105,38,0
10292,random9,1,ordinary,2.0958404541015625,103,0
10292,random9,1,first_intext_warning,3.0044798851013184,31,0
10292,random9,1,later_intext_warnings,2.0210551738739015,116,0
10292,random9,1,warning_after_claim,2.364492654800415,23,0
10292,random9,-1,claim_first,2.794609308242798,38,0
10292,random9,-1,ordinary,2.07210111618042,103,0
10292,random9,-1,first_intext_warning,3.0356016159057617,31,0
10292,random9,-1,later_intext_warnings,2.2517499685287476,116,0
10292,random9,-1,warning_after_claim,2.612623929977417,23,0
10292,random10,1,claim_first,3.06247615814209,38,0
10292,random10,1,ordinary,2.0442042350769043,103,0
10292,random10,1,first_intext_warning,3.1260128021240234,31,0
10292,random10,1,later_intext_warnings,2.239886927604675,116,0
10292,random10,1,warning_after_claim,2.8068599700927734,23,0
10292,random10,-1,claim_first,2.6929984092712402,38,0
10292,random10,-1,ordinary,2.179732084274292,103,0
10292,random10,-1,first_intext_warning,3.1697633266448975,31,0
10292,random10,-1,later_intext_warnings,2.137213444709778,116,0
10292,random10,-1,warning_after_claim,2.296684503555298,23,0
10293,none,0,claim_first,0.7086012363433838,45,0
10293,none,0,ordinary,1.7617114782333374,109,0
10293,none,0,first_intext_warning,2.588299512863159,30,0
10293,none,0,later_intext_warnings,2.145681285858154,147,0
10293,none,0,warning_after_claim,2.7308521270751953,23,0
10293,truth,1,claim_first,1.0733872652053833,45,0
10293,truth,1,ordinary,2.164644479751587,109,0
10293,truth,1,first_intext_warning,3.003952980041504,30,0
10293,truth,1,later_intext_warnings,2.349704885482788,147,0
10293,truth,1,warning_after_claim,3.7010016441345215,23,0
10293,truth,-1,claim_first,0.9491735100746155,45,0
10293,truth,-1,ordinary,2.3376669883728027,109,0
10293,truth,-1,first_intext_warning,2.6889894008636475,30,0
10293,truth,-1,later_intext_warnings,2.516031837463379,147,0
10293,truth,-1,warning_after_claim,2.7728066444396973,23,0
10293,random1,1,claim_first,1.1746923923492432,45,0
10293,random1,1,ordinary,2.374910593032837,109,0
10293,random1,1,first_intext_warning,2.574462890625,30,0
10293,random1,1,later_intext_warnings,2.377386546134949,147,0
10293,random1,1,warning_after_claim,3.001796007156372,23,0
10293,random1,-1,claim_first,1.0779118537902832,45,0
10293,random1,-1,ordinary,2.195887327194214,109,0
10293,random1,-1,first_intext_warning,2.910560131072998,30,0
10293,random1,-1,later_intext_warnings,2.3918771266937258,147,0
10293,random1,-1,warning_after_claim,2.9181578159332275,23,0
10293,random2,1,claim_first,0.9015119671821594,45,0
10293,random2,1,ordinary,2.4252090454101562,109,0
10293,random2,1,first_intext_warning,2.8893203735351562,30,0
10293,random2,1,later_intext_warnings,2.58406081199646,147,0
10293,random2,1,warning_after_claim,3.2593774795532227,23,0
10293,random2,-1,claim_first,1.1024528741836548,45,0
10293,random2,-1,ordinary,2.2450172901153564,109,0
10293,random2,-1,first_intext_warning,2.955871105194092,30,0
10293,random2,-1,later_intext_warnings,2.309387373924255,147,0
10293,random2,-1,warning_after_claim,2.950545310974121,23,0
10293,random3,1,claim_first,1.1360664367675781,45,0
10293,random3,1,ordinary,2.5143463611602783,109,0
10293,random3,1,first_intext_warning,2.8796448707580566,30,0
10293,random3,1,later_intext_warnings,2.397793436050415,147,0
10293,random3,1,warning_after_claim,3.031074285507202,23,0
10293,random3,-1,claim_first,1.0061408281326294,45,0
10293,random3,-1,ordinary,2.149918794631958,109,0
10293,random3,-1,first_intext_warning,2.5797603130340576,30,0
10293,random3,-1,later_intext_warnings,2.3935033559799193,147,0
10293,random3,-1,warning_after_claim,2.842127561569214,23,0
10293,random4,1,claim_first,0.9865061640739441,45,0
10293,random4,1,ordinary,2.34641695022583,109,0
10293,random4,1,first_intext_warning,2.907864570617676,30,0
10293,random4,1,later_intext_warnings,2.436755895614624,147,0
10293,random4,1,warning_after_claim,2.959888219833374,23,0
10293,random4,-1,claim_first,1.066130518913269,45,0
10293,random4,-1,ordinary,2.2360310554504395,109,0
10293,random4,-1,first_intext_warning,2.760847568511963,30,0
10293,random4,-1,later_intext_warnings,2.3231536149978638,147,0
10293,random4,-1,warning_after_claim,2.93949294090271,23,0
10293,random5,1,claim_first,0.9948939085006714,45,0
10293,random5,1,ordinary,2.3006608486175537,109,0
10293,random5,1,first_intext_warning,2.838777780532837,30,0
10293,random5,1,later_intext_warnings,2.315930223464966,147,0
10293,random5,1,warning_after_claim,3.029388666152954,23,0
10293,random5,-1,claim_first,0.9567040205001831,45,0
10293,random5,-1,ordinary,2.2919325828552246,109,0
10293,random5,-1,first_intext_warning,2.8055520057678223,30,0
10293,random5,-1,later_intext_warnings,2.3156562566757204,147,0
10293,random5,-1,warning_after_claim,2.8580408096313477,23,0
10293,random6,1,claim_first,0.9874458312988281,45,0
10293,random6,1,ordinary,2.330432653427124,109,0
10293,random6,1,first_intext_warning,2.7441787719726562,30,0
10293,random6,1,later_intext_warnings,2.3750011920928955,147,0
10293,random6,1,warning_after_claim,2.7543327808380127,23,0
10293,random6,-1,claim_first,1.0232080221176147,45,0
10293,random6,-1,ordinary,2.1464426517486572,109,0
10293,random6,-1,first_intext_warning,2.8140034675598145,30,0
10293,random6,-1,later_intext_warnings,2.412162947654724,147,0
10293,random6,-1,warning_after_claim,3.0099072456359863,23,0
10293,random7,1,claim_first,1.2217425107955933,45,0
10293,random7,1,ordinary,2.2636117935180664,109,0
10293,random7,1,first_intext_warning,3.1294758319854736,30,0
10293,random7,1,later_intext_warnings,2.3839565753936767,147,0
10293,random7,1,warning_after_claim,3.1374285221099854,23,0
10293,random7,-1,claim_first,1.0014444589614868,45,0
10293,random7,-1,ordinary,2.379887580871582,109,0
10293,random7,-1,first_intext_warning,2.5151593685150146,30,0
10293,random7,-1,later_intext_warnings,2.2830554485321044,147,0
10293,random7,-1,warning_after_claim,2.740260362625122,23,0
10293,random8,1,claim_first,0.9774038791656494,45,0
10293,random8,1,ordinary,2.2089221477508545,109,0
10293,random8,1,first_intext_warning,2.7657394409179688,30,0
10293,random8,1,later_intext_warnings,2.4212318897247314,147,0
10293,random8,1,warning_after_claim,2.947230100631714,23,0
10293,random8,-1,claim_first,0.9988514184951782,45,0
10293,random8,-1,ordinary,2.1799941062927246,109,0
10293,random8,-1,first_intext_warning,2.7774178981781006,30,0
10293,random8,-1,later_intext_warnings,2.342080092430115,147,0
10293,random8,-1,warning_after_claim,3.127706527709961,23,0
10293,random9,1,claim_first,1.078386902809143,45,0
10293,random9,1,ordinary,2.229417324066162,109,0
10293,random9,1,first_intext_warning,2.631911039352417,30,0
10293,random9,1,later_intext_warnings,2.3218701124191283,147,0
10293,random9,1,warning_after_claim,2.834202289581299,23,0
10293,random9,-1,claim_first,0.963445782661438,45,0
10293,random9,-1,ordinary,2.3608996868133545,109,0
10293,random9,-1,first_intext_warning,2.7976303100585938,30,0
10293,random9,-1,later_intext_warnings,2.3844859838485717,147,0
10293,random9,-1,warning_after_claim,2.881326675415039,23,0
10293,random10,1,claim_first,0.9489944577217102,45,0
10293,random10,1,ordinary,2.2231667041778564,109,0
10293,random10,1,first_intext_warning,2.7675976753234863,30,0
10293,random10,1,later_intext_warnings,2.4309227228164674,147,0
10293,random10,1,warning_after_claim,3.013143539428711,23,0
10293,random10,-1,claim_first,1.1639951467514038,45,0
10293,random10,-1,ordinary,2.2523751258850098,109,0
10293,random10,-1,first_intext_warning,2.8363044261932373,30,0
10293,random10,-1,later_intext_warnings,2.3220942497253416,147,0
10293,random10,-1,warning_after_claim,2.918001651763916,23,0
10294,none,0,claim_first,1.794532299041748,32,0
10294,none,0,ordinary,2.667128801345825,76,0
10294,none,0,first_intext_warning,3.3933160305023193,28,0
10294,none,0,later_intext_warnings,2.1491262912750244,168,0
10294,none,0,warning_after_claim,3.4244632720947266,21,0
10294,truth,1,claim_first,2.10512638092041,32,0
10294,truth,1,ordinary,3.1241767406463623,76,0
10294,truth,1,first_intext_warning,4.067286014556885,28,0
10294,truth,1,later_intext_warnings,2.5157035986582437,168,0
10294,truth,1,warning_after_claim,3.7359390258789062,21,0
10294,truth,-1,claim_first,2.1842164993286133,32,0
10294,truth,-1,ordinary,3.0651471614837646,76,0
10294,truth,-1,first_intext_warning,3.884047746658325,28,0
10294,truth,-1,later_intext_warnings,2.476026733716329,168,0
10294,truth,-1,warning_after_claim,3.1745355129241943,21,0
10294,random1,1,claim_first,2.2947397232055664,32,0
10294,random1,1,ordinary,3.06799054145813,76,0
10294,random1,1,first_intext_warning,3.533750295639038,28,0
10294,random1,1,later_intext_warnings,2.2504332860310874,168,0
10294,random1,1,warning_after_claim,3.3526957035064697,21,0
10294,random1,-1,claim_first,2.01009202003479,32,0
10294,random1,-1,ordinary,2.9553253650665283,76,0
10294,random1,-1,first_intext_warning,3.600374937057495,28,0
10294,random1,-1,later_intext_warnings,2.483488619327545,168,0
10294,random1,-1,warning_after_claim,3.350606918334961,21,0
10294,random2,1,claim_first,2.2451720237731934,32,0
10294,random2,1,ordinary,3.037996292114258,76,0
10294,random2,1,first_intext_warning,4.013106346130371,28,0
10294,random2,1,later_intext_warnings,2.519122898578644,168,0
10294,random2,1,warning_after_claim,3.8197977542877197,21,0
10294,random2,-1,claim_first,1.8909130096435547,32,0
10294,random2,-1,ordinary,2.8489646911621094,76,0
10294,random2,-1,first_intext_warning,3.553149938583374,28,0
10294,random2,-1,later_intext_warnings,2.3131686051686606,168,0
10294,random2,-1,warning_after_claim,3.209634780883789,21,0
10294,random3,1,claim_first,2.1388916969299316,32,0
10294,random3,1,ordinary,2.960164785385132,76,0
10294,random3,1,first_intext_warning,3.6365411281585693,28,0
10294,random3,1,later_intext_warnings,2.470279892285665,168,0
10294,random3,1,warning_after_claim,3.656874895095825,21,0
10294,random3,-1,claim_first,2.115856885910034,32,0
10294,random3,-1,ordinary,2.930354356765747,76,0
10294,random3,-1,first_intext_warning,3.5241215229034424,28,0
10294,random3,-1,later_intext_warnings,2.276151120662689,168,0
10294,random3,-1,warning_after_claim,3.471554756164551,21,0
10294,random4,1,claim_first,1.8939522504806519,32,0
10294,random4,1,ordinary,3.0591652393341064,76,0
10294,random4,1,first_intext_warning,3.627943277359009,28,0
10294,random4,1,later_intext_warnings,2.3014652132987976,168,0
10294,random4,1,warning_after_claim,3.1691179275512695,21,0
10294,random4,-1,claim_first,2.293111801147461,32,0
10294,random4,-1,ordinary,2.952364921569824,76,0
10294,random4,-1,first_intext_warning,3.455106258392334,28,0
10294,random4,-1,later_intext_warnings,2.432534416516622,168,0
10294,random4,-1,warning_after_claim,3.4728381633758545,21,0
10294,random5,1,claim_first,2.081184148788452,32,0
10294,random5,1,ordinary,2.9131431579589844,76,0
10294,random5,1,first_intext_warning,3.458934783935547,28,0
10294,random5,1,later_intext_warnings,2.4933674931526184,168,0
10294,random5,1,warning_after_claim,3.5511655807495117,21,0
10294,random5,-1,claim_first,2.084747314453125,32,0
10294,random5,-1,ordinary,3.004878282546997,76,0
10294,random5,-1,first_intext_warning,3.695478916168213,28,0
10294,random5,-1,later_intext_warnings,2.2557034691174827,168,0
10294,random5,-1,warning_after_claim,3.2919464111328125,21,0
10294,random6,1,claim_first,2.141833543777466,32,0
10294,random6,1,ordinary,2.9534194469451904,76,0
10294,random6,1,first_intext_warning,3.6210885047912598,28,0
10294,random6,1,later_intext_warnings,2.3513766129811606,168,0
10294,random6,1,warning_after_claim,3.34791898727417,21,0
10294,random6,-1,claim_first,2.020272970199585,32,0
10294,random6,-1,ordinary,2.9166500568389893,76,0
10294,random6,-1,first_intext_warning,3.552835702896118,28,0
10294,random6,-1,later_intext_warnings,2.339147408803304,168,0
10294,random6,-1,warning_after_claim,3.412987470626831,21,0
10294,random7,1,claim_first,1.7480595111846924,32,0
10294,random7,1,ordinary,2.9354474544525146,76,0
10294,random7,1,first_intext_warning,3.481978178024292,28,0
10294,random7,1,later_intext_warnings,2.3502902587254844,168,0
10294,random7,1,warning_after_claim,3.3739562034606934,21,0
10294,random7,-1,claim_first,2.33433198928833,32,0
10294,random7,-1,ordinary,3.0295660495758057,76,0
10294,random7,-1,first_intext_warning,3.696052074432373,28,0
10294,random7,-1,later_intext_warnings,2.284532149632772,168,0
10294,random7,-1,warning_after_claim,3.4141035079956055,21,0
10294,random8,1,claim_first,2.0211334228515625,32,0
10294,random8,1,ordinary,3.011187791824341,76,0
10294,random8,1,first_intext_warning,3.5366148948669434,28,0
10294,random8,1,later_intext_warnings,2.4621979196866355,168,0
10294,random8,1,warning_after_claim,3.4583449363708496,21,0
10294,random8,-1,claim_first,2.06791353225708,32,0
10294,random8,-1,ordinary,2.8634586334228516,76,0
10294,random8,-1,first_intext_warning,3.5759990215301514,28,0
10294,random8,-1,later_intext_warnings,2.291121184825897,168,0
10294,random8,-1,warning_after_claim,3.501675605773926,21,0
10294,random9,1,claim_first,2.1210639476776123,32,0
10294,random9,1,ordinary,2.75362229347229,76,0
10294,random9,1,first_intext_warning,3.4394593238830566,28,0
10294,random9,1,later_intext_warnings,2.3062731623649597,168,0
10294,random9,1,warning_after_claim,3.2136480808258057,21,0
10294,random9,-1,claim_first,2.1035592555999756,32,0
10294,random9,-1,ordinary,3.1140105724334717,76,0
10294,random9,-1,first_intext_warning,3.675180196762085,28,0
10294,random9,-1,later_intext_warnings,2.435035785039266,168,0
10294,random9,-1,warning_after_claim,3.7210545539855957,21,0
10294,random10,1,claim_first,2.1109681129455566,32,0
10294,random10,1,ordinary,2.927586793899536,76,0
10294,random10,1,first_intext_warning,3.638572931289673,28,0
10294,random10,1,later_intext_warnings,2.363637367884318,168,0
10294,random10,1,warning_after_claim,3.6911301612854004,21,0
10294,random10,-1,claim_first,1.8417465686798096,32,0
10294,random10,-1,ordinary,2.9715468883514404,76,0
10294,random10,-1,first_intext_warning,3.691039800643921,28,0
10294,random10,-1,later_intext_warnings,2.4009272257486978,168,0
10294,random10,-1,warning_after_claim,3.194453001022339,21,0
10296,none,0,claim_first,1.539896845817566,25,0
10296,none,0,ordinary,2.2107906341552734,92,0
10296,none,0,first_intext_warning,3.21028995513916,24,0
10296,none,0,later_intext_warnings,2.0634455482165017,166,0
10296,none,0,warning_after_claim,2.47286057472229,23,0
10296,truth,1,claim_first,1.4542236328125,25,0
10296,truth,1,ordinary,2.392364501953125,92,0
10296,truth,1,first_intext_warning,3.9451539516448975,24,0
10296,truth,1,later_intext_warnings,2.338367839654287,166,0
10296,truth,1,warning_after_claim,3.309311866760254,23,0
10296,truth,-1,claim_first,2.1239566802978516,25,0
10296,truth,-1,ordinary,2.607874870300293,92,0
10296,truth,-1,first_intext_warning,3.5469534397125244,24,0
10296,truth,-1,later_intext_warnings,2.36763072013855,166,0
10296,truth,-1,warning_after_claim,2.8721184730529785,23,0
10296,random1,1,claim_first,1.780454158782959,25,0
10296,random1,1,ordinary,2.682873249053955,92,0
10296,random1,1,first_intext_warning,3.5693416595458984,24,0
10296,random1,1,later_intext_warnings,2.179305831591288,166,0
10296,random1,1,warning_after_claim,2.8148117065429688,23,0
10296,random1,-1,claim_first,1.5869543552398682,25,0
10296,random1,-1,ordinary,2.4874722957611084,92,0
10296,random1,-1,first_intext_warning,3.281787157058716,24,0
10296,random1,-1,later_intext_warnings,2.395086109638214,166,0
10296,random1,-1,warning_after_claim,2.6865782737731934,23,0
10296,random2,1,claim_first,1.6641931533813477,25,0
10296,random2,1,ordinary,2.4624059200286865,92,0
10296,random2,1,first_intext_warning,3.630943536758423,24,0
10296,random2,1,later_intext_warnings,2.4448938369750977,166,0
10296,random2,1,warning_after_claim,3.218336582183838,23,0
10296,random2,-1,claim_first,1.8736129999160767,25,0
10296,random2,-1,ordinary,2.520343065261841,92,0
10296,random2,-1,first_intext_warning,3.2805283069610596,24,0
10296,random2,-1,later_intext_warnings,2.1742213567097983,166,0
10296,random2,-1,warning_after_claim,2.5293984413146973,23,0
10296,random3,1,claim_first,1.944380283355713,25,0
10296,random3,1,ordinary,2.7217483520507812,92,0
10296,random3,1,first_intext_warning,3.343587875366211,24,0
10296,random3,1,later_intext_warnings,2.3815013766288757,166,0
10296,random3,1,warning_after_claim,2.8535845279693604,23,0
10296,random3,-1,claim_first,1.6765773296356201,25,0
10296,random3,-1,ordinary,2.5654940605163574,92,0
10296,random3,-1,first_intext_warning,3.403738021850586,24,0
10296,random3,-1,later_intext_warnings,2.2646100918451944,166,0
10296,random3,-1,warning_after_claim,2.707824468612671,23,0
10296,random4,1,claim_first,1.855654239654541,25,0
10296,random4,1,ordinary,2.549229860305786,92,0
10296,random4,1,first_intext_warning,3.6562118530273438,24,0
10296,random4,1,later_intext_warnings,2.4239096641540527,166,0
10296,random4,1,warning_after_claim,2.6391472816467285,23,0
10296,random4,-1,claim_first,1.8262501955032349,25,0
10296,random4,-1,ordinary,2.6225903034210205,92,0
10296,random4,-1,first_intext_warning,3.2554543018341064,24,0
10296,random4,-1,later_intext_warnings,2.229185104370117,166,0
10296,random4,-1,warning_after_claim,2.803063154220581,23,0
10296,random5,1,claim_first,1.6667062044143677,25,0
10296,random5,1,ordinary,2.6396710872650146,92,0
10296,random5,1,first_intext_warning,3.1353683471679688,24,0
10296,random5,1,later_intext_warnings,2.4225035309791565,166,0
10296,random5,1,warning_after_claim,2.867501974105835,23,0
10296,random5,-1,claim_first,1.7824065685272217,25,0
10296,random5,-1,ordinary,2.540583848953247,92,0
10296,random5,-1,first_intext_warning,3.495816469192505,24,0
10296,random5,-1,later_intext_warnings,2.222456912199656,166,0
10296,random5,-1,warning_after_claim,2.6117515563964844,23,0
10296,random6,1,claim_first,1.6619874238967896,25,0
10296,random6,1,ordinary,2.4525442123413086,92,0
10296,random6,1,first_intext_warning,3.4128894805908203,24,0
10296,random6,1,later_intext_warnings,2.4099527398745217,166,0
10296,random6,1,warning_after_claim,2.541106939315796,23,0
10296,random6,-1,claim_first,1.6345423460006714,25,0
10296,random6,-1,ordinary,2.459796905517578,92,0
10296,random6,-1,first_intext_warning,3.6002883911132812,24,0
10296,random6,-1,later_intext_warnings,2.2654789090156555,166,0
10296,random6,-1,warning_after_claim,2.7975821495056152,23,0
10296,random7,1,claim_first,1.6620903015136719,25,0
10296,random7,1,ordinary,2.5941739082336426,92,0
10296,random7,1,first_intext_warning,3.30378794670105,24,0
10296,random7,1,later_intext_warnings,2.319630960623423,166,0
10296,random7,1,warning_after_claim,2.610342025756836,23,0
10296,random7,-1,claim_first,1.7732619047164917,25,0
10296,random7,-1,ordinary,2.5440187454223633,92,0
10296,random7,-1,first_intext_warning,3.61199951171875,24,0
10296,random7,-1,later_intext_warnings,2.2469515403111777,166,0
10296,random7,-1,warning_after_claim,2.7406466007232666,23,0
10296,random8,1,claim_first,1.8172279596328735,25,0
10296,random8,1,ordinary,2.4160730838775635,92,0
10296,random8,1,first_intext_warning,3.544130325317383,24,0
10296,random8,1,later_intext_warnings,2.275659521420797,166,0
10296,random8,1,warning_after_claim,2.4663166999816895,23,0
10296,random8,-1,claim_first,1.5708041191101074,25,0
10296,random8,-1,ordinary,2.5568370819091797,92,0
10296,random8,-1,first_intext_warning,3.377121686935425,24,0
10296,random8,-1,later_intext_warnings,2.2323654095331826,166,0
10296,random8,-1,warning_after_claim,2.8764333724975586,23,0
10296,random9,1,claim_first,1.5521196126937866,25,0
10296,random9,1,ordinary,2.416043996810913,92,0
10296,random9,1,first_intext_warning,3.3155925273895264,24,0
10296,random9,1,later_intext_warnings,2.243670662244161,166,0
10296,random9,1,warning_after_claim,2.4749057292938232,23,0
10296,random9,-1,claim_first,1.8543003797531128,25,0
10296,random9,-1,ordinary,2.4358646869659424,92,0
10296,random9,-1,first_intext_warning,3.435481309890747,24,0
10296,random9,-1,later_intext_warnings,2.358800729115804,166,0
10296,random9,-1,warning_after_claim,2.994845151901245,23,0
10296,random10,1,claim_first,1.7198152542114258,25,0
10296,random10,1,ordinary,2.7296512126922607,92,0
10296,random10,1,first_intext_warning,3.2653071880340576,24,0
10296,random10,1,later_intext_warnings,2.277680993080139,166,0
10296,random10,1,warning_after_claim,3.0786385536193848,23,0
10296,random10,-1,claim_first,1.7512797117233276,25,0
10296,random10,-1,ordinary,2.4264729022979736,92,0
10296,random10,-1,first_intext_warning,3.420642852783203,24,0
10296,random10,-1,later_intext_warnings,2.311464329560598,166,0
10296,random10,-1,warning_after_claim,2.546329975128174,23,0
10297,none,0,claim_first,0.5600773096084595,55,0
10297,none,0,ordinary,1.5828644037246704,93,0
10297,none,0,first_intext_warning,2.950491189956665,24,0
10297,none,0,later_intext_warnings,1.8294946153958638,150,0
10297,none,0,warning_after_claim,1.1689984798431396,20,0
10297,truth,1,claim_first,0.693108320236206,55,0
10297,truth,1,ordinary,2.028071880340576,93,0
10297,truth,1,first_intext_warning,3.209315061569214,24,0
10297,truth,1,later_intext_warnings,2.262616296609243,150,0
10297,truth,1,warning_after_claim,1.3904978036880493,20,0
10297,truth,-1,claim_first,0.5865830183029175,55,0
10297,truth,-1,ordinary,1.8384219408035278,93,0
10297,truth,-1,first_intext_warning,3.36771559715271,24,0
10297,truth,-1,later_intext_warnings,2.203808585802714,150,0
10297,truth,-1,warning_after_claim,1.119023084640503,20,0
10297,random1,1,claim_first,0.6971858143806458,55,0
10297,random1,1,ordinary,2.178652763366699,93,0
10297,random1,1,first_intext_warning,3.265599012374878,24,0
10297,random1,1,later_intext_warnings,2.009304861227671,150,0
10297,random1,1,warning_after_claim,1.1212213039398193,20,0
10297,random1,-1,claim_first,0.5437210202217102,55,0
10297,random1,-1,ordinary,2.0517537593841553,93,0
10297,random1,-1,first_intext_warning,3.0479822158813477,24,0
10297,random1,-1,later_intext_warnings,2.1856728394826255,150,0
10297,random1,-1,warning_after_claim,1.1639324426651,20,0
10297,random2,1,claim_first,0.7060552835464478,55,0
10297,random2,1,ordinary,3.1337857246398926,93,0
10297,random2,1,first_intext_warning,3.1827938556671143,24,0
10297,random2,1,later_intext_warnings,2.361489395300547,150,0
10297,random2,1,warning_after_claim,1.4996044635772705,20,0
10297,random2,-1,claim_first,0.6447118520736694,55,0
10297,random2,-1,ordinary,1.8581788539886475,93,0
10297,random2,-1,first_intext_warning,3.1623117923736572,24,0
10297,random2,-1,later_intext_warnings,2.0419915318489075,150,0
10297,random2,-1,warning_after_claim,1.1554890871047974,20,0
10297,random3,1,claim_first,0.6280585527420044,55,0
10297,random3,1,ordinary,2.1524147987365723,93,0
10297,random3,1,first_intext_warning,3.5084314346313477,24,0
10297,random3,1,later_intext_warnings,2.1552902857462564,150,0
10297,random3,1,warning_after_claim,1.2317646741867065,20,0
10297,random3,-1,claim_first,0.6747307777404785,55,0
10297,random3,-1,ordinary,2.5997891426086426,93,0
10297,random3,-1,first_intext_warning,2.846395492553711,24,0
10297,random3,-1,later_intext_warnings,2.073138197263082,150,0
10297,random3,-1,warning_after_claim,1.1871240139007568,20,0
10297,random4,1,claim_first,0.7468593716621399,55,0
10297,random4,1,ordinary,1.9954403638839722,93,0
10297,random4,1,first_intext_warning,3.2951948642730713,24,0
10297,random4,1,later_intext_warnings,2.089025100072225,150,0
10297,random4,1,warning_after_claim,1.2622601985931396,20,0
10297,random4,-1,claim_first,0.5177727937698364,55,0
10297,random4,-1,ordinary,2.1536619663238525,93,0
10297,random4,-1,first_intext_warning,2.869580030441284,24,0
10297,random4,-1,later_intext_warnings,2.0612541834513345,150,0
10297,random4,-1,warning_after_claim,1.2804253101348877,20,0
10297,random5,1,claim_first,0.5443181991577148,55,0
10297,random5,1,ordinary,1.9760318994522095,93,0
10297,random5,1,first_intext_warning,3.0892579555511475,24,0
10297,random5,1,later_intext_warnings,2.1217737595240274,150,0
10297,random5,1,warning_after_claim,1.4337431192398071,20,0
10297,random5,-1,claim_first,0.6391677260398865,55,0
10297,random5,-1,ordinary,1.9033275842666626,93,0
10297,random5,-1,first_intext_warning,3.286757469177246,24,0
10297,random5,-1,later_intext_warnings,2.0080304940541587,150,0
10297,random5,-1,warning_after_claim,1.088128924369812,20,0
10297,random6,1,claim_first,0.5347265601158142,55,0
10297,random6,1,ordinary,2.1241040229797363,93,0
10297,random6,1,first_intext_warning,3.0732345581054688,24,0
10297,random6,1,later_intext_warnings,2.146895706653595,150,0
10297,random6,1,warning_after_claim,1.2406965494155884,20,0
10297,random6,-1,claim_first,0.6670204997062683,55,0
10297,random6,-1,ordinary,1.9241642951965332,93,0
10297,random6,-1,first_intext_warning,3.247577667236328,24,0
10297,random6,-1,later_intext_warnings,2.089329799016317,150,0
10297,random6,-1,warning_after_claim,1.2621710300445557,20,0
10297,random7,1,claim_first,0.6186740398406982,55,0
10297,random7,1,ordinary,2.2818496227264404,93,0
10297,random7,1,first_intext_warning,3.261986494064331,24,0
10297,random7,1,later_intext_warnings,2.0186461408933005,150,0
10297,random7,1,warning_after_claim,1.1320496797561646,20,0
10297,random7,-1,claim_first,0.534907877445221,55,0
10297,random7,-1,ordinary,1.8787126541137695,93,0
10297,random7,-1,first_intext_warning,3.3150253295898438,24,0
10297,random7,-1,later_intext_warnings,2.13781875371933,150,0
10297,random7,-1,warning_after_claim,1.511954665184021,20,0
10297,random8,1,claim_first,0.6188005208969116,55,0
10297,random8,1,ordinary,1.8184700012207031,93,0
10297,random8,1,first_intext_warning,3.140443801879883,24,0
10297,random8,1,later_intext_warnings,2.055340588092804,150,0
10297,random8,1,warning_after_claim,1.2618625164031982,20,0
10297,random8,-1,claim_first,0.6761690974235535,55,0
10297,random8,-1,ordinary,2.3277337551116943,93,0
10297,random8,-1,first_intext_warning,3.051081895828247,24,0
10297,random8,-1,later_intext_warnings,2.0603445172309875,150,0
10297,random8,-1,warning_after_claim,1.3042895793914795,20,0
10297,random9,1,claim_first,0.5297563672065735,55,0
10297,random9,1,ordinary,2.0015037059783936,93,0
10297,random9,1,first_intext_warning,2.902703285217285,24,0
10297,random9,1,later_intext_warnings,2.517874280611674,150,0
10297,random9,1,warning_after_claim,1.1140320301055908,20,0
10297,random9,-1,claim_first,0.665266215801239,55,0
10297,random9,-1,ordinary,1.9475135803222656,93,0
10297,random9,-1,first_intext_warning,3.5071518421173096,24,0
10297,random9,-1,later_intext_warnings,2.1804336508115134,150,0
10297,random9,-1,warning_after_claim,1.3537275791168213,20,0
10297,random10,1,claim_first,0.5162218809127808,55,0
10297,random10,1,ordinary,2.099457025527954,93,0
10297,random10,1,first_intext_warning,3.2468373775482178,24,0
10297,random10,1,later_intext_warnings,2.0865174333254495,150,0
10297,random10,1,warning_after_claim,1.4507167339324951,20,0
10297,random10,-1,claim_first,0.9002722501754761,55,0
10297,random10,-1,ordinary,2.0111098289489746,93,0
10297,random10,-1,first_intext_warning,3.047687530517578,24,0
10297,random10,-1,later_intext_warnings,2.1019927064577737,150,0
10297,random10,-1,warning_after_claim,1.1204391717910767,20,0
10298,none,0,claim_first,1.6276932954788208,43,0
10298,none,0,ordinary,2.5499918460845947,78,0
10298,none,0,first_intext_warning,3.2500407695770264,24,0
10298,none,0,later_intext_warnings,2.1204861998558044,138,0
10298,none,0,warning_after_claim,2.435690402984619,17,0
10298,truth,1,claim_first,1.7652523517608643,43,0
10298,truth,1,ordinary,2.7760887145996094,78,0
10298,truth,1,first_intext_warning,3.4273109436035156,24,0
10298,truth,1,later_intext_warnings,2.2508198618888855,138,0
10298,truth,1,warning_after_claim,2.994089365005493,17,0
10298,truth,-1,claim_first,2.102437973022461,43,0
10298,truth,-1,ordinary,3.0751233100891113,78,0
10298,truth,-1,first_intext_warning,3.729975938796997,24,0
10298,truth,-1,later_intext_warnings,2.4059987465540567,138,0
10298,truth,-1,warning_after_claim,2.2529361248016357,17,0
10298,random1,1,claim_first,1.8956607580184937,43,0
10298,random1,1,ordinary,2.8587517738342285,78,0
10298,random1,1,first_intext_warning,3.3537867069244385,24,0
10298,random1,1,later_intext_warnings,2.211166242758433,138,0
10298,random1,1,warning_after_claim,2.3408048152923584,17,0
10298,random1,-1,claim_first,1.976325273513794,43,0
10298,random1,-1,ordinary,2.7902679443359375,78,0
10298,random1,-1,first_intext_warning,3.4571850299835205,24,0
10298,random1,-1,later_intext_warnings,2.216177781422933,138,0
10298,random1,-1,warning_after_claim,2.4727721214294434,17,0
10298,random2,1,claim_first,1.6495578289031982,43,0
10298,random2,1,ordinary,2.7126636505126953,78,0
10298,random2,1,first_intext_warning,3.591679334640503,24,0
10298,random2,1,later_intext_warnings,2.2440876960754395,138,0
10298,random2,1,warning_after_claim,2.8670835494995117,17,0
10298,random2,-1,claim_first,2.105640172958374,43,0
10298,random2,-1,ordinary,2.8386635780334473,78,0
10298,random2,-1,first_intext_warning,3.159910202026367,24,0
10298,random2,-1,later_intext_warnings,2.256864865620931,138,0
10298,random2,-1,warning_after_claim,2.3540334701538086,17,0
10298,random3,1,claim_first,1.9497641324996948,43,0
10298,random3,1,ordinary,2.95052433013916,78,0
10298,random3,1,first_intext_warning,3.475862503051758,24,0
10298,random3,1,later_intext_warnings,2.4205962419509888,138,0
10298,random3,1,warning_after_claim,2.4403700828552246,17,0
10298,random3,-1,claim_first,2.102339744567871,43,0
10298,random3,-1,ordinary,2.6998231410980225,78,0
10298,random3,-1,first_intext_warning,3.2996749877929688,24,0
10298,random3,-1,later_intext_warnings,2.178293248017629,138,0
10298,random3,-1,warning_after_claim,2.326720714569092,17,0
10298,random4,1,claim_first,2.2235662937164307,43,0
10298,random4,1,ordinary,2.6946346759796143,78,0
10298,random4,1,first_intext_warning,3.4392426013946533,24,0
10298,random4,1,later_intext_warnings,2.5655893882115683,138,0
10298,random4,1,warning_after_claim,3.0486221313476562,17,0
10298,random4,-1,claim_first,1.7677481174468994,43,0
10298,random4,-1,ordinary,2.968954563140869,78,0
10298,random4,-1,first_intext_warning,3.242772340774536,24,0
10298,random4,-1,later_intext_warnings,2.1185774405797324,138,0
10298,random4,-1,warning_after_claim,2.480870485305786,17,0
10298,random5,1,claim_first,2.1423020362854004,43,0
10298,random5,1,ordinary,2.8201904296875,78,0
10298,random5,1,first_intext_warning,3.1949241161346436,24,0
10298,random5,1,later_intext_warnings,2.292297085126241,138,0
10298,random5,1,warning_after_claim,2.728787422180176,17,0
10298,random5,-1,claim_first,1.9157246351242065,43,0
10298,random5,-1,ordinary,2.734098434448242,78,0
10298,random5,-1,first_intext_warning,3.034858465194702,24,0
10298,random5,-1,later_intext_warnings,2.234047790368398,138,0
10298,random5,-1,warning_after_claim,2.58571720123291,17,0
10298,random6,1,claim_first,1.825655221939087,43,0
10298,random6,1,ordinary,2.835169553756714,78,0
10298,random6,1,first_intext_warning,2.825824737548828,24,0
10298,random6,1,later_intext_warnings,2.345357894897461,138,0
10298,random6,1,warning_after_claim,2.3340377807617188,17,0
10298,random6,-1,claim_first,1.9210178852081299,43,0
10298,random6,-1,ordinary,2.699451446533203,78,0
10298,random6,-1,first_intext_warning,3.351152181625366,24,0
10298,random6,-1,later_intext_warnings,2.251996715863546,138,0
10298,random6,-1,warning_after_claim,2.8542003631591797,17,0
10298,random7,1,claim_first,2.1367225646972656,43,0
10298,random7,1,ordinary,2.7903106212615967,78,0
10298,random7,1,first_intext_warning,3.211634874343872,24,0
10298,random7,1,later_intext_warnings,2.3333070476849875,138,0
10298,random7,1,warning_after_claim,2.4998695850372314,17,0
10298,random7,-1,claim_first,1.8075664043426514,43,0
10298,random7,-1,ordinary,2.853142738342285,78,0
10298,random7,-1,first_intext_warning,3.257986307144165,24,0
10298,random7,-1,later_intext_warnings,2.169211824735006,138,0
10298,random7,-1,warning_after_claim,2.408304214477539,17,0
10298,random8,1,claim_first,2.0029995441436768,43,0
10298,random8,1,ordinary,2.820801258087158,78,0
10298,random8,1,first_intext_warning,3.3116867542266846,24,0
10298,random8,1,later_intext_warnings,2.345940430959066,138,0
10298,random8,1,warning_after_claim,2.873689651489258,17,0
10298,random8,-1,claim_first,1.7608124017715454,43,0
10298,random8,-1,ordinary,2.7074267864227295,78,0
10298,random8,-1,first_intext_warning,3.159905195236206,24,0
10298,random8,-1,later_intext_warnings,2.09393318494161,138,0
10298,random8,-1,warning_after_claim,2.3477258682250977,17,0
10298,random9,1,claim_first,2.313810110092163,43,0
10298,random9,1,ordinary,2.912376880645752,78,0
10298,random9,1,first_intext_warning,3.2781665325164795,24,0
10298,random9,1,later_intext_warnings,2.315826694170634,138,0
10298,random9,1,warning_after_claim,2.599959135055542,17,0
10298,random9,-1,claim_first,1.9394828081130981,43,0
10298,random9,-1,ordinary,2.7341060638427734,78,0
10298,random9,-1,first_intext_warning,3.2878434658050537,24,0
10298,random9,-1,later_intext_warnings,2.220693568388621,138,0
10298,random9,-1,warning_after_claim,2.379383087158203,17,0
10298,random10,1,claim_first,2.17628812789917,43,0
10298,random10,1,ordinary,2.800384283065796,78,0
10298,random10,1,first_intext_warning,3.057500123977661,24,0
10298,random10,1,later_intext_warnings,2.1885268489519754,138,0
10298,random10,1,warning_after_claim,2.702406644821167,17,0
10298,random10,-1,claim_first,1.6498394012451172,43,0
10298,random10,-1,ordinary,2.855771541595459,78,0
10298,random10,-1,first_intext_warning,3.444059371948242,24,0
10298,random10,-1,later_intext_warnings,2.3186954657236734,138,0
10298,random10,-1,warning_after_claim,2.5385994911193848,17,0
